level	page_num	par_num	block_num	line_num	word_num	left	top	width	height	conf	text
1	1	0	0	0	0	0.000000	0.000000	595.276000	841.890000	-1	###PAGE###
3	1	0	0	0	0	257.623000	39.603520	80.030500	8.015962	-1	###FLOW###
4	1	0	0	0	0	257.623000	39.603520	80.030500	8.015962	-1	###LINE###
5	1	0	0	0	0	257.62	39.60	80.03	8.02	100	UNCLASSIFIED
3	1	1	0	0	0	99.611000	231.459886	396.049809	21.867995	-1	###FLOW###
4	1	1	0	0	0	99.611000	231.459886	396.049809	21.867995	-1	###LINE###
5	1	1	0	0	0	99.61	231.46	60.77	21.87	100	RED
5	1	1	0	0	1	169.72	231.46	85.62	21.87	100	TEAM
5	1	1	0	0	2	264.67	231.46	230.99	21.87	100	METHODOLOGY
3	1	2	0	0	0	101.176000	349.335867	392.929167	10.556442	-1	###FLOW###
4	1	2	0	0	0	101.176000	349.335867	392.929167	10.556442	-1	###LINE###
5	1	2	0	0	0	101.18	349.34	48.94	10.56	100	Planning,
5	1	2	0	0	1	154.01	349.34	73.55	10.56	100	Authorisation,
5	1	2	0	0	2	231.46	349.34	43.57	10.56	100	Conduct
5	1	2	0	0	3	278.95	349.34	18.86	10.56	100	and
5	1	2	0	0	4	301.70	349.34	51.21	10.56	100	Reporting
5	1	2	0	0	5	356.81	349.34	9.43	10.56	100	of
5	1	2	0	0	6	370.15	349.34	20.32	10.56	100	Red
5	1	2	0	0	7	394.37	349.34	28.29	10.56	100	Team
5	1	2	0	0	8	426.57	349.34	67.54	10.56	100	Engagements
3	1	3	0	0	0	267.016000	409.956539	61.248051	9.741826	-1	###FLOW###
4	1	3	0	0	0	267.016000	409.956539	61.248051	9.741826	-1	###LINE###
5	1	3	0	0	0	267.02	409.96	41.03	9.74	100	Version
5	1	3	0	0	1	312.23	409.96	16.03	9.74	100	1.0
3	1	4	0	0	0	284.188000	442.882643	26.899200	10.496666	-1	###FLOW###
4	1	4	0	0	0	284.188000	442.882643	26.899200	10.496666	-1	###LINE###
5	1	4	0	0	0	284.19	442.88	26.90	10.50	100	2026
3	1	5	0	0	0	257.623000	793.912520	80.030500	8.015962	-1	###FLOW###
4	1	5	0	0	0	257.623000	793.912520	80.030500	8.015962	-1	###LINE###
5	1	5	0	0	0	257.62	793.91	80.03	8.02	100	UNCLASSIFIED
3	1	5	1	0	0	289.170000	808.605601	16.938057	7.037598	-1	###FLOW###
4	1	5	1	0	0	289.170000	808.605601	16.938057	7.037598	-1	###LINE###
5	1	5	1	0	0	289.17	808.61	16.94	7.04	100	1/29
1	2	0	0	0	0	289.170000	808.605601	595.276000	841.890000	-1	###PAGE###
3	2	0	0	0	0	257.623000	39.603520	80.030500	8.015962	-1	###FLOW###
4	2	0	0	0	0	257.623000	39.603520	80.030500	8.015962	-1	###LINE###
5	2	0	0	0	0	257.62	39.60	80.03	8.02	100	UNCLASSIFIED
3	2	1	0	0	0	257.623000	793.912520	80.030500	8.015962	-1	###FLOW###
4	2	1	0	0	0	257.623000	793.912520	80.030500	8.015962	-1	###LINE###
5	2	1	0	0	0	257.62	793.91	80.03	8.02	100	UNCLASSIFIED
3	2	1	1	0	0	289.170000	808.605601	16.938057	7.037598	-1	###FLOW###
4	2	1	1	0	0	289.170000	808.605601	16.938057	7.037598	-1	###LINE###
5	2	1	1	0	0	289.17	808.61	16.94	7.04	100	2/29
1	3	0	0	0	0	289.170000	808.605601	595.276000	841.890000	-1	###PAGE###
3	3	0	0	0	0	257.623000	39.603520	80.030500	8.015962	-1	###FLOW###
4	3	0	0	0	0	257.623000	39.603520	80.030500	8.015962	-1	###LINE###
5	3	0	0	0	0	257.62	39.60	80.03	8.02	100	UNCLASSIFIED
3	3	1	0	0	0	70.866000	75.997199	63.051549	12.595964	-1	###FLOW###
4	3	1	0	0	0	70.866000	75.997199	63.051549	12.595964	-1	###LINE###
5	3	1	0	0	0	70.87	76.00	63.05	12.60	100	Contents
3	3	1	1	0	0	70.866000	102.643539	175.592874	9.741826	-1	###FLOW###
4	3	1	1	0	0	70.866000	102.643539	175.592874	9.741826	-1	###LINE###
5	3	1	1	0	0	70.87	102.64	55.17	9.74	100	RECORD
5	3	1	1	0	1	130.21	102.64	17.32	9.74	100	OF
5	3	1	1	0	2	151.72	102.64	94.74	9.74	100	AMENDMENTS
3	3	2	0	0	0	518.139100	102.643539	6.272732	9.741826	-1	###FLOW###
4	3	2	0	0	0	518.139100	102.643539	6.272732	9.741826	-1	###LINE###
5	3	2	0	0	0	518.14	102.64	6.27	9.74	100	6
3	3	3	0	0	0	70.866000	127.101539	95.544080	9.741826	-1	###FLOW###
4	3	3	0	0	0	70.866000	127.101539	95.544080	9.741826	-1	###LINE###
5	3	3	0	0	0	70.87	127.10	95.54	9.74	100	DISTRIBUTION
3	3	4	0	0	0	518.141282	127.101539	6.272732	9.741826	-1	###FLOW###
4	3	4	0	0	0	518.141282	127.101539	6.272732	9.741826	-1	###LINE###
5	3	4	0	0	0	518.14	127.10	6.27	9.74	100	6
3	3	5	0	0	0	70.866000	151.559539	429.998890	91.036826	-1	###FLOW###
4	3	5	0	0	0	70.866000	151.559539	197.528892	9.741826	-1	###LINE###
5	3	5	0	0	0	70.87	151.56	63.32	9.74	100	CHAPTER
5	3	5	0	0	1	138.36	151.56	6.27	9.74	100	1
5	3	5	0	0	2	148.82	151.56	12.55	9.74	100	—
5	3	5	0	0	3	165.55	151.56	102.85	9.74	100	INTRODUCTION
4	3	5	0	1	0	87.230000	165.217630	413.632708	9.632735	-1	###LINE###
5	3	5	0	1	0	87.23	165.22	38.73	9.63	100	Purpose
5	3	5	0	1	1	132.98	165.22	3.03	9.63	100	.
5	3	5	0	1	2	141.47	165.22	3.03	9.63	100	.
5	3	5	0	1	3	149.95	165.22	3.03	9.63	100	.
5	3	5	0	1	4	158.44	165.22	3.03	9.63	100	.
5	3	5	0	1	5	166.92	165.22	3.03	9.63	100	.
5	3	5	0	1	6	175.41	165.22	3.03	9.63	100	.
5	3	5	0	1	7	183.89	165.22	3.03	9.63	100	.
5	3	5	0	1	8	192.38	165.22	3.03	9.63	100	.
5	3	5	0	1	9	200.86	165.22	3.03	9.63	100	.
5	3	5	0	1	10	209.35	165.22	3.03	9.63	100	.
5	3	5	0	1	11	217.83	165.22	3.03	9.63	100	.
5	3	5	0	1	12	226.32	165.22	3.03	9.63	100	.
5	3	5	0	1	13	234.81	165.22	3.03	9.63	100	.
5	3	5	0	1	14	243.29	165.22	3.03	9.63	100	.
5	3	5	0	1	15	251.78	165.22	3.03	9.63	100	.
5	3	5	0	1	16	260.26	165.22	3.03	9.63	100	.
5	3	5	0	1	17	268.75	165.22	3.03	9.63	100	.
5	3	5	0	1	18	277.23	165.22	3.03	9.63	100	.
5	3	5	0	1	19	285.72	165.22	3.03	9.63	100	.
5	3	5	0	1	20	294.20	165.22	3.03	9.63	100	.
5	3	5	0	1	21	302.69	165.22	3.03	9.63	100	.
5	3	5	0	1	22	311.17	165.22	3.03	9.63	100	.
5	3	5	0	1	23	319.65	165.22	3.03	9.63	100	.
5	3	5	0	1	24	328.13	165.22	3.03	9.63	100	.
5	3	5	0	1	25	336.62	165.22	3.03	9.63	100	.
5	3	5	0	1	26	345.10	165.22	3.03	9.63	100	.
5	3	5	0	1	27	353.59	165.22	3.03	9.63	100	.
5	3	5	0	1	28	362.07	165.22	3.03	9.63	100	.
5	3	5	0	1	29	370.56	165.22	3.03	9.63	100	.
5	3	5	0	1	30	379.04	165.22	3.03	9.63	100	.
5	3	5	0	1	31	387.53	165.22	3.03	9.63	100	.
5	3	5	0	1	32	396.01	165.22	3.03	9.63	100	.
5	3	5	0	1	33	404.50	165.22	3.03	9.63	100	.
5	3	5	0	1	34	412.98	165.22	3.03	9.63	100	.
5	3	5	0	1	35	421.47	165.22	3.03	9.63	100	.
5	3	5	0	1	36	429.95	165.22	3.03	9.63	100	.
5	3	5	0	1	37	438.44	165.22	3.03	9.63	100	.
5	3	5	0	1	38	446.92	165.22	3.03	9.63	100	.
5	3	5	0	1	39	455.41	165.22	3.03	9.63	100	.
5	3	5	0	1	40	463.89	165.22	3.03	9.63	100	.
5	3	5	0	1	41	472.38	165.22	3.03	9.63	100	.
5	3	5	0	1	42	480.86	165.22	3.03	9.63	100	.
5	3	5	0	1	43	489.35	165.22	3.03	9.63	100	.
5	3	5	0	1	44	497.83	165.22	3.03	9.63	100	.
4	3	5	0	2	0	87.230000	178.767630	413.629436	9.632735	-1	###LINE###
5	3	5	0	2	0	87.23	178.77	27.58	9.63	100	Scope
5	3	5	0	2	1	124.51	178.77	3.03	9.63	100	.
5	3	5	0	2	2	132.99	178.77	3.03	9.63	100	.
5	3	5	0	2	3	141.47	178.77	3.03	9.63	100	.
5	3	5	0	2	4	149.95	178.77	3.03	9.63	100	.
5	3	5	0	2	5	158.44	178.77	3.03	9.63	100	.
5	3	5	0	2	6	166.92	178.77	3.03	9.63	100	.
5	3	5	0	2	7	175.41	178.77	3.03	9.63	100	.
5	3	5	0	2	8	183.89	178.77	3.03	9.63	100	.
5	3	5	0	2	9	192.38	178.77	3.03	9.63	100	.
5	3	5	0	2	10	200.86	178.77	3.03	9.63	100	.
5	3	5	0	2	11	209.35	178.77	3.03	9.63	100	.
5	3	5	0	2	12	217.83	178.77	3.03	9.63	100	.
5	3	5	0	2	13	226.32	178.77	3.03	9.63	100	.
5	3	5	0	2	14	234.80	178.77	3.03	9.63	100	.
5	3	5	0	2	15	243.29	178.77	3.03	9.63	100	.
5	3	5	0	2	16	251.77	178.77	3.03	9.63	100	.
5	3	5	0	2	17	260.26	178.77	3.03	9.63	100	.
5	3	5	0	2	18	268.74	178.77	3.03	9.63	100	.
5	3	5	0	2	19	277.23	178.77	3.03	9.63	100	.
5	3	5	0	2	20	285.71	178.77	3.03	9.63	100	.
5	3	5	0	2	21	294.20	178.77	3.03	9.63	100	.
5	3	5	0	2	22	302.68	178.77	3.03	9.63	100	.
5	3	5	0	2	23	311.17	178.77	3.03	9.63	100	.
5	3	5	0	2	24	319.65	178.77	3.03	9.63	100	.
5	3	5	0	2	25	328.14	178.77	3.03	9.63	100	.
5	3	5	0	2	26	336.62	178.77	3.03	9.63	100	.
5	3	5	0	2	27	345.11	178.77	3.03	9.63	100	.
5	3	5	0	2	28	353.59	178.77	3.03	9.63	100	.
5	3	5	0	2	29	362.08	178.77	3.03	9.63	100	.
5	3	5	0	2	30	370.56	178.77	3.03	9.63	100	.
5	3	5	0	2	31	379.05	178.77	3.03	9.63	100	.
5	3	5	0	2	32	387.53	178.77	3.03	9.63	100	.
5	3	5	0	2	33	396.01	178.77	3.03	9.63	100	.
5	3	5	0	2	34	404.49	178.77	3.03	9.63	100	.
5	3	5	0	2	35	412.98	178.77	3.03	9.63	100	.
5	3	5	0	2	36	421.46	178.77	3.03	9.63	100	.
5	3	5	0	2	37	429.95	178.77	3.03	9.63	100	.
5	3	5	0	2	38	438.43	178.77	3.03	9.63	100	.
5	3	5	0	2	39	446.92	178.77	3.03	9.63	100	.
5	3	5	0	2	40	455.40	178.77	3.03	9.63	100	.
5	3	5	0	2	41	463.89	178.77	3.03	9.63	100	.
5	3	5	0	2	42	472.37	178.77	3.03	9.63	100	.
5	3	5	0	2	43	480.86	178.77	3.03	9.63	100	.
5	3	5	0	2	44	489.34	178.77	3.03	9.63	100	.
5	3	5	0	2	45	497.83	178.77	3.03	9.63	100	.
4	3	5	0	3	0	87.230000	192.316630	413.634890	9.632735	-1	###LINE###
5	3	5	0	3	0	87.23	192.32	61.51	9.63	100	Applicability
5	3	5	0	3	1	158.44	192.32	3.03	9.63	100	.
5	3	5	0	3	2	166.93	192.32	3.03	9.63	100	.
5	3	5	0	3	3	175.41	192.32	3.03	9.63	100	.
5	3	5	0	3	4	183.90	192.32	3.03	9.63	100	.
5	3	5	0	3	5	192.38	192.32	3.03	9.63	100	.
5	3	5	0	3	6	200.87	192.32	3.03	9.63	100	.
5	3	5	0	3	7	209.35	192.32	3.03	9.63	100	.
5	3	5	0	3	8	217.84	192.32	3.03	9.63	100	.
5	3	5	0	3	9	226.32	192.32	3.03	9.63	100	.
5	3	5	0	3	10	234.81	192.32	3.03	9.63	100	.
5	3	5	0	3	11	243.29	192.32	3.03	9.63	100	.
5	3	5	0	3	12	251.78	192.32	3.03	9.63	100	.
5	3	5	0	3	13	260.26	192.32	3.03	9.63	100	.
5	3	5	0	3	14	268.74	192.32	3.03	9.63	100	.
5	3	5	0	3	15	277.22	192.32	3.03	9.63	100	.
5	3	5	0	3	16	285.71	192.32	3.03	9.63	100	.
5	3	5	0	3	17	294.19	192.32	3.03	9.63	100	.
5	3	5	0	3	18	302.68	192.32	3.03	9.63	100	.
5	3	5	0	3	19	311.16	192.32	3.03	9.63	100	.
5	3	5	0	3	20	319.65	192.32	3.03	9.63	100	.
5	3	5	0	3	21	328.13	192.32	3.03	9.63	100	.
5	3	5	0	3	22	336.62	192.32	3.03	9.63	100	.
5	3	5	0	3	23	345.10	192.32	3.03	9.63	100	.
5	3	5	0	3	24	353.59	192.32	3.03	9.63	100	.
5	3	5	0	3	25	362.07	192.32	3.03	9.63	100	.
5	3	5	0	3	26	370.56	192.32	3.03	9.63	100	.
5	3	5	0	3	27	379.04	192.32	3.03	9.63	100	.
5	3	5	0	3	28	387.53	192.32	3.03	9.63	100	.
5	3	5	0	3	29	396.01	192.32	3.03	9.63	100	.
5	3	5	0	3	30	404.50	192.32	3.03	9.63	100	.
5	3	5	0	3	31	412.98	192.32	3.03	9.63	100	.
5	3	5	0	3	32	421.47	192.32	3.03	9.63	100	.
5	3	5	0	3	33	429.95	192.32	3.03	9.63	100	.
5	3	5	0	3	34	438.44	192.32	3.03	9.63	100	.
5	3	5	0	3	35	446.92	192.32	3.03	9.63	100	.
5	3	5	0	3	36	455.41	192.32	3.03	9.63	100	.
5	3	5	0	3	37	463.89	192.32	3.03	9.63	100	.
5	3	5	0	3	38	472.38	192.32	3.03	9.63	100	.
5	3	5	0	3	39	480.86	192.32	3.03	9.63	100	.
5	3	5	0	3	40	489.35	192.32	3.03	9.63	100	.
5	3	5	0	3	41	497.83	192.32	3.03	9.63	100	.
4	3	5	0	4	0	87.230000	205.865630	413.631617	9.632735	-1	###LINE###
5	3	5	0	4	0	87.23	205.87	30.51	9.63	100	Limits
5	3	5	0	4	1	124.50	205.87	3.03	9.63	100	.
5	3	5	0	4	2	132.98	205.87	3.03	9.63	100	.
5	3	5	0	4	3	141.47	205.87	3.03	9.63	100	.
5	3	5	0	4	4	149.95	205.87	3.03	9.63	100	.
5	3	5	0	4	5	158.44	205.87	3.03	9.63	100	.
5	3	5	0	4	6	166.92	205.87	3.03	9.63	100	.
5	3	5	0	4	7	175.41	205.87	3.03	9.63	100	.
5	3	5	0	4	8	183.89	205.87	3.03	9.63	100	.
5	3	5	0	4	9	192.38	205.87	3.03	9.63	100	.
5	3	5	0	4	10	200.86	205.87	3.03	9.63	100	.
5	3	5	0	4	11	209.35	205.87	3.03	9.63	100	.
5	3	5	0	4	12	217.83	205.87	3.03	9.63	100	.
5	3	5	0	4	13	226.32	205.87	3.03	9.63	100	.
5	3	5	0	4	14	234.80	205.87	3.03	9.63	100	.
5	3	5	0	4	15	243.29	205.87	3.03	9.63	100	.
5	3	5	0	4	16	251.77	205.87	3.03	9.63	100	.
5	3	5	0	4	17	260.26	205.87	3.03	9.63	100	.
5	3	5	0	4	18	268.74	205.87	3.03	9.63	100	.
5	3	5	0	4	19	277.23	205.87	3.03	9.63	100	.
5	3	5	0	4	20	285.71	205.87	3.03	9.63	100	.
5	3	5	0	4	21	294.20	205.87	3.03	9.63	100	.
5	3	5	0	4	22	302.68	205.87	3.03	9.63	100	.
5	3	5	0	4	23	311.17	205.87	3.03	9.63	100	.
5	3	5	0	4	24	319.65	205.87	3.03	9.63	100	.
5	3	5	0	4	25	328.14	205.87	3.03	9.63	100	.
5	3	5	0	4	26	336.63	205.87	3.03	9.63	100	.
5	3	5	0	4	27	345.10	205.87	3.03	9.63	100	.
5	3	5	0	4	28	353.58	205.87	3.03	9.63	100	.
5	3	5	0	4	29	362.07	205.87	3.03	9.63	100	.
5	3	5	0	4	30	370.55	205.87	3.03	9.63	100	.
5	3	5	0	4	31	379.04	205.87	3.03	9.63	100	.
5	3	5	0	4	32	387.52	205.87	3.03	9.63	100	.
5	3	5	0	4	33	396.01	205.87	3.03	9.63	100	.
5	3	5	0	4	34	404.49	205.87	3.03	9.63	100	.
5	3	5	0	4	35	412.98	205.87	3.03	9.63	100	.
5	3	5	0	4	36	421.47	205.87	3.03	9.63	100	.
5	3	5	0	4	37	429.95	205.87	3.03	9.63	100	.
5	3	5	0	4	38	438.44	205.87	3.03	9.63	100	.
5	3	5	0	4	39	446.92	205.87	3.03	9.63	100	.
5	3	5	0	4	40	455.41	205.87	3.03	9.63	100	.
5	3	5	0	4	41	463.89	205.87	3.03	9.63	100	.
5	3	5	0	4	42	472.38	205.87	3.03	9.63	100	.
5	3	5	0	4	43	480.86	205.87	3.03	9.63	100	.
5	3	5	0	4	44	489.35	205.87	3.03	9.63	100	.
5	3	5	0	4	45	497.83	205.87	3.03	9.63	100	.
4	3	5	0	5	0	87.230000	219.414630	413.630527	9.632735	-1	###LINE###
5	3	5	0	5	0	87.23	219.41	36.52	9.63	100	Related
5	3	5	0	5	1	127.38	219.41	57.63	9.63	100	publications
5	3	5	0	5	2	192.38	219.41	3.03	9.63	100	.
5	3	5	0	5	3	200.86	219.41	3.03	9.63	100	.
5	3	5	0	5	4	209.35	219.41	3.03	9.63	100	.
5	3	5	0	5	5	217.83	219.41	3.03	9.63	100	.
5	3	5	0	5	6	226.32	219.41	3.03	9.63	100	.
5	3	5	0	5	7	234.80	219.41	3.03	9.63	100	.
5	3	5	0	5	8	243.29	219.41	3.03	9.63	100	.
5	3	5	0	5	9	251.77	219.41	3.03	9.63	100	.
5	3	5	0	5	10	260.26	219.41	3.03	9.63	100	.
5	3	5	0	5	11	268.74	219.41	3.03	9.63	100	.
5	3	5	0	5	12	277.23	219.41	3.03	9.63	100	.
5	3	5	0	5	13	285.71	219.41	3.03	9.63	100	.
5	3	5	0	5	14	294.20	219.41	3.03	9.63	100	.
5	3	5	0	5	15	302.68	219.41	3.03	9.63	100	.
5	3	5	0	5	16	311.17	219.41	3.03	9.63	100	.
5	3	5	0	5	17	319.65	219.41	3.03	9.63	100	.
5	3	5	0	5	18	328.14	219.41	3.03	9.63	100	.
5	3	5	0	5	19	336.62	219.41	3.03	9.63	100	.
5	3	5	0	5	20	345.11	219.41	3.03	9.63	100	.
5	3	5	0	5	21	353.59	219.41	3.03	9.63	100	.
5	3	5	0	5	22	362.08	219.41	3.03	9.63	100	.
5	3	5	0	5	23	370.55	219.41	3.03	9.63	100	.
5	3	5	0	5	24	379.04	219.41	3.03	9.63	100	.
5	3	5	0	5	25	387.52	219.41	3.03	9.63	100	.
5	3	5	0	5	26	396.01	219.41	3.03	9.63	100	.
5	3	5	0	5	27	404.49	219.41	3.03	9.63	100	.
5	3	5	0	5	28	412.98	219.41	3.03	9.63	100	.
5	3	5	0	5	29	421.46	219.41	3.03	9.63	100	.
5	3	5	0	5	30	429.95	219.41	3.03	9.63	100	.
5	3	5	0	5	31	438.43	219.41	3.03	9.63	100	.
5	3	5	0	5	32	446.92	219.41	3.03	9.63	100	.
5	3	5	0	5	33	455.40	219.41	3.03	9.63	100	.
5	3	5	0	5	34	463.89	219.41	3.03	9.63	100	.
5	3	5	0	5	35	472.37	219.41	3.03	9.63	100	.
5	3	5	0	5	36	480.86	219.41	3.03	9.63	100	.
5	3	5	0	5	37	489.34	219.41	3.03	9.63	100	.
5	3	5	0	5	38	497.83	219.41	3.03	9.63	100	.
4	3	5	0	6	0	87.230000	232.963630	413.631617	9.632735	-1	###LINE###
5	3	5	0	6	0	87.23	232.96	59.43	9.63	100	Terminology
5	3	5	0	6	1	149.95	232.96	3.03	9.63	100	.
5	3	5	0	6	2	158.44	232.96	3.03	9.63	100	.
5	3	5	0	6	3	166.92	232.96	3.03	9.63	100	.
5	3	5	0	6	4	175.41	232.96	3.03	9.63	100	.
5	3	5	0	6	5	183.89	232.96	3.03	9.63	100	.
5	3	5	0	6	6	192.38	232.96	3.03	9.63	100	.
5	3	5	0	6	7	200.86	232.96	3.03	9.63	100	.
5	3	5	0	6	8	209.35	232.96	3.03	9.63	100	.
5	3	5	0	6	9	217.83	232.96	3.03	9.63	100	.
5	3	5	0	6	10	226.32	232.96	3.03	9.63	100	.
5	3	5	0	6	11	234.80	232.96	3.03	9.63	100	.
5	3	5	0	6	12	243.29	232.96	3.03	9.63	100	.
5	3	5	0	6	13	251.77	232.96	3.03	9.63	100	.
5	3	5	0	6	14	260.26	232.96	3.03	9.63	100	.
5	3	5	0	6	15	268.74	232.96	3.03	9.63	100	.
5	3	5	0	6	16	277.23	232.96	3.03	9.63	100	.
5	3	5	0	6	17	285.71	232.96	3.03	9.63	100	.
5	3	5	0	6	18	294.20	232.96	3.03	9.63	100	.
5	3	5	0	6	19	302.68	232.96	3.03	9.63	100	.
5	3	5	0	6	20	311.17	232.96	3.03	9.63	100	.
5	3	5	0	6	21	319.65	232.96	3.03	9.63	100	.
5	3	5	0	6	22	328.14	232.96	3.03	9.63	100	.
5	3	5	0	6	23	336.63	232.96	3.03	9.63	100	.
5	3	5	0	6	24	345.10	232.96	3.03	9.63	100	.
5	3	5	0	6	25	353.58	232.96	3.03	9.63	100	.
5	3	5	0	6	26	362.07	232.96	3.03	9.63	100	.
5	3	5	0	6	27	370.55	232.96	3.03	9.63	100	.
5	3	5	0	6	28	379.04	232.96	3.03	9.63	100	.
5	3	5	0	6	29	387.52	232.96	3.03	9.63	100	.
5	3	5	0	6	30	396.01	232.96	3.03	9.63	100	.
5	3	5	0	6	31	404.49	232.96	3.03	9.63	100	.
5	3	5	0	6	32	412.98	232.96	3.03	9.63	100	.
5	3	5	0	6	33	421.47	232.96	3.03	9.63	100	.
5	3	5	0	6	34	429.95	232.96	3.03	9.63	100	.
5	3	5	0	6	35	438.44	232.96	3.03	9.63	100	.
5	3	5	0	6	36	446.92	232.96	3.03	9.63	100	.
5	3	5	0	6	37	455.41	232.96	3.03	9.63	100	.
5	3	5	0	6	38	463.89	232.96	3.03	9.63	100	.
5	3	5	0	6	39	472.38	232.96	3.03	9.63	100	.
5	3	5	0	6	40	480.86	232.96	3.03	9.63	100	.
5	3	5	0	6	41	489.35	232.96	3.03	9.63	100	.
5	3	5	0	6	42	497.83	232.96	3.03	9.63	100	.
3	3	6	0	0	0	518.136918	151.559539	6.278537	91.036826	-1	###FLOW###
4	3	6	0	0	0	518.136918	151.559539	6.272732	9.741826	-1	###LINE###
5	3	6	0	0	0	518.14	151.56	6.27	9.74	100	6
4	3	6	0	1	0	518.960905	165.217630	5.454550	9.632735	-1	###LINE###
5	3	6	0	1	0	518.96	165.22	5.45	9.63	100	6
4	3	6	0	2	0	518.957632	178.767630	5.454550	9.632735	-1	###LINE###
5	3	6	0	2	0	518.96	178.77	5.45	9.63	100	6
4	3	6	0	3	0	518.952178	192.316630	5.454550	9.632735	-1	###LINE###
5	3	6	0	3	0	518.95	192.32	5.45	9.63	100	6
4	3	6	0	4	0	518.959814	205.865630	5.454550	9.632735	-1	###LINE###
5	3	6	0	4	0	518.96	205.87	5.45	9.63	100	6
4	3	6	0	5	0	518.958723	219.414630	5.454550	9.632735	-1	###LINE###
5	3	6	0	5	0	518.96	219.41	5.45	9.63	100	7
4	3	6	0	6	0	518.959814	232.963630	5.454550	9.632735	-1	###LINE###
5	3	6	0	6	0	518.96	232.96	5.45	9.63	100	7
3	3	7	0	0	0	70.866000	257.313539	429.998890	77.487826	-1	###FLOW###
4	3	7	0	0	0	70.866000	257.313539	188.933612	9.741826	-1	###LINE###
5	3	7	0	0	0	70.87	257.31	63.32	9.74	100	CHAPTER
5	3	7	0	0	1	138.36	257.31	6.27	9.74	100	2
5	3	7	0	0	2	148.82	257.31	12.55	9.74	100	—
5	3	7	0	0	3	165.55	257.31	27.27	9.74	100	RED
5	3	7	0	0	4	197.00	257.31	62.80	9.74	100	TEAMING
4	3	7	0	1	0	87.230000	270.971630	413.627254	9.632735	-1	###LINE###
5	3	7	0	1	0	87.23	270.97	47.12	9.63	100	Definition
5	3	7	0	1	1	141.47	270.97	3.03	9.63	100	.
5	3	7	0	1	2	149.96	270.97	3.03	9.63	100	.
5	3	7	0	1	3	158.44	270.97	3.03	9.63	100	.
5	3	7	0	1	4	166.93	270.97	3.03	9.63	100	.
5	3	7	0	1	5	175.41	270.97	3.03	9.63	100	.
5	3	7	0	1	6	183.90	270.97	3.03	9.63	100	.
5	3	7	0	1	7	192.37	270.97	3.03	9.63	100	.
5	3	7	0	1	8	200.86	270.97	3.03	9.63	100	.
5	3	7	0	1	9	209.34	270.97	3.03	9.63	100	.
5	3	7	0	1	10	217.83	270.97	3.03	9.63	100	.
5	3	7	0	1	11	226.31	270.97	3.03	9.63	100	.
5	3	7	0	1	12	234.80	270.97	3.03	9.63	100	.
5	3	7	0	1	13	243.28	270.97	3.03	9.63	100	.
5	3	7	0	1	14	251.77	270.97	3.03	9.63	100	.
5	3	7	0	1	15	260.25	270.97	3.03	9.63	100	.
5	3	7	0	1	16	268.74	270.97	3.03	9.63	100	.
5	3	7	0	1	17	277.23	270.97	3.03	9.63	100	.
5	3	7	0	1	18	285.71	270.97	3.03	9.63	100	.
5	3	7	0	1	19	294.20	270.97	3.03	9.63	100	.
5	3	7	0	1	20	302.68	270.97	3.03	9.63	100	.
5	3	7	0	1	21	311.17	270.97	3.03	9.63	100	.
5	3	7	0	1	22	319.65	270.97	3.03	9.63	100	.
5	3	7	0	1	23	328.14	270.97	3.03	9.63	100	.
5	3	7	0	1	24	336.62	270.97	3.03	9.63	100	.
5	3	7	0	1	25	345.11	270.97	3.03	9.63	100	.
5	3	7	0	1	26	353.59	270.97	3.03	9.63	100	.
5	3	7	0	1	27	362.08	270.97	3.03	9.63	100	.
5	3	7	0	1	28	370.56	270.97	3.03	9.63	100	.
5	3	7	0	1	29	379.05	270.97	3.03	9.63	100	.
5	3	7	0	1	30	387.53	270.97	3.03	9.63	100	.
5	3	7	0	1	31	396.02	270.97	3.03	9.63	100	.
5	3	7	0	1	32	404.50	270.97	3.03	9.63	100	.
5	3	7	0	1	33	412.99	270.97	3.03	9.63	100	.
5	3	7	0	1	34	421.47	270.97	3.03	9.63	100	.
5	3	7	0	1	35	429.96	270.97	3.03	9.63	100	.
5	3	7	0	1	36	438.44	270.97	3.03	9.63	100	.
5	3	7	0	1	37	446.92	270.97	3.03	9.63	100	.
5	3	7	0	1	38	455.40	270.97	3.03	9.63	100	.
5	3	7	0	1	39	463.89	270.97	3.03	9.63	100	.
5	3	7	0	1	40	472.37	270.97	3.03	9.63	100	.
5	3	7	0	1	41	480.86	270.97	3.03	9.63	100	.
5	3	7	0	1	42	489.34	270.97	3.03	9.63	100	.
5	3	7	0	1	43	497.83	270.97	3.03	9.63	100	.
4	3	7	0	2	0	87.230000	284.520630	413.627254	9.632735	-1	###LINE###
5	3	7	0	2	0	87.23	284.52	52.64	9.63	100	Distinction
5	3	7	0	2	1	143.50	284.52	22.15	9.63	100	from
5	3	7	0	2	2	169.29	284.52	32.76	9.63	100	related
5	3	7	0	2	3	205.69	284.52	42.79	9.63	100	activities
5	3	7	0	2	4	251.77	284.52	3.03	9.63	100	.
5	3	7	0	2	5	260.25	284.52	3.03	9.63	100	.
5	3	7	0	2	6	268.74	284.52	3.03	9.63	100	.
5	3	7	0	2	7	277.23	284.52	3.03	9.63	100	.
5	3	7	0	2	8	285.71	284.52	3.03	9.63	100	.
5	3	7	0	2	9	294.20	284.52	3.03	9.63	100	.
5	3	7	0	2	10	302.68	284.52	3.03	9.63	100	.
5	3	7	0	2	11	311.17	284.52	3.03	9.63	100	.
5	3	7	0	2	12	319.65	284.52	3.03	9.63	100	.
5	3	7	0	2	13	328.14	284.52	3.03	9.63	100	.
5	3	7	0	2	14	336.62	284.52	3.03	9.63	100	.
5	3	7	0	2	15	345.11	284.52	3.03	9.63	100	.
5	3	7	0	2	16	353.59	284.52	3.03	9.63	100	.
5	3	7	0	2	17	362.08	284.52	3.03	9.63	100	.
5	3	7	0	2	18	370.56	284.52	3.03	9.63	100	.
5	3	7	0	2	19	379.05	284.52	3.03	9.63	100	.
5	3	7	0	2	20	387.53	284.52	3.03	9.63	100	.
5	3	7	0	2	21	396.02	284.52	3.03	9.63	100	.
5	3	7	0	2	22	404.50	284.52	3.03	9.63	100	.
5	3	7	0	2	23	412.99	284.52	3.03	9.63	100	.
5	3	7	0	2	24	421.47	284.52	3.03	9.63	100	.
5	3	7	0	2	25	429.96	284.52	3.03	9.63	100	.
5	3	7	0	2	26	438.44	284.52	3.03	9.63	100	.
5	3	7	0	2	27	446.92	284.52	3.03	9.63	100	.
5	3	7	0	2	28	455.40	284.52	3.03	9.63	100	.
5	3	7	0	2	29	463.89	284.52	3.03	9.63	100	.
5	3	7	0	2	30	472.37	284.52	3.03	9.63	100	.
5	3	7	0	2	31	480.86	284.52	3.03	9.63	100	.
5	3	7	0	2	32	489.34	284.52	3.03	9.63	100	.
5	3	7	0	2	33	497.83	284.52	3.03	9.63	100	.
4	3	7	0	3	0	87.230000	298.069630	413.629436	9.632735	-1	###LINE###
5	3	7	0	3	0	87.23	298.07	54.76	9.63	100	Limitations
5	3	7	0	3	1	149.95	298.07	3.03	9.63	100	.
5	3	7	0	3	2	158.44	298.07	3.03	9.63	100	.
5	3	7	0	3	3	166.92	298.07	3.03	9.63	100	.
5	3	7	0	3	4	175.41	298.07	3.03	9.63	100	.
5	3	7	0	3	5	183.89	298.07	3.03	9.63	100	.
5	3	7	0	3	6	192.38	298.07	3.03	9.63	100	.
5	3	7	0	3	7	200.86	298.07	3.03	9.63	100	.
5	3	7	0	3	8	209.35	298.07	3.03	9.63	100	.
5	3	7	0	3	9	217.83	298.07	3.03	9.63	100	.
5	3	7	0	3	10	226.32	298.07	3.03	9.63	100	.
5	3	7	0	3	11	234.80	298.07	3.03	9.63	100	.
5	3	7	0	3	12	243.29	298.07	3.03	9.63	100	.
5	3	7	0	3	13	251.77	298.07	3.03	9.63	100	.
5	3	7	0	3	14	260.26	298.07	3.03	9.63	100	.
5	3	7	0	3	15	268.74	298.07	3.03	9.63	100	.
5	3	7	0	3	16	277.23	298.07	3.03	9.63	100	.
5	3	7	0	3	17	285.71	298.07	3.03	9.63	100	.
5	3	7	0	3	18	294.20	298.07	3.03	9.63	100	.
5	3	7	0	3	19	302.68	298.07	3.03	9.63	100	.
5	3	7	0	3	20	311.17	298.07	3.03	9.63	100	.
5	3	7	0	3	21	319.65	298.07	3.03	9.63	100	.
5	3	7	0	3	22	328.14	298.07	3.03	9.63	100	.
5	3	7	0	3	23	336.62	298.07	3.03	9.63	100	.
5	3	7	0	3	24	345.11	298.07	3.03	9.63	100	.
5	3	7	0	3	25	353.59	298.07	3.03	9.63	100	.
5	3	7	0	3	26	362.08	298.07	3.03	9.63	100	.
5	3	7	0	3	27	370.56	298.07	3.03	9.63	100	.
5	3	7	0	3	28	379.05	298.07	3.03	9.63	100	.
5	3	7	0	3	29	387.53	298.07	3.03	9.63	100	.
5	3	7	0	3	30	396.01	298.07	3.03	9.63	100	.
5	3	7	0	3	31	404.49	298.07	3.03	9.63	100	.
5	3	7	0	3	32	412.98	298.07	3.03	9.63	100	.
5	3	7	0	3	33	421.46	298.07	3.03	9.63	100	.
5	3	7	0	3	34	429.95	298.07	3.03	9.63	100	.
5	3	7	0	3	35	438.43	298.07	3.03	9.63	100	.
5	3	7	0	3	36	446.92	298.07	3.03	9.63	100	.
5	3	7	0	3	37	455.40	298.07	3.03	9.63	100	.
5	3	7	0	3	38	463.89	298.07	3.03	9.63	100	.
5	3	7	0	3	39	472.37	298.07	3.03	9.63	100	.
5	3	7	0	3	40	480.86	298.07	3.03	9.63	100	.
5	3	7	0	3	41	489.34	298.07	3.03	9.63	100	.
5	3	7	0	3	42	497.83	298.07	3.03	9.63	100	.
4	3	7	0	4	0	87.230000	311.618630	413.634890	9.632735	-1	###LINE###
5	3	7	0	4	0	87.23	311.62	45.21	9.63	100	Activities
5	3	7	0	4	1	136.07	311.62	34.01	9.63	100	outside
5	3	7	0	4	2	173.72	311.62	15.15	9.63	100	the
5	3	7	0	4	3	192.50	311.62	25.49	9.63	100	remit
5	3	7	0	4	4	226.32	311.62	3.03	9.63	100	.
5	3	7	0	4	5	234.81	311.62	3.03	9.63	100	.
5	3	7	0	4	6	243.29	311.62	3.03	9.63	100	.
5	3	7	0	4	7	251.78	311.62	3.03	9.63	100	.
5	3	7	0	4	8	260.26	311.62	3.03	9.63	100	.
5	3	7	0	4	9	268.74	311.62	3.03	9.63	100	.
5	3	7	0	4	10	277.22	311.62	3.03	9.63	100	.
5	3	7	0	4	11	285.71	311.62	3.03	9.63	100	.
5	3	7	0	4	12	294.19	311.62	3.03	9.63	100	.
5	3	7	0	4	13	302.68	311.62	3.03	9.63	100	.
5	3	7	0	4	14	311.16	311.62	3.03	9.63	100	.
5	3	7	0	4	15	319.65	311.62	3.03	9.63	100	.
5	3	7	0	4	16	328.13	311.62	3.03	9.63	100	.
5	3	7	0	4	17	336.62	311.62	3.03	9.63	100	.
5	3	7	0	4	18	345.10	311.62	3.03	9.63	100	.
5	3	7	0	4	19	353.59	311.62	3.03	9.63	100	.
5	3	7	0	4	20	362.07	311.62	3.03	9.63	100	.
5	3	7	0	4	21	370.56	311.62	3.03	9.63	100	.
5	3	7	0	4	22	379.04	311.62	3.03	9.63	100	.
5	3	7	0	4	23	387.53	311.62	3.03	9.63	100	.
5	3	7	0	4	24	396.01	311.62	3.03	9.63	100	.
5	3	7	0	4	25	404.50	311.62	3.03	9.63	100	.
5	3	7	0	4	26	412.98	311.62	3.03	9.63	100	.
5	3	7	0	4	27	421.47	311.62	3.03	9.63	100	.
5	3	7	0	4	28	429.95	311.62	3.03	9.63	100	.
5	3	7	0	4	29	438.44	311.62	3.03	9.63	100	.
5	3	7	0	4	30	446.92	311.62	3.03	9.63	100	.
5	3	7	0	4	31	455.41	311.62	3.03	9.63	100	.
5	3	7	0	4	32	463.89	311.62	3.03	9.63	100	.
5	3	7	0	4	33	472.38	311.62	3.03	9.63	100	.
5	3	7	0	4	34	480.86	311.62	3.03	9.63	100	.
5	3	7	0	4	35	489.35	311.62	3.03	9.63	100	.
5	3	7	0	4	36	497.83	311.62	3.03	9.63	100	.
4	3	7	0	5	0	87.230000	325.168630	413.627254	9.632735	-1	###LINE###
5	3	7	0	5	0	87.23	325.17	46.85	9.63	100	Boundary
5	3	7	0	5	1	137.71	325.17	21.21	9.63	100	with
5	3	7	0	5	2	162.56	325.17	40.36	9.63	100	offensive
5	3	7	0	5	3	206.56	325.17	26.09	9.63	100	cyber
5	3	7	0	5	4	236.29	325.17	49.49	9.63	100	operations
5	3	7	0	5	5	294.20	325.17	3.03	9.63	100	.
5	3	7	0	5	6	302.68	325.17	3.03	9.63	100	.
5	3	7	0	5	7	311.17	325.17	3.03	9.63	100	.
5	3	7	0	5	8	319.65	325.17	3.03	9.63	100	.
5	3	7	0	5	9	328.14	325.17	3.03	9.63	100	.
5	3	7	0	5	10	336.62	325.17	3.03	9.63	100	.
5	3	7	0	5	11	345.11	325.17	3.03	9.63	100	.
5	3	7	0	5	12	353.59	325.17	3.03	9.63	100	.
5	3	7	0	5	13	362.08	325.17	3.03	9.63	100	.
5	3	7	0	5	14	370.56	325.17	3.03	9.63	100	.
5	3	7	0	5	15	379.05	325.17	3.03	9.63	100	.
5	3	7	0	5	16	387.53	325.17	3.03	9.63	100	.
5	3	7	0	5	17	396.02	325.17	3.03	9.63	100	.
5	3	7	0	5	18	404.50	325.17	3.03	9.63	100	.
5	3	7	0	5	19	412.99	325.17	3.03	9.63	100	.
5	3	7	0	5	20	421.47	325.17	3.03	9.63	100	.
5	3	7	0	5	21	429.96	325.17	3.03	9.63	100	.
5	3	7	0	5	22	438.43	325.17	3.03	9.63	100	.
5	3	7	0	5	23	446.92	325.17	3.03	9.63	100	.
5	3	7	0	5	24	455.40	325.17	3.03	9.63	100	.
5	3	7	0	5	25	463.89	325.17	3.03	9.63	100	.
5	3	7	0	5	26	472.37	325.17	3.03	9.63	100	.
5	3	7	0	5	27	480.86	325.17	3.03	9.63	100	.
5	3	7	0	5	28	489.34	325.17	3.03	9.63	100	.
5	3	7	0	5	29	497.83	325.17	3.03	9.63	100	.
3	3	8	0	0	0	518.138009	257.313539	6.274173	77.487826	-1	###FLOW###
4	3	8	0	0	0	518.138009	257.313539	6.272732	9.741826	-1	###LINE###
5	3	8	0	0	0	518.14	257.31	6.27	9.74	100	7
4	3	8	0	1	0	518.955451	270.971630	5.454550	9.632735	-1	###LINE###
5	3	8	0	1	0	518.96	270.97	5.45	9.63	100	7
4	3	8	0	2	0	518.955451	284.520630	5.454550	9.632735	-1	###LINE###
5	3	8	0	2	0	518.96	284.52	5.45	9.63	100	8
4	3	8	0	3	0	518.957632	298.069630	5.454550	9.632735	-1	###LINE###
5	3	8	0	3	0	518.96	298.07	5.45	9.63	100	8
4	3	8	0	4	0	518.952178	311.618630	5.454550	9.632735	-1	###LINE###
5	3	8	0	4	0	518.95	311.62	5.45	9.63	100	9
4	3	8	0	5	0	518.955451	325.168630	5.454550	9.632735	-1	###LINE###
5	3	8	0	5	0	518.96	325.17	5.45	9.63	100	9
3	3	9	0	0	0	70.866000	349.517539	429.998890	63.938826	-1	###FLOW###
4	3	9	0	0	0	70.866000	349.517539	238.439108	9.741826	-1	###LINE###
5	3	9	0	0	0	70.87	349.52	63.32	9.74	100	CHAPTER
5	3	9	0	0	1	138.36	349.52	6.27	9.74	100	3
5	3	9	0	0	2	148.82	349.52	12.55	9.74	100	—
5	3	9	0	0	3	165.55	349.52	26.15	9.74	100	AIM
5	3	9	0	0	4	195.88	349.52	28.92	9.74	100	AND
5	3	9	0	0	5	228.99	349.52	80.32	9.74	100	OBJECTIVES
4	3	9	0	1	0	87.230000	363.175630	413.628345	9.632735	-1	###LINE###
5	3	9	0	1	0	87.23	363.18	20.30	9.63	100	Aim
5	3	9	0	1	1	116.02	363.18	3.03	9.63	100	.
5	3	9	0	1	2	124.51	363.18	3.03	9.63	100	.
5	3	9	0	1	3	132.99	363.18	3.03	9.63	100	.
5	3	9	0	1	4	141.48	363.18	3.03	9.63	100	.
5	3	9	0	1	5	149.96	363.18	3.03	9.63	100	.
5	3	9	0	1	6	158.45	363.18	3.03	9.63	100	.
5	3	9	0	1	7	166.93	363.18	3.03	9.63	100	.
5	3	9	0	1	8	175.40	363.18	3.03	9.63	100	.
5	3	9	0	1	9	183.89	363.18	3.03	9.63	100	.
5	3	9	0	1	10	192.38	363.18	3.03	9.63	100	.
5	3	9	0	1	11	200.86	363.18	3.03	9.63	100	.
5	3	9	0	1	12	209.35	363.18	3.03	9.63	100	.
5	3	9	0	1	13	217.83	363.18	3.03	9.63	100	.
5	3	9	0	1	14	226.32	363.18	3.03	9.63	100	.
5	3	9	0	1	15	234.80	363.18	3.03	9.63	100	.
5	3	9	0	1	16	243.29	363.18	3.03	9.63	100	.
5	3	9	0	1	17	251.77	363.18	3.03	9.63	100	.
5	3	9	0	1	18	260.26	363.18	3.03	9.63	100	.
5	3	9	0	1	19	268.74	363.18	3.03	9.63	100	.
5	3	9	0	1	20	277.23	363.18	3.03	9.63	100	.
5	3	9	0	1	21	285.71	363.18	3.03	9.63	100	.
5	3	9	0	1	22	294.20	363.18	3.03	9.63	100	.
5	3	9	0	1	23	302.68	363.18	3.03	9.63	100	.
5	3	9	0	1	24	311.17	363.18	3.03	9.63	100	.
5	3	9	0	1	25	319.65	363.18	3.03	9.63	100	.
5	3	9	0	1	26	328.14	363.18	3.03	9.63	100	.
5	3	9	0	1	27	336.62	363.18	3.03	9.63	100	.
5	3	9	0	1	28	345.11	363.18	3.03	9.63	100	.
5	3	9	0	1	29	353.59	363.18	3.03	9.63	100	.
5	3	9	0	1	30	362.08	363.18	3.03	9.63	100	.
5	3	9	0	1	31	370.56	363.18	3.03	9.63	100	.
5	3	9	0	1	32	379.05	363.18	3.03	9.63	100	.
5	3	9	0	1	33	387.53	363.18	3.03	9.63	100	.
5	3	9	0	1	34	396.02	363.18	3.03	9.63	100	.
5	3	9	0	1	35	404.50	363.18	3.03	9.63	100	.
5	3	9	0	1	36	412.99	363.18	3.03	9.63	100	.
5	3	9	0	1	37	421.46	363.18	3.03	9.63	100	.
5	3	9	0	1	38	429.95	363.18	3.03	9.63	100	.
5	3	9	0	1	39	438.43	363.18	3.03	9.63	100	.
5	3	9	0	1	40	446.92	363.18	3.03	9.63	100	.
5	3	9	0	1	41	455.40	363.18	3.03	9.63	100	.
5	3	9	0	1	42	463.89	363.18	3.03	9.63	100	.
5	3	9	0	1	43	472.37	363.18	3.03	9.63	100	.
5	3	9	0	1	44	480.86	363.18	3.03	9.63	100	.
5	3	9	0	1	45	489.34	363.18	3.03	9.63	100	.
5	3	9	0	1	46	497.83	363.18	3.03	9.63	100	.
4	3	9	0	2	0	87.230000	376.724630	413.634890	9.632735	-1	###LINE###
5	3	9	0	2	0	87.23	376.72	54.18	9.63	100	Assessment
5	3	9	0	2	1	145.05	376.72	46.73	9.63	100	objectives
5	3	9	0	2	2	200.87	376.72	3.03	9.63	100	.
5	3	9	0	2	3	209.35	376.72	3.03	9.63	100	.
5	3	9	0	2	4	217.84	376.72	3.03	9.63	100	.
5	3	9	0	2	5	226.32	376.72	3.03	9.63	100	.
5	3	9	0	2	6	234.81	376.72	3.03	9.63	100	.
5	3	9	0	2	7	243.29	376.72	3.03	9.63	100	.
5	3	9	0	2	8	251.78	376.72	3.03	9.63	100	.
5	3	9	0	2	9	260.26	376.72	3.03	9.63	100	.
5	3	9	0	2	10	268.74	376.72	3.03	9.63	100	.
5	3	9	0	2	11	277.22	376.72	3.03	9.63	100	.
5	3	9	0	2	12	285.71	376.72	3.03	9.63	100	.
5	3	9	0	2	13	294.19	376.72	3.03	9.63	100	.
5	3	9	0	2	14	302.68	376.72	3.03	9.63	100	.
5	3	9	0	2	15	311.16	376.72	3.03	9.63	100	.
5	3	9	0	2	16	319.65	376.72	3.03	9.63	100	.
5	3	9	0	2	17	328.13	376.72	3.03	9.63	100	.
5	3	9	0	2	18	336.62	376.72	3.03	9.63	100	.
5	3	9	0	2	19	345.10	376.72	3.03	9.63	100	.
5	3	9	0	2	20	353.59	376.72	3.03	9.63	100	.
5	3	9	0	2	21	362.07	376.72	3.03	9.63	100	.
5	3	9	0	2	22	370.56	376.72	3.03	9.63	100	.
5	3	9	0	2	23	379.04	376.72	3.03	9.63	100	.
5	3	9	0	2	24	387.53	376.72	3.03	9.63	100	.
5	3	9	0	2	25	396.01	376.72	3.03	9.63	100	.
5	3	9	0	2	26	404.50	376.72	3.03	9.63	100	.
5	3	9	0	2	27	412.98	376.72	3.03	9.63	100	.
5	3	9	0	2	28	421.47	376.72	3.03	9.63	100	.
5	3	9	0	2	29	429.95	376.72	3.03	9.63	100	.
5	3	9	0	2	30	438.44	376.72	3.03	9.63	100	.
5	3	9	0	2	31	446.92	376.72	3.03	9.63	100	.
5	3	9	0	2	32	455.41	376.72	3.03	9.63	100	.
5	3	9	0	2	33	463.89	376.72	3.03	9.63	100	.
5	3	9	0	2	34	472.38	376.72	3.03	9.63	100	.
5	3	9	0	2	35	480.86	376.72	3.03	9.63	100	.
5	3	9	0	2	36	489.35	376.72	3.03	9.63	100	.
5	3	9	0	2	37	497.83	376.72	3.03	9.63	100	.
4	3	9	0	3	0	87.230000	390.273630	413.627254	9.632735	-1	###LINE###
5	3	9	0	3	0	87.23	390.27	44.09	9.63	100	Measures
5	3	9	0	3	1	134.95	390.27	8.79	9.63	100	of
5	3	9	0	3	2	147.38	390.27	58.00	9.63	100	effectiveness
5	3	9	0	3	3	209.34	390.27	3.03	9.63	100	.
5	3	9	0	3	4	217.83	390.27	3.03	9.63	100	.
5	3	9	0	3	5	226.31	390.27	3.03	9.63	100	.
5	3	9	0	3	6	234.80	390.27	3.03	9.63	100	.
5	3	9	0	3	7	243.28	390.27	3.03	9.63	100	.
5	3	9	0	3	8	251.77	390.27	3.03	9.63	100	.
5	3	9	0	3	9	260.25	390.27	3.03	9.63	100	.
5	3	9	0	3	10	268.74	390.27	3.03	9.63	100	.
5	3	9	0	3	11	277.23	390.27	3.03	9.63	100	.
5	3	9	0	3	12	285.71	390.27	3.03	9.63	100	.
5	3	9	0	3	13	294.20	390.27	3.03	9.63	100	.
5	3	9	0	3	14	302.68	390.27	3.03	9.63	100	.
5	3	9	0	3	15	311.17	390.27	3.03	9.63	100	.
5	3	9	0	3	16	319.65	390.27	3.03	9.63	100	.
5	3	9	0	3	17	328.14	390.27	3.03	9.63	100	.
5	3	9	0	3	18	336.62	390.27	3.03	9.63	100	.
5	3	9	0	3	19	345.11	390.27	3.03	9.63	100	.
5	3	9	0	3	20	353.59	390.27	3.03	9.63	100	.
5	3	9	0	3	21	362.08	390.27	3.03	9.63	100	.
5	3	9	0	3	22	370.56	390.27	3.03	9.63	100	.
5	3	9	0	3	23	379.05	390.27	3.03	9.63	100	.
5	3	9	0	3	24	387.53	390.27	3.03	9.63	100	.
5	3	9	0	3	25	396.02	390.27	3.03	9.63	100	.
5	3	9	0	3	26	404.50	390.27	3.03	9.63	100	.
5	3	9	0	3	27	412.99	390.27	3.03	9.63	100	.
5	3	9	0	3	28	421.47	390.27	3.03	9.63	100	.
5	3	9	0	3	29	429.96	390.27	3.03	9.63	100	.
5	3	9	0	3	30	438.44	390.27	3.03	9.63	100	.
5	3	9	0	3	31	446.92	390.27	3.03	9.63	100	.
5	3	9	0	3	32	455.40	390.27	3.03	9.63	100	.
5	3	9	0	3	33	463.89	390.27	3.03	9.63	100	.
5	3	9	0	3	34	472.37	390.27	3.03	9.63	100	.
5	3	9	0	3	35	480.86	390.27	3.03	9.63	100	.
5	3	9	0	3	36	489.34	390.27	3.03	9.63	100	.
5	3	9	0	3	37	497.83	390.27	3.03	9.63	100	.
4	3	9	0	4	0	87.230000	403.823630	413.625072	9.632735	-1	###LINE###
5	3	9	0	4	0	87.23	403.82	50.48	9.63	100	Prohibited
5	3	9	0	4	1	141.35	403.82	43.18	9.63	100	measures
5	3	9	0	4	2	192.38	403.82	3.03	9.63	100	.
5	3	9	0	4	3	200.87	403.82	3.03	9.63	100	.
5	3	9	0	4	4	209.35	403.82	3.03	9.63	100	.
5	3	9	0	4	5	217.84	403.82	3.03	9.63	100	.
5	3	9	0	4	6	226.32	403.82	3.03	9.63	100	.
5	3	9	0	4	7	234.81	403.82	3.03	9.63	100	.
5	3	9	0	4	8	243.28	403.82	3.03	9.63	100	.
5	3	9	0	4	9	251.77	403.82	3.03	9.63	100	.
5	3	9	0	4	10	260.25	403.82	3.03	9.63	100	.
5	3	9	0	4	11	268.74	403.82	3.03	9.63	100	.
5	3	9	0	4	12	277.22	403.82	3.03	9.63	100	.
5	3	9	0	4	13	285.71	403.82	3.03	9.63	100	.
5	3	9	0	4	14	294.19	403.82	3.03	9.63	100	.
5	3	9	0	4	15	302.68	403.82	3.03	9.63	100	.
5	3	9	0	4	16	311.16	403.82	3.03	9.63	100	.
5	3	9	0	4	17	319.65	403.82	3.03	9.63	100	.
5	3	9	0	4	18	328.13	403.82	3.03	9.63	100	.
5	3	9	0	4	19	336.62	403.82	3.03	9.63	100	.
5	3	9	0	4	20	345.10	403.82	3.03	9.63	100	.
5	3	9	0	4	21	353.59	403.82	3.03	9.63	100	.
5	3	9	0	4	22	362.07	403.82	3.03	9.63	100	.
5	3	9	0	4	23	370.56	403.82	3.03	9.63	100	.
5	3	9	0	4	24	379.04	403.82	3.03	9.63	100	.
5	3	9	0	4	25	387.53	403.82	3.03	9.63	100	.
5	3	9	0	4	26	396.01	403.82	3.03	9.63	100	.
5	3	9	0	4	27	404.50	403.82	3.03	9.63	100	.
5	3	9	0	4	28	412.98	403.82	3.03	9.63	100	.
5	3	9	0	4	29	421.47	403.82	3.03	9.63	100	.
5	3	9	0	4	30	429.95	403.82	3.03	9.63	100	.
5	3	9	0	4	31	438.44	403.82	3.03	9.63	100	.
5	3	9	0	4	32	446.92	403.82	3.03	9.63	100	.
5	3	9	0	4	33	455.41	403.82	3.03	9.63	100	.
5	3	9	0	4	34	463.90	403.82	3.03	9.63	100	.
5	3	9	0	4	35	472.38	403.82	3.03	9.63	100	.
5	3	9	0	4	36	480.87	403.82	3.03	9.63	100	.
5	3	9	0	4	37	489.34	403.82	3.03	9.63	100	.
5	3	9	0	4	38	497.82	403.82	3.03	9.63	100	.
3	3	10	0	0	0	513.497628	349.517539	10.913464	63.938826	-1	###FLOW###
4	3	10	0	0	0	518.138009	349.517539	6.272732	9.741826	-1	###LINE###
5	3	10	0	0	0	518.14	349.52	6.27	9.74	100	9
4	3	10	0	1	0	518.956542	363.175630	5.454550	9.632735	-1	###LINE###
5	3	10	0	1	0	518.96	363.18	5.45	9.63	100	9
4	3	10	0	2	0	513.497628	376.724630	10.909100	9.632735	-1	###LINE###
5	3	10	0	2	0	513.50	376.72	10.91	9.63	100	10
4	3	10	0	3	0	513.500901	390.273630	10.909100	9.632735	-1	###LINE###
5	3	10	0	3	0	513.50	390.27	10.91	9.63	100	10
4	3	10	0	4	0	513.498719	403.823630	10.909100	9.632735	-1	###LINE###
5	3	10	0	4	0	513.50	403.82	10.91	9.63	100	11
3	3	11	0	0	0	70.866000	428.172539	429.997799	91.036826	-1	###FLOW###
4	3	11	0	0	0	70.866000	428.172539	297.362430	9.741826	-1	###LINE###
5	3	11	0	0	0	70.87	428.17	63.32	9.74	100	CHAPTER
5	3	11	0	0	1	138.36	428.17	6.27	9.74	100	4
5	3	11	0	0	2	148.82	428.17	12.55	9.74	100	—
5	3	11	0	0	3	165.55	428.17	83.13	9.74	100	CATEGORIES
5	3	11	0	0	4	252.87	428.17	17.32	9.74	100	OF
5	3	11	0	0	5	274.37	428.17	93.86	9.74	100	ENGAGEMENT
4	3	11	0	1	0	87.230000	441.830630	413.633799	9.632735	-1	###LINE###
5	3	11	0	1	0	87.23	441.83	49.79	9.63	100	Categories
5	3	11	0	1	1	141.47	441.83	3.03	9.63	100	.
5	3	11	0	1	2	149.96	441.83	3.03	9.63	100	.
5	3	11	0	1	3	158.44	441.83	3.03	9.63	100	.
5	3	11	0	1	4	166.93	441.83	3.03	9.63	100	.
5	3	11	0	1	5	175.41	441.83	3.03	9.63	100	.
5	3	11	0	1	6	183.90	441.83	3.03	9.63	100	.
5	3	11	0	1	7	192.38	441.83	3.03	9.63	100	.
5	3	11	0	1	8	200.87	441.83	3.03	9.63	100	.
5	3	11	0	1	9	209.35	441.83	3.03	9.63	100	.
5	3	11	0	1	10	217.84	441.83	3.03	9.63	100	.
5	3	11	0	1	11	226.32	441.83	3.03	9.63	100	.
5	3	11	0	1	12	234.81	441.83	3.03	9.63	100	.
5	3	11	0	1	13	243.29	441.83	3.03	9.63	100	.
5	3	11	0	1	14	251.78	441.83	3.03	9.63	100	.
5	3	11	0	1	15	260.26	441.83	3.03	9.63	100	.
5	3	11	0	1	16	268.75	441.83	3.03	9.63	100	.
5	3	11	0	1	17	277.23	441.83	3.03	9.63	100	.
5	3	11	0	1	18	285.72	441.83	3.03	9.63	100	.
5	3	11	0	1	19	294.19	441.83	3.03	9.63	100	.
5	3	11	0	1	20	302.68	441.83	3.03	9.63	100	.
5	3	11	0	1	21	311.16	441.83	3.03	9.63	100	.
5	3	11	0	1	22	319.65	441.83	3.03	9.63	100	.
5	3	11	0	1	23	328.13	441.83	3.03	9.63	100	.
5	3	11	0	1	24	336.62	441.83	3.03	9.63	100	.
5	3	11	0	1	25	345.10	441.83	3.03	9.63	100	.
5	3	11	0	1	26	353.59	441.83	3.03	9.63	100	.
5	3	11	0	1	27	362.07	441.83	3.03	9.63	100	.
5	3	11	0	1	28	370.56	441.83	3.03	9.63	100	.
5	3	11	0	1	29	379.04	441.83	3.03	9.63	100	.
5	3	11	0	1	30	387.53	441.83	3.03	9.63	100	.
5	3	11	0	1	31	396.01	441.83	3.03	9.63	100	.
5	3	11	0	1	32	404.50	441.83	3.03	9.63	100	.
5	3	11	0	1	33	412.98	441.83	3.03	9.63	100	.
5	3	11	0	1	34	421.47	441.83	3.03	9.63	100	.
5	3	11	0	1	35	429.95	441.83	3.03	9.63	100	.
5	3	11	0	1	36	438.44	441.83	3.03	9.63	100	.
5	3	11	0	1	37	446.92	441.83	3.03	9.63	100	.
5	3	11	0	1	38	455.41	441.83	3.03	9.63	100	.
5	3	11	0	1	39	463.89	441.83	3.03	9.63	100	.
5	3	11	0	1	40	472.38	441.83	3.03	9.63	100	.
5	3	11	0	1	41	480.86	441.83	3.03	9.63	100	.
5	3	11	0	1	42	489.35	441.83	3.03	9.63	100	.
5	3	11	0	1	43	497.83	441.83	3.03	9.63	100	.
4	3	11	0	2	0	87.230000	455.379630	413.631617	9.632735	-1	###LINE###
5	3	11	0	2	0	87.23	455.38	42.43	9.63	100	Selection
5	3	11	0	2	1	132.98	455.38	3.03	9.63	100	.
5	3	11	0	2	2	141.47	455.38	3.03	9.63	100	.
5	3	11	0	2	3	149.95	455.38	3.03	9.63	100	.
5	3	11	0	2	4	158.44	455.38	3.03	9.63	100	.
5	3	11	0	2	5	166.92	455.38	3.03	9.63	100	.
5	3	11	0	2	6	175.41	455.38	3.03	9.63	100	.
5	3	11	0	2	7	183.89	455.38	3.03	9.63	100	.
5	3	11	0	2	8	192.38	455.38	3.03	9.63	100	.
5	3	11	0	2	9	200.86	455.38	3.03	9.63	100	.
5	3	11	0	2	10	209.35	455.38	3.03	9.63	100	.
5	3	11	0	2	11	217.83	455.38	3.03	9.63	100	.
5	3	11	0	2	12	226.32	455.38	3.03	9.63	100	.
5	3	11	0	2	13	234.80	455.38	3.03	9.63	100	.
5	3	11	0	2	14	243.29	455.38	3.03	9.63	100	.
5	3	11	0	2	15	251.77	455.38	3.03	9.63	100	.
5	3	11	0	2	16	260.26	455.38	3.03	9.63	100	.
5	3	11	0	2	17	268.74	455.38	3.03	9.63	100	.
5	3	11	0	2	18	277.23	455.38	3.03	9.63	100	.
5	3	11	0	2	19	285.71	455.38	3.03	9.63	100	.
5	3	11	0	2	20	294.20	455.38	3.03	9.63	100	.
5	3	11	0	2	21	302.68	455.38	3.03	9.63	100	.
5	3	11	0	2	22	311.17	455.38	3.03	9.63	100	.
5	3	11	0	2	23	319.65	455.38	3.03	9.63	100	.
5	3	11	0	2	24	328.14	455.38	3.03	9.63	100	.
5	3	11	0	2	25	336.63	455.38	3.03	9.63	100	.
5	3	11	0	2	26	345.10	455.38	3.03	9.63	100	.
5	3	11	0	2	27	353.58	455.38	3.03	9.63	100	.
5	3	11	0	2	28	362.07	455.38	3.03	9.63	100	.
5	3	11	0	2	29	370.55	455.38	3.03	9.63	100	.
5	3	11	0	2	30	379.04	455.38	3.03	9.63	100	.
5	3	11	0	2	31	387.52	455.38	3.03	9.63	100	.
5	3	11	0	2	32	396.01	455.38	3.03	9.63	100	.
5	3	11	0	2	33	404.49	455.38	3.03	9.63	100	.
5	3	11	0	2	34	412.98	455.38	3.03	9.63	100	.
5	3	11	0	2	35	421.47	455.38	3.03	9.63	100	.
5	3	11	0	2	36	429.95	455.38	3.03	9.63	100	.
5	3	11	0	2	37	438.44	455.38	3.03	9.63	100	.
5	3	11	0	2	38	446.92	455.38	3.03	9.63	100	.
5	3	11	0	2	39	455.41	455.38	3.03	9.63	100	.
5	3	11	0	2	40	463.89	455.38	3.03	9.63	100	.
5	3	11	0	2	41	472.38	455.38	3.03	9.63	100	.
5	3	11	0	2	42	480.86	455.38	3.03	9.63	100	.
5	3	11	0	2	43	489.35	455.38	3.03	9.63	100	.
5	3	11	0	2	44	497.83	455.38	3.03	9.63	100	.
4	3	11	0	3	0	87.230000	468.928630	413.633799	9.632735	-1	###LINE###
5	3	11	0	3	0	87.23	468.93	65.09	9.63	100	Preconditions
5	3	11	0	3	1	158.44	468.93	3.03	9.63	100	.
5	3	11	0	3	2	166.93	468.93	3.03	9.63	100	.
5	3	11	0	3	3	175.41	468.93	3.03	9.63	100	.
5	3	11	0	3	4	183.90	468.93	3.03	9.63	100	.
5	3	11	0	3	5	192.38	468.93	3.03	9.63	100	.
5	3	11	0	3	6	200.87	468.93	3.03	9.63	100	.
5	3	11	0	3	7	209.35	468.93	3.03	9.63	100	.
5	3	11	0	3	8	217.84	468.93	3.03	9.63	100	.
5	3	11	0	3	9	226.32	468.93	3.03	9.63	100	.
5	3	11	0	3	10	234.81	468.93	3.03	9.63	100	.
5	3	11	0	3	11	243.29	468.93	3.03	9.63	100	.
5	3	11	0	3	12	251.78	468.93	3.03	9.63	100	.
5	3	11	0	3	13	260.26	468.93	3.03	9.63	100	.
5	3	11	0	3	14	268.75	468.93	3.03	9.63	100	.
5	3	11	0	3	15	277.23	468.93	3.03	9.63	100	.
5	3	11	0	3	16	285.72	468.93	3.03	9.63	100	.
5	3	11	0	3	17	294.19	468.93	3.03	9.63	100	.
5	3	11	0	3	18	302.68	468.93	3.03	9.63	100	.
5	3	11	0	3	19	311.16	468.93	3.03	9.63	100	.
5	3	11	0	3	20	319.65	468.93	3.03	9.63	100	.
5	3	11	0	3	21	328.13	468.93	3.03	9.63	100	.
5	3	11	0	3	22	336.62	468.93	3.03	9.63	100	.
5	3	11	0	3	23	345.10	468.93	3.03	9.63	100	.
5	3	11	0	3	24	353.59	468.93	3.03	9.63	100	.
5	3	11	0	3	25	362.07	468.93	3.03	9.63	100	.
5	3	11	0	3	26	370.56	468.93	3.03	9.63	100	.
5	3	11	0	3	27	379.04	468.93	3.03	9.63	100	.
5	3	11	0	3	28	387.53	468.93	3.03	9.63	100	.
5	3	11	0	3	29	396.01	468.93	3.03	9.63	100	.
5	3	11	0	3	30	404.50	468.93	3.03	9.63	100	.
5	3	11	0	3	31	412.98	468.93	3.03	9.63	100	.
5	3	11	0	3	32	421.47	468.93	3.03	9.63	100	.
5	3	11	0	3	33	429.95	468.93	3.03	9.63	100	.
5	3	11	0	3	34	438.44	468.93	3.03	9.63	100	.
5	3	11	0	3	35	446.92	468.93	3.03	9.63	100	.
5	3	11	0	3	36	455.41	468.93	3.03	9.63	100	.
5	3	11	0	3	37	463.89	468.93	3.03	9.63	100	.
5	3	11	0	3	38	472.38	468.93	3.03	9.63	100	.
5	3	11	0	3	39	480.86	468.93	3.03	9.63	100	.
5	3	11	0	3	40	489.35	468.93	3.03	9.63	100	.
5	3	11	0	3	41	497.83	468.93	3.03	9.63	100	.
4	3	11	0	4	0	87.230000	482.478630	413.631617	9.632735	-1	###LINE###
5	3	11	0	4	0	87.23	482.48	40.77	9.63	100	Grounds
5	3	11	0	4	1	131.63	482.48	13.07	9.63	100	for
5	3	11	0	4	2	148.34	482.48	42.42	9.63	100	declining
5	3	11	0	4	3	200.86	482.48	3.03	9.63	100	.
5	3	11	0	4	4	209.35	482.48	3.03	9.63	100	.
5	3	11	0	4	5	217.83	482.48	3.03	9.63	100	.
5	3	11	0	4	6	226.32	482.48	3.03	9.63	100	.
5	3	11	0	4	7	234.80	482.48	3.03	9.63	100	.
5	3	11	0	4	8	243.29	482.48	3.03	9.63	100	.
5	3	11	0	4	9	251.77	482.48	3.03	9.63	100	.
5	3	11	0	4	10	260.26	482.48	3.03	9.63	100	.
5	3	11	0	4	11	268.74	482.48	3.03	9.63	100	.
5	3	11	0	4	12	277.23	482.48	3.03	9.63	100	.
5	3	11	0	4	13	285.71	482.48	3.03	9.63	100	.
5	3	11	0	4	14	294.20	482.48	3.03	9.63	100	.
5	3	11	0	4	15	302.68	482.48	3.03	9.63	100	.
5	3	11	0	4	16	311.17	482.48	3.03	9.63	100	.
5	3	11	0	4	17	319.65	482.48	3.03	9.63	100	.
5	3	11	0	4	18	328.14	482.48	3.03	9.63	100	.
5	3	11	0	4	19	336.63	482.48	3.03	9.63	100	.
5	3	11	0	4	20	345.10	482.48	3.03	9.63	100	.
5	3	11	0	4	21	353.58	482.48	3.03	9.63	100	.
5	3	11	0	4	22	362.07	482.48	3.03	9.63	100	.
5	3	11	0	4	23	370.55	482.48	3.03	9.63	100	.
5	3	11	0	4	24	379.04	482.48	3.03	9.63	100	.
5	3	11	0	4	25	387.52	482.48	3.03	9.63	100	.
5	3	11	0	4	26	396.01	482.48	3.03	9.63	100	.
5	3	11	0	4	27	404.49	482.48	3.03	9.63	100	.
5	3	11	0	4	28	412.98	482.48	3.03	9.63	100	.
5	3	11	0	4	29	421.47	482.48	3.03	9.63	100	.
5	3	11	0	4	30	429.95	482.48	3.03	9.63	100	.
5	3	11	0	4	31	438.44	482.48	3.03	9.63	100	.
5	3	11	0	4	32	446.92	482.48	3.03	9.63	100	.
5	3	11	0	4	33	455.41	482.48	3.03	9.63	100	.
5	3	11	0	4	34	463.89	482.48	3.03	9.63	100	.
5	3	11	0	4	35	472.38	482.48	3.03	9.63	100	.
5	3	11	0	4	36	480.86	482.48	3.03	9.63	100	.
5	3	11	0	4	37	489.35	482.48	3.03	9.63	100	.
5	3	11	0	4	38	497.83	482.48	3.03	9.63	100	.
4	3	11	0	5	0	87.230000	496.027630	413.633799	9.632735	-1	###LINE###
5	3	11	0	5	0	87.23	496.03	45.21	9.63	100	Activities
5	3	11	0	5	1	136.07	496.03	42.79	9.63	100	requiring
5	3	11	0	5	2	182.51	496.03	34.29	9.63	100	specific
5	3	11	0	5	3	220.45	496.03	63.12	9.63	100	authorisation
5	3	11	0	5	4	294.19	496.03	3.03	9.63	100	.
5	3	11	0	5	5	302.68	496.03	3.03	9.63	100	.
5	3	11	0	5	6	311.16	496.03	3.03	9.63	100	.
5	3	11	0	5	7	319.65	496.03	3.03	9.63	100	.
5	3	11	0	5	8	328.13	496.03	3.03	9.63	100	.
5	3	11	0	5	9	336.62	496.03	3.03	9.63	100	.
5	3	11	0	5	10	345.10	496.03	3.03	9.63	100	.
5	3	11	0	5	11	353.59	496.03	3.03	9.63	100	.
5	3	11	0	5	12	362.07	496.03	3.03	9.63	100	.
5	3	11	0	5	13	370.56	496.03	3.03	9.63	100	.
5	3	11	0	5	14	379.04	496.03	3.03	9.63	100	.
5	3	11	0	5	15	387.53	496.03	3.03	9.63	100	.
5	3	11	0	5	16	396.01	496.03	3.03	9.63	100	.
5	3	11	0	5	17	404.50	496.03	3.03	9.63	100	.
5	3	11	0	5	18	412.98	496.03	3.03	9.63	100	.
5	3	11	0	5	19	421.47	496.03	3.03	9.63	100	.
5	3	11	0	5	20	429.95	496.03	3.03	9.63	100	.
5	3	11	0	5	21	438.44	496.03	3.03	9.63	100	.
5	3	11	0	5	22	446.92	496.03	3.03	9.63	100	.
5	3	11	0	5	23	455.41	496.03	3.03	9.63	100	.
5	3	11	0	5	24	463.89	496.03	3.03	9.63	100	.
5	3	11	0	5	25	472.38	496.03	3.03	9.63	100	.
5	3	11	0	5	26	480.86	496.03	3.03	9.63	100	.
5	3	11	0	5	27	489.35	496.03	3.03	9.63	100	.
5	3	11	0	5	28	497.83	496.03	3.03	9.63	100	.
4	3	11	0	6	0	87.230000	509.576630	413.631617	9.632735	-1	###LINE###
5	3	11	0	6	0	87.23	509.58	51.88	9.63	100	Specialised
5	3	11	0	6	1	142.74	509.58	63.42	9.63	100	environments
5	3	11	0	6	2	209.35	509.58	3.03	9.63	100	.
5	3	11	0	6	3	217.83	509.58	3.03	9.63	100	.
5	3	11	0	6	4	226.32	509.58	3.03	9.63	100	.
5	3	11	0	6	5	234.80	509.58	3.03	9.63	100	.
5	3	11	0	6	6	243.29	509.58	3.03	9.63	100	.
5	3	11	0	6	7	251.77	509.58	3.03	9.63	100	.
5	3	11	0	6	8	260.26	509.58	3.03	9.63	100	.
5	3	11	0	6	9	268.74	509.58	3.03	9.63	100	.
5	3	11	0	6	10	277.23	509.58	3.03	9.63	100	.
5	3	11	0	6	11	285.71	509.58	3.03	9.63	100	.
5	3	11	0	6	12	294.20	509.58	3.03	9.63	100	.
5	3	11	0	6	13	302.68	509.58	3.03	9.63	100	.
5	3	11	0	6	14	311.17	509.58	3.03	9.63	100	.
5	3	11	0	6	15	319.65	509.58	3.03	9.63	100	.
5	3	11	0	6	16	328.14	509.58	3.03	9.63	100	.
5	3	11	0	6	17	336.63	509.58	3.03	9.63	100	.
5	3	11	0	6	18	345.10	509.58	3.03	9.63	100	.
5	3	11	0	6	19	353.58	509.58	3.03	9.63	100	.
5	3	11	0	6	20	362.07	509.58	3.03	9.63	100	.
5	3	11	0	6	21	370.55	509.58	3.03	9.63	100	.
5	3	11	0	6	22	379.04	509.58	3.03	9.63	100	.
5	3	11	0	6	23	387.52	509.58	3.03	9.63	100	.
5	3	11	0	6	24	396.01	509.58	3.03	9.63	100	.
5	3	11	0	6	25	404.49	509.58	3.03	9.63	100	.
5	3	11	0	6	26	412.98	509.58	3.03	9.63	100	.
5	3	11	0	6	27	421.47	509.58	3.03	9.63	100	.
5	3	11	0	6	28	429.95	509.58	3.03	9.63	100	.
5	3	11	0	6	29	438.44	509.58	3.03	9.63	100	.
5	3	11	0	6	30	446.92	509.58	3.03	9.63	100	.
5	3	11	0	6	31	455.41	509.58	3.03	9.63	100	.
5	3	11	0	6	32	463.89	509.58	3.03	9.63	100	.
5	3	11	0	6	33	472.38	509.58	3.03	9.63	100	.
5	3	11	0	6	34	480.86	509.58	3.03	9.63	100	.
5	3	11	0	6	35	489.35	509.58	3.03	9.63	100	.
5	3	11	0	6	36	497.83	509.58	3.03	9.63	100	.
3	3	12	0	0	0	511.868549	428.172539	12.545815	91.036826	-1	###FLOW###
4	3	12	0	0	0	511.868549	428.172539	12.545465	9.741826	-1	###LINE###
5	3	12	0	0	0	511.87	428.17	12.55	9.74	100	11
4	3	12	0	1	0	513.496537	441.830630	10.909100	9.632735	-1	###LINE###
5	3	12	0	1	0	513.50	441.83	10.91	9.63	100	11
4	3	12	0	2	0	513.505264	455.379630	10.909100	9.632735	-1	###LINE###
5	3	12	0	2	0	513.51	455.38	10.91	9.63	100	12
4	3	12	0	3	0	513.496537	468.928630	10.909100	9.632735	-1	###LINE###
5	3	12	0	3	0	513.50	468.93	10.91	9.63	100	12
4	3	12	0	4	0	513.505264	482.478630	10.909100	9.632735	-1	###LINE###
5	3	12	0	4	0	513.51	482.48	10.91	9.63	100	12
4	3	12	0	5	0	513.496537	496.027630	10.909100	9.632735	-1	###LINE###
5	3	12	0	5	0	513.50	496.03	10.91	9.63	100	12
4	3	12	0	6	0	513.505264	509.576630	10.909100	9.632735	-1	###LINE###
5	3	12	0	6	0	513.51	509.58	10.91	9.63	100	13
3	3	13	0	0	0	70.866000	533.925539	429.998890	77.487826	-1	###FLOW###
4	3	13	0	0	0	70.866000	533.925539	173.815781	9.741826	-1	###LINE###
5	3	13	0	0	0	70.87	533.93	63.32	9.74	100	CHAPTER
5	3	13	0	0	1	138.36	533.93	6.27	9.74	100	5
5	3	13	0	0	2	148.82	533.93	12.55	9.74	100	—
5	3	13	0	0	3	165.55	533.93	79.13	9.74	100	AUTHORITY
4	3	13	0	1	0	87.230000	547.584630	413.634890	9.632735	-1	###LINE###
5	3	13	0	1	0	87.23	547.58	24.82	9.63	100	Basis
5	3	13	0	1	1	115.68	547.58	8.79	9.63	100	of
5	3	13	0	1	2	128.11	547.58	28.48	9.63	100	lawful
5	3	13	0	1	3	160.22	547.58	36.06	9.63	100	activity
5	3	13	0	1	4	200.87	547.58	3.03	9.63	100	.
5	3	13	0	1	5	209.35	547.58	3.03	9.63	100	.
5	3	13	0	1	6	217.84	547.58	3.03	9.63	100	.
5	3	13	0	1	7	226.32	547.58	3.03	9.63	100	.
5	3	13	0	1	8	234.81	547.58	3.03	9.63	100	.
5	3	13	0	1	9	243.29	547.58	3.03	9.63	100	.
5	3	13	0	1	10	251.78	547.58	3.03	9.63	100	.
5	3	13	0	1	11	260.26	547.58	3.03	9.63	100	.
5	3	13	0	1	12	268.74	547.58	3.03	9.63	100	.
5	3	13	0	1	13	277.22	547.58	3.03	9.63	100	.
5	3	13	0	1	14	285.71	547.58	3.03	9.63	100	.
5	3	13	0	1	15	294.19	547.58	3.03	9.63	100	.
5	3	13	0	1	16	302.68	547.58	3.03	9.63	100	.
5	3	13	0	1	17	311.16	547.58	3.03	9.63	100	.
5	3	13	0	1	18	319.65	547.58	3.03	9.63	100	.
5	3	13	0	1	19	328.13	547.58	3.03	9.63	100	.
5	3	13	0	1	20	336.62	547.58	3.03	9.63	100	.
5	3	13	0	1	21	345.10	547.58	3.03	9.63	100	.
5	3	13	0	1	22	353.59	547.58	3.03	9.63	100	.
5	3	13	0	1	23	362.07	547.58	3.03	9.63	100	.
5	3	13	0	1	24	370.56	547.58	3.03	9.63	100	.
5	3	13	0	1	25	379.04	547.58	3.03	9.63	100	.
5	3	13	0	1	26	387.53	547.58	3.03	9.63	100	.
5	3	13	0	1	27	396.01	547.58	3.03	9.63	100	.
5	3	13	0	1	28	404.50	547.58	3.03	9.63	100	.
5	3	13	0	1	29	412.98	547.58	3.03	9.63	100	.
5	3	13	0	1	30	421.47	547.58	3.03	9.63	100	.
5	3	13	0	1	31	429.95	547.58	3.03	9.63	100	.
5	3	13	0	1	32	438.44	547.58	3.03	9.63	100	.
5	3	13	0	1	33	446.92	547.58	3.03	9.63	100	.
5	3	13	0	1	34	455.41	547.58	3.03	9.63	100	.
5	3	13	0	1	35	463.89	547.58	3.03	9.63	100	.
5	3	13	0	1	36	472.38	547.58	3.03	9.63	100	.
5	3	13	0	1	37	480.86	547.58	3.03	9.63	100	.
5	3	13	0	1	38	489.35	547.58	3.03	9.63	100	.
5	3	13	0	1	39	497.83	547.58	3.03	9.63	100	.
4	3	13	0	2	0	87.230000	561.133630	413.632708	9.632735	-1	###LINE###
5	3	13	0	2	0	87.23	561.13	65.54	9.63	100	Authorisation
5	3	13	0	2	1	156.42	561.13	50.97	9.63	100	documents
5	3	13	0	2	2	217.83	561.13	3.03	9.63	100	.
5	3	13	0	2	3	226.32	561.13	3.03	9.63	100	.
5	3	13	0	2	4	234.81	561.13	3.03	9.63	100	.
5	3	13	0	2	5	243.29	561.13	3.03	9.63	100	.
5	3	13	0	2	6	251.78	561.13	3.03	9.63	100	.
5	3	13	0	2	7	260.26	561.13	3.03	9.63	100	.
5	3	13	0	2	8	268.75	561.13	3.03	9.63	100	.
5	3	13	0	2	9	277.23	561.13	3.03	9.63	100	.
5	3	13	0	2	10	285.72	561.13	3.03	9.63	100	.
5	3	13	0	2	11	294.20	561.13	3.03	9.63	100	.
5	3	13	0	2	12	302.69	561.13	3.03	9.63	100	.
5	3	13	0	2	13	311.17	561.13	3.03	9.63	100	.
5	3	13	0	2	14	319.65	561.13	3.03	9.63	100	.
5	3	13	0	2	15	328.13	561.13	3.03	9.63	100	.
5	3	13	0	2	16	336.62	561.13	3.03	9.63	100	.
5	3	13	0	2	17	345.10	561.13	3.03	9.63	100	.
5	3	13	0	2	18	353.59	561.13	3.03	9.63	100	.
5	3	13	0	2	19	362.07	561.13	3.03	9.63	100	.
5	3	13	0	2	20	370.56	561.13	3.03	9.63	100	.
5	3	13	0	2	21	379.04	561.13	3.03	9.63	100	.
5	3	13	0	2	22	387.53	561.13	3.03	9.63	100	.
5	3	13	0	2	23	396.01	561.13	3.03	9.63	100	.
5	3	13	0	2	24	404.50	561.13	3.03	9.63	100	.
5	3	13	0	2	25	412.98	561.13	3.03	9.63	100	.
5	3	13	0	2	26	421.47	561.13	3.03	9.63	100	.
5	3	13	0	2	27	429.95	561.13	3.03	9.63	100	.
5	3	13	0	2	28	438.44	561.13	3.03	9.63	100	.
5	3	13	0	2	29	446.92	561.13	3.03	9.63	100	.
5	3	13	0	2	30	455.41	561.13	3.03	9.63	100	.
5	3	13	0	2	31	463.89	561.13	3.03	9.63	100	.
5	3	13	0	2	32	472.38	561.13	3.03	9.63	100	.
5	3	13	0	2	33	480.86	561.13	3.03	9.63	100	.
5	3	13	0	2	34	489.35	561.13	3.03	9.63	100	.
5	3	13	0	2	35	497.83	561.13	3.03	9.63	100	.
4	3	13	0	3	0	87.230000	574.682630	413.632708	9.632735	-1	###LINE###
5	3	13	0	3	0	87.23	574.68	49.09	9.63	100	Command
5	3	13	0	3	1	139.95	574.68	44.28	9.63	100	authority
5	3	13	0	3	2	187.87	574.68	17.57	9.63	100	and
5	3	13	0	3	3	209.07	574.68	32.55	9.63	100	system
5	3	13	0	3	4	245.26	574.68	44.27	9.63	100	authority
5	3	13	0	3	5	294.20	574.68	3.03	9.63	100	.
5	3	13	0	3	6	302.69	574.68	3.03	9.63	100	.
5	3	13	0	3	7	311.17	574.68	3.03	9.63	100	.
5	3	13	0	3	8	319.65	574.68	3.03	9.63	100	.
5	3	13	0	3	9	328.13	574.68	3.03	9.63	100	.
5	3	13	0	3	10	336.62	574.68	3.03	9.63	100	.
5	3	13	0	3	11	345.10	574.68	3.03	9.63	100	.
5	3	13	0	3	12	353.59	574.68	3.03	9.63	100	.
5	3	13	0	3	13	362.07	574.68	3.03	9.63	100	.
5	3	13	0	3	14	370.56	574.68	3.03	9.63	100	.
5	3	13	0	3	15	379.04	574.68	3.03	9.63	100	.
5	3	13	0	3	16	387.53	574.68	3.03	9.63	100	.
5	3	13	0	3	17	396.01	574.68	3.03	9.63	100	.
5	3	13	0	3	18	404.50	574.68	3.03	9.63	100	.
5	3	13	0	3	19	412.98	574.68	3.03	9.63	100	.
5	3	13	0	3	20	421.47	574.68	3.03	9.63	100	.
5	3	13	0	3	21	429.95	574.68	3.03	9.63	100	.
5	3	13	0	3	22	438.44	574.68	3.03	9.63	100	.
5	3	13	0	3	23	446.92	574.68	3.03	9.63	100	.
5	3	13	0	3	24	455.41	574.68	3.03	9.63	100	.
5	3	13	0	3	25	463.89	574.68	3.03	9.63	100	.
5	3	13	0	3	26	472.38	574.68	3.03	9.63	100	.
5	3	13	0	3	27	480.86	574.68	3.03	9.63	100	.
5	3	13	0	3	28	489.35	574.68	3.03	9.63	100	.
5	3	13	0	3	29	497.83	574.68	3.03	9.63	100	.
4	3	13	0	4	0	87.230000	588.231630	413.633799	9.632735	-1	###LINE###
5	3	13	0	4	0	87.23	588.23	64.85	9.63	100	Independence
5	3	13	0	4	1	158.44	588.23	3.03	9.63	100	.
5	3	13	0	4	2	166.93	588.23	3.03	9.63	100	.
5	3	13	0	4	3	175.41	588.23	3.03	9.63	100	.
5	3	13	0	4	4	183.90	588.23	3.03	9.63	100	.
5	3	13	0	4	5	192.38	588.23	3.03	9.63	100	.
5	3	13	0	4	6	200.87	588.23	3.03	9.63	100	.
5	3	13	0	4	7	209.35	588.23	3.03	9.63	100	.
5	3	13	0	4	8	217.84	588.23	3.03	9.63	100	.
5	3	13	0	4	9	226.32	588.23	3.03	9.63	100	.
5	3	13	0	4	10	234.81	588.23	3.03	9.63	100	.
5	3	13	0	4	11	243.29	588.23	3.03	9.63	100	.
5	3	13	0	4	12	251.78	588.23	3.03	9.63	100	.
5	3	13	0	4	13	260.26	588.23	3.03	9.63	100	.
5	3	13	0	4	14	268.75	588.23	3.03	9.63	100	.
5	3	13	0	4	15	277.23	588.23	3.03	9.63	100	.
5	3	13	0	4	16	285.72	588.23	3.03	9.63	100	.
5	3	13	0	4	17	294.19	588.23	3.03	9.63	100	.
5	3	13	0	4	18	302.68	588.23	3.03	9.63	100	.
5	3	13	0	4	19	311.16	588.23	3.03	9.63	100	.
5	3	13	0	4	20	319.65	588.23	3.03	9.63	100	.
5	3	13	0	4	21	328.13	588.23	3.03	9.63	100	.
5	3	13	0	4	22	336.62	588.23	3.03	9.63	100	.
5	3	13	0	4	23	345.10	588.23	3.03	9.63	100	.
5	3	13	0	4	24	353.59	588.23	3.03	9.63	100	.
5	3	13	0	4	25	362.07	588.23	3.03	9.63	100	.
5	3	13	0	4	26	370.56	588.23	3.03	9.63	100	.
5	3	13	0	4	27	379.04	588.23	3.03	9.63	100	.
5	3	13	0	4	28	387.53	588.23	3.03	9.63	100	.
5	3	13	0	4	29	396.01	588.23	3.03	9.63	100	.
5	3	13	0	4	30	404.50	588.23	3.03	9.63	100	.
5	3	13	0	4	31	412.98	588.23	3.03	9.63	100	.
5	3	13	0	4	32	421.47	588.23	3.03	9.63	100	.
5	3	13	0	4	33	429.95	588.23	3.03	9.63	100	.
5	3	13	0	4	34	438.44	588.23	3.03	9.63	100	.
5	3	13	0	4	35	446.92	588.23	3.03	9.63	100	.
5	3	13	0	4	36	455.41	588.23	3.03	9.63	100	.
5	3	13	0	4	37	463.89	588.23	3.03	9.63	100	.
5	3	13	0	4	38	472.38	588.23	3.03	9.63	100	.
5	3	13	0	4	39	480.86	588.23	3.03	9.63	100	.
5	3	13	0	4	40	489.35	588.23	3.03	9.63	100	.
5	3	13	0	4	41	497.83	588.23	3.03	9.63	100	.
4	3	13	0	5	0	87.230000	601.780630	413.634890	9.632735	-1	###LINE###
5	3	13	0	5	0	87.23	601.78	30.51	9.63	100	Limits
5	3	13	0	5	1	121.38	601.78	8.79	9.63	100	of
5	3	13	0	5	2	133.81	601.78	63.12	9.63	100	authorisation
5	3	13	0	5	3	200.87	601.78	3.03	9.63	100	.
5	3	13	0	5	4	209.35	601.78	3.03	9.63	100	.
5	3	13	0	5	5	217.84	601.78	3.03	9.63	100	.
5	3	13	0	5	6	226.32	601.78	3.03	9.63	100	.
5	3	13	0	5	7	234.81	601.78	3.03	9.63	100	.
5	3	13	0	5	8	243.29	601.78	3.03	9.63	100	.
5	3	13	0	5	9	251.78	601.78	3.03	9.63	100	.
5	3	13	0	5	10	260.26	601.78	3.03	9.63	100	.
5	3	13	0	5	11	268.74	601.78	3.03	9.63	100	.
5	3	13	0	5	12	277.22	601.78	3.03	9.63	100	.
5	3	13	0	5	13	285.71	601.78	3.03	9.63	100	.
5	3	13	0	5	14	294.19	601.78	3.03	9.63	100	.
5	3	13	0	5	15	302.68	601.78	3.03	9.63	100	.
5	3	13	0	5	16	311.16	601.78	3.03	9.63	100	.
5	3	13	0	5	17	319.65	601.78	3.03	9.63	100	.
5	3	13	0	5	18	328.13	601.78	3.03	9.63	100	.
5	3	13	0	5	19	336.62	601.78	3.03	9.63	100	.
5	3	13	0	5	20	345.10	601.78	3.03	9.63	100	.
5	3	13	0	5	21	353.59	601.78	3.03	9.63	100	.
5	3	13	0	5	22	362.07	601.78	3.03	9.63	100	.
5	3	13	0	5	23	370.56	601.78	3.03	9.63	100	.
5	3	13	0	5	24	379.04	601.78	3.03	9.63	100	.
5	3	13	0	5	25	387.53	601.78	3.03	9.63	100	.
5	3	13	0	5	26	396.01	601.78	3.03	9.63	100	.
5	3	13	0	5	27	404.50	601.78	3.03	9.63	100	.
5	3	13	0	5	28	412.98	601.78	3.03	9.63	100	.
5	3	13	0	5	29	421.47	601.78	3.03	9.63	100	.
5	3	13	0	5	30	429.95	601.78	3.03	9.63	100	.
5	3	13	0	5	31	438.44	601.78	3.03	9.63	100	.
5	3	13	0	5	32	446.92	601.78	3.03	9.63	100	.
5	3	13	0	5	33	455.41	601.78	3.03	9.63	100	.
5	3	13	0	5	34	463.89	601.78	3.03	9.63	100	.
5	3	13	0	5	35	472.38	601.78	3.03	9.63	100	.
5	3	13	0	5	36	480.86	601.78	3.03	9.63	100	.
5	3	13	0	5	37	489.35	601.78	3.03	9.63	100	.
5	3	13	0	5	38	497.83	601.78	3.03	9.63	100	.
3	3	14	0	0	0	511.867458	533.925539	12.547997	77.487826	-1	###FLOW###
4	3	14	0	0	0	511.867458	533.925539	12.545465	9.741826	-1	###LINE###
5	3	14	0	0	0	511.87	533.93	12.55	9.74	100	13
4	3	14	0	1	0	513.497628	547.584630	10.909100	9.632735	-1	###LINE###
5	3	14	0	1	0	513.50	547.58	10.91	9.63	100	13
4	3	14	0	2	0	513.506355	561.133630	10.909100	9.632735	-1	###LINE###
5	3	14	0	2	0	513.51	561.13	10.91	9.63	100	13
4	3	14	0	3	0	513.506355	574.682630	10.909100	9.632735	-1	###LINE###
5	3	14	0	3	0	513.51	574.68	10.91	9.63	100	14
4	3	14	0	4	0	513.496537	588.231630	10.909100	9.632735	-1	###LINE###
5	3	14	0	4	0	513.50	588.23	10.91	9.63	100	14
4	3	14	0	5	0	513.497628	601.780630	10.909100	9.632735	-1	###LINE###
5	3	14	0	5	0	513.50	601.78	10.91	9.63	100	15
3	3	15	0	0	0	70.866000	626.130539	429.992345	63.937826	-1	###FLOW###
4	3	15	0	0	0	70.866000	626.130539	351.361384	9.741826	-1	###LINE###
5	3	15	0	0	0	70.87	626.13	63.32	9.74	100	CHAPTER
5	3	15	0	0	1	138.36	626.13	6.27	9.74	100	6
5	3	15	0	0	2	148.82	626.13	12.55	9.74	100	—
5	3	15	0	0	3	165.55	626.13	100.54	9.74	100	ORGANISATION
5	3	15	0	0	4	270.28	626.13	28.92	9.74	100	AND
5	3	15	0	0	5	303.38	626.13	118.85	9.74	100	RESPONSIBILITIES
4	3	15	0	1	0	87.230000	639.788630	413.625072	9.632735	-1	###LINE###
5	3	15	0	1	0	87.23	639.79	67.33	9.63	100	Appointments
5	3	15	0	1	1	158.44	639.79	3.03	9.63	100	.
5	3	15	0	1	2	166.93	639.79	3.03	9.63	100	.
5	3	15	0	1	3	175.41	639.79	3.03	9.63	100	.
5	3	15	0	1	4	183.90	639.79	3.03	9.63	100	.
5	3	15	0	1	5	192.38	639.79	3.03	9.63	100	.
5	3	15	0	1	6	200.87	639.79	3.03	9.63	100	.
5	3	15	0	1	7	209.35	639.79	3.03	9.63	100	.
5	3	15	0	1	8	217.84	639.79	3.03	9.63	100	.
5	3	15	0	1	9	226.32	639.79	3.03	9.63	100	.
5	3	15	0	1	10	234.81	639.79	3.03	9.63	100	.
5	3	15	0	1	11	243.28	639.79	3.03	9.63	100	.
5	3	15	0	1	12	251.77	639.79	3.03	9.63	100	.
5	3	15	0	1	13	260.25	639.79	3.03	9.63	100	.
5	3	15	0	1	14	268.74	639.79	3.03	9.63	100	.
5	3	15	0	1	15	277.22	639.79	3.03	9.63	100	.
5	3	15	0	1	16	285.71	639.79	3.03	9.63	100	.
5	3	15	0	1	17	294.19	639.79	3.03	9.63	100	.
5	3	15	0	1	18	302.68	639.79	3.03	9.63	100	.
5	3	15	0	1	19	311.16	639.79	3.03	9.63	100	.
5	3	15	0	1	20	319.65	639.79	3.03	9.63	100	.
5	3	15	0	1	21	328.13	639.79	3.03	9.63	100	.
5	3	15	0	1	22	336.62	639.79	3.03	9.63	100	.
5	3	15	0	1	23	345.10	639.79	3.03	9.63	100	.
5	3	15	0	1	24	353.59	639.79	3.03	9.63	100	.
5	3	15	0	1	25	362.07	639.79	3.03	9.63	100	.
5	3	15	0	1	26	370.56	639.79	3.03	9.63	100	.
5	3	15	0	1	27	379.04	639.79	3.03	9.63	100	.
5	3	15	0	1	28	387.53	639.79	3.03	9.63	100	.
5	3	15	0	1	29	396.01	639.79	3.03	9.63	100	.
5	3	15	0	1	30	404.50	639.79	3.03	9.63	100	.
5	3	15	0	1	31	412.98	639.79	3.03	9.63	100	.
5	3	15	0	1	32	421.47	639.79	3.03	9.63	100	.
5	3	15	0	1	33	429.95	639.79	3.03	9.63	100	.
5	3	15	0	1	34	438.44	639.79	3.03	9.63	100	.
5	3	15	0	1	35	446.92	639.79	3.03	9.63	100	.
5	3	15	0	1	36	455.41	639.79	3.03	9.63	100	.
5	3	15	0	1	37	463.90	639.79	3.03	9.63	100	.
5	3	15	0	1	38	472.38	639.79	3.03	9.63	100	.
5	3	15	0	1	39	480.87	639.79	3.03	9.63	100	.
5	3	15	0	1	40	489.34	639.79	3.03	9.63	100	.
5	3	15	0	1	41	497.82	639.79	3.03	9.63	100	.
4	3	15	0	2	0	87.230000	653.337630	413.628345	9.632735	-1	###LINE###
5	3	15	0	2	0	87.23	653.34	39.91	9.63	100	Decision
5	3	15	0	2	1	130.77	653.34	44.28	9.63	100	authority
5	3	15	0	2	2	183.89	653.34	3.03	9.63	100	.
5	3	15	0	2	3	192.38	653.34	3.03	9.63	100	.
5	3	15	0	2	4	200.86	653.34	3.03	9.63	100	.
5	3	15	0	2	5	209.35	653.34	3.03	9.63	100	.
5	3	15	0	2	6	217.83	653.34	3.03	9.63	100	.
5	3	15	0	2	7	226.32	653.34	3.03	9.63	100	.
5	3	15	0	2	8	234.80	653.34	3.03	9.63	100	.
5	3	15	0	2	9	243.29	653.34	3.03	9.63	100	.
5	3	15	0	2	10	251.77	653.34	3.03	9.63	100	.
5	3	15	0	2	11	260.26	653.34	3.03	9.63	100	.
5	3	15	0	2	12	268.74	653.34	3.03	9.63	100	.
5	3	15	0	2	13	277.23	653.34	3.03	9.63	100	.
5	3	15	0	2	14	285.71	653.34	3.03	9.63	100	.
5	3	15	0	2	15	294.20	653.34	3.03	9.63	100	.
5	3	15	0	2	16	302.68	653.34	3.03	9.63	100	.
5	3	15	0	2	17	311.17	653.34	3.03	9.63	100	.
5	3	15	0	2	18	319.65	653.34	3.03	9.63	100	.
5	3	15	0	2	19	328.14	653.34	3.03	9.63	100	.
5	3	15	0	2	20	336.62	653.34	3.03	9.63	100	.
5	3	15	0	2	21	345.11	653.34	3.03	9.63	100	.
5	3	15	0	2	22	353.59	653.34	3.03	9.63	100	.
5	3	15	0	2	23	362.08	653.34	3.03	9.63	100	.
5	3	15	0	2	24	370.56	653.34	3.03	9.63	100	.
5	3	15	0	2	25	379.05	653.34	3.03	9.63	100	.
5	3	15	0	2	26	387.53	653.34	3.03	9.63	100	.
5	3	15	0	2	27	396.02	653.34	3.03	9.63	100	.
5	3	15	0	2	28	404.50	653.34	3.03	9.63	100	.
5	3	15	0	2	29	412.99	653.34	3.03	9.63	100	.
5	3	15	0	2	30	421.46	653.34	3.03	9.63	100	.
5	3	15	0	2	31	429.95	653.34	3.03	9.63	100	.
5	3	15	0	2	32	438.43	653.34	3.03	9.63	100	.
5	3	15	0	2	33	446.92	653.34	3.03	9.63	100	.
5	3	15	0	2	34	455.40	653.34	3.03	9.63	100	.
5	3	15	0	2	35	463.89	653.34	3.03	9.63	100	.
5	3	15	0	2	36	472.37	653.34	3.03	9.63	100	.
5	3	15	0	2	37	480.86	653.34	3.03	9.63	100	.
5	3	15	0	2	38	489.34	653.34	3.03	9.63	100	.
5	3	15	0	2	39	497.83	653.34	3.03	9.63	100	.
4	3	15	0	3	0	87.230000	666.886630	413.625072	9.632735	-1	###LINE###
5	3	15	0	3	0	87.23	666.89	62.12	9.63	100	Incompatible
5	3	15	0	3	1	152.98	666.89	64.61	9.63	100	appointments
5	3	15	0	3	2	226.32	666.89	3.03	9.63	100	.
5	3	15	0	3	3	234.81	666.89	3.03	9.63	100	.
5	3	15	0	3	4	243.28	666.89	3.03	9.63	100	.
5	3	15	0	3	5	251.77	666.89	3.03	9.63	100	.
5	3	15	0	3	6	260.25	666.89	3.03	9.63	100	.
5	3	15	0	3	7	268.74	666.89	3.03	9.63	100	.
5	3	15	0	3	8	277.22	666.89	3.03	9.63	100	.
5	3	15	0	3	9	285.71	666.89	3.03	9.63	100	.
5	3	15	0	3	10	294.19	666.89	3.03	9.63	100	.
5	3	15	0	3	11	302.68	666.89	3.03	9.63	100	.
5	3	15	0	3	12	311.16	666.89	3.03	9.63	100	.
5	3	15	0	3	13	319.65	666.89	3.03	9.63	100	.
5	3	15	0	3	14	328.13	666.89	3.03	9.63	100	.
5	3	15	0	3	15	336.62	666.89	3.03	9.63	100	.
5	3	15	0	3	16	345.10	666.89	3.03	9.63	100	.
5	3	15	0	3	17	353.59	666.89	3.03	9.63	100	.
5	3	15	0	3	18	362.07	666.89	3.03	9.63	100	.
5	3	15	0	3	19	370.56	666.89	3.03	9.63	100	.
5	3	15	0	3	20	379.04	666.89	3.03	9.63	100	.
5	3	15	0	3	21	387.53	666.89	3.03	9.63	100	.
5	3	15	0	3	22	396.01	666.89	3.03	9.63	100	.
5	3	15	0	3	23	404.50	666.89	3.03	9.63	100	.
5	3	15	0	3	24	412.98	666.89	3.03	9.63	100	.
5	3	15	0	3	25	421.47	666.89	3.03	9.63	100	.
5	3	15	0	3	26	429.95	666.89	3.03	9.63	100	.
5	3	15	0	3	27	438.44	666.89	3.03	9.63	100	.
5	3	15	0	3	28	446.92	666.89	3.03	9.63	100	.
5	3	15	0	3	29	455.41	666.89	3.03	9.63	100	.
5	3	15	0	3	30	463.90	666.89	3.03	9.63	100	.
5	3	15	0	3	31	472.38	666.89	3.03	9.63	100	.
5	3	15	0	3	32	480.87	666.89	3.03	9.63	100	.
5	3	15	0	3	33	489.34	666.89	3.03	9.63	100	.
5	3	15	0	3	34	497.82	666.89	3.03	9.63	100	.
4	3	15	0	4	0	87.230000	680.435630	413.627254	9.632735	-1	###LINE###
5	3	15	0	4	0	87.23	680.44	67.84	9.63	100	Establishment
5	3	15	0	4	1	158.44	680.44	3.03	9.63	100	.
5	3	15	0	4	2	166.93	680.44	3.03	9.63	100	.
5	3	15	0	4	3	175.41	680.44	3.03	9.63	100	.
5	3	15	0	4	4	183.90	680.44	3.03	9.63	100	.
5	3	15	0	4	5	192.37	680.44	3.03	9.63	100	.
5	3	15	0	4	6	200.86	680.44	3.03	9.63	100	.
5	3	15	0	4	7	209.34	680.44	3.03	9.63	100	.
5	3	15	0	4	8	217.83	680.44	3.03	9.63	100	.
5	3	15	0	4	9	226.31	680.44	3.03	9.63	100	.
5	3	15	0	4	10	234.80	680.44	3.03	9.63	100	.
5	3	15	0	4	11	243.28	680.44	3.03	9.63	100	.
5	3	15	0	4	12	251.77	680.44	3.03	9.63	100	.
5	3	15	0	4	13	260.25	680.44	3.03	9.63	100	.
5	3	15	0	4	14	268.74	680.44	3.03	9.63	100	.
5	3	15	0	4	15	277.23	680.44	3.03	9.63	100	.
5	3	15	0	4	16	285.71	680.44	3.03	9.63	100	.
5	3	15	0	4	17	294.20	680.44	3.03	9.63	100	.
5	3	15	0	4	18	302.68	680.44	3.03	9.63	100	.
5	3	15	0	4	19	311.17	680.44	3.03	9.63	100	.
5	3	15	0	4	20	319.65	680.44	3.03	9.63	100	.
5	3	15	0	4	21	328.14	680.44	3.03	9.63	100	.
5	3	15	0	4	22	336.62	680.44	3.03	9.63	100	.
5	3	15	0	4	23	345.11	680.44	3.03	9.63	100	.
5	3	15	0	4	24	353.59	680.44	3.03	9.63	100	.
5	3	15	0	4	25	362.08	680.44	3.03	9.63	100	.
5	3	15	0	4	26	370.56	680.44	3.03	9.63	100	.
5	3	15	0	4	27	379.05	680.44	3.03	9.63	100	.
5	3	15	0	4	28	387.53	680.44	3.03	9.63	100	.
5	3	15	0	4	29	396.02	680.44	3.03	9.63	100	.
5	3	15	0	4	30	404.50	680.44	3.03	9.63	100	.
5	3	15	0	4	31	412.99	680.44	3.03	9.63	100	.
5	3	15	0	4	32	421.47	680.44	3.03	9.63	100	.
5	3	15	0	4	33	429.96	680.44	3.03	9.63	100	.
5	3	15	0	4	34	438.44	680.44	3.03	9.63	100	.
5	3	15	0	4	35	446.92	680.44	3.03	9.63	100	.
5	3	15	0	4	36	455.40	680.44	3.03	9.63	100	.
5	3	15	0	4	37	463.89	680.44	3.03	9.63	100	.
5	3	15	0	4	38	472.37	680.44	3.03	9.63	100	.
5	3	15	0	4	39	480.86	680.44	3.03	9.63	100	.
5	3	15	0	4	40	489.34	680.44	3.03	9.63	100	.
5	3	15	0	4	41	497.83	680.44	3.03	9.63	100	.
3	3	16	0	0	0	511.867458	626.130539	12.545465	63.937826	-1	###FLOW###
4	3	16	0	0	0	511.867458	626.130539	12.545465	9.741826	-1	###LINE###
5	3	16	0	0	0	511.87	626.13	12.55	9.74	100	15
4	3	16	0	1	0	513.498719	639.788630	10.909100	9.632735	-1	###LINE###
5	3	16	0	1	0	513.50	639.79	10.91	9.63	100	15
4	3	16	0	2	0	513.501992	653.337630	10.909100	9.632735	-1	###LINE###
5	3	16	0	2	0	513.50	653.34	10.91	9.63	100	16
4	3	16	0	3	0	513.498719	666.886630	10.909100	9.632735	-1	###LINE###
5	3	16	0	3	0	513.50	666.89	10.91	9.63	100	16
4	3	16	0	4	0	513.500901	680.435630	10.909100	9.632735	-1	###LINE###
5	3	16	0	4	0	513.50	680.44	10.91	9.63	100	17
3	3	17	0	0	0	70.866000	704.785539	429.998890	63.937826	-1	###FLOW###
4	3	17	0	0	0	70.866000	704.785539	303.073343	9.741826	-1	###LINE###
5	3	17	0	0	0	70.87	704.79	63.32	9.74	100	CHAPTER
5	3	17	0	0	1	138.36	704.79	6.27	9.74	100	7
5	3	17	0	0	2	148.82	704.79	12.55	9.74	100	—
5	3	17	0	0	3	165.55	704.79	65.36	9.74	100	CONDUCT
5	3	17	0	0	4	235.09	704.79	17.32	9.74	100	OF
5	3	17	0	0	5	256.60	704.79	19.30	9.74	100	AN
5	3	17	0	0	6	280.08	704.79	93.86	9.74	100	ENGAGEMENT
4	3	17	0	1	0	87.230000	718.443630	413.632708	9.632735	-1	###LINE###
5	3	17	0	1	0	87.23	718.44	32.39	9.63	100	Phases
5	3	17	0	1	1	124.50	718.44	3.03	9.63	100	.
5	3	17	0	1	2	132.98	718.44	3.03	9.63	100	.
5	3	17	0	1	3	141.47	718.44	3.03	9.63	100	.
5	3	17	0	1	4	149.95	718.44	3.03	9.63	100	.
5	3	17	0	1	5	158.44	718.44	3.03	9.63	100	.
5	3	17	0	1	6	166.92	718.44	3.03	9.63	100	.
5	3	17	0	1	7	175.41	718.44	3.03	9.63	100	.
5	3	17	0	1	8	183.89	718.44	3.03	9.63	100	.
5	3	17	0	1	9	192.38	718.44	3.03	9.63	100	.
5	3	17	0	1	10	200.86	718.44	3.03	9.63	100	.
5	3	17	0	1	11	209.35	718.44	3.03	9.63	100	.
5	3	17	0	1	12	217.83	718.44	3.03	9.63	100	.
5	3	17	0	1	13	226.32	718.44	3.03	9.63	100	.
5	3	17	0	1	14	234.81	718.44	3.03	9.63	100	.
5	3	17	0	1	15	243.29	718.44	3.03	9.63	100	.
5	3	17	0	1	16	251.78	718.44	3.03	9.63	100	.
5	3	17	0	1	17	260.26	718.44	3.03	9.63	100	.
5	3	17	0	1	18	268.75	718.44	3.03	9.63	100	.
5	3	17	0	1	19	277.23	718.44	3.03	9.63	100	.
5	3	17	0	1	20	285.72	718.44	3.03	9.63	100	.
5	3	17	0	1	21	294.20	718.44	3.03	9.63	100	.
5	3	17	0	1	22	302.69	718.44	3.03	9.63	100	.
5	3	17	0	1	23	311.17	718.44	3.03	9.63	100	.
5	3	17	0	1	24	319.65	718.44	3.03	9.63	100	.
5	3	17	0	1	25	328.13	718.44	3.03	9.63	100	.
5	3	17	0	1	26	336.62	718.44	3.03	9.63	100	.
5	3	17	0	1	27	345.10	718.44	3.03	9.63	100	.
5	3	17	0	1	28	353.59	718.44	3.03	9.63	100	.
5	3	17	0	1	29	362.07	718.44	3.03	9.63	100	.
5	3	17	0	1	30	370.56	718.44	3.03	9.63	100	.
5	3	17	0	1	31	379.04	718.44	3.03	9.63	100	.
5	3	17	0	1	32	387.53	718.44	3.03	9.63	100	.
5	3	17	0	1	33	396.01	718.44	3.03	9.63	100	.
5	3	17	0	1	34	404.50	718.44	3.03	9.63	100	.
5	3	17	0	1	35	412.98	718.44	3.03	9.63	100	.
5	3	17	0	1	36	421.47	718.44	3.03	9.63	100	.
5	3	17	0	1	37	429.95	718.44	3.03	9.63	100	.
5	3	17	0	1	38	438.44	718.44	3.03	9.63	100	.
5	3	17	0	1	39	446.92	718.44	3.03	9.63	100	.
5	3	17	0	1	40	455.41	718.44	3.03	9.63	100	.
5	3	17	0	1	41	463.89	718.44	3.03	9.63	100	.
5	3	17	0	1	42	472.38	718.44	3.03	9.63	100	.
5	3	17	0	1	43	480.86	718.44	3.03	9.63	100	.
5	3	17	0	1	44	489.35	718.44	3.03	9.63	100	.
5	3	17	0	1	45	497.83	718.44	3.03	9.63	100	.
4	3	17	0	2	0	87.230000	731.992630	413.634890	9.632735	-1	###LINE###
5	3	17	0	2	0	87.23	731.99	27.41	9.63	100	Gates
5	3	17	0	2	1	124.50	731.99	3.03	9.63	100	.
5	3	17	0	2	2	132.99	731.99	3.03	9.63	100	.
5	3	17	0	2	3	141.47	731.99	3.03	9.63	100	.
5	3	17	0	2	4	149.96	731.99	3.03	9.63	100	.
5	3	17	0	2	5	158.44	731.99	3.03	9.63	100	.
5	3	17	0	2	6	166.93	731.99	3.03	9.63	100	.
5	3	17	0	2	7	175.41	731.99	3.03	9.63	100	.
5	3	17	0	2	8	183.90	731.99	3.03	9.63	100	.
5	3	17	0	2	9	192.38	731.99	3.03	9.63	100	.
5	3	17	0	2	10	200.87	731.99	3.03	9.63	100	.
5	3	17	0	2	11	209.35	731.99	3.03	9.63	100	.
5	3	17	0	2	12	217.84	731.99	3.03	9.63	100	.
5	3	17	0	2	13	226.32	731.99	3.03	9.63	100	.
5	3	17	0	2	14	234.81	731.99	3.03	9.63	100	.
5	3	17	0	2	15	243.29	731.99	3.03	9.63	100	.
5	3	17	0	2	16	251.78	731.99	3.03	9.63	100	.
5	3	17	0	2	17	260.26	731.99	3.03	9.63	100	.
5	3	17	0	2	18	268.74	731.99	3.03	9.63	100	.
5	3	17	0	2	19	277.22	731.99	3.03	9.63	100	.
5	3	17	0	2	20	285.71	731.99	3.03	9.63	100	.
5	3	17	0	2	21	294.19	731.99	3.03	9.63	100	.
5	3	17	0	2	22	302.68	731.99	3.03	9.63	100	.
5	3	17	0	2	23	311.16	731.99	3.03	9.63	100	.
5	3	17	0	2	24	319.65	731.99	3.03	9.63	100	.
5	3	17	0	2	25	328.13	731.99	3.03	9.63	100	.
5	3	17	0	2	26	336.62	731.99	3.03	9.63	100	.
5	3	17	0	2	27	345.10	731.99	3.03	9.63	100	.
5	3	17	0	2	28	353.59	731.99	3.03	9.63	100	.
5	3	17	0	2	29	362.07	731.99	3.03	9.63	100	.
5	3	17	0	2	30	370.56	731.99	3.03	9.63	100	.
5	3	17	0	2	31	379.04	731.99	3.03	9.63	100	.
5	3	17	0	2	32	387.53	731.99	3.03	9.63	100	.
5	3	17	0	2	33	396.01	731.99	3.03	9.63	100	.
5	3	17	0	2	34	404.50	731.99	3.03	9.63	100	.
5	3	17	0	2	35	412.98	731.99	3.03	9.63	100	.
5	3	17	0	2	36	421.47	731.99	3.03	9.63	100	.
5	3	17	0	2	37	429.95	731.99	3.03	9.63	100	.
5	3	17	0	2	38	438.44	731.99	3.03	9.63	100	.
5	3	17	0	2	39	446.92	731.99	3.03	9.63	100	.
5	3	17	0	2	40	455.41	731.99	3.03	9.63	100	.
5	3	17	0	2	41	463.89	731.99	3.03	9.63	100	.
5	3	17	0	2	42	472.38	731.99	3.03	9.63	100	.
5	3	17	0	2	43	480.86	731.99	3.03	9.63	100	.
5	3	17	0	2	44	489.35	731.99	3.03	9.63	100	.
5	3	17	0	2	45	497.83	731.99	3.03	9.63	100	.
4	3	17	0	3	0	87.230000	745.541630	413.629436	9.632735	-1	###LINE###
5	3	17	0	3	0	87.23	745.54	51.64	9.63	100	Timescales
5	3	17	0	3	1	149.95	745.54	3.03	9.63	100	.
5	3	17	0	3	2	158.44	745.54	3.03	9.63	100	.
5	3	17	0	3	3	166.92	745.54	3.03	9.63	100	.
5	3	17	0	3	4	175.41	745.54	3.03	9.63	100	.
5	3	17	0	3	5	183.89	745.54	3.03	9.63	100	.
5	3	17	0	3	6	192.38	745.54	3.03	9.63	100	.
5	3	17	0	3	7	200.86	745.54	3.03	9.63	100	.
5	3	17	0	3	8	209.35	745.54	3.03	9.63	100	.
5	3	17	0	3	9	217.83	745.54	3.03	9.63	100	.
5	3	17	0	3	10	226.32	745.54	3.03	9.63	100	.
5	3	17	0	3	11	234.80	745.54	3.03	9.63	100	.
5	3	17	0	3	12	243.29	745.54	3.03	9.63	100	.
5	3	17	0	3	13	251.77	745.54	3.03	9.63	100	.
5	3	17	0	3	14	260.26	745.54	3.03	9.63	100	.
5	3	17	0	3	15	268.74	745.54	3.03	9.63	100	.
5	3	17	0	3	16	277.23	745.54	3.03	9.63	100	.
5	3	17	0	3	17	285.71	745.54	3.03	9.63	100	.
5	3	17	0	3	18	294.20	745.54	3.03	9.63	100	.
5	3	17	0	3	19	302.68	745.54	3.03	9.63	100	.
5	3	17	0	3	20	311.17	745.54	3.03	9.63	100	.
5	3	17	0	3	21	319.65	745.54	3.03	9.63	100	.
5	3	17	0	3	22	328.14	745.54	3.03	9.63	100	.
5	3	17	0	3	23	336.62	745.54	3.03	9.63	100	.
5	3	17	0	3	24	345.11	745.54	3.03	9.63	100	.
5	3	17	0	3	25	353.59	745.54	3.03	9.63	100	.
5	3	17	0	3	26	362.08	745.54	3.03	9.63	100	.
5	3	17	0	3	27	370.56	745.54	3.03	9.63	100	.
5	3	17	0	3	28	379.05	745.54	3.03	9.63	100	.
5	3	17	0	3	29	387.53	745.54	3.03	9.63	100	.
5	3	17	0	3	30	396.01	745.54	3.03	9.63	100	.
5	3	17	0	3	31	404.49	745.54	3.03	9.63	100	.
5	3	17	0	3	32	412.98	745.54	3.03	9.63	100	.
5	3	17	0	3	33	421.46	745.54	3.03	9.63	100	.
5	3	17	0	3	34	429.95	745.54	3.03	9.63	100	.
5	3	17	0	3	35	438.43	745.54	3.03	9.63	100	.
5	3	17	0	3	36	446.92	745.54	3.03	9.63	100	.
5	3	17	0	3	37	455.40	745.54	3.03	9.63	100	.
5	3	17	0	3	38	463.89	745.54	3.03	9.63	100	.
5	3	17	0	3	39	472.37	745.54	3.03	9.63	100	.
5	3	17	0	3	40	480.86	745.54	3.03	9.63	100	.
5	3	17	0	3	41	489.34	745.54	3.03	9.63	100	.
5	3	17	0	3	42	497.83	745.54	3.03	9.63	100	.
4	3	17	0	4	0	87.230000	759.090630	413.631617	9.632735	-1	###LINE###
5	3	17	0	4	0	87.23	759.09	30.36	9.63	100	Stages
5	3	17	0	4	1	121.23	759.09	8.79	9.63	100	of
5	3	17	0	4	2	133.66	759.09	45.15	9.63	100	execution
5	3	17	0	4	3	183.89	759.09	3.03	9.63	100	.
5	3	17	0	4	4	192.38	759.09	3.03	9.63	100	.
5	3	17	0	4	5	200.86	759.09	3.03	9.63	100	.
5	3	17	0	4	6	209.35	759.09	3.03	9.63	100	.
5	3	17	0	4	7	217.83	759.09	3.03	9.63	100	.
5	3	17	0	4	8	226.32	759.09	3.03	9.63	100	.
5	3	17	0	4	9	234.80	759.09	3.03	9.63	100	.
5	3	17	0	4	10	243.29	759.09	3.03	9.63	100	.
5	3	17	0	4	11	251.77	759.09	3.03	9.63	100	.
5	3	17	0	4	12	260.26	759.09	3.03	9.63	100	.
5	3	17	0	4	13	268.74	759.09	3.03	9.63	100	.
5	3	17	0	4	14	277.23	759.09	3.03	9.63	100	.
5	3	17	0	4	15	285.71	759.09	3.03	9.63	100	.
5	3	17	0	4	16	294.20	759.09	3.03	9.63	100	.
5	3	17	0	4	17	302.68	759.09	3.03	9.63	100	.
5	3	17	0	4	18	311.17	759.09	3.03	9.63	100	.
5	3	17	0	4	19	319.65	759.09	3.03	9.63	100	.
5	3	17	0	4	20	328.14	759.09	3.03	9.63	100	.
5	3	17	0	4	21	336.63	759.09	3.03	9.63	100	.
5	3	17	0	4	22	345.10	759.09	3.03	9.63	100	.
5	3	17	0	4	23	353.58	759.09	3.03	9.63	100	.
5	3	17	0	4	24	362.07	759.09	3.03	9.63	100	.
5	3	17	0	4	25	370.55	759.09	3.03	9.63	100	.
5	3	17	0	4	26	379.04	759.09	3.03	9.63	100	.
5	3	17	0	4	27	387.52	759.09	3.03	9.63	100	.
5	3	17	0	4	28	396.01	759.09	3.03	9.63	100	.
5	3	17	0	4	29	404.49	759.09	3.03	9.63	100	.
5	3	17	0	4	30	412.98	759.09	3.03	9.63	100	.
5	3	17	0	4	31	421.47	759.09	3.03	9.63	100	.
5	3	17	0	4	32	429.95	759.09	3.03	9.63	100	.
5	3	17	0	4	33	438.44	759.09	3.03	9.63	100	.
5	3	17	0	4	34	446.92	759.09	3.03	9.63	100	.
5	3	17	0	4	35	455.41	759.09	3.03	9.63	100	.
5	3	17	0	4	36	463.89	759.09	3.03	9.63	100	.
5	3	17	0	4	37	472.38	759.09	3.03	9.63	100	.
5	3	17	0	4	38	480.86	759.09	3.03	9.63	100	.
5	3	17	0	4	39	489.35	759.09	3.03	9.63	100	.
5	3	17	0	4	40	497.83	759.09	3.03	9.63	100	.
3	3	18	0	0	0	511.863095	704.785539	12.552360	63.937826	-1	###FLOW###
4	3	18	0	0	0	511.863095	704.785539	12.545465	9.741826	-1	###LINE###
5	3	18	0	0	0	511.86	704.79	12.55	9.74	100	18
4	3	18	0	1	0	513.506355	718.443630	10.909100	9.632735	-1	###LINE###
5	3	18	0	1	0	513.51	718.44	10.91	9.63	100	18
4	3	18	0	2	0	513.497628	731.992630	10.909100	9.632735	-1	###LINE###
5	3	18	0	2	0	513.50	731.99	10.91	9.63	100	18
4	3	18	0	3	0	513.503082	745.541630	10.909100	9.632735	-1	###LINE###
5	3	18	0	3	0	513.50	745.54	10.91	9.63	100	19
4	3	18	0	4	0	513.505264	759.090630	10.909100	9.632735	-1	###LINE###
5	3	18	0	4	0	513.51	759.09	10.91	9.63	100	19
3	3	19	0	0	0	257.623000	793.912520	80.030500	8.015962	-1	###FLOW###
4	3	19	0	0	0	257.623000	793.912520	80.030500	8.015962	-1	###LINE###
5	3	19	0	0	0	257.62	793.91	80.03	8.02	100	UNCLASSIFIED
3	3	19	1	0	0	289.170000	808.605601	16.938057	7.037598	-1	###FLOW###
4	3	19	1	0	0	289.170000	808.605601	16.938057	7.037598	-1	###LINE###
5	3	19	1	0	0	289.17	808.61	16.94	7.04	100	3/29
1	4	0	0	0	0	289.170000	808.605601	595.276000	841.890000	-1	###PAGE###
3	4	0	0	0	0	257.623000	39.603520	80.030500	8.015962	-1	###FLOW###
4	4	0	0	0	0	257.623000	39.603520	80.030500	8.015962	-1	###LINE###
5	4	0	0	0	0	257.62	39.60	80.03	8.02	100	UNCLASSIFIED
3	4	1	0	0	0	87.230000	78.293630	413.631617	9.632735	-1	###FLOW###
4	4	1	0	0	0	87.230000	78.293630	413.631617	9.632735	-1	###LINE###
5	4	1	0	0	0	87.23	78.29	62.27	9.63	100	Deconfliction
5	4	1	0	0	1	158.44	78.29	3.03	9.63	100	.
5	4	1	0	0	2	166.92	78.29	3.03	9.63	100	.
5	4	1	0	0	3	175.41	78.29	3.03	9.63	100	.
5	4	1	0	0	4	183.89	78.29	3.03	9.63	100	.
5	4	1	0	0	5	192.38	78.29	3.03	9.63	100	.
5	4	1	0	0	6	200.86	78.29	3.03	9.63	100	.
5	4	1	0	0	7	209.35	78.29	3.03	9.63	100	.
5	4	1	0	0	8	217.83	78.29	3.03	9.63	100	.
5	4	1	0	0	9	226.32	78.29	3.03	9.63	100	.
5	4	1	0	0	10	234.80	78.29	3.03	9.63	100	.
5	4	1	0	0	11	243.29	78.29	3.03	9.63	100	.
5	4	1	0	0	12	251.77	78.29	3.03	9.63	100	.
5	4	1	0	0	13	260.26	78.29	3.03	9.63	100	.
5	4	1	0	0	14	268.74	78.29	3.03	9.63	100	.
5	4	1	0	0	15	277.23	78.29	3.03	9.63	100	.
5	4	1	0	0	16	285.71	78.29	3.03	9.63	100	.
5	4	1	0	0	17	294.20	78.29	3.03	9.63	100	.
5	4	1	0	0	18	302.68	78.29	3.03	9.63	100	.
5	4	1	0	0	19	311.17	78.29	3.03	9.63	100	.
5	4	1	0	0	20	319.65	78.29	3.03	9.63	100	.
5	4	1	0	0	21	328.14	78.29	3.03	9.63	100	.
5	4	1	0	0	22	336.63	78.29	3.03	9.63	100	.
5	4	1	0	0	23	345.10	78.29	3.03	9.63	100	.
5	4	1	0	0	24	353.58	78.29	3.03	9.63	100	.
5	4	1	0	0	25	362.07	78.29	3.03	9.63	100	.
5	4	1	0	0	26	370.55	78.29	3.03	9.63	100	.
5	4	1	0	0	27	379.04	78.29	3.03	9.63	100	.
5	4	1	0	0	28	387.52	78.29	3.03	9.63	100	.
5	4	1	0	0	29	396.01	78.29	3.03	9.63	100	.
5	4	1	0	0	30	404.49	78.29	3.03	9.63	100	.
5	4	1	0	0	31	412.98	78.29	3.03	9.63	100	.
5	4	1	0	0	32	421.47	78.29	3.03	9.63	100	.
5	4	1	0	0	33	429.95	78.29	3.03	9.63	100	.
5	4	1	0	0	34	438.44	78.29	3.03	9.63	100	.
5	4	1	0	0	35	446.92	78.29	3.03	9.63	100	.
5	4	1	0	0	36	455.41	78.29	3.03	9.63	100	.
5	4	1	0	0	37	463.89	78.29	3.03	9.63	100	.
5	4	1	0	0	38	472.38	78.29	3.03	9.63	100	.
5	4	1	0	0	39	480.86	78.29	3.03	9.63	100	.
5	4	1	0	0	40	489.35	78.29	3.03	9.63	100	.
5	4	1	0	0	41	497.83	78.29	3.03	9.63	100	.
3	4	2	0	0	0	513.505264	78.293630	10.909100	9.632735	-1	###FLOW###
4	4	2	0	0	0	513.505264	78.293630	10.909100	9.632735	-1	###LINE###
5	4	2	0	0	0	513.51	78.29	10.91	9.63	100	19
3	4	3	0	0	0	70.866000	102.643539	429.996708	77.487826	-1	###FLOW###
4	4	3	0	0	0	70.866000	102.643539	264.625311	9.741826	-1	###LINE###
5	4	3	0	0	0	70.87	102.64	63.32	9.74	100	CHAPTER
5	4	3	0	0	1	138.36	102.64	6.27	9.74	100	8
5	4	3	0	0	2	148.82	102.64	12.55	9.74	100	—
5	4	3	0	0	3	165.55	102.64	68.01	9.74	100	STANDING
5	4	3	0	0	4	237.75	102.64	97.74	9.74	100	INSTRUCTIONS
4	4	3	0	1	0	87.230000	116.301630	413.625072	9.632735	-1	###LINE###
5	4	3	0	1	0	87.23	116.30	30.49	9.63	100	Before
5	4	3	0	1	1	121.35	116.30	73.03	9.63	100	commencement
5	4	3	0	1	2	200.87	116.30	3.03	9.63	100	.
5	4	3	0	1	3	209.35	116.30	3.03	9.63	100	.
5	4	3	0	1	4	217.84	116.30	3.03	9.63	100	.
5	4	3	0	1	5	226.32	116.30	3.03	9.63	100	.
5	4	3	0	1	6	234.81	116.30	3.03	9.63	100	.
5	4	3	0	1	7	243.28	116.30	3.03	9.63	100	.
5	4	3	0	1	8	251.77	116.30	3.03	9.63	100	.
5	4	3	0	1	9	260.25	116.30	3.03	9.63	100	.
5	4	3	0	1	10	268.74	116.30	3.03	9.63	100	.
5	4	3	0	1	11	277.22	116.30	3.03	9.63	100	.
5	4	3	0	1	12	285.71	116.30	3.03	9.63	100	.
5	4	3	0	1	13	294.19	116.30	3.03	9.63	100	.
5	4	3	0	1	14	302.68	116.30	3.03	9.63	100	.
5	4	3	0	1	15	311.16	116.30	3.03	9.63	100	.
5	4	3	0	1	16	319.65	116.30	3.03	9.63	100	.
5	4	3	0	1	17	328.13	116.30	3.03	9.63	100	.
5	4	3	0	1	18	336.62	116.30	3.03	9.63	100	.
5	4	3	0	1	19	345.10	116.30	3.03	9.63	100	.
5	4	3	0	1	20	353.59	116.30	3.03	9.63	100	.
5	4	3	0	1	21	362.07	116.30	3.03	9.63	100	.
5	4	3	0	1	22	370.56	116.30	3.03	9.63	100	.
5	4	3	0	1	23	379.04	116.30	3.03	9.63	100	.
5	4	3	0	1	24	387.53	116.30	3.03	9.63	100	.
5	4	3	0	1	25	396.01	116.30	3.03	9.63	100	.
5	4	3	0	1	26	404.50	116.30	3.03	9.63	100	.
5	4	3	0	1	27	412.98	116.30	3.03	9.63	100	.
5	4	3	0	1	28	421.47	116.30	3.03	9.63	100	.
5	4	3	0	1	29	429.95	116.30	3.03	9.63	100	.
5	4	3	0	1	30	438.44	116.30	3.03	9.63	100	.
5	4	3	0	1	31	446.92	116.30	3.03	9.63	100	.
5	4	3	0	1	32	455.41	116.30	3.03	9.63	100	.
5	4	3	0	1	33	463.90	116.30	3.03	9.63	100	.
5	4	3	0	1	34	472.38	116.30	3.03	9.63	100	.
5	4	3	0	1	35	480.87	116.30	3.03	9.63	100	.
5	4	3	0	1	36	489.35	116.30	3.03	9.63	100	.
5	4	3	0	1	37	497.82	116.30	3.03	9.63	100	.
4	4	3	0	2	0	87.230000	129.850630	413.625072	9.632735	-1	###LINE###
5	4	3	0	2	0	87.23	129.85	33.21	9.63	100	During
5	4	3	0	2	1	124.07	129.85	45.15	9.63	100	execution
5	4	3	0	2	2	175.41	129.85	3.03	9.63	100	.
5	4	3	0	2	3	183.90	129.85	3.03	9.63	100	.
5	4	3	0	2	4	192.38	129.85	3.03	9.63	100	.
5	4	3	0	2	5	200.87	129.85	3.03	9.63	100	.
5	4	3	0	2	6	209.35	129.85	3.03	9.63	100	.
5	4	3	0	2	7	217.84	129.85	3.03	9.63	100	.
5	4	3	0	2	8	226.32	129.85	3.03	9.63	100	.
5	4	3	0	2	9	234.81	129.85	3.03	9.63	100	.
5	4	3	0	2	10	243.28	129.85	3.03	9.63	100	.
5	4	3	0	2	11	251.77	129.85	3.03	9.63	100	.
5	4	3	0	2	12	260.25	129.85	3.03	9.63	100	.
5	4	3	0	2	13	268.74	129.85	3.03	9.63	100	.
5	4	3	0	2	14	277.22	129.85	3.03	9.63	100	.
5	4	3	0	2	15	285.71	129.85	3.03	9.63	100	.
5	4	3	0	2	16	294.19	129.85	3.03	9.63	100	.
5	4	3	0	2	17	302.68	129.85	3.03	9.63	100	.
5	4	3	0	2	18	311.16	129.85	3.03	9.63	100	.
5	4	3	0	2	19	319.65	129.85	3.03	9.63	100	.
5	4	3	0	2	20	328.13	129.85	3.03	9.63	100	.
5	4	3	0	2	21	336.62	129.85	3.03	9.63	100	.
5	4	3	0	2	22	345.10	129.85	3.03	9.63	100	.
5	4	3	0	2	23	353.59	129.85	3.03	9.63	100	.
5	4	3	0	2	24	362.07	129.85	3.03	9.63	100	.
5	4	3	0	2	25	370.56	129.85	3.03	9.63	100	.
5	4	3	0	2	26	379.04	129.85	3.03	9.63	100	.
5	4	3	0	2	27	387.53	129.85	3.03	9.63	100	.
5	4	3	0	2	28	396.01	129.85	3.03	9.63	100	.
5	4	3	0	2	29	404.50	129.85	3.03	9.63	100	.
5	4	3	0	2	30	412.98	129.85	3.03	9.63	100	.
5	4	3	0	2	31	421.47	129.85	3.03	9.63	100	.
5	4	3	0	2	32	429.95	129.85	3.03	9.63	100	.
5	4	3	0	2	33	438.44	129.85	3.03	9.63	100	.
5	4	3	0	2	34	446.92	129.85	3.03	9.63	100	.
5	4	3	0	2	35	455.41	129.85	3.03	9.63	100	.
5	4	3	0	2	36	463.90	129.85	3.03	9.63	100	.
5	4	3	0	2	37	472.38	129.85	3.03	9.63	100	.
5	4	3	0	2	38	480.87	129.85	3.03	9.63	100	.
5	4	3	0	2	39	489.35	129.85	3.03	9.63	100	.
5	4	3	0	2	40	497.82	129.85	3.03	9.63	100	.
4	4	3	0	3	0	87.230000	143.399630	413.632708	9.632735	-1	###LINE###
5	4	3	0	3	0	87.23	143.40	45.57	9.63	100	Cessation
5	4	3	0	3	1	136.44	143.40	8.79	9.63	100	of
5	4	3	0	3	2	148.87	143.40	36.06	9.63	100	activity
5	4	3	0	3	3	192.38	143.40	3.03	9.63	100	.
5	4	3	0	3	4	200.86	143.40	3.03	9.63	100	.
5	4	3	0	3	5	209.35	143.40	3.03	9.63	100	.
5	4	3	0	3	6	217.83	143.40	3.03	9.63	100	.
5	4	3	0	3	7	226.32	143.40	3.03	9.63	100	.
5	4	3	0	3	8	234.81	143.40	3.03	9.63	100	.
5	4	3	0	3	9	243.29	143.40	3.03	9.63	100	.
5	4	3	0	3	10	251.78	143.40	3.03	9.63	100	.
5	4	3	0	3	11	260.26	143.40	3.03	9.63	100	.
5	4	3	0	3	12	268.75	143.40	3.03	9.63	100	.
5	4	3	0	3	13	277.23	143.40	3.03	9.63	100	.
5	4	3	0	3	14	285.72	143.40	3.03	9.63	100	.
5	4	3	0	3	15	294.20	143.40	3.03	9.63	100	.
5	4	3	0	3	16	302.69	143.40	3.03	9.63	100	.
5	4	3	0	3	17	311.17	143.40	3.03	9.63	100	.
5	4	3	0	3	18	319.65	143.40	3.03	9.63	100	.
5	4	3	0	3	19	328.13	143.40	3.03	9.63	100	.
5	4	3	0	3	20	336.62	143.40	3.03	9.63	100	.
5	4	3	0	3	21	345.10	143.40	3.03	9.63	100	.
5	4	3	0	3	22	353.59	143.40	3.03	9.63	100	.
5	4	3	0	3	23	362.07	143.40	3.03	9.63	100	.
5	4	3	0	3	24	370.56	143.40	3.03	9.63	100	.
5	4	3	0	3	25	379.04	143.40	3.03	9.63	100	.
5	4	3	0	3	26	387.53	143.40	3.03	9.63	100	.
5	4	3	0	3	27	396.01	143.40	3.03	9.63	100	.
5	4	3	0	3	28	404.50	143.40	3.03	9.63	100	.
5	4	3	0	3	29	412.98	143.40	3.03	9.63	100	.
5	4	3	0	3	30	421.47	143.40	3.03	9.63	100	.
5	4	3	0	3	31	429.95	143.40	3.03	9.63	100	.
5	4	3	0	3	32	438.44	143.40	3.03	9.63	100	.
5	4	3	0	3	33	446.92	143.40	3.03	9.63	100	.
5	4	3	0	3	34	455.41	143.40	3.03	9.63	100	.
5	4	3	0	3	35	463.89	143.40	3.03	9.63	100	.
5	4	3	0	3	36	472.38	143.40	3.03	9.63	100	.
5	4	3	0	3	37	480.86	143.40	3.03	9.63	100	.
5	4	3	0	3	38	489.35	143.40	3.03	9.63	100	.
5	4	3	0	3	39	497.83	143.40	3.03	9.63	100	.
4	4	3	0	4	0	87.230000	156.948630	413.630527	9.632735	-1	###LINE###
5	4	3	0	4	0	87.23	156.95	14.55	9.63	100	On
5	4	3	0	4	1	105.41	156.95	52.12	9.63	100	completion
5	4	3	0	4	2	166.92	156.95	3.03	9.63	100	.
5	4	3	0	4	3	175.41	156.95	3.03	9.63	100	.
5	4	3	0	4	4	183.89	156.95	3.03	9.63	100	.
5	4	3	0	4	5	192.38	156.95	3.03	9.63	100	.
5	4	3	0	4	6	200.86	156.95	3.03	9.63	100	.
5	4	3	0	4	7	209.35	156.95	3.03	9.63	100	.
5	4	3	0	4	8	217.83	156.95	3.03	9.63	100	.
5	4	3	0	4	9	226.32	156.95	3.03	9.63	100	.
5	4	3	0	4	10	234.80	156.95	3.03	9.63	100	.
5	4	3	0	4	11	243.29	156.95	3.03	9.63	100	.
5	4	3	0	4	12	251.77	156.95	3.03	9.63	100	.
5	4	3	0	4	13	260.26	156.95	3.03	9.63	100	.
5	4	3	0	4	14	268.74	156.95	3.03	9.63	100	.
5	4	3	0	4	15	277.23	156.95	3.03	9.63	100	.
5	4	3	0	4	16	285.71	156.95	3.03	9.63	100	.
5	4	3	0	4	17	294.20	156.95	3.03	9.63	100	.
5	4	3	0	4	18	302.68	156.95	3.03	9.63	100	.
5	4	3	0	4	19	311.17	156.95	3.03	9.63	100	.
5	4	3	0	4	20	319.65	156.95	3.03	9.63	100	.
5	4	3	0	4	21	328.14	156.95	3.03	9.63	100	.
5	4	3	0	4	22	336.62	156.95	3.03	9.63	100	.
5	4	3	0	4	23	345.11	156.95	3.03	9.63	100	.
5	4	3	0	4	24	353.59	156.95	3.03	9.63	100	.
5	4	3	0	4	25	362.08	156.95	3.03	9.63	100	.
5	4	3	0	4	26	370.55	156.95	3.03	9.63	100	.
5	4	3	0	4	27	379.04	156.95	3.03	9.63	100	.
5	4	3	0	4	28	387.52	156.95	3.03	9.63	100	.
5	4	3	0	4	29	396.01	156.95	3.03	9.63	100	.
5	4	3	0	4	30	404.49	156.95	3.03	9.63	100	.
5	4	3	0	4	31	412.98	156.95	3.03	9.63	100	.
5	4	3	0	4	32	421.46	156.95	3.03	9.63	100	.
5	4	3	0	4	33	429.95	156.95	3.03	9.63	100	.
5	4	3	0	4	34	438.43	156.95	3.03	9.63	100	.
5	4	3	0	4	35	446.92	156.95	3.03	9.63	100	.
5	4	3	0	4	36	455.40	156.95	3.03	9.63	100	.
5	4	3	0	4	37	463.89	156.95	3.03	9.63	100	.
5	4	3	0	4	38	472.37	156.95	3.03	9.63	100	.
5	4	3	0	4	39	480.86	156.95	3.03	9.63	100	.
5	4	3	0	4	40	489.34	156.95	3.03	9.63	100	.
5	4	3	0	4	41	497.83	156.95	3.03	9.63	100	.
4	4	3	0	5	0	87.230000	170.498630	413.625072	9.632735	-1	###LINE###
5	4	3	0	5	0	87.23	170.50	40.60	9.63	100	Conduct
5	4	3	0	5	1	131.47	170.50	8.79	9.63	100	of
5	4	3	0	5	2	143.90	170.50	45.24	9.63	100	personnel
5	4	3	0	5	3	192.38	170.50	3.03	9.63	100	.
5	4	3	0	5	4	200.87	170.50	3.03	9.63	100	.
5	4	3	0	5	5	209.35	170.50	3.03	9.63	100	.
5	4	3	0	5	6	217.84	170.50	3.03	9.63	100	.
5	4	3	0	5	7	226.32	170.50	3.03	9.63	100	.
5	4	3	0	5	8	234.81	170.50	3.03	9.63	100	.
5	4	3	0	5	9	243.28	170.50	3.03	9.63	100	.
5	4	3	0	5	10	251.77	170.50	3.03	9.63	100	.
5	4	3	0	5	11	260.25	170.50	3.03	9.63	100	.
5	4	3	0	5	12	268.74	170.50	3.03	9.63	100	.
5	4	3	0	5	13	277.22	170.50	3.03	9.63	100	.
5	4	3	0	5	14	285.71	170.50	3.03	9.63	100	.
5	4	3	0	5	15	294.19	170.50	3.03	9.63	100	.
5	4	3	0	5	16	302.68	170.50	3.03	9.63	100	.
5	4	3	0	5	17	311.16	170.50	3.03	9.63	100	.
5	4	3	0	5	18	319.65	170.50	3.03	9.63	100	.
5	4	3	0	5	19	328.13	170.50	3.03	9.63	100	.
5	4	3	0	5	20	336.62	170.50	3.03	9.63	100	.
5	4	3	0	5	21	345.10	170.50	3.03	9.63	100	.
5	4	3	0	5	22	353.59	170.50	3.03	9.63	100	.
5	4	3	0	5	23	362.07	170.50	3.03	9.63	100	.
5	4	3	0	5	24	370.56	170.50	3.03	9.63	100	.
5	4	3	0	5	25	379.04	170.50	3.03	9.63	100	.
5	4	3	0	5	26	387.53	170.50	3.03	9.63	100	.
5	4	3	0	5	27	396.01	170.50	3.03	9.63	100	.
5	4	3	0	5	28	404.50	170.50	3.03	9.63	100	.
5	4	3	0	5	29	412.98	170.50	3.03	9.63	100	.
5	4	3	0	5	30	421.47	170.50	3.03	9.63	100	.
5	4	3	0	5	31	429.95	170.50	3.03	9.63	100	.
5	4	3	0	5	32	438.44	170.50	3.03	9.63	100	.
5	4	3	0	5	33	446.92	170.50	3.03	9.63	100	.
5	4	3	0	5	34	455.41	170.50	3.03	9.63	100	.
5	4	3	0	5	35	463.90	170.50	3.03	9.63	100	.
5	4	3	0	5	36	472.38	170.50	3.03	9.63	100	.
5	4	3	0	5	37	480.87	170.50	3.03	9.63	100	.
5	4	3	0	5	38	489.34	170.50	3.03	9.63	100	.
5	4	3	0	5	39	497.82	170.50	3.03	9.63	100	.
3	4	4	0	0	0	511.869640	102.643539	12.545815	77.487826	-1	###FLOW###
4	4	4	0	0	0	511.869640	102.643539	12.545465	9.741826	-1	###LINE###
5	4	4	0	0	0	511.87	102.64	12.55	9.74	100	20
4	4	4	0	1	0	513.498719	116.301630	10.909100	9.632735	-1	###LINE###
5	4	4	0	1	0	513.50	116.30	10.91	9.63	100	20
4	4	4	0	2	0	513.498719	129.850630	10.909100	9.632735	-1	###LINE###
5	4	4	0	2	0	513.50	129.85	10.91	9.63	100	21
4	4	4	0	3	0	513.506355	143.399630	10.909100	9.632735	-1	###LINE###
5	4	4	0	3	0	513.51	143.40	10.91	9.63	100	21
4	4	4	0	4	0	513.504173	156.948630	10.909100	9.632735	-1	###LINE###
5	4	4	0	4	0	513.50	156.95	10.91	9.63	100	22
4	4	4	0	5	0	513.498719	170.498630	10.909100	9.632735	-1	###LINE###
5	4	4	0	5	0	513.50	170.50	10.91	9.63	100	22
3	4	5	0	0	0	70.866000	194.847539	429.998890	63.938826	-1	###FLOW###
4	4	5	0	0	0	70.866000	194.847539	309.211894	9.741826	-1	###LINE###
5	4	5	0	0	0	70.87	194.85	63.32	9.74	100	CHAPTER
5	4	5	0	0	1	138.36	194.85	6.27	9.74	100	9
5	4	5	0	0	2	148.82	194.85	12.55	9.74	100	—
5	4	5	0	0	3	165.55	194.85	84.30	9.74	100	ASSESSMENT
5	4	5	0	0	4	254.03	194.85	17.32	9.74	100	OF
5	4	5	0	0	5	275.53	194.85	104.54	9.74	100	EFFECTIVENESS
4	4	5	0	1	0	87.230000	208.505630	413.627254	9.632735	-1	###LINE###
5	4	5	0	1	0	87.23	208.51	42.61	9.63	100	Principle
5	4	5	0	1	1	132.99	208.51	3.03	9.63	100	.
5	4	5	0	1	2	141.47	208.51	3.03	9.63	100	.
5	4	5	0	1	3	149.96	208.51	3.03	9.63	100	.
5	4	5	0	1	4	158.44	208.51	3.03	9.63	100	.
5	4	5	0	1	5	166.93	208.51	3.03	9.63	100	.
5	4	5	0	1	6	175.41	208.51	3.03	9.63	100	.
5	4	5	0	1	7	183.90	208.51	3.03	9.63	100	.
5	4	5	0	1	8	192.37	208.51	3.03	9.63	100	.
5	4	5	0	1	9	200.86	208.51	3.03	9.63	100	.
5	4	5	0	1	10	209.34	208.51	3.03	9.63	100	.
5	4	5	0	1	11	217.83	208.51	3.03	9.63	100	.
5	4	5	0	1	12	226.31	208.51	3.03	9.63	100	.
5	4	5	0	1	13	234.80	208.51	3.03	9.63	100	.
5	4	5	0	1	14	243.28	208.51	3.03	9.63	100	.
5	4	5	0	1	15	251.77	208.51	3.03	9.63	100	.
5	4	5	0	1	16	260.25	208.51	3.03	9.63	100	.
5	4	5	0	1	17	268.74	208.51	3.03	9.63	100	.
5	4	5	0	1	18	277.23	208.51	3.03	9.63	100	.
5	4	5	0	1	19	285.71	208.51	3.03	9.63	100	.
5	4	5	0	1	20	294.20	208.51	3.03	9.63	100	.
5	4	5	0	1	21	302.68	208.51	3.03	9.63	100	.
5	4	5	0	1	22	311.17	208.51	3.03	9.63	100	.
5	4	5	0	1	23	319.65	208.51	3.03	9.63	100	.
5	4	5	0	1	24	328.14	208.51	3.03	9.63	100	.
5	4	5	0	1	25	336.62	208.51	3.03	9.63	100	.
5	4	5	0	1	26	345.11	208.51	3.03	9.63	100	.
5	4	5	0	1	27	353.59	208.51	3.03	9.63	100	.
5	4	5	0	1	28	362.08	208.51	3.03	9.63	100	.
5	4	5	0	1	29	370.56	208.51	3.03	9.63	100	.
5	4	5	0	1	30	379.05	208.51	3.03	9.63	100	.
5	4	5	0	1	31	387.53	208.51	3.03	9.63	100	.
5	4	5	0	1	32	396.02	208.51	3.03	9.63	100	.
5	4	5	0	1	33	404.50	208.51	3.03	9.63	100	.
5	4	5	0	1	34	412.99	208.51	3.03	9.63	100	.
5	4	5	0	1	35	421.47	208.51	3.03	9.63	100	.
5	4	5	0	1	36	429.96	208.51	3.03	9.63	100	.
5	4	5	0	1	37	438.44	208.51	3.03	9.63	100	.
5	4	5	0	1	38	446.92	208.51	3.03	9.63	100	.
5	4	5	0	1	39	455.40	208.51	3.03	9.63	100	.
5	4	5	0	1	40	463.89	208.51	3.03	9.63	100	.
5	4	5	0	1	41	472.37	208.51	3.03	9.63	100	.
5	4	5	0	1	42	480.86	208.51	3.03	9.63	100	.
5	4	5	0	1	43	489.34	208.51	3.03	9.63	100	.
5	4	5	0	1	44	497.83	208.51	3.03	9.63	100	.
4	4	5	0	2	0	87.230000	222.054630	413.630527	9.632735	-1	###LINE###
5	4	5	0	2	0	87.23	222.05	44.09	9.63	100	Measures
5	4	5	0	2	1	141.47	222.05	3.03	9.63	100	.
5	4	5	0	2	2	149.95	222.05	3.03	9.63	100	.
5	4	5	0	2	3	158.44	222.05	3.03	9.63	100	.
5	4	5	0	2	4	166.92	222.05	3.03	9.63	100	.
5	4	5	0	2	5	175.41	222.05	3.03	9.63	100	.
5	4	5	0	2	6	183.89	222.05	3.03	9.63	100	.
5	4	5	0	2	7	192.38	222.05	3.03	9.63	100	.
5	4	5	0	2	8	200.86	222.05	3.03	9.63	100	.
5	4	5	0	2	9	209.35	222.05	3.03	9.63	100	.
5	4	5	0	2	10	217.83	222.05	3.03	9.63	100	.
5	4	5	0	2	11	226.32	222.05	3.03	9.63	100	.
5	4	5	0	2	12	234.80	222.05	3.03	9.63	100	.
5	4	5	0	2	13	243.29	222.05	3.03	9.63	100	.
5	4	5	0	2	14	251.77	222.05	3.03	9.63	100	.
5	4	5	0	2	15	260.26	222.05	3.03	9.63	100	.
5	4	5	0	2	16	268.74	222.05	3.03	9.63	100	.
5	4	5	0	2	17	277.23	222.05	3.03	9.63	100	.
5	4	5	0	2	18	285.71	222.05	3.03	9.63	100	.
5	4	5	0	2	19	294.20	222.05	3.03	9.63	100	.
5	4	5	0	2	20	302.68	222.05	3.03	9.63	100	.
5	4	5	0	2	21	311.17	222.05	3.03	9.63	100	.
5	4	5	0	2	22	319.65	222.05	3.03	9.63	100	.
5	4	5	0	2	23	328.14	222.05	3.03	9.63	100	.
5	4	5	0	2	24	336.62	222.05	3.03	9.63	100	.
5	4	5	0	2	25	345.11	222.05	3.03	9.63	100	.
5	4	5	0	2	26	353.59	222.05	3.03	9.63	100	.
5	4	5	0	2	27	362.08	222.05	3.03	9.63	100	.
5	4	5	0	2	28	370.55	222.05	3.03	9.63	100	.
5	4	5	0	2	29	379.04	222.05	3.03	9.63	100	.
5	4	5	0	2	30	387.52	222.05	3.03	9.63	100	.
5	4	5	0	2	31	396.01	222.05	3.03	9.63	100	.
5	4	5	0	2	32	404.49	222.05	3.03	9.63	100	.
5	4	5	0	2	33	412.98	222.05	3.03	9.63	100	.
5	4	5	0	2	34	421.46	222.05	3.03	9.63	100	.
5	4	5	0	2	35	429.95	222.05	3.03	9.63	100	.
5	4	5	0	2	36	438.43	222.05	3.03	9.63	100	.
5	4	5	0	2	37	446.92	222.05	3.03	9.63	100	.
5	4	5	0	2	38	455.40	222.05	3.03	9.63	100	.
5	4	5	0	2	39	463.89	222.05	3.03	9.63	100	.
5	4	5	0	2	40	472.37	222.05	3.03	9.63	100	.
5	4	5	0	2	41	480.86	222.05	3.03	9.63	100	.
5	4	5	0	2	42	489.34	222.05	3.03	9.63	100	.
5	4	5	0	2	43	497.83	222.05	3.03	9.63	100	.
4	4	5	0	3	0	87.230000	235.603630	413.627254	9.632735	-1	###LINE###
5	4	5	0	3	0	87.23	235.60	47.76	9.63	100	Reporting
5	4	5	0	3	1	138.62	235.60	9.70	9.63	100	to
5	4	5	0	3	2	151.95	235.60	46.06	9.63	100	command
5	4	5	0	3	3	200.86	235.60	3.03	9.63	100	.
5	4	5	0	3	4	209.34	235.60	3.03	9.63	100	.
5	4	5	0	3	5	217.83	235.60	3.03	9.63	100	.
5	4	5	0	3	6	226.31	235.60	3.03	9.63	100	.
5	4	5	0	3	7	234.80	235.60	3.03	9.63	100	.
5	4	5	0	3	8	243.28	235.60	3.03	9.63	100	.
5	4	5	0	3	9	251.77	235.60	3.03	9.63	100	.
5	4	5	0	3	10	260.25	235.60	3.03	9.63	100	.
5	4	5	0	3	11	268.74	235.60	3.03	9.63	100	.
5	4	5	0	3	12	277.23	235.60	3.03	9.63	100	.
5	4	5	0	3	13	285.71	235.60	3.03	9.63	100	.
5	4	5	0	3	14	294.20	235.60	3.03	9.63	100	.
5	4	5	0	3	15	302.68	235.60	3.03	9.63	100	.
5	4	5	0	3	16	311.17	235.60	3.03	9.63	100	.
5	4	5	0	3	17	319.65	235.60	3.03	9.63	100	.
5	4	5	0	3	18	328.14	235.60	3.03	9.63	100	.
5	4	5	0	3	19	336.62	235.60	3.03	9.63	100	.
5	4	5	0	3	20	345.11	235.60	3.03	9.63	100	.
5	4	5	0	3	21	353.59	235.60	3.03	9.63	100	.
5	4	5	0	3	22	362.08	235.60	3.03	9.63	100	.
5	4	5	0	3	23	370.56	235.60	3.03	9.63	100	.
5	4	5	0	3	24	379.05	235.60	3.03	9.63	100	.
5	4	5	0	3	25	387.53	235.60	3.03	9.63	100	.
5	4	5	0	3	26	396.02	235.60	3.03	9.63	100	.
5	4	5	0	3	27	404.50	235.60	3.03	9.63	100	.
5	4	5	0	3	28	412.99	235.60	3.03	9.63	100	.
5	4	5	0	3	29	421.47	235.60	3.03	9.63	100	.
5	4	5	0	3	30	429.96	235.60	3.03	9.63	100	.
5	4	5	0	3	31	438.43	235.60	3.03	9.63	100	.
5	4	5	0	3	32	446.92	235.60	3.03	9.63	100	.
5	4	5	0	3	33	455.40	235.60	3.03	9.63	100	.
5	4	5	0	3	34	463.89	235.60	3.03	9.63	100	.
5	4	5	0	3	35	472.37	235.60	3.03	9.63	100	.
5	4	5	0	3	36	480.86	235.60	3.03	9.63	100	.
5	4	5	0	3	37	489.34	235.60	3.03	9.63	100	.
5	4	5	0	3	38	497.83	235.60	3.03	9.63	100	.
4	4	5	0	4	0	87.230000	249.153630	413.634890	9.632735	-1	###LINE###
5	4	5	0	4	0	87.23	249.15	42.76	9.63	100	Maturity
5	4	5	0	4	1	132.99	249.15	3.03	9.63	100	.
5	4	5	0	4	2	141.47	249.15	3.03	9.63	100	.
5	4	5	0	4	3	149.96	249.15	3.03	9.63	100	.
5	4	5	0	4	4	158.44	249.15	3.03	9.63	100	.
5	4	5	0	4	5	166.93	249.15	3.03	9.63	100	.
5	4	5	0	4	6	175.41	249.15	3.03	9.63	100	.
5	4	5	0	4	7	183.90	249.15	3.03	9.63	100	.
5	4	5	0	4	8	192.38	249.15	3.03	9.63	100	.
5	4	5	0	4	9	200.87	249.15	3.03	9.63	100	.
5	4	5	0	4	10	209.35	249.15	3.03	9.63	100	.
5	4	5	0	4	11	217.84	249.15	3.03	9.63	100	.
5	4	5	0	4	12	226.32	249.15	3.03	9.63	100	.
5	4	5	0	4	13	234.81	249.15	3.03	9.63	100	.
5	4	5	0	4	14	243.29	249.15	3.03	9.63	100	.
5	4	5	0	4	15	251.78	249.15	3.03	9.63	100	.
5	4	5	0	4	16	260.26	249.15	3.03	9.63	100	.
5	4	5	0	4	17	268.74	249.15	3.03	9.63	100	.
5	4	5	0	4	18	277.22	249.15	3.03	9.63	100	.
5	4	5	0	4	19	285.71	249.15	3.03	9.63	100	.
5	4	5	0	4	20	294.19	249.15	3.03	9.63	100	.
5	4	5	0	4	21	302.68	249.15	3.03	9.63	100	.
5	4	5	0	4	22	311.16	249.15	3.03	9.63	100	.
5	4	5	0	4	23	319.65	249.15	3.03	9.63	100	.
5	4	5	0	4	24	328.13	249.15	3.03	9.63	100	.
5	4	5	0	4	25	336.62	249.15	3.03	9.63	100	.
5	4	5	0	4	26	345.10	249.15	3.03	9.63	100	.
5	4	5	0	4	27	353.59	249.15	3.03	9.63	100	.
5	4	5	0	4	28	362.07	249.15	3.03	9.63	100	.
5	4	5	0	4	29	370.56	249.15	3.03	9.63	100	.
5	4	5	0	4	30	379.04	249.15	3.03	9.63	100	.
5	4	5	0	4	31	387.53	249.15	3.03	9.63	100	.
5	4	5	0	4	32	396.01	249.15	3.03	9.63	100	.
5	4	5	0	4	33	404.50	249.15	3.03	9.63	100	.
5	4	5	0	4	34	412.98	249.15	3.03	9.63	100	.
5	4	5	0	4	35	421.47	249.15	3.03	9.63	100	.
5	4	5	0	4	36	429.95	249.15	3.03	9.63	100	.
5	4	5	0	4	37	438.44	249.15	3.03	9.63	100	.
5	4	5	0	4	38	446.92	249.15	3.03	9.63	100	.
5	4	5	0	4	39	455.41	249.15	3.03	9.63	100	.
5	4	5	0	4	40	463.89	249.15	3.03	9.63	100	.
5	4	5	0	4	41	472.38	249.15	3.03	9.63	100	.
5	4	5	0	4	42	480.86	249.15	3.03	9.63	100	.
5	4	5	0	4	43	489.35	249.15	3.03	9.63	100	.
5	4	5	0	4	44	497.83	249.15	3.03	9.63	100	.
3	4	6	0	0	0	511.859822	194.847539	12.553451	63.938826	-1	###FLOW###
4	4	6	0	0	0	511.859822	194.847539	12.545465	9.741826	-1	###LINE###
5	4	6	0	0	0	511.86	194.85	12.55	9.74	100	22
4	4	6	0	1	0	513.500901	208.505630	10.909100	9.632735	-1	###LINE###
5	4	6	0	1	0	513.50	208.51	10.91	9.63	100	22
4	4	6	0	2	0	513.504173	222.054630	10.909100	9.632735	-1	###LINE###
5	4	6	0	2	0	513.50	222.05	10.91	9.63	100	22
4	4	6	0	3	0	513.500901	235.603630	10.909100	9.632735	-1	###LINE###
5	4	6	0	3	0	513.50	235.60	10.91	9.63	100	23
4	4	6	0	4	0	513.497628	249.153630	10.909100	9.632735	-1	###LINE###
5	4	6	0	4	0	513.50	249.15	10.91	9.63	100	23
3	4	7	0	0	0	70.866000	273.502539	429.997799	63.938826	-1	###FLOW###
4	4	7	0	0	0	70.866000	273.502539	392.135236	9.741826	-1	###LINE###
5	4	7	0	0	0	70.87	273.50	63.32	9.74	100	CHAPTER
5	4	7	0	0	1	138.36	273.50	12.55	9.74	100	10
5	4	7	0	0	2	155.10	273.50	12.55	9.74	100	—
5	4	7	0	0	3	171.82	273.50	77.03	9.74	100	RESOURCES
5	4	7	0	0	4	253.04	273.50	28.92	9.74	100	AND
5	4	7	0	0	5	286.14	273.50	71.23	9.74	100	COMMAND
5	4	7	0	0	6	361.55	273.50	101.46	9.74	100	COMMITMENTS
4	4	7	0	1	0	87.230000	287.160630	413.629436	9.632735	-1	###LINE###
5	4	7	0	1	0	87.23	287.16	46.97	9.63	100	Resources
5	4	7	0	1	1	141.47	287.16	3.03	9.63	100	.
5	4	7	0	1	2	149.95	287.16	3.03	9.63	100	.
5	4	7	0	1	3	158.44	287.16	3.03	9.63	100	.
5	4	7	0	1	4	166.92	287.16	3.03	9.63	100	.
5	4	7	0	1	5	175.41	287.16	3.03	9.63	100	.
5	4	7	0	1	6	183.89	287.16	3.03	9.63	100	.
5	4	7	0	1	7	192.38	287.16	3.03	9.63	100	.
5	4	7	0	1	8	200.86	287.16	3.03	9.63	100	.
5	4	7	0	1	9	209.35	287.16	3.03	9.63	100	.
5	4	7	0	1	10	217.83	287.16	3.03	9.63	100	.
5	4	7	0	1	11	226.32	287.16	3.03	9.63	100	.
5	4	7	0	1	12	234.80	287.16	3.03	9.63	100	.
5	4	7	0	1	13	243.29	287.16	3.03	9.63	100	.
5	4	7	0	1	14	251.77	287.16	3.03	9.63	100	.
5	4	7	0	1	15	260.26	287.16	3.03	9.63	100	.
5	4	7	0	1	16	268.74	287.16	3.03	9.63	100	.
5	4	7	0	1	17	277.23	287.16	3.03	9.63	100	.
5	4	7	0	1	18	285.71	287.16	3.03	9.63	100	.
5	4	7	0	1	19	294.20	287.16	3.03	9.63	100	.
5	4	7	0	1	20	302.68	287.16	3.03	9.63	100	.
5	4	7	0	1	21	311.17	287.16	3.03	9.63	100	.
5	4	7	0	1	22	319.65	287.16	3.03	9.63	100	.
5	4	7	0	1	23	328.14	287.16	3.03	9.63	100	.
5	4	7	0	1	24	336.62	287.16	3.03	9.63	100	.
5	4	7	0	1	25	345.11	287.16	3.03	9.63	100	.
5	4	7	0	1	26	353.59	287.16	3.03	9.63	100	.
5	4	7	0	1	27	362.08	287.16	3.03	9.63	100	.
5	4	7	0	1	28	370.56	287.16	3.03	9.63	100	.
5	4	7	0	1	29	379.05	287.16	3.03	9.63	100	.
5	4	7	0	1	30	387.53	287.16	3.03	9.63	100	.
5	4	7	0	1	31	396.01	287.16	3.03	9.63	100	.
5	4	7	0	1	32	404.49	287.16	3.03	9.63	100	.
5	4	7	0	1	33	412.98	287.16	3.03	9.63	100	.
5	4	7	0	1	34	421.46	287.16	3.03	9.63	100	.
5	4	7	0	1	35	429.95	287.16	3.03	9.63	100	.
5	4	7	0	1	36	438.43	287.16	3.03	9.63	100	.
5	4	7	0	1	37	446.92	287.16	3.03	9.63	100	.
5	4	7	0	1	38	455.40	287.16	3.03	9.63	100	.
5	4	7	0	1	39	463.89	287.16	3.03	9.63	100	.
5	4	7	0	1	40	472.37	287.16	3.03	9.63	100	.
5	4	7	0	1	41	480.86	287.16	3.03	9.63	100	.
5	4	7	0	1	42	489.34	287.16	3.03	9.63	100	.
5	4	7	0	1	43	497.83	287.16	3.03	9.63	100	.
4	4	7	0	2	0	87.230000	300.709630	413.626163	9.632735	-1	###LINE###
5	4	7	0	2	0	87.23	300.71	34.54	9.63	100	Annual
5	4	7	0	2	1	125.42	300.71	54.00	9.63	100	programme
5	4	7	0	2	2	183.90	300.71	3.03	9.63	100	.
5	4	7	0	2	3	192.38	300.71	3.03	9.63	100	.
5	4	7	0	2	4	200.87	300.71	3.03	9.63	100	.
5	4	7	0	2	5	209.35	300.71	3.03	9.63	100	.
5	4	7	0	2	6	217.83	300.71	3.03	9.63	100	.
5	4	7	0	2	7	226.31	300.71	3.03	9.63	100	.
5	4	7	0	2	8	234.80	300.71	3.03	9.63	100	.
5	4	7	0	2	9	243.28	300.71	3.03	9.63	100	.
5	4	7	0	2	10	251.77	300.71	3.03	9.63	100	.
5	4	7	0	2	11	260.25	300.71	3.03	9.63	100	.
5	4	7	0	2	12	268.74	300.71	3.03	9.63	100	.
5	4	7	0	2	13	277.22	300.71	3.03	9.63	100	.
5	4	7	0	2	14	285.71	300.71	3.03	9.63	100	.
5	4	7	0	2	15	294.19	300.71	3.03	9.63	100	.
5	4	7	0	2	16	302.68	300.71	3.03	9.63	100	.
5	4	7	0	2	17	311.16	300.71	3.03	9.63	100	.
5	4	7	0	2	18	319.65	300.71	3.03	9.63	100	.
5	4	7	0	2	19	328.13	300.71	3.03	9.63	100	.
5	4	7	0	2	20	336.62	300.71	3.03	9.63	100	.
5	4	7	0	2	21	345.10	300.71	3.03	9.63	100	.
5	4	7	0	2	22	353.59	300.71	3.03	9.63	100	.
5	4	7	0	2	23	362.07	300.71	3.03	9.63	100	.
5	4	7	0	2	24	370.56	300.71	3.03	9.63	100	.
5	4	7	0	2	25	379.05	300.71	3.03	9.63	100	.
5	4	7	0	2	26	387.53	300.71	3.03	9.63	100	.
5	4	7	0	2	27	396.02	300.71	3.03	9.63	100	.
5	4	7	0	2	28	404.50	300.71	3.03	9.63	100	.
5	4	7	0	2	29	412.99	300.71	3.03	9.63	100	.
5	4	7	0	2	30	421.47	300.71	3.03	9.63	100	.
5	4	7	0	2	31	429.96	300.71	3.03	9.63	100	.
5	4	7	0	2	32	438.44	300.71	3.03	9.63	100	.
5	4	7	0	2	33	446.93	300.71	3.03	9.63	100	.
5	4	7	0	2	34	455.41	300.71	3.03	9.63	100	.
5	4	7	0	2	35	463.90	300.71	3.03	9.63	100	.
5	4	7	0	2	36	472.37	300.71	3.03	9.63	100	.
5	4	7	0	2	37	480.86	300.71	3.03	9.63	100	.
5	4	7	0	2	38	489.34	300.71	3.03	9.63	100	.
5	4	7	0	2	39	497.83	300.71	3.03	9.63	100	.
4	4	7	0	3	0	87.230000	314.258630	413.631617	9.632735	-1	###LINE###
5	4	7	0	3	0	87.23	314.26	49.09	9.63	100	Command
5	4	7	0	3	1	139.95	314.26	64.01	9.63	100	commitments
5	4	7	0	3	2	209.35	314.26	3.03	9.63	100	.
5	4	7	0	3	3	217.83	314.26	3.03	9.63	100	.
5	4	7	0	3	4	226.32	314.26	3.03	9.63	100	.
5	4	7	0	3	5	234.80	314.26	3.03	9.63	100	.
5	4	7	0	3	6	243.29	314.26	3.03	9.63	100	.
5	4	7	0	3	7	251.77	314.26	3.03	9.63	100	.
5	4	7	0	3	8	260.26	314.26	3.03	9.63	100	.
5	4	7	0	3	9	268.74	314.26	3.03	9.63	100	.
5	4	7	0	3	10	277.23	314.26	3.03	9.63	100	.
5	4	7	0	3	11	285.71	314.26	3.03	9.63	100	.
5	4	7	0	3	12	294.20	314.26	3.03	9.63	100	.
5	4	7	0	3	13	302.68	314.26	3.03	9.63	100	.
5	4	7	0	3	14	311.17	314.26	3.03	9.63	100	.
5	4	7	0	3	15	319.65	314.26	3.03	9.63	100	.
5	4	7	0	3	16	328.14	314.26	3.03	9.63	100	.
5	4	7	0	3	17	336.63	314.26	3.03	9.63	100	.
5	4	7	0	3	18	345.10	314.26	3.03	9.63	100	.
5	4	7	0	3	19	353.58	314.26	3.03	9.63	100	.
5	4	7	0	3	20	362.07	314.26	3.03	9.63	100	.
5	4	7	0	3	21	370.55	314.26	3.03	9.63	100	.
5	4	7	0	3	22	379.04	314.26	3.03	9.63	100	.
5	4	7	0	3	23	387.52	314.26	3.03	9.63	100	.
5	4	7	0	3	24	396.01	314.26	3.03	9.63	100	.
5	4	7	0	3	25	404.49	314.26	3.03	9.63	100	.
5	4	7	0	3	26	412.98	314.26	3.03	9.63	100	.
5	4	7	0	3	27	421.47	314.26	3.03	9.63	100	.
5	4	7	0	3	28	429.95	314.26	3.03	9.63	100	.
5	4	7	0	3	29	438.44	314.26	3.03	9.63	100	.
5	4	7	0	3	30	446.92	314.26	3.03	9.63	100	.
5	4	7	0	3	31	455.41	314.26	3.03	9.63	100	.
5	4	7	0	3	32	463.89	314.26	3.03	9.63	100	.
5	4	7	0	3	33	472.38	314.26	3.03	9.63	100	.
5	4	7	0	3	34	480.86	314.26	3.03	9.63	100	.
5	4	7	0	3	35	489.35	314.26	3.03	9.63	100	.
5	4	7	0	3	36	497.83	314.26	3.03	9.63	100	.
4	4	7	0	4	0	87.230000	327.808630	413.633799	9.632735	-1	###LINE###
5	4	7	0	4	0	87.23	327.81	25.42	9.63	100	Risks
5	4	7	0	4	1	116.29	327.81	41.21	9.63	100	accepted
5	4	7	0	4	2	166.93	327.81	3.03	9.63	100	.
5	4	7	0	4	3	175.41	327.81	3.03	9.63	100	.
5	4	7	0	4	4	183.90	327.81	3.03	9.63	100	.
5	4	7	0	4	5	192.38	327.81	3.03	9.63	100	.
5	4	7	0	4	6	200.87	327.81	3.03	9.63	100	.
5	4	7	0	4	7	209.35	327.81	3.03	9.63	100	.
5	4	7	0	4	8	217.84	327.81	3.03	9.63	100	.
5	4	7	0	4	9	226.32	327.81	3.03	9.63	100	.
5	4	7	0	4	10	234.81	327.81	3.03	9.63	100	.
5	4	7	0	4	11	243.29	327.81	3.03	9.63	100	.
5	4	7	0	4	12	251.78	327.81	3.03	9.63	100	.
5	4	7	0	4	13	260.26	327.81	3.03	9.63	100	.
5	4	7	0	4	14	268.75	327.81	3.03	9.63	100	.
5	4	7	0	4	15	277.23	327.81	3.03	9.63	100	.
5	4	7	0	4	16	285.72	327.81	3.03	9.63	100	.
5	4	7	0	4	17	294.19	327.81	3.03	9.63	100	.
5	4	7	0	4	18	302.68	327.81	3.03	9.63	100	.
5	4	7	0	4	19	311.16	327.81	3.03	9.63	100	.
5	4	7	0	4	20	319.65	327.81	3.03	9.63	100	.
5	4	7	0	4	21	328.13	327.81	3.03	9.63	100	.
5	4	7	0	4	22	336.62	327.81	3.03	9.63	100	.
5	4	7	0	4	23	345.10	327.81	3.03	9.63	100	.
5	4	7	0	4	24	353.59	327.81	3.03	9.63	100	.
5	4	7	0	4	25	362.07	327.81	3.03	9.63	100	.
5	4	7	0	4	26	370.56	327.81	3.03	9.63	100	.
5	4	7	0	4	27	379.04	327.81	3.03	9.63	100	.
5	4	7	0	4	28	387.53	327.81	3.03	9.63	100	.
5	4	7	0	4	29	396.01	327.81	3.03	9.63	100	.
5	4	7	0	4	30	404.50	327.81	3.03	9.63	100	.
5	4	7	0	4	31	412.98	327.81	3.03	9.63	100	.
5	4	7	0	4	32	421.47	327.81	3.03	9.63	100	.
5	4	7	0	4	33	429.95	327.81	3.03	9.63	100	.
5	4	7	0	4	34	438.44	327.81	3.03	9.63	100	.
5	4	7	0	4	35	446.92	327.81	3.03	9.63	100	.
5	4	7	0	4	36	455.41	327.81	3.03	9.63	100	.
5	4	7	0	4	37	463.89	327.81	3.03	9.63	100	.
5	4	7	0	4	38	472.38	327.81	3.03	9.63	100	.
5	4	7	0	4	39	480.86	327.81	3.03	9.63	100	.
5	4	7	0	4	40	489.35	327.81	3.03	9.63	100	.
5	4	7	0	4	41	497.83	327.81	3.03	9.63	100	.
3	4	8	0	0	0	511.863095	273.502539	12.551270	63.938826	-1	###FLOW###
4	4	8	0	0	0	511.863095	273.502539	12.545465	9.741826	-1	###LINE###
5	4	8	0	0	0	511.86	273.50	12.55	9.74	100	24
4	4	8	0	1	0	513.503082	287.160630	10.909100	9.632735	-1	###LINE###
5	4	8	0	1	0	513.50	287.16	10.91	9.63	100	24
4	4	8	0	2	0	513.499810	300.709630	10.909100	9.632735	-1	###LINE###
5	4	8	0	2	0	513.50	300.71	10.91	9.63	100	24
4	4	8	0	3	0	513.505264	314.258630	10.909100	9.632735	-1	###LINE###
5	4	8	0	3	0	513.51	314.26	10.91	9.63	100	24
4	4	8	0	4	0	513.496537	327.808630	10.909100	9.632735	-1	###LINE###
5	4	8	0	4	0	513.50	327.81	10.91	9.63	100	25
3	4	9	0	0	0	70.866000	352.157539	429.996708	77.487826	-1	###FLOW###
4	4	9	0	0	0	70.866000	352.157539	193.452161	9.741826	-1	###LINE###
5	4	9	0	0	0	70.87	352.16	63.32	9.74	100	CHAPTER
5	4	9	0	0	1	138.36	352.16	12.55	9.74	100	11
5	4	9	0	0	2	155.10	352.16	12.55	9.74	100	—
5	4	9	0	0	3	171.82	352.16	92.50	9.74	100	GOVERNANCE
4	4	9	0	1	0	87.230000	365.815630	413.632708	9.632735	-1	###LINE###
5	4	9	0	1	0	87.23	365.82	44.91	9.63	100	Structure
5	4	9	0	1	1	135.77	365.82	8.79	9.63	100	of
5	4	9	0	1	2	148.20	365.82	15.15	9.63	100	the
5	4	9	0	1	3	166.99	365.82	53.33	9.63	100	publication
5	4	9	0	1	4	226.32	365.82	3.03	9.63	100	.
5	4	9	0	1	5	234.81	365.82	3.03	9.63	100	.
5	4	9	0	1	6	243.29	365.82	3.03	9.63	100	.
5	4	9	0	1	7	251.78	365.82	3.03	9.63	100	.
5	4	9	0	1	8	260.26	365.82	3.03	9.63	100	.
5	4	9	0	1	9	268.75	365.82	3.03	9.63	100	.
5	4	9	0	1	10	277.23	365.82	3.03	9.63	100	.
5	4	9	0	1	11	285.72	365.82	3.03	9.63	100	.
5	4	9	0	1	12	294.20	365.82	3.03	9.63	100	.
5	4	9	0	1	13	302.69	365.82	3.03	9.63	100	.
5	4	9	0	1	14	311.17	365.82	3.03	9.63	100	.
5	4	9	0	1	15	319.65	365.82	3.03	9.63	100	.
5	4	9	0	1	16	328.13	365.82	3.03	9.63	100	.
5	4	9	0	1	17	336.62	365.82	3.03	9.63	100	.
5	4	9	0	1	18	345.10	365.82	3.03	9.63	100	.
5	4	9	0	1	19	353.59	365.82	3.03	9.63	100	.
5	4	9	0	1	20	362.07	365.82	3.03	9.63	100	.
5	4	9	0	1	21	370.56	365.82	3.03	9.63	100	.
5	4	9	0	1	22	379.04	365.82	3.03	9.63	100	.
5	4	9	0	1	23	387.53	365.82	3.03	9.63	100	.
5	4	9	0	1	24	396.01	365.82	3.03	9.63	100	.
5	4	9	0	1	25	404.50	365.82	3.03	9.63	100	.
5	4	9	0	1	26	412.98	365.82	3.03	9.63	100	.
5	4	9	0	1	27	421.47	365.82	3.03	9.63	100	.
5	4	9	0	1	28	429.95	365.82	3.03	9.63	100	.
5	4	9	0	1	29	438.44	365.82	3.03	9.63	100	.
5	4	9	0	1	30	446.92	365.82	3.03	9.63	100	.
5	4	9	0	1	31	455.41	365.82	3.03	9.63	100	.
5	4	9	0	1	32	463.89	365.82	3.03	9.63	100	.
5	4	9	0	1	33	472.38	365.82	3.03	9.63	100	.
5	4	9	0	1	34	480.86	365.82	3.03	9.63	100	.
5	4	9	0	1	35	489.35	365.82	3.03	9.63	100	.
5	4	9	0	1	36	497.83	365.82	3.03	9.63	100	.
4	4	9	0	2	0	87.230000	379.364630	413.628345	9.632735	-1	###LINE###
5	4	9	0	2	0	87.23	379.36	34.40	9.63	100	Review
5	4	9	0	2	1	124.51	379.36	3.03	9.63	100	.
5	4	9	0	2	2	132.99	379.36	3.03	9.63	100	.
5	4	9	0	2	3	141.48	379.36	3.03	9.63	100	.
5	4	9	0	2	4	149.96	379.36	3.03	9.63	100	.
5	4	9	0	2	5	158.45	379.36	3.03	9.63	100	.
5	4	9	0	2	6	166.93	379.36	3.03	9.63	100	.
5	4	9	0	2	7	175.40	379.36	3.03	9.63	100	.
5	4	9	0	2	8	183.89	379.36	3.03	9.63	100	.
5	4	9	0	2	9	192.38	379.36	3.03	9.63	100	.
5	4	9	0	2	10	200.86	379.36	3.03	9.63	100	.
5	4	9	0	2	11	209.35	379.36	3.03	9.63	100	.
5	4	9	0	2	12	217.83	379.36	3.03	9.63	100	.
5	4	9	0	2	13	226.32	379.36	3.03	9.63	100	.
5	4	9	0	2	14	234.80	379.36	3.03	9.63	100	.
5	4	9	0	2	15	243.29	379.36	3.03	9.63	100	.
5	4	9	0	2	16	251.77	379.36	3.03	9.63	100	.
5	4	9	0	2	17	260.26	379.36	3.03	9.63	100	.
5	4	9	0	2	18	268.74	379.36	3.03	9.63	100	.
5	4	9	0	2	19	277.23	379.36	3.03	9.63	100	.
5	4	9	0	2	20	285.71	379.36	3.03	9.63	100	.
5	4	9	0	2	21	294.20	379.36	3.03	9.63	100	.
5	4	9	0	2	22	302.68	379.36	3.03	9.63	100	.
5	4	9	0	2	23	311.17	379.36	3.03	9.63	100	.
5	4	9	0	2	24	319.65	379.36	3.03	9.63	100	.
5	4	9	0	2	25	328.14	379.36	3.03	9.63	100	.
5	4	9	0	2	26	336.62	379.36	3.03	9.63	100	.
5	4	9	0	2	27	345.11	379.36	3.03	9.63	100	.
5	4	9	0	2	28	353.59	379.36	3.03	9.63	100	.
5	4	9	0	2	29	362.08	379.36	3.03	9.63	100	.
5	4	9	0	2	30	370.56	379.36	3.03	9.63	100	.
5	4	9	0	2	31	379.05	379.36	3.03	9.63	100	.
5	4	9	0	2	32	387.53	379.36	3.03	9.63	100	.
5	4	9	0	2	33	396.02	379.36	3.03	9.63	100	.
5	4	9	0	2	34	404.50	379.36	3.03	9.63	100	.
5	4	9	0	2	35	412.99	379.36	3.03	9.63	100	.
5	4	9	0	2	36	421.46	379.36	3.03	9.63	100	.
5	4	9	0	2	37	429.95	379.36	3.03	9.63	100	.
5	4	9	0	2	38	438.43	379.36	3.03	9.63	100	.
5	4	9	0	2	39	446.92	379.36	3.03	9.63	100	.
5	4	9	0	2	40	455.40	379.36	3.03	9.63	100	.
5	4	9	0	2	41	463.89	379.36	3.03	9.63	100	.
5	4	9	0	2	42	472.37	379.36	3.03	9.63	100	.
5	4	9	0	2	43	480.86	379.36	3.03	9.63	100	.
5	4	9	0	2	44	489.34	379.36	3.03	9.63	100	.
5	4	9	0	2	45	497.83	379.36	3.03	9.63	100	.
4	4	9	0	3	0	87.230000	392.914630	413.629436	9.632735	-1	###LINE###
5	4	9	0	3	0	87.23	392.91	52.03	9.63	100	Exceptions
5	4	9	0	3	1	149.95	392.91	3.03	9.63	100	.
5	4	9	0	3	2	158.44	392.91	3.03	9.63	100	.
5	4	9	0	3	3	166.92	392.91	3.03	9.63	100	.
5	4	9	0	3	4	175.41	392.91	3.03	9.63	100	.
5	4	9	0	3	5	183.89	392.91	3.03	9.63	100	.
5	4	9	0	3	6	192.38	392.91	3.03	9.63	100	.
5	4	9	0	3	7	200.86	392.91	3.03	9.63	100	.
5	4	9	0	3	8	209.35	392.91	3.03	9.63	100	.
5	4	9	0	3	9	217.83	392.91	3.03	9.63	100	.
5	4	9	0	3	10	226.32	392.91	3.03	9.63	100	.
5	4	9	0	3	11	234.80	392.91	3.03	9.63	100	.
5	4	9	0	3	12	243.29	392.91	3.03	9.63	100	.
5	4	9	0	3	13	251.77	392.91	3.03	9.63	100	.
5	4	9	0	3	14	260.26	392.91	3.03	9.63	100	.
5	4	9	0	3	15	268.74	392.91	3.03	9.63	100	.
5	4	9	0	3	16	277.23	392.91	3.03	9.63	100	.
5	4	9	0	3	17	285.71	392.91	3.03	9.63	100	.
5	4	9	0	3	18	294.20	392.91	3.03	9.63	100	.
5	4	9	0	3	19	302.68	392.91	3.03	9.63	100	.
5	4	9	0	3	20	311.17	392.91	3.03	9.63	100	.
5	4	9	0	3	21	319.65	392.91	3.03	9.63	100	.
5	4	9	0	3	22	328.14	392.91	3.03	9.63	100	.
5	4	9	0	3	23	336.62	392.91	3.03	9.63	100	.
5	4	9	0	3	24	345.11	392.91	3.03	9.63	100	.
5	4	9	0	3	25	353.59	392.91	3.03	9.63	100	.
5	4	9	0	3	26	362.08	392.91	3.03	9.63	100	.
5	4	9	0	3	27	370.56	392.91	3.03	9.63	100	.
5	4	9	0	3	28	379.05	392.91	3.03	9.63	100	.
5	4	9	0	3	29	387.53	392.91	3.03	9.63	100	.
5	4	9	0	3	30	396.01	392.91	3.03	9.63	100	.
5	4	9	0	3	31	404.49	392.91	3.03	9.63	100	.
5	4	9	0	3	32	412.98	392.91	3.03	9.63	100	.
5	4	9	0	3	33	421.46	392.91	3.03	9.63	100	.
5	4	9	0	3	34	429.95	392.91	3.03	9.63	100	.
5	4	9	0	3	35	438.43	392.91	3.03	9.63	100	.
5	4	9	0	3	36	446.92	392.91	3.03	9.63	100	.
5	4	9	0	3	37	455.40	392.91	3.03	9.63	100	.
5	4	9	0	3	38	463.89	392.91	3.03	9.63	100	.
5	4	9	0	3	39	472.37	392.91	3.03	9.63	100	.
5	4	9	0	3	40	480.86	392.91	3.03	9.63	100	.
5	4	9	0	3	41	489.34	392.91	3.03	9.63	100	.
5	4	9	0	3	42	497.83	392.91	3.03	9.63	100	.
4	4	9	0	4	0	87.230000	406.463630	413.627254	9.632735	-1	###LINE###
5	4	9	0	4	0	87.23	406.46	49.30	9.63	100	Escalation
5	4	9	0	4	1	141.47	406.46	3.03	9.63	100	.
5	4	9	0	4	2	149.96	406.46	3.03	9.63	100	.
5	4	9	0	4	3	158.44	406.46	3.03	9.63	100	.
5	4	9	0	4	4	166.93	406.46	3.03	9.63	100	.
5	4	9	0	4	5	175.41	406.46	3.03	9.63	100	.
5	4	9	0	4	6	183.90	406.46	3.03	9.63	100	.
5	4	9	0	4	7	192.37	406.46	3.03	9.63	100	.
5	4	9	0	4	8	200.86	406.46	3.03	9.63	100	.
5	4	9	0	4	9	209.34	406.46	3.03	9.63	100	.
5	4	9	0	4	10	217.83	406.46	3.03	9.63	100	.
5	4	9	0	4	11	226.31	406.46	3.03	9.63	100	.
5	4	9	0	4	12	234.80	406.46	3.03	9.63	100	.
5	4	9	0	4	13	243.28	406.46	3.03	9.63	100	.
5	4	9	0	4	14	251.77	406.46	3.03	9.63	100	.
5	4	9	0	4	15	260.25	406.46	3.03	9.63	100	.
5	4	9	0	4	16	268.74	406.46	3.03	9.63	100	.
5	4	9	0	4	17	277.23	406.46	3.03	9.63	100	.
5	4	9	0	4	18	285.71	406.46	3.03	9.63	100	.
5	4	9	0	4	19	294.20	406.46	3.03	9.63	100	.
5	4	9	0	4	20	302.68	406.46	3.03	9.63	100	.
5	4	9	0	4	21	311.17	406.46	3.03	9.63	100	.
5	4	9	0	4	22	319.65	406.46	3.03	9.63	100	.
5	4	9	0	4	23	328.14	406.46	3.03	9.63	100	.
5	4	9	0	4	24	336.62	406.46	3.03	9.63	100	.
5	4	9	0	4	25	345.11	406.46	3.03	9.63	100	.
5	4	9	0	4	26	353.59	406.46	3.03	9.63	100	.
5	4	9	0	4	27	362.08	406.46	3.03	9.63	100	.
5	4	9	0	4	28	370.56	406.46	3.03	9.63	100	.
5	4	9	0	4	29	379.05	406.46	3.03	9.63	100	.
5	4	9	0	4	30	387.53	406.46	3.03	9.63	100	.
5	4	9	0	4	31	396.02	406.46	3.03	9.63	100	.
5	4	9	0	4	32	404.50	406.46	3.03	9.63	100	.
5	4	9	0	4	33	412.99	406.46	3.03	9.63	100	.
5	4	9	0	4	34	421.47	406.46	3.03	9.63	100	.
5	4	9	0	4	35	429.96	406.46	3.03	9.63	100	.
5	4	9	0	4	36	438.44	406.46	3.03	9.63	100	.
5	4	9	0	4	37	446.92	406.46	3.03	9.63	100	.
5	4	9	0	4	38	455.40	406.46	3.03	9.63	100	.
5	4	9	0	4	39	463.89	406.46	3.03	9.63	100	.
5	4	9	0	4	40	472.37	406.46	3.03	9.63	100	.
5	4	9	0	4	41	480.86	406.46	3.03	9.63	100	.
5	4	9	0	4	42	489.34	406.46	3.03	9.63	100	.
5	4	9	0	4	43	497.83	406.46	3.03	9.63	100	.
4	4	9	0	5	0	87.230000	420.012630	413.627254	9.632735	-1	###LINE###
5	4	9	0	5	0	87.23	420.01	59.09	9.63	100	Independent
5	4	9	0	5	1	149.95	420.01	45.62	9.63	100	assurance
5	4	9	0	5	2	200.86	420.01	3.03	9.63	100	.
5	4	9	0	5	3	209.34	420.01	3.03	9.63	100	.
5	4	9	0	5	4	217.83	420.01	3.03	9.63	100	.
5	4	9	0	5	5	226.31	420.01	3.03	9.63	100	.
5	4	9	0	5	6	234.80	420.01	3.03	9.63	100	.
5	4	9	0	5	7	243.28	420.01	3.03	9.63	100	.
5	4	9	0	5	8	251.77	420.01	3.03	9.63	100	.
5	4	9	0	5	9	260.25	420.01	3.03	9.63	100	.
5	4	9	0	5	10	268.74	420.01	3.03	9.63	100	.
5	4	9	0	5	11	277.23	420.01	3.03	9.63	100	.
5	4	9	0	5	12	285.71	420.01	3.03	9.63	100	.
5	4	9	0	5	13	294.20	420.01	3.03	9.63	100	.
5	4	9	0	5	14	302.68	420.01	3.03	9.63	100	.
5	4	9	0	5	15	311.17	420.01	3.03	9.63	100	.
5	4	9	0	5	16	319.65	420.01	3.03	9.63	100	.
5	4	9	0	5	17	328.14	420.01	3.03	9.63	100	.
5	4	9	0	5	18	336.62	420.01	3.03	9.63	100	.
5	4	9	0	5	19	345.11	420.01	3.03	9.63	100	.
5	4	9	0	5	20	353.59	420.01	3.03	9.63	100	.
5	4	9	0	5	21	362.08	420.01	3.03	9.63	100	.
5	4	9	0	5	22	370.56	420.01	3.03	9.63	100	.
5	4	9	0	5	23	379.05	420.01	3.03	9.63	100	.
5	4	9	0	5	24	387.53	420.01	3.03	9.63	100	.
5	4	9	0	5	25	396.02	420.01	3.03	9.63	100	.
5	4	9	0	5	26	404.50	420.01	3.03	9.63	100	.
5	4	9	0	5	27	412.99	420.01	3.03	9.63	100	.
5	4	9	0	5	28	421.47	420.01	3.03	9.63	100	.
5	4	9	0	5	29	429.96	420.01	3.03	9.63	100	.
5	4	9	0	5	30	438.43	420.01	3.03	9.63	100	.
5	4	9	0	5	31	446.92	420.01	3.03	9.63	100	.
5	4	9	0	5	32	455.40	420.01	3.03	9.63	100	.
5	4	9	0	5	33	463.89	420.01	3.03	9.63	100	.
5	4	9	0	5	34	472.37	420.01	3.03	9.63	100	.
5	4	9	0	5	35	480.86	420.01	3.03	9.63	100	.
5	4	9	0	5	36	489.34	420.01	3.03	9.63	100	.
5	4	9	0	5	37	497.83	420.01	3.03	9.63	100	.
3	4	10	0	0	0	511.867458	352.157539	12.547997	77.487826	-1	###FLOW###
4	4	10	0	0	0	511.867458	352.157539	12.545465	9.741826	-1	###LINE###
5	4	10	0	0	0	511.87	352.16	12.55	9.74	100	25
4	4	10	0	1	0	513.506355	365.815630	10.909100	9.632735	-1	###LINE###
5	4	10	0	1	0	513.51	365.82	10.91	9.63	100	25
4	4	10	0	2	0	513.501992	379.364630	10.909100	9.632735	-1	###LINE###
5	4	10	0	2	0	513.50	379.36	10.91	9.63	100	26
4	4	10	0	3	0	513.503082	392.914630	10.909100	9.632735	-1	###LINE###
5	4	10	0	3	0	513.50	392.91	10.91	9.63	100	26
4	4	10	0	4	0	513.500901	406.463630	10.909100	9.632735	-1	###LINE###
5	4	10	0	4	0	513.50	406.46	10.91	9.63	100	26
4	4	10	0	5	0	513.500901	420.012630	10.909100	9.632735	-1	###LINE###
5	4	10	0	5	0	513.50	420.01	10.91	9.63	100	26
3	4	11	0	0	0	70.866000	444.361539	429.996708	36.840826	-1	###FLOW###
4	4	11	0	0	0	70.866000	444.361539	58.333140	9.741826	-1	###LINE###
5	4	11	0	0	0	70.87	444.36	58.33	9.74	100	LEXICON
4	4	11	0	1	0	87.230000	458.019630	413.631617	9.632735	-1	###LINE###
5	4	11	0	1	0	87.23	458.02	66.76	9.63	100	Abbreviations
5	4	11	0	1	1	158.44	458.02	3.03	9.63	100	.
5	4	11	0	1	2	166.92	458.02	3.03	9.63	100	.
5	4	11	0	1	3	175.41	458.02	3.03	9.63	100	.
5	4	11	0	1	4	183.89	458.02	3.03	9.63	100	.
5	4	11	0	1	5	192.38	458.02	3.03	9.63	100	.
5	4	11	0	1	6	200.86	458.02	3.03	9.63	100	.
5	4	11	0	1	7	209.35	458.02	3.03	9.63	100	.
5	4	11	0	1	8	217.83	458.02	3.03	9.63	100	.
5	4	11	0	1	9	226.32	458.02	3.03	9.63	100	.
5	4	11	0	1	10	234.80	458.02	3.03	9.63	100	.
5	4	11	0	1	11	243.29	458.02	3.03	9.63	100	.
5	4	11	0	1	12	251.77	458.02	3.03	9.63	100	.
5	4	11	0	1	13	260.26	458.02	3.03	9.63	100	.
5	4	11	0	1	14	268.74	458.02	3.03	9.63	100	.
5	4	11	0	1	15	277.23	458.02	3.03	9.63	100	.
5	4	11	0	1	16	285.71	458.02	3.03	9.63	100	.
5	4	11	0	1	17	294.20	458.02	3.03	9.63	100	.
5	4	11	0	1	18	302.68	458.02	3.03	9.63	100	.
5	4	11	0	1	19	311.17	458.02	3.03	9.63	100	.
5	4	11	0	1	20	319.65	458.02	3.03	9.63	100	.
5	4	11	0	1	21	328.14	458.02	3.03	9.63	100	.
5	4	11	0	1	22	336.63	458.02	3.03	9.63	100	.
5	4	11	0	1	23	345.10	458.02	3.03	9.63	100	.
5	4	11	0	1	24	353.58	458.02	3.03	9.63	100	.
5	4	11	0	1	25	362.07	458.02	3.03	9.63	100	.
5	4	11	0	1	26	370.55	458.02	3.03	9.63	100	.
5	4	11	0	1	27	379.04	458.02	3.03	9.63	100	.
5	4	11	0	1	28	387.52	458.02	3.03	9.63	100	.
5	4	11	0	1	29	396.01	458.02	3.03	9.63	100	.
5	4	11	0	1	30	404.49	458.02	3.03	9.63	100	.
5	4	11	0	1	31	412.98	458.02	3.03	9.63	100	.
5	4	11	0	1	32	421.47	458.02	3.03	9.63	100	.
5	4	11	0	1	33	429.95	458.02	3.03	9.63	100	.
5	4	11	0	1	34	438.44	458.02	3.03	9.63	100	.
5	4	11	0	1	35	446.92	458.02	3.03	9.63	100	.
5	4	11	0	1	36	455.41	458.02	3.03	9.63	100	.
5	4	11	0	1	37	463.89	458.02	3.03	9.63	100	.
5	4	11	0	1	38	472.38	458.02	3.03	9.63	100	.
5	4	11	0	1	39	480.86	458.02	3.03	9.63	100	.
5	4	11	0	1	40	489.35	458.02	3.03	9.63	100	.
5	4	11	0	1	41	497.83	458.02	3.03	9.63	100	.
4	4	11	0	2	0	87.230000	471.569630	413.632708	9.632735	-1	###LINE###
5	4	11	0	2	0	87.23	471.57	29.49	9.63	100	Terms
5	4	11	0	2	1	120.35	471.57	17.57	9.63	100	and
5	4	11	0	2	2	141.56	471.57	49.15	9.63	100	definitions
5	4	11	0	2	3	200.86	471.57	3.03	9.63	100	.
5	4	11	0	2	4	209.35	471.57	3.03	9.63	100	.
5	4	11	0	2	5	217.83	471.57	3.03	9.63	100	.
5	4	11	0	2	6	226.32	471.57	3.03	9.63	100	.
5	4	11	0	2	7	234.81	471.57	3.03	9.63	100	.
5	4	11	0	2	8	243.29	471.57	3.03	9.63	100	.
5	4	11	0	2	9	251.78	471.57	3.03	9.63	100	.
5	4	11	0	2	10	260.26	471.57	3.03	9.63	100	.
5	4	11	0	2	11	268.75	471.57	3.03	9.63	100	.
5	4	11	0	2	12	277.23	471.57	3.03	9.63	100	.
5	4	11	0	2	13	285.72	471.57	3.03	9.63	100	.
5	4	11	0	2	14	294.20	471.57	3.03	9.63	100	.
5	4	11	0	2	15	302.69	471.57	3.03	9.63	100	.
5	4	11	0	2	16	311.17	471.57	3.03	9.63	100	.
5	4	11	0	2	17	319.65	471.57	3.03	9.63	100	.
5	4	11	0	2	18	328.13	471.57	3.03	9.63	100	.
5	4	11	0	2	19	336.62	471.57	3.03	9.63	100	.
5	4	11	0	2	20	345.10	471.57	3.03	9.63	100	.
5	4	11	0	2	21	353.59	471.57	3.03	9.63	100	.
5	4	11	0	2	22	362.07	471.57	3.03	9.63	100	.
5	4	11	0	2	23	370.56	471.57	3.03	9.63	100	.
5	4	11	0	2	24	379.04	471.57	3.03	9.63	100	.
5	4	11	0	2	25	387.53	471.57	3.03	9.63	100	.
5	4	11	0	2	26	396.01	471.57	3.03	9.63	100	.
5	4	11	0	2	27	404.50	471.57	3.03	9.63	100	.
5	4	11	0	2	28	412.98	471.57	3.03	9.63	100	.
5	4	11	0	2	29	421.47	471.57	3.03	9.63	100	.
5	4	11	0	2	30	429.95	471.57	3.03	9.63	100	.
5	4	11	0	2	31	438.44	471.57	3.03	9.63	100	.
5	4	11	0	2	32	446.92	471.57	3.03	9.63	100	.
5	4	11	0	2	33	455.41	471.57	3.03	9.63	100	.
5	4	11	0	2	34	463.89	471.57	3.03	9.63	100	.
5	4	11	0	2	35	472.38	471.57	3.03	9.63	100	.
5	4	11	0	2	36	480.86	471.57	3.03	9.63	100	.
5	4	11	0	2	37	489.35	471.57	3.03	9.63	100	.
5	4	11	0	2	38	497.83	471.57	3.03	9.63	100	.
3	4	12	0	0	0	511.864000	444.361539	12.551455	36.840826	-1	###FLOW###
4	4	12	0	0	0	511.864000	444.361539	12.545465	9.741826	-1	###LINE###
5	4	12	0	0	0	511.86	444.36	12.55	9.74	100	27
4	4	12	0	1	0	513.505264	458.019630	10.909100	9.632735	-1	###LINE###
5	4	12	0	1	0	513.51	458.02	10.91	9.63	100	27
4	4	12	0	2	0	513.506355	471.569630	10.909100	9.632735	-1	###LINE###
5	4	12	0	2	0	513.51	471.57	10.91	9.63	100	27
3	4	13	0	0	0	257.623000	793.912520	80.030500	8.015962	-1	###FLOW###
4	4	13	0	0	0	257.623000	793.912520	80.030500	8.015962	-1	###LINE###
5	4	13	0	0	0	257.62	793.91	80.03	8.02	100	UNCLASSIFIED
3	4	13	1	0	0	289.170000	808.605601	16.938057	7.037598	-1	###FLOW###
4	4	13	1	0	0	289.170000	808.605601	16.938057	7.037598	-1	###LINE###
5	4	13	1	0	0	289.17	808.61	16.94	7.04	100	4/29
1	5	0	0	0	0	289.170000	808.605601	595.276000	841.890000	-1	###PAGE###
3	5	0	0	0	0	257.623000	39.603520	80.030500	8.015962	-1	###FLOW###
4	5	0	0	0	0	257.623000	39.603520	80.030500	8.015962	-1	###LINE###
5	5	0	0	0	0	257.62	39.60	80.03	8.02	100	UNCLASSIFIED
3	5	1	0	0	0	257.623000	793.912520	80.030500	8.015962	-1	###FLOW###
4	5	1	0	0	0	257.623000	793.912520	80.030500	8.015962	-1	###LINE###
5	5	1	0	0	0	257.62	793.91	80.03	8.02	100	UNCLASSIFIED
3	5	1	1	0	0	289.170000	808.605601	16.938057	7.037598	-1	###FLOW###
4	5	1	1	0	0	289.170000	808.605601	16.938057	7.037598	-1	###LINE###
5	5	1	1	0	0	289.17	808.61	16.94	7.04	100	5/29
1	6	0	0	0	0	289.170000	808.605601	595.276000	841.890000	-1	###PAGE###
3	6	0	0	0	0	257.623000	39.603520	80.030500	8.015962	-1	###FLOW###
4	6	0	0	0	0	257.623000	39.603520	80.030500	8.015962	-1	###LINE###
5	6	0	0	0	0	257.62	39.60	80.03	8.02	100	UNCLASSIFIED
3	6	1	0	0	0	70.866000	75.997199	225.637034	12.595964	-1	###FLOW###
4	6	1	0	0	0	70.866000	75.997199	225.637034	12.595964	-1	###LINE###
5	6	1	0	0	0	70.87	76.00	70.82	12.60	100	RECORD
5	6	1	0	0	1	147.06	76.00	22.27	12.60	100	OF
5	6	1	0	0	2	174.71	76.00	121.79	12.60	100	AMENDMENTS
3	6	1	1	0	0	70.462000	102.645630	52.818589	9.632735	-1	###FLOW###
4	6	1	1	0	0	70.462000	102.645630	52.818589	9.632735	-1	###LINE###
5	6	1	1	0	0	70.46	102.65	35.25	9.63	100	Version
5	6	1	1	0	1	109.34	102.65	13.94	9.63	100	1.0
3	6	1	2	0	0	70.463000	128.953630	58.178230	9.632735	-1	###FLOW###
4	6	1	2	0	0	70.463000	128.953630	58.178230	9.632735	-1	###LINE###
5	6	1	2	0	0	70.46	128.95	58.18	9.63	100	Amendment
3	6	2	0	0	0	187.241000	128.953630	22.879655	9.632735	-1	###FLOW###
4	6	2	0	0	0	187.241000	128.953630	22.879655	9.632735	-1	###LINE###
5	6	2	0	0	0	187.24	128.95	22.88	9.63	100	Date
3	6	3	0	0	0	253.496000	128.953630	53.731681	9.632735	-1	###FLOW###
4	6	3	0	0	0	253.496000	128.953630	53.731681	9.632735	-1	###LINE###
5	6	3	0	0	0	253.50	128.95	38.58	9.63	100	Inserted
5	6	3	0	0	1	295.70	128.95	11.52	9.63	100	by
3	6	4	0	0	0	340.630000	128.953630	45.786584	9.632735	-1	###FLOW###
4	6	4	0	0	0	340.630000	128.953630	45.786584	9.632735	-1	###LINE###
5	6	4	0	0	0	340.63	128.95	45.79	9.63	100	Summary
3	6	5	0	0	0	70.866000	149.331630	64.996418	9.632735	-1	###FLOW###
4	6	5	0	0	0	70.866000	149.331630	64.996418	9.632735	-1	###LINE###
5	6	5	0	0	0	70.87	149.33	38.82	9.63	100	Original
5	6	5	0	0	1	113.32	149.33	22.54	9.63	100	issue
3	6	6	0	0	0	70.866000	220.723199	122.473509	12.595964	-1	###FLOW###
4	6	6	0	0	0	70.866000	220.723199	122.473509	12.595964	-1	###LINE###
5	6	6	0	0	0	70.87	220.72	122.47	12.60	100	DISTRIBUTION
3	6	6	1	0	0	70.462000	247.371630	454.350371	36.730735	-1	###FLOW###
4	6	6	1	0	0	70.866000	247.371630	453.946371	9.632735	-1	###LINE###
5	6	6	1	0	0	70.87	247.37	22.56	9.63	100	Held
5	6	6	1	0	1	98.23	247.37	11.74	9.63	100	by
5	6	6	1	0	2	114.76	247.37	15.45	9.63	100	the
5	6	6	1	0	3	135.01	247.37	51.03	9.63	100	Approving
5	6	6	1	0	4	190.84	247.37	49.83	9.63	100	Authority,
5	6	6	1	0	5	245.74	247.37	15.45	9.63	100	the
5	6	6	1	0	6	265.99	247.37	25.04	9.63	100	Head
5	6	6	1	0	7	295.82	247.37	8.96	9.63	100	of
5	6	6	1	0	8	309.57	247.37	19.32	9.63	100	Red
5	6	6	1	0	9	333.68	247.37	30.00	9.63	100	Team,
5	6	6	1	0	10	368.75	247.37	15.47	9.63	100	the
5	6	6	1	0	11	389.01	247.37	26.12	9.63	100	Legal
5	6	6	1	0	12	419.92	247.37	39.96	9.63	100	Adviser,
5	6	6	1	0	13	464.97	247.37	15.45	9.63	100	the
5	6	6	1	0	14	485.21	247.37	39.60	9.63	100	Security
4	6	6	1	1	0	70.462000	260.920630	453.948204	9.632735	-1	###LINE###
5	6	6	1	1	0	70.46	260.92	46.51	9.63	100	Authority
5	6	6	1	1	1	120.61	260.92	17.50	9.63	100	and
5	6	6	1	1	2	141.76	260.92	11.47	9.63	100	all
5	6	6	1	1	3	156.87	260.92	15.12	9.63	100	red
5	6	6	1	1	4	175.63	260.92	23.54	9.63	100	team
5	6	6	1	1	5	202.82	260.92	48.08	9.63	100	personnel.
5	6	6	1	1	6	255.75	260.92	18.71	9.63	100	The
5	6	6	1	1	7	278.12	260.92	22.33	9.63	100	head
5	6	6	1	1	8	304.09	260.92	8.75	9.63	100	of
5	6	6	1	1	9	316.48	260.92	15.09	9.63	100	the
5	6	6	1	1	10	335.21	260.92	42.61	9.63	100	defensive
5	6	6	1	1	11	381.47	260.92	36.52	9.63	100	element
5	6	6	1	1	12	421.63	260.92	24.82	9.63	100	holds
5	6	6	1	1	13	450.09	260.92	17.57	9.63	100	this
5	6	6	1	1	14	471.29	260.92	53.12	9.63	100	publication
4	6	6	1	2	0	70.866000	274.469630	204.912171	9.632735	-1	###LINE###
5	6	6	1	2	0	70.87	274.47	16.36	9.63	100	but
5	6	6	1	2	1	90.86	274.47	15.76	9.63	100	not
5	6	6	1	2	2	110.26	274.47	15.15	9.63	100	the
5	6	6	1	2	3	129.05	274.47	50.97	9.63	100	documents
5	6	6	1	2	4	183.66	274.47	8.79	9.63	100	of
5	6	6	1	2	5	196.08	274.47	16.97	9.63	100	any
5	6	6	1	2	6	216.69	274.47	59.09	9.63	100	engagement.
3	6	7	0	0	0	70.866000	326.869199	253.668074	12.595964	-1	###FLOW###
4	6	7	0	0	0	70.866000	326.869199	253.668074	12.595964	-1	###LINE###
5	6	7	0	0	0	70.87	326.87	81.34	12.60	100	CHAPTER
5	6	7	0	0	1	157.59	326.87	8.07	12.60	100	1
5	6	7	0	0	2	171.04	326.87	16.14	12.60	100	—
5	6	7	0	0	3	192.56	326.87	131.97	12.60	100	INTRODUCTION
3	6	7	1	0	0	70.866000	353.254643	48.161523	10.496666	-1	###FLOW###
4	6	7	1	0	0	70.866000	353.254643	48.161523	10.496666	-1	###LINE###
5	6	7	1	0	0	70.87	353.25	48.16	10.50	100	Purpose
3	6	7	2	0	0	70.321000	374.510630	455.607132	50.280735	-1	###FLOW###
4	6	7	2	0	0	70.321000	374.510630	454.087722	9.632735	-1	###LINE###
5	6	7	2	0	0	70.32	374.51	14.11	9.63	100	1.1
5	6	7	2	0	1	88.07	374.51	21.53	9.63	100	This
5	6	7	2	0	2	113.23	374.51	53.97	9.63	100	publication
5	6	7	2	0	3	170.85	374.51	51.09	9.63	100	establishes
5	6	7	2	0	4	225.58	374.51	15.33	9.63	100	the
5	6	7	2	0	5	244.54	374.51	61.95	9.63	100	methodology
5	6	7	2	0	6	310.13	374.51	13.22	9.63	100	for
5	6	7	2	0	7	326.99	374.51	15.33	9.63	100	the
5	6	7	2	0	8	345.96	374.51	44.77	9.63	100	planning,
5	6	7	2	0	9	394.38	374.51	66.94	9.63	100	authorisation,
5	6	7	2	0	10	464.95	374.51	38.03	9.63	100	conduct
5	6	7	2	0	11	506.62	374.51	17.79	9.63	100	and
4	6	7	2	1	0	70.866000	388.059630	455.062132	9.632735	-1	###LINE###
5	6	7	2	1	0	70.87	388.06	43.12	9.63	100	reporting
5	6	7	2	1	1	117.61	388.06	8.61	9.63	100	of
5	6	7	2	1	2	129.84	388.06	14.88	9.63	100	red
5	6	7	2	1	3	148.33	388.06	23.16	9.63	100	team
5	6	7	2	1	4	175.11	388.06	62.12	9.63	100	engagements.
5	6	7	2	1	5	242.07	388.06	8.02	9.63	100	It
5	6	7	2	1	6	253.71	388.06	31.54	9.63	100	defines
5	6	7	2	1	7	288.86	388.06	14.85	9.63	100	the
5	6	7	2	1	8	307.32	388.06	63.31	9.63	100	appointments
5	6	7	2	1	9	374.24	388.06	41.26	9.63	100	involved,
5	6	7	2	1	10	419.13	388.06	14.85	9.63	100	the
5	6	7	2	1	11	437.59	388.06	43.38	9.63	100	authority
5	6	7	2	1	12	484.59	388.06	41.34	9.63	100	required,
4	6	7	2	2	0	70.866000	401.608630	453.539107	9.632735	-1	###LINE###
5	6	7	2	2	0	70.87	401.61	15.08	9.63	100	the
5	6	7	2	2	1	89.59	401.61	41.37	9.63	100	sequence
5	6	7	2	2	2	134.61	401.61	8.74	9.63	100	of
5	6	7	2	2	3	147.01	401.61	37.98	9.63	100	activity,
5	6	7	2	2	4	188.64	401.61	15.08	9.63	100	the
5	6	7	2	2	5	207.36	401.61	51.72	9.63	100	constraints
5	6	7	2	2	6	262.72	401.61	11.46	9.63	100	on
5	6	7	2	2	7	277.83	401.61	19.90	9.63	100	that
5	6	7	2	2	8	301.38	401.61	37.98	9.63	100	activity,
5	6	7	2	2	9	343.02	401.61	17.49	9.63	100	and
5	6	7	2	2	10	364.15	401.61	15.08	9.63	100	the
5	6	7	2	2	11	382.87	401.61	23.05	9.63	100	basis
5	6	7	2	2	12	409.57	401.61	11.46	9.63	100	on
5	6	7	2	2	13	424.67	401.61	27.43	9.63	100	which
5	6	7	2	2	14	455.75	401.61	57.71	9.63	100	effectiveness
5	6	7	2	2	15	517.11	401.61	7.30	9.63	100	is
4	6	7	2	3	0	70.866000	415.158630	34.846938	9.632735	-1	###LINE###
5	6	7	2	3	0	70.87	415.16	34.85	9.63	100	judged.
3	6	7	3	0	0	70.321000	435.481630	454.087687	36.731735	-1	###FLOW###
4	6	7	3	0	0	70.321000	435.481630	454.087687	9.632735	-1	###LINE###
5	6	7	3	0	0	70.32	435.48	14.22	9.63	100	1.2
5	6	7	3	0	1	88.85	435.48	8.35	9.63	100	It
5	6	7	3	0	2	101.50	435.48	7.48	9.63	100	is
5	6	7	3	0	3	113.28	435.48	5.56	9.63	100	a
5	6	7	3	0	4	123.15	435.48	46.72	9.63	100	governing
5	6	7	3	0	5	174.18	435.48	57.49	9.63	100	publication,
5	6	7	3	0	6	236.14	435.48	16.07	9.63	100	not
5	6	7	3	0	7	256.52	435.48	5.56	9.63	100	a
5	6	7	3	0	8	266.40	435.48	42.96	9.63	100	technical
5	6	7	3	0	9	313.67	435.48	38.64	9.63	100	manual.
5	6	7	3	0	10	359.18	435.48	8.35	9.63	100	It
5	6	7	3	0	11	371.83	435.48	43.73	9.63	100	describes
5	6	7	3	0	12	419.87	435.48	19.48	9.63	100	how
5	6	7	3	0	13	443.65	435.48	61.58	9.63	100	engagements
5	6	7	3	0	14	509.54	435.48	14.87	9.63	100	are
4	6	7	3	1	0	70.866000	449.031630	453.540225	9.632735	-1	###LINE###
5	6	7	3	1	0	70.87	449.03	51.04	9.63	100	controlled.
5	6	7	3	1	1	129.68	449.03	8.35	9.63	100	It
5	6	7	3	1	2	142.65	449.03	21.38	9.63	100	does
5	6	7	3	1	3	168.65	449.03	16.07	9.63	100	not
5	6	7	3	1	4	189.32	449.03	39.35	9.63	100	describe
5	6	7	3	1	5	233.28	449.03	19.48	9.63	100	how
5	6	7	3	1	6	257.38	449.03	50.76	9.63	100	techniques
5	6	7	3	1	7	312.75	449.03	14.87	9.63	100	are
5	6	7	3	1	8	332.23	449.03	45.44	9.63	100	executed.
5	6	7	3	1	9	385.45	449.03	45.77	9.63	100	Technical
5	6	7	3	1	10	435.84	449.03	42.69	9.63	100	direction
5	6	7	3	1	11	483.13	449.03	7.48	9.63	100	is
5	6	7	3	1	12	495.23	449.03	29.18	9.63	100	issued
4	6	7	3	2	0	70.866000	462.580630	236.027106	9.632735	-1	###LINE###
5	6	7	3	2	0	70.87	462.58	48.27	9.63	100	separately
5	6	7	3	2	1	122.77	462.58	9.09	9.63	100	in
5	6	7	3	2	2	135.51	462.58	15.15	9.63	100	the
5	6	7	3	2	3	154.29	462.58	37.33	9.63	100	annexes
5	6	7	3	2	4	195.26	462.58	25.52	9.63	100	listed
5	6	7	3	2	5	224.42	462.58	9.70	9.63	100	at
5	6	7	3	2	6	237.75	462.58	48.54	9.63	100	paragraph
5	6	7	3	2	7	289.92	462.58	16.97	9.63	100	1.9.
3	6	8	0	0	0	70.866000	491.131643	34.153615	10.496666	-1	###FLOW###
4	6	8	0	0	0	70.866000	491.131643	34.153615	10.496666	-1	###LINE###
5	6	8	0	0	0	70.87	491.13	34.15	10.50	100	Scope
3	6	8	1	0	0	70.321000	512.387630	454.092466	36.730735	-1	###FLOW###
4	6	8	1	0	0	70.321000	512.387630	454.092466	9.632735	-1	###LINE###
5	6	8	1	0	0	70.32	512.39	13.66	9.63	100	1.3
5	6	8	1	0	1	87.50	512.39	20.85	9.63	100	This
5	6	8	1	0	2	111.87	512.39	52.27	9.63	100	publication
5	6	8	1	0	3	167.66	512.39	32.13	9.63	100	applies
5	6	8	1	0	4	203.32	512.39	9.50	9.63	100	to
5	6	8	1	0	5	216.34	512.39	11.29	9.63	100	all
5	6	8	1	0	6	231.14	512.39	44.70	9.63	100	assurance
5	6	8	1	0	7	279.36	512.39	35.33	9.63	100	activity
5	6	8	1	0	8	318.22	512.39	47.51	9.63	100	conducted
5	6	8	1	0	9	369.25	512.39	33.32	9.63	100	against
5	6	8	1	0	10	406.10	512.39	54.37	9.63	100	information
5	6	8	1	0	11	463.99	512.39	36.11	9.63	100	systems
5	6	8	1	0	12	503.63	512.39	20.79	9.63	100	with
4	6	8	1	1	0	70.866000	525.936630	453.547170	9.632735	-1	###LINE###
5	6	8	1	1	0	70.87	525.94	15.05	9.63	100	the
5	6	8	1	1	1	89.56	525.94	35.26	9.63	100	consent
5	6	8	1	1	2	128.47	525.94	8.73	9.63	100	of
5	6	8	1	1	3	140.84	525.94	15.05	9.63	100	the
5	6	8	1	1	4	159.53	525.94	43.96	9.63	100	authority
5	6	8	1	1	5	207.14	525.94	52.21	9.63	100	responsible
5	6	8	1	1	6	263.00	525.94	12.97	9.63	100	for
5	6	8	1	1	7	279.61	525.94	24.73	9.63	100	those
5	6	8	1	1	8	307.99	525.94	39.60	9.63	100	systems,
5	6	8	1	1	9	351.24	525.94	37.94	9.63	100	whether
5	6	8	1	1	10	392.83	525.94	24.73	9.63	100	those
5	6	8	1	1	11	421.21	525.94	36.59	9.63	100	systems
5	6	8	1	1	12	461.45	525.94	31.00	9.63	100	belong
5	6	8	1	1	13	496.09	525.94	9.63	9.63	100	to
5	6	8	1	1	14	509.37	525.94	15.05	9.63	100	the
4	6	8	1	2	0	70.866000	539.485630	343.665014	9.632735	-1	###LINE###
5	6	8	1	2	0	70.87	539.49	32.24	9.63	100	issuing
5	6	8	1	2	1	106.74	539.49	58.28	9.63	100	organisation
5	6	8	1	2	2	168.66	539.49	9.73	9.63	100	or
5	6	8	1	2	3	182.02	539.49	9.70	9.63	100	to
5	6	8	1	2	4	195.36	539.49	36.39	9.63	100	another
5	6	8	1	2	5	235.38	539.49	58.27	9.63	100	organisation
5	6	8	1	2	6	297.29	539.49	38.42	9.63	100	assessed
5	6	8	1	2	7	339.35	539.49	27.30	9.63	100	under
5	6	8	1	2	8	370.29	539.49	44.24	9.63	100	mandate.
3	6	8	2	0	0	70.321000	559.809630	455.602119	23.181735	-1	###FLOW###
4	6	8	2	0	0	70.321000	559.809630	455.602119	9.632735	-1	###LINE###
5	6	8	2	0	0	70.32	559.81	14.16	9.63	100	1.4
5	6	8	2	0	1	88.12	559.81	8.31	9.63	100	It
5	6	8	2	0	2	100.07	559.81	33.31	9.63	100	applies
5	6	8	2	0	3	137.01	559.81	34.48	9.63	100	equally
5	6	8	2	0	4	175.12	559.81	9.85	9.63	100	to
5	6	8	2	0	5	188.61	559.81	29.29	9.63	100	covert
5	6	8	2	0	6	221.53	559.81	64.42	9.63	100	engagements,
5	6	8	2	0	7	289.59	559.81	23.08	9.63	100	open
5	6	8	2	0	8	316.30	559.81	61.92	9.63	100	collaborative
5	6	8	2	0	9	381.85	559.81	23.43	9.63	100	work
5	6	8	2	0	10	408.92	559.81	21.55	9.63	100	with
5	6	8	2	0	11	434.10	559.81	43.48	9.63	100	defensive
5	6	8	2	0	12	481.22	559.81	44.70	9.63	100	elements,
4	6	8	2	1	0	70.866000	573.358630	142.910301	9.632735	-1	###LINE###
5	6	8	2	1	0	70.87	573.36	17.57	9.63	100	and
5	6	8	2	1	1	92.07	573.36	61.24	9.63	100	participation
5	6	8	2	1	2	156.96	573.36	9.09	9.63	100	in
5	6	8	2	1	3	169.68	573.36	44.09	9.63	100	exercises.
3	6	9	0	0	0	70.866000	601.910643	75.726628	10.496666	-1	###FLOW###
4	6	9	0	0	0	70.866000	601.910643	75.726628	10.496666	-1	###LINE###
5	6	9	0	0	0	70.87	601.91	75.73	10.50	100	Applicability
3	6	9	1	0	0	70.321000	623.165630	454.088400	23.182735	-1	###FLOW###
4	6	9	1	0	0	70.321000	623.165630	454.088400	9.632735	-1	###LINE###
5	6	9	1	0	0	70.32	623.17	13.79	9.63	100	1.5
5	6	9	1	0	1	87.74	623.17	21.04	9.63	100	This
5	6	9	1	0	2	112.43	623.17	52.75	9.63	100	publication
5	6	9	1	0	3	168.81	623.17	7.25	9.63	100	is
5	6	9	1	0	4	179.70	623.17	35.36	9.63	100	binding
5	6	9	1	0	5	218.71	623.17	11.39	9.63	100	on
5	6	9	1	0	6	233.73	623.17	11.39	9.63	100	all
5	6	9	1	0	7	248.76	623.17	44.75	9.63	100	personnel
5	6	9	1	0	8	297.15	623.17	51.55	9.63	100	conducting
5	6	9	1	0	9	352.33	623.17	9.62	9.63	100	or
5	6	9	1	0	10	365.59	623.17	50.74	9.63	100	supporting
5	6	9	1	0	11	419.97	623.17	15.02	9.63	100	red
5	6	9	1	0	12	438.63	623.17	23.38	9.63	100	team
5	6	9	1	0	13	465.64	623.17	37.75	9.63	100	activity,
5	6	9	1	0	14	507.03	623.17	17.38	9.63	100	and
4	6	9	1	1	0	70.866000	636.715630	241.393292	9.632735	-1	###LINE###
5	6	9	1	1	0	70.87	636.72	11.51	9.63	100	on
5	6	9	1	1	1	86.01	636.72	15.15	9.63	100	the
5	6	9	1	1	2	104.81	636.72	64.60	9.63	100	appointments
5	6	9	1	1	3	173.04	636.72	20.00	9.63	100	that
5	6	9	1	1	4	196.69	636.72	43.73	9.63	100	authorise
5	6	9	1	1	5	244.05	636.72	17.57	9.63	100	and
5	6	9	1	1	6	265.26	636.72	33.06	9.63	100	control
5	6	9	1	1	7	301.96	636.72	10.30	9.63	100	it.
3	6	9	2	0	0	70.321000	657.038630	454.092198	23.182735	-1	###FLOW###
4	6	9	2	0	0	70.321000	657.038630	454.092198	9.632735	-1	###LINE###
5	6	9	2	0	0	70.32	657.04	13.95	9.63	100	1.6
5	6	9	2	0	1	87.91	657.04	55.81	9.63	100	Compliance
5	6	9	2	0	2	147.36	657.04	7.34	9.63	100	is
5	6	9	2	0	3	158.34	657.04	5.46	9.63	100	a
5	6	9	2	0	4	167.43	657.04	44.29	9.63	100	condition
5	6	9	2	0	5	215.36	657.04	8.80	9.63	100	of
5	6	9	2	0	6	227.80	657.04	66.22	9.63	100	authorisation.
5	6	9	2	0	7	298.86	657.04	38.52	9.63	100	Activity
5	6	9	2	0	8	341.02	657.04	48.53	9.63	100	conducted
5	6	9	2	0	9	393.19	657.04	34.04	9.63	100	outside
5	6	9	2	0	10	430.87	657.04	17.65	9.63	100	this
5	6	9	2	0	11	452.16	657.04	61.28	9.63	100	methodology
5	6	9	2	0	12	517.07	657.04	7.34	9.63	100	is
4	6	9	2	1	0	70.866000	670.588630	335.788643	9.632735	-1	###LINE###
5	6	9	2	1	0	70.87	670.59	61.91	9.63	100	unauthorised
5	6	9	2	1	1	136.42	670.59	38.17	9.63	100	activity,
5	6	9	2	1	2	178.23	670.59	21.21	9.63	100	with
5	6	9	2	1	3	203.08	670.59	15.15	9.63	100	the
5	6	9	2	1	4	221.86	670.59	62.24	9.63	100	consequences
5	6	9	2	1	5	287.75	670.59	13.39	9.63	100	set
5	6	9	2	1	6	304.78	670.59	15.76	9.63	100	out
5	6	9	2	1	7	324.17	670.59	9.70	9.63	100	at
5	6	9	2	1	8	337.51	670.59	48.54	9.63	100	paragraph
5	6	9	2	1	9	389.68	670.59	16.97	9.63	100	5.2.
3	6	10	0	0	0	70.866000	699.139643	37.295442	10.496666	-1	###FLOW###
4	6	10	0	0	0	70.866000	699.139643	37.295442	10.496666	-1	###LINE###
5	6	10	0	0	0	70.87	699.14	37.30	10.50	100	Limits
3	6	10	1	0	0	70.321000	720.395630	455.606325	36.730735	-1	###FLOW###
4	6	10	1	0	0	70.321000	720.395630	454.086575	9.632735	-1	###LINE###
5	6	10	1	0	0	70.32	720.40	14.22	9.63	100	1.7
5	6	10	1	0	1	89.35	720.40	21.70	9.63	100	This
5	6	10	1	0	2	115.84	720.40	54.40	9.63	100	publication
5	6	10	1	0	3	175.05	720.40	36.26	9.63	100	governs
5	6	10	1	0	4	216.12	720.40	46.52	9.63	100	assurance
5	6	10	1	0	5	267.44	720.40	36.78	9.63	100	activity
5	6	10	1	0	6	309.03	720.40	22.89	9.63	100	only.
5	6	10	1	0	7	340.27	720.40	8.35	9.63	100	It
5	6	10	1	0	8	353.41	720.40	33.78	9.63	100	confers
5	6	10	1	0	9	392.00	720.40	11.74	9.63	100	no
5	6	10	1	0	10	408.56	720.40	45.16	9.63	100	authority
5	6	10	1	0	11	458.52	720.40	9.27	9.63	100	in
5	6	10	1	0	12	472.60	720.40	37.12	9.63	100	relation
5	6	10	1	0	13	514.52	720.40	9.89	9.63	100	to
4	6	10	1	1	0	70.866000	733.944630	455.061325	9.632735	-1	###LINE###
5	6	10	1	1	0	70.87	733.94	50.47	9.63	100	operations
5	6	10	1	1	1	125.26	733.94	49.45	9.63	100	conducted
5	6	10	1	1	2	178.64	733.94	34.68	9.63	100	against
5	6	10	1	1	3	217.25	733.94	11.74	9.63	100	an
5	6	10	1	1	4	232.92	733.94	54.29	9.63	100	adversary’s
5	6	10	1	1	5	291.13	733.94	40.68	9.63	100	systems.
5	6	10	1	1	6	337.53	733.94	19.16	9.63	100	The
5	6	10	1	1	7	360.62	733.94	46.38	9.63	100	boundary
5	6	10	1	1	8	410.93	733.94	7.48	9.63	100	is
5	6	10	1	1	9	422.34	733.94	13.66	9.63	100	set
5	6	10	1	1	10	439.93	733.94	16.07	9.63	100	out
5	6	10	1	1	11	459.93	733.94	9.89	9.63	100	at
5	6	10	1	1	12	473.75	733.94	39.59	9.63	100	Chapter
5	6	10	1	1	13	517.27	733.94	8.65	9.63	100	2,
4	6	10	1	2	0	70.866000	747.493630	115.272096	9.632735	-1	###LINE###
5	6	10	1	2	0	70.87	747.49	52.85	9.63	100	paragraphs
5	6	10	1	2	1	127.35	747.49	19.39	9.63	100	2.11
5	6	10	1	2	2	150.38	747.49	9.70	9.63	100	to
5	6	10	1	2	3	163.71	747.49	22.42	9.63	100	2.14.
3	6	11	0	0	0	257.623000	793.912520	80.030500	8.015962	-1	###FLOW###
4	6	11	0	0	0	257.623000	793.912520	80.030500	8.015962	-1	###LINE###
5	6	11	0	0	0	257.62	793.91	80.03	8.02	100	UNCLASSIFIED
3	6	11	1	0	0	289.170000	808.605601	16.938057	7.037598	-1	###FLOW###
4	6	11	1	0	0	289.170000	808.605601	16.938057	7.037598	-1	###LINE###
5	6	11	1	0	0	289.17	808.61	16.94	7.04	100	6/29
1	7	0	0	0	0	289.170000	808.605601	595.276000	841.890000	-1	###PAGE###
3	7	0	0	0	0	257.623000	39.603520	80.030500	8.015962	-1	###FLOW###
4	7	0	0	0	0	257.623000	39.603520	80.030500	8.015962	-1	###LINE###
5	7	0	0	0	0	257.62	39.60	80.03	8.02	100	UNCLASSIFIED
3	7	1	0	0	0	70.321000	78.293630	454.496905	23.182735	-1	###FLOW###
4	7	1	0	0	0	70.321000	78.293630	454.496905	9.632735	-1	###LINE###
5	7	1	0	0	0	70.32	78.29	13.77	9.63	100	1.8
5	7	1	0	0	1	87.73	78.29	42.84	9.63	100	Approval
5	7	1	0	0	2	134.19	78.29	8.68	9.63	100	of
5	7	1	0	0	3	146.51	78.29	17.42	9.63	100	this
5	7	1	0	0	4	167.56	78.29	52.69	9.63	100	publication
5	7	1	0	0	5	223.89	78.29	47.46	9.63	100	authorises
5	7	1	0	0	6	274.98	78.29	11.38	9.63	100	no
5	7	1	0	0	7	289.99	78.29	35.63	9.63	100	activity
5	7	1	0	0	8	329.25	78.29	33.59	9.63	100	against
5	7	1	0	0	9	366.48	78.29	16.76	9.63	100	any
5	7	1	0	0	10	386.87	78.29	31.17	9.63	100	target.
5	7	1	0	0	11	422.89	78.29	46.13	9.63	100	Authority
5	7	1	0	0	12	472.65	78.29	12.90	9.63	100	for
5	7	1	0	0	13	489.19	78.29	35.63	9.63	100	activity
4	7	1	0	1	0	70.866000	91.843630	283.271145	9.632735	-1	###LINE###
5	7	1	0	1	0	70.87	91.84	7.33	9.63	100	is
5	7	1	0	1	1	81.83	91.84	52.24	9.63	100	established
5	7	1	0	1	2	137.72	91.84	56.06	9.63	100	engagement
5	7	1	0	1	3	197.41	91.84	11.52	9.63	100	by
5	7	1	0	1	4	212.56	91.84	56.06	9.63	100	engagement
5	7	1	0	1	5	272.26	91.84	27.30	9.63	100	under
5	7	1	0	1	6	303.20	91.84	38.82	9.63	100	Chapter
5	7	1	0	1	7	345.65	91.84	8.49	9.63	100	5.
3	7	2	0	0	0	70.866000	120.394643	120.637532	10.496666	-1	###FLOW###
4	7	2	0	0	0	70.866000	120.394643	120.637532	10.496666	-1	###LINE###
5	7	2	0	0	0	70.87	120.39	45.28	10.50	100	Related
5	7	2	0	0	1	120.63	120.39	70.87	10.50	100	publications
3	7	2	1	0	0	70.321000	141.650630	454.383007	63.828735	-1	###FLOW###
4	7	2	1	0	0	70.321000	141.650630	454.087687	9.632735	-1	###LINE###
5	7	2	1	0	0	70.32	141.65	14.22	9.63	100	1.9
5	7	2	1	0	1	88.19	141.65	40.86	9.63	100	Annexes
5	7	2	1	0	2	132.69	141.65	8.35	9.63	100	A
5	7	2	1	0	3	144.68	141.65	9.89	9.63	100	to
5	7	2	1	0	4	158.23	141.65	8.73	9.63	100	G
5	7	2	1	0	5	170.60	141.65	22.59	9.63	100	form
5	7	2	1	0	6	196.84	141.65	15.45	9.63	100	the
5	7	2	1	0	7	215.94	141.65	40.80	9.63	100	common
5	7	2	1	0	8	260.38	141.65	57.19	9.63	100	engagement
5	7	2	1	0	9	321.22	141.65	33.72	9.63	100	control
5	7	2	1	0	10	358.59	141.65	16.75	9.63	100	set.
5	7	2	1	0	11	380.22	141.65	31.53	9.63	100	Annex
5	7	2	1	0	12	415.40	141.65	8.35	9.63	100	H
5	7	2	1	0	13	427.39	141.65	33.44	9.63	100	applies
5	7	2	1	0	14	464.47	141.65	46.40	9.63	100	according
5	7	2	1	0	15	514.52	141.65	9.89	9.63	100	to
4	7	2	1	1	0	70.866000	155.199630	453.539217	9.632735	-1	###LINE###
5	7	2	1	1	0	70.87	155.20	14.91	9.63	100	the
5	7	2	1	1	1	89.42	155.20	39.68	9.63	100	category
5	7	2	1	1	2	132.75	155.20	8.65	9.63	100	of
5	7	2	1	1	3	145.05	155.20	37.55	9.63	100	activity,
5	7	2	1	1	4	186.25	155.20	30.41	9.63	100	Annex
5	7	2	1	1	5	220.31	155.20	3.88	9.63	100	I
5	7	2	1	1	6	227.83	155.20	32.26	9.63	100	applies
5	7	2	1	1	7	263.73	155.20	19.99	9.63	100	only
5	7	2	1	1	8	287.36	155.20	9.54	9.63	100	to
5	7	2	1	1	9	300.55	155.20	14.91	9.63	100	the
5	7	2	1	1	10	319.10	155.20	49.32	9.63	100	specialised
5	7	2	1	1	11	372.07	155.20	62.40	9.63	100	environments
5	7	2	1	1	12	438.12	155.20	7.16	9.63	100	it
5	7	2	1	1	13	448.92	155.20	32.26	9.63	100	names,
5	7	2	1	1	14	484.84	155.20	30.41	9.63	100	Annex
5	7	2	1	1	15	518.89	155.20	5.52	9.63	100	J
4	7	2	1	2	0	70.866000	168.748630	453.539636	9.632735	-1	###LINE###
5	7	2	1	2	0	70.87	168.75	35.22	9.63	100	governs
5	7	2	1	2	1	109.74	168.75	15.02	9.63	100	the
5	7	2	1	2	2	128.40	168.75	40.31	9.63	100	standing
5	7	2	1	2	3	172.35	168.75	48.34	9.63	100	capability,
5	7	2	1	2	4	224.35	168.75	17.42	9.63	100	and
5	7	2	1	2	5	245.42	168.75	30.63	9.63	100	Annex
5	7	2	1	2	6	279.70	168.75	8.41	9.63	100	K
5	7	2	1	2	7	291.76	168.75	33.75	9.63	100	records
5	7	2	1	2	8	329.17	168.75	58.25	9.63	100	applicability
5	7	2	1	2	9	391.07	168.75	17.42	9.63	100	and
5	7	2	1	2	10	412.14	168.75	29.52	9.63	100	source
5	7	2	1	2	11	445.32	168.75	55.58	9.63	100	provenance.
5	7	2	1	2	12	505.79	168.75	18.62	9.63	100	The
4	7	2	1	3	0	70.866000	182.297630	453.838007	9.632735	-1	###LINE###
5	7	2	1	3	0	70.87	182.30	37.11	9.63	100	annexes
5	7	2	1	3	1	111.62	182.30	14.49	9.63	100	are
5	7	2	1	3	2	129.74	182.30	28.43	9.63	100	issued
5	7	2	1	3	3	161.82	182.30	27.14	9.63	100	under
5	7	2	1	3	4	192.60	182.30	15.06	9.63	100	the
5	7	2	1	3	5	211.29	182.30	44.00	9.63	100	authority
5	7	2	1	3	6	258.94	182.30	8.73	9.63	100	of
5	7	2	1	3	7	271.32	182.30	15.06	9.63	100	the
5	7	2	1	3	8	290.01	182.30	24.40	9.63	100	Head
5	7	2	1	3	9	318.05	182.30	8.73	9.63	100	of
5	7	2	1	3	10	330.43	182.30	18.83	9.63	100	Red
5	7	2	1	3	11	352.89	182.30	26.21	9.63	100	Team
5	7	2	1	3	12	382.73	182.30	17.47	9.63	100	and
5	7	2	1	3	13	403.84	182.30	19.88	9.63	100	may
5	7	2	1	3	14	427.36	182.30	11.15	9.63	100	be
5	7	2	1	3	15	442.14	182.30	42.17	9.63	100	amended
5	7	2	1	3	16	487.96	182.30	36.75	9.63	100	without
4	7	2	1	4	0	70.866000	195.846630	150.055761	9.632735	-1	###LINE###
5	7	2	1	4	0	70.87	195.85	55.45	9.63	100	amendment
5	7	2	1	4	1	129.96	195.85	9.70	9.63	100	to
5	7	2	1	4	2	143.29	195.85	17.64	9.63	100	this
5	7	2	1	4	3	164.56	195.85	56.36	9.63	100	publication.
3	7	2	2	0	0	70.463000	224.276630	30.908753	9.632735	-1	###FLOW###
4	7	2	2	0	0	70.463000	224.276630	30.908753	9.632735	-1	###LINE###
5	7	2	2	0	0	70.46	224.28	30.91	9.63	100	Annex
3	7	3	0	0	0	153.084000	224.276630	23.031292	9.632735	-1	###FLOW###
4	7	3	0	0	0	153.084000	224.276630	23.031292	9.632735	-1	###LINE###
5	7	3	0	0	0	153.08	224.28	23.03	9.63	100	Title
3	7	4	0	0	0	70.866000	244.653630	8.560371	158.673735	-1	###FLOW###
4	7	4	0	0	0	70.866000	244.653630	8.181825	9.632735	-1	###LINE###
5	7	4	0	0	0	70.87	244.65	8.18	9.63	100	A
4	7	4	0	1	0	70.866000	259.557630	7.726916	9.632735	-1	###LINE###
5	7	4	0	1	0	70.87	259.56	7.73	9.63	100	B
4	7	4	0	2	0	70.866000	274.461630	7.878552	9.632735	-1	###LINE###
5	7	4	0	2	0	70.87	274.46	7.88	9.63	100	C
4	7	4	0	3	0	70.866000	289.365630	8.333461	9.632735	-1	###LINE###
5	7	4	0	3	0	70.87	289.37	8.33	9.63	100	D
4	7	4	0	4	0	70.866000	304.269630	7.423643	9.632735	-1	###LINE###
5	7	4	0	4	0	70.87	304.27	7.42	9.63	100	E
4	7	4	0	5	0	70.866000	319.174630	7.121460	9.632735	-1	###LINE###
5	7	4	0	5	0	70.87	319.17	7.12	9.63	100	F
4	7	4	0	6	0	70.866000	334.078630	8.560371	9.632735	-1	###LINE###
5	7	4	0	6	0	70.87	334.08	8.56	9.63	100	G
4	7	4	0	7	0	70.866000	348.982630	8.181825	9.632735	-1	###LINE###
5	7	4	0	7	0	70.87	348.98	8.18	9.63	100	H
4	7	4	0	8	0	70.866000	363.886630	3.939276	9.632735	-1	###LINE###
5	7	4	0	8	0	70.87	363.89	3.94	9.63	100	I
4	7	4	0	9	0	70.866000	378.790630	5.606186	9.632735	-1	###LINE###
5	7	4	0	9	0	70.87	378.79	5.61	9.63	100	J
4	7	4	0	10	0	70.866000	393.694630	8.485098	9.632735	-1	###LINE###
5	7	4	0	10	0	70.87	393.69	8.49	9.63	100	K
3	7	5	0	0	0	153.472978	244.653630	218.726364	158.673735	-1	###FLOW###
4	7	5	0	0	0	153.477000	244.653630	124.875377	9.632735	-1	###LINE###
5	7	5	0	0	0	153.48	244.65	25.67	9.63	100	Roles
5	7	5	0	0	1	182.78	244.65	17.57	9.63	100	and
5	7	5	0	0	2	203.99	244.65	39.91	9.63	100	Decision
5	7	5	0	0	3	247.54	244.65	30.81	9.63	100	Rights
4	7	5	0	1	0	153.472978	259.557630	147.972123	9.632735	-1	###LINE###
5	7	5	0	1	0	153.47	259.56	25.98	9.63	100	Rules
5	7	5	0	1	1	183.08	259.56	8.79	9.63	100	of
5	7	5	0	1	2	195.50	259.56	58.64	9.63	100	Engagement
5	7	5	0	1	3	257.78	259.56	43.66	9.63	100	Standard
4	7	5	0	2	0	153.477000	274.461630	103.632086	9.632735	-1	###LINE###
5	7	5	0	2	0	153.48	274.46	58.63	9.63	100	Engagement
5	7	5	0	2	1	215.75	274.46	41.36	9.63	100	Lifecycle
4	7	5	0	3	0	153.479523	289.365630	144.602302	9.632735	-1	###LINE###
5	7	5	0	3	0	153.48	289.37	42.57	9.63	100	Planning
5	7	5	0	3	1	199.69	289.37	17.57	9.63	100	and
5	7	5	0	3	2	220.90	289.37	32.76	9.63	100	Threat
5	7	5	0	3	3	257.29	289.37	40.79	9.63	100	Profiling
4	7	5	0	4	0	153.477000	304.269630	122.329193	9.632735	-1	###LINE###
5	7	5	0	4	0	153.48	304.27	47.73	9.63	100	Execution
5	7	5	0	4	1	204.84	304.27	17.57	9.63	100	and
5	7	5	0	4	2	226.06	304.27	49.75	9.63	100	Tradecraft
4	7	5	0	5	0	153.478432	319.174630	108.147363	9.632735	-1	###LINE###
5	7	5	0	5	0	153.48	319.17	47.76	9.63	100	Reporting
5	7	5	0	5	1	204.87	319.17	17.57	9.63	100	and
5	7	5	0	5	2	226.08	319.17	35.55	9.63	100	Metrics
4	7	5	0	6	0	153.477000	334.078630	156.973222	9.632735	-1	###LINE###
5	7	5	0	6	0	153.48	334.08	28.64	9.63	100	Legal,
5	7	5	0	6	1	185.75	334.08	29.40	9.63	100	Safety
5	7	5	0	6	2	218.78	334.08	17.57	9.63	100	and
5	7	5	0	6	3	239.99	334.08	23.49	9.63	100	Data
5	7	5	0	6	4	267.12	334.08	43.33	9.63	100	Handling
4	7	5	0	7	0	153.480614	348.982630	124.485922	9.632735	-1	###LINE###
5	7	5	0	7	0	153.48	348.98	49.79	9.63	100	Categories
5	7	5	0	7	1	206.90	348.98	8.79	9.63	100	of
5	7	5	0	7	2	219.32	348.98	58.64	9.63	100	Engagement
4	7	5	0	8	0	153.477000	363.886630	121.518647	9.632735	-1	###LINE###
5	7	5	0	8	0	153.48	363.89	51.88	9.63	100	Specialised
5	7	5	0	8	1	208.99	363.89	66.00	9.63	100	Environments
4	7	5	0	9	0	153.479523	378.790630	218.719819	9.632735	-1	###LINE###
5	7	5	0	9	0	153.48	378.79	52.72	9.63	100	Capability:
5	7	5	0	9	1	211.05	378.79	38.79	9.63	100	Tooling,
5	7	5	0	9	2	253.47	378.79	53.55	9.63	100	Laboratory
5	7	5	0	9	3	310.66	378.79	17.57	9.63	100	and
5	7	5	0	9	4	331.87	378.79	40.33	9.63	100	Training
4	7	5	0	10	0	153.477000	393.694630	85.516435	9.632735	-1	###LINE###
5	7	5	0	10	0	153.48	393.69	24.82	9.63	100	Basis
5	7	5	0	10	1	181.93	393.69	17.57	9.63	100	and
5	7	5	0	10	2	203.15	393.69	35.85	9.63	100	Sources
3	7	6	0	0	0	70.321000	433.191630	454.090327	23.181735	-1	###FLOW###
4	7	6	0	0	0	70.321000	433.191630	454.090327	9.632735	-1	###LINE###
5	7	6	0	0	0	70.32	433.19	19.01	9.63	100	1.10
5	7	6	0	0	1	92.86	433.19	16.81	9.63	100	Pro
5	7	6	0	0	2	113.20	433.19	31.27	9.63	100	formas
5	7	6	0	0	3	148.00	433.19	18.41	9.63	100	T01
5	7	6	0	0	4	169.94	433.19	9.50	9.63	100	to
5	7	6	0	0	5	182.98	433.19	18.41	9.63	100	T12
5	7	6	0	0	6	204.92	433.19	14.29	9.63	100	are
5	7	6	0	0	7	222.75	433.19	28.03	9.63	100	issued
5	7	6	0	0	8	254.31	433.19	20.79	9.63	100	with
5	7	6	0	0	9	278.63	433.19	17.28	9.63	100	this
5	7	6	0	0	10	299.44	433.19	52.27	9.63	100	publication
5	7	6	0	0	11	355.24	433.19	12.80	9.63	100	for
5	7	6	0	0	12	371.58	433.19	14.91	9.63	100	use
5	7	6	0	0	13	390.01	433.19	30.32	9.63	100	during
5	7	6	0	0	14	423.87	433.19	11.28	9.63	100	an
5	7	6	0	0	15	438.68	433.19	57.91	9.63	100	engagement.
5	7	6	0	0	16	501.40	433.19	23.01	9.63	100	Each
4	7	6	0	1	0	70.866000	446.740630	367.575579	9.632735	-1	###LINE###
5	7	6	0	1	0	70.87	446.74	15.79	9.63	100	pro
5	7	6	0	1	1	90.29	446.74	27.61	9.63	100	forma
5	7	6	0	1	2	121.54	446.74	21.88	9.63	100	shall
5	7	6	0	1	3	147.05	446.74	11.21	9.63	100	be
5	7	6	0	1	4	161.89	446.74	48.49	9.63	100	completed
5	7	6	0	1	5	214.01	446.74	17.57	9.63	100	and
5	7	6	0	1	6	235.23	446.74	38.82	9.63	100	retained
5	7	6	0	1	7	277.68	446.74	9.76	9.63	100	as
5	7	6	0	1	8	291.08	446.74	20.03	9.63	100	part
5	7	6	0	1	9	314.75	446.74	8.79	9.63	100	of
5	7	6	0	1	10	327.17	446.74	15.15	9.63	100	the
5	7	6	0	1	11	345.96	446.74	56.06	9.63	100	engagement
5	7	6	0	1	12	405.65	446.74	32.79	9.63	100	record.
3	7	7	0	0	0	70.866000	475.292643	73.285376	10.496666	-1	###FLOW###
4	7	7	0	0	0	70.866000	475.292643	73.285376	10.496666	-1	###LINE###
5	7	7	0	0	0	70.87	475.29	73.29	10.50	100	Terminology
3	7	7	1	0	0	70.321000	496.547630	392.395963	9.632735	-1	###FLOW###
4	7	7	1	0	0	70.321000	496.547630	392.395963	9.632735	-1	###LINE###
5	7	7	1	0	0	70.32	496.55	19.39	9.63	100	1.11
5	7	7	1	0	1	93.35	496.55	18.79	9.63	100	The
5	7	7	1	0	2	115.78	496.55	42.42	9.63	100	following
5	7	7	1	0	3	161.83	496.55	55.22	9.63	100	conventions
5	7	7	1	0	4	220.68	496.55	26.36	9.63	100	apply
5	7	7	1	0	5	250.69	496.55	53.36	9.63	100	throughout
5	7	7	1	0	6	307.68	496.55	17.64	9.63	100	this
5	7	7	1	0	7	328.96	496.55	53.33	9.63	100	publication
5	7	7	1	0	8	385.93	496.55	17.57	9.63	100	and
5	7	7	1	0	9	407.13	496.55	11.58	9.63	100	its
5	7	7	1	0	10	422.35	496.55	40.36	9.63	100	annexes.
3	7	7	2	0	0	70.473000	524.976630	25.185839	9.632735	-1	###FLOW###
4	7	7	2	0	0	70.473000	524.976630	25.185839	9.632735	-1	###LINE###
5	7	7	2	0	0	70.47	524.98	25.19	9.63	100	Term
3	7	8	0	0	0	188.805000	524.976630	40.909125	9.632735	-1	###FLOW###
4	7	8	0	0	0	188.805000	524.976630	40.909125	9.632735	-1	###LINE###
5	7	8	0	0	0	188.81	524.98	40.91	9.63	100	Meaning
3	7	9	0	0	0	70.866000	545.353630	21.878200	9.632735	-1	###FLOW###
4	7	9	0	0	0	70.866000	545.353630	21.878200	9.632735	-1	###LINE###
5	7	9	0	0	0	70.87	545.35	21.88	9.63	100	shall
3	7	10	0	0	0	188.805000	545.353630	335.603952	66.539735	-1	###FLOW###
4	7	10	0	0	0	188.805000	545.353630	327.726819	9.632735	-1	###LINE###
5	7	10	0	0	0	188.81	545.35	8.18	9.63	100	A
5	7	10	0	0	1	200.62	545.35	51.85	9.63	100	mandatory
5	7	10	0	0	2	256.11	545.35	60.06	9.63	100	requirement.
5	7	10	0	0	3	321.01	545.35	46.21	9.63	100	Deviation
5	7	10	0	0	4	370.87	545.35	37.38	9.63	100	requires
5	7	10	0	0	5	411.90	545.35	34.58	9.63	100	written
5	7	10	0	0	6	450.11	545.35	40.64	9.63	100	approval
5	7	10	0	0	7	494.38	545.35	22.15	9.63	100	from
4	7	10	0	1	0	188.805000	558.903630	228.338372	9.632735	-1	###LINE###
5	7	10	0	1	0	188.81	558.90	15.15	9.63	100	the
5	7	10	0	1	1	207.59	558.90	50.04	9.63	100	Approving
5	7	10	0	1	2	261.26	558.90	46.69	9.63	100	Authority
5	7	10	0	1	3	311.60	558.90	27.30	9.63	100	under
5	7	10	0	1	4	342.53	558.90	48.54	9.63	100	paragraph
5	7	10	0	1	5	394.72	558.90	22.42	9.63	100	11.4.
4	7	10	0	2	0	188.805000	573.807630	335.603952	9.632735	-1	###LINE###
5	7	10	0	2	0	188.81	573.81	8.02	9.63	100	A
5	7	10	0	2	1	200.43	573.81	29.19	9.63	100	strong
5	7	10	0	2	2	233.22	573.81	58.85	9.63	100	requirement.
5	7	10	0	2	3	296.91	573.81	45.29	9.63	100	Deviation
5	7	10	0	2	4	345.80	573.81	36.64	9.63	100	requires
5	7	10	0	2	5	386.04	573.81	5.35	9.63	100	a
5	7	10	0	2	6	394.99	573.81	39.85	9.63	100	recorded
5	7	10	0	2	7	438.45	573.81	55.00	9.63	100	justification
5	7	10	0	2	8	497.05	573.81	8.91	9.63	100	in
5	7	10	0	2	9	509.56	573.81	14.85	9.63	100	the
4	7	10	0	3	0	188.805000	587.356630	83.337888	9.632735	-1	###LINE###
5	7	10	0	3	0	188.81	587.36	56.06	9.63	100	engagement
5	7	10	0	3	1	248.50	587.36	23.65	9.63	100	plan.
4	7	10	0	4	0	188.805000	602.260630	263.000946	9.632735	-1	###LINE###
5	7	10	0	4	0	188.81	602.26	47.76	9.63	100	Permitted
5	7	10	0	4	1	240.19	602.26	9.70	9.63	100	at
5	7	10	0	4	2	253.53	602.26	15.15	9.63	100	the
5	7	10	0	4	3	272.32	602.26	46.15	9.63	100	discretion
5	7	10	0	4	4	322.10	602.26	8.79	9.63	100	of
5	7	10	0	4	5	334.53	602.26	15.15	9.63	100	the
5	7	10	0	4	6	353.32	602.26	60.30	9.63	100	appointment
5	7	10	0	4	7	417.26	602.26	34.54	9.63	100	named.
3	7	11	0	0	0	70.866000	573.807630	30.967662	9.632735	-1	###FLOW###
4	7	11	0	0	0	70.866000	573.807630	30.967662	9.632735	-1	###LINE###
5	7	11	0	0	0	70.87	573.81	30.97	9.63	100	should
3	7	11	1	0	0	70.866000	602.260630	19.997471	9.632735	-1	###FLOW###
4	7	11	1	0	0	70.866000	602.260630	19.997471	9.632735	-1	###LINE###
5	7	11	1	0	0	70.87	602.26	20.00	9.63	100	may
3	7	12	0	0	0	70.321000	641.756630	213.330723	9.632735	-1	###FLOW###
4	7	12	0	0	0	70.321000	641.756630	213.330723	9.632735	-1	###LINE###
5	7	12	0	0	0	70.32	641.76	19.39	9.63	100	1.12
5	7	12	0	0	1	93.35	641.76	29.49	9.63	100	Terms
5	7	12	0	0	2	126.47	641.76	8.79	9.63	100	of
5	7	12	0	0	3	138.90	641.76	13.97	9.63	100	art
5	7	12	0	0	4	156.50	641.76	14.58	9.63	100	are
5	7	12	0	0	5	174.71	641.76	33.94	9.63	100	defined
5	7	12	0	0	6	212.29	641.76	9.09	9.63	100	in
5	7	12	0	0	7	225.02	641.76	15.15	9.63	100	the
5	7	12	0	0	8	243.80	641.76	39.85	9.63	100	Lexicon.
3	7	13	0	0	0	70.866000	694.156199	242.704708	12.595964	-1	###FLOW###
4	7	13	0	0	0	70.866000	694.156199	242.704708	12.595964	-1	###LINE###
5	7	13	0	0	0	70.87	694.16	81.34	12.60	100	CHAPTER
5	7	13	0	0	1	157.59	694.16	8.07	12.60	100	2
5	7	13	0	0	2	171.04	694.16	16.14	12.60	100	—
5	7	13	0	0	3	192.56	694.16	35.00	12.60	100	RED
5	7	13	0	0	4	232.94	694.16	80.63	12.60	100	TEAMING
3	7	13	1	0	0	70.866000	720.542643	58.287578	10.496666	-1	###FLOW###
4	7	13	1	0	0	70.866000	720.542643	58.287578	10.496666	-1	###LINE###
5	7	13	1	0	0	70.87	720.54	58.29	10.50	100	Definition
3	7	13	2	0	0	70.593000	741.797630	455.635719	23.181735	-1	###FLOW###
4	7	13	2	0	0	70.593000	741.797630	455.635719	9.632735	-1	###LINE###
5	7	13	2	0	0	70.59	741.80	13.83	9.63	100	2.1
5	7	13	2	0	1	88.05	741.80	8.12	9.63	100	A
5	7	13	2	0	2	99.79	741.80	15.06	9.63	100	red
5	7	13	2	0	3	118.48	741.80	23.45	9.63	100	team
5	7	13	2	0	4	145.56	741.80	7.27	9.63	100	is
5	7	13	2	0	5	156.46	741.80	11.42	9.63	100	an
5	7	13	2	0	6	171.51	741.80	36.37	9.63	100	element
5	7	13	2	0	7	211.50	741.80	21.04	9.63	100	with
5	7	13	2	0	8	236.18	741.80	41.84	9.63	100	sufficient
5	7	13	2	0	9	281.65	741.80	66.22	9.63	100	organisational
5	7	13	2	0	10	351.50	741.80	17.43	9.63	100	and
5	7	13	2	0	11	372.56	741.80	47.20	9.63	100	functional
5	7	13	2	0	12	423.39	741.80	63.43	9.63	100	independence
5	7	13	2	0	13	490.44	741.80	9.62	9.63	100	to
5	7	13	2	0	14	503.69	741.80	22.54	9.63	100	chal-
4	7	13	2	1	0	70.866000	755.346630	453.541883	9.632735	-1	###LINE###
5	7	13	2	1	0	70.87	755.35	23.76	9.63	100	lenge
5	7	13	2	1	1	97.75	755.35	11.28	9.63	100	an
5	7	13	2	1	2	112.16	755.35	57.11	9.63	100	organisation
5	7	13	2	1	3	172.39	755.35	21.71	9.63	100	from
5	7	13	2	1	4	197.23	755.35	14.85	9.63	100	the
5	7	13	2	1	5	215.20	755.35	52.36	9.63	100	perspective
5	7	13	2	1	6	270.69	755.35	8.61	9.63	100	of
5	7	13	2	1	7	282.43	755.35	11.28	9.63	100	an
5	7	13	2	1	8	296.84	755.35	44.95	9.63	100	adversary
5	7	13	2	1	9	344.93	755.35	8.91	9.63	100	in
5	7	13	2	1	10	356.96	755.35	24.41	9.63	100	order
5	7	13	2	1	11	384.50	755.35	9.50	9.63	100	to
5	7	13	2	1	12	397.13	755.35	37.14	9.63	100	improve
5	7	13	2	1	13	437.39	755.35	19.60	9.63	100	that
5	7	13	2	1	14	460.11	755.35	64.29	9.63	100	organisation’s
3	7	14	0	0	0	257.623000	793.912520	80.030500	8.015962	-1	###FLOW###
4	7	14	0	0	0	257.623000	793.912520	80.030500	8.015962	-1	###LINE###
5	7	14	0	0	0	257.62	793.91	80.03	8.02	100	UNCLASSIFIED
3	7	14	1	0	0	289.170000	808.605601	16.938057	7.037598	-1	###FLOW###
4	7	14	1	0	0	289.170000	808.605601	16.938057	7.037598	-1	###LINE###
5	7	14	1	0	0	289.17	808.61	16.94	7.04	100	7/29
1	8	0	0	0	0	289.170000	808.605601	595.276000	841.890000	-1	###PAGE###
3	8	0	0	0	0	257.623000	39.603520	80.030500	8.015962	-1	###FLOW###
4	8	0	0	0	0	257.623000	39.603520	80.030500	8.015962	-1	###LINE###
5	8	0	0	0	0	257.62	39.60	80.03	8.02	100	UNCLASSIFIED
3	8	1	0	0	0	70.866000	78.293630	453.538006	23.182735	-1	###FLOW###
4	8	1	0	0	0	70.866000	78.293630	453.538006	9.632735	-1	###LINE###
5	8	1	0	0	0	70.87	78.29	61.15	9.63	100	effectiveness.
5	8	1	0	0	1	136.87	78.29	14.27	9.63	100	An
5	8	1	0	0	2	154.78	78.29	36.78	9.63	100	internal
5	8	1	0	0	3	195.19	78.29	15.21	9.63	100	red
5	8	1	0	0	4	214.04	78.29	23.68	9.63	100	team
5	8	1	0	0	5	241.37	78.29	7.35	9.63	100	is
5	8	1	0	0	6	252.35	78.29	15.79	9.63	100	not
5	8	1	0	0	7	271.78	78.29	40.20	9.63	100	assumed
5	8	1	0	0	8	315.62	78.29	9.72	9.63	100	to
5	8	1	0	0	9	328.98	78.29	11.24	9.63	100	be
5	8	1	0	0	10	343.84	78.29	55.69	9.63	100	structurally
5	8	1	0	0	11	403.17	78.29	61.33	9.63	100	independent;
5	8	1	0	0	12	468.15	78.29	15.18	9.63	100	the
5	8	1	0	0	13	486.97	78.29	37.44	9.63	100	controls
4	8	1	0	1	0	70.866000	91.843630	400.420697	9.632735	-1	###LINE###
5	8	1	0	1	0	70.87	91.84	9.70	9.63	100	at
5	8	1	0	1	1	84.20	91.84	48.54	9.63	100	paragraph
5	8	1	0	1	2	136.38	91.84	13.94	9.63	100	5.9
5	8	1	0	1	3	153.96	91.84	38.91	9.63	100	preserve
5	8	1	0	1	4	196.50	91.84	15.16	9.63	100	the
5	8	1	0	1	5	215.29	91.84	63.94	9.63	100	independence
5	8	1	0	1	6	282.87	91.84	8.79	9.63	100	of
5	8	1	0	1	7	295.29	91.84	11.58	9.63	100	its
5	8	1	0	1	8	310.51	91.84	44.97	9.63	100	decisions,
5	8	1	0	1	9	359.11	91.84	40.30	9.63	100	evidence
5	8	1	0	1	10	403.05	91.84	17.57	9.63	100	and
5	8	1	0	1	11	424.26	91.84	47.02	9.63	100	reporting.
3	8	1	1	0	0	70.593000	112.166630	454.220203	36.731735	-1	###FLOW###
4	8	1	1	0	0	70.593000	112.166630	454.220203	9.632735	-1	###LINE###
5	8	1	1	0	0	70.59	112.17	14.11	9.63	100	2.2
5	8	1	1	0	1	88.34	112.17	19.17	9.63	100	Red
5	8	1	1	0	2	111.15	112.17	38.64	9.63	100	teaming
5	8	1	1	0	3	153.44	112.17	7.42	9.63	100	is
5	8	1	1	0	4	164.49	112.17	15.33	9.63	100	the
5	8	1	1	0	5	183.47	112.17	47.54	9.63	100	emulation
5	8	1	1	0	6	234.65	112.17	8.89	9.63	100	of
5	8	1	1	0	7	247.19	112.17	15.33	9.63	100	the
5	8	1	1	0	8	266.15	112.17	34.41	9.63	100	tactics,
5	8	1	1	0	9	304.21	112.17	50.36	9.63	100	techniques
5	8	1	1	0	10	358.21	112.17	17.79	9.63	100	and
5	8	1	1	0	11	379.64	112.17	51.94	9.63	100	procedures
5	8	1	1	0	12	435.22	112.17	8.89	9.63	100	of
5	8	1	1	0	13	447.76	112.17	5.52	9.63	100	a
5	8	1	1	0	14	456.92	112.17	17.82	9.63	100	real
5	8	1	1	0	15	478.37	112.17	46.44	9.63	100	adversary
4	8	1	1	1	0	70.866000	125.716630	453.548014	9.632735	-1	###LINE###
5	8	1	1	1	0	70.87	125.72	34.68	9.63	100	against
5	8	1	1	1	1	110.06	125.72	16.70	9.63	100	live
5	8	1	1	1	2	131.28	125.72	40.68	9.63	100	systems,
5	8	1	1	1	3	176.71	125.72	46.14	9.63	100	personnel
5	8	1	1	1	4	227.36	125.72	17.93	9.63	100	and
5	8	1	1	1	5	249.82	125.72	47.50	9.63	100	processes,
5	8	1	1	1	6	302.06	125.72	27.85	9.63	100	under
5	8	1	1	1	7	334.42	125.72	67.47	9.63	100	authorisation,
5	8	1	1	1	8	406.65	125.72	9.26	9.63	100	in
5	8	1	1	1	9	420.44	125.72	25.41	9.63	100	order
5	8	1	1	1	10	450.37	125.72	9.89	9.63	100	to
5	8	1	1	1	11	464.77	125.72	39.66	9.63	100	measure
5	8	1	1	1	12	508.96	125.72	15.45	9.63	100	the
4	8	1	1	2	0	70.866000	139.265630	253.092211	9.632735	-1	###LINE###
5	8	1	1	2	0	70.87	139.27	58.00	9.63	100	effectiveness
5	8	1	1	2	1	132.50	139.27	8.79	9.63	100	of
5	8	1	1	2	2	144.93	139.27	15.15	9.63	100	the
5	8	1	1	2	3	163.71	139.27	39.15	9.63	100	defences
5	8	1	1	2	4	206.50	139.27	42.18	9.63	100	opposing
5	8	1	1	2	5	252.32	139.27	20.00	9.63	100	that
5	8	1	1	2	6	275.96	139.27	48.00	9.63	100	adversary.
3	8	1	2	0	0	70.593000	159.589630	454.111709	23.181735	-1	###FLOW###
4	8	1	2	0	0	70.593000	159.589630	454.111709	9.632735	-1	###LINE###
5	8	1	2	0	0	70.59	159.59	13.66	9.63	100	2.3
5	8	1	2	0	1	87.88	159.59	18.41	9.63	100	The
5	8	1	2	0	2	109.91	159.59	28.52	9.63	100	object
5	8	1	2	0	3	142.06	159.59	8.61	9.63	100	of
5	8	1	2	0	4	154.30	159.59	5.35	9.63	100	a
5	8	1	2	0	5	163.27	159.59	14.88	9.63	100	red
5	8	1	2	0	6	181.77	159.59	23.16	9.63	100	team
5	8	1	2	0	7	208.56	159.59	54.93	9.63	100	engagement
5	8	1	2	0	8	267.12	159.59	7.19	9.63	100	is
5	8	1	2	0	9	277.93	159.59	15.44	9.63	100	not
5	8	1	2	0	10	297.00	159.59	9.50	9.63	100	to
5	8	1	2	0	11	310.12	159.59	29.70	9.63	100	obtain
5	8	1	2	0	12	343.44	159.59	31.00	9.63	100	access.
5	8	1	2	0	13	379.29	159.59	18.41	9.63	100	The
5	8	1	2	0	14	401.33	159.59	28.51	9.63	100	object
5	8	1	2	0	15	433.47	159.59	7.19	9.63	100	is
5	8	1	2	0	16	444.28	159.59	9.50	9.63	100	to
5	8	1	2	0	17	457.41	159.59	40.51	9.63	100	establish
5	8	1	2	0	18	501.54	159.59	23.16	9.63	100	what
4	8	1	2	1	0	70.866000	173.138630	270.631862	9.632735	-1	###LINE###
5	8	1	2	1	0	70.87	173.14	15.15	9.63	100	the
5	8	1	2	1	1	89.65	173.14	45.76	9.63	100	defending
5	8	1	2	1	2	139.05	173.14	58.27	9.63	100	organisation
5	8	1	2	1	3	200.95	173.14	20.97	9.63	100	does
5	8	1	2	1	4	225.56	173.14	24.85	9.63	100	when
5	8	1	2	1	5	254.05	173.14	28.61	9.63	100	access
5	8	1	2	1	6	286.29	173.14	7.33	9.63	100	is
5	8	1	2	1	7	297.26	173.14	44.24	9.63	100	obtained.
3	8	2	0	0	0	70.866000	201.689643	199.381652	10.496666	-1	###FLOW###
4	8	2	0	0	0	70.866000	201.689643	199.381652	10.496666	-1	###LINE###
5	8	2	0	0	0	70.87	201.69	64.93	10.50	100	Distinction
5	8	2	0	0	1	140.28	201.69	27.54	10.50	100	from
5	8	2	0	0	2	172.30	201.69	40.74	10.50	100	related
5	8	2	0	0	3	217.52	201.69	52.72	10.50	100	activities
3	8	2	1	0	0	70.593000	222.945630	453.816182	36.730735	-1	###FLOW###
4	8	2	1	0	0	70.593000	222.945630	453.816182	9.632735	-1	###LINE###
5	8	2	1	0	0	70.59	222.95	14.22	9.63	100	2.4
5	8	2	1	0	1	89.30	222.95	19.32	9.63	100	Red
5	8	2	1	0	2	113.10	222.95	38.95	9.63	100	teaming
5	8	2	1	0	3	156.54	222.95	7.48	9.63	100	is
5	8	2	1	0	4	168.50	222.95	43.61	9.63	100	routinely
5	8	2	1	0	5	216.60	222.95	41.79	9.63	100	confused
5	8	2	1	0	6	262.87	222.95	21.64	9.63	100	with
5	8	2	1	0	7	288.99	222.95	25.38	9.63	100	other
5	8	2	1	0	8	318.86	222.95	26.98	9.63	100	forms
5	8	2	1	0	9	350.33	222.95	8.96	9.63	100	of
5	8	2	1	0	10	363.78	222.95	37.81	9.63	100	security
5	8	2	1	0	11	406.07	222.95	35.92	9.63	100	testing.
5	8	2	1	0	12	449.39	222.95	19.16	9.63	100	The
5	8	2	1	0	13	473.04	222.95	51.37	9.63	100	distinction
4	8	2	1	1	0	70.866000	236.494630	453.539348	9.632735	-1	###LINE###
5	8	2	1	1	0	70.87	236.49	36.05	9.63	100	governs
5	8	2	1	1	1	110.54	236.49	23.97	9.63	100	what
5	8	2	1	1	2	138.13	236.49	5.53	9.63	100	a
5	8	2	1	1	3	147.29	236.49	43.73	9.63	100	customer
5	8	2	1	1	4	194.64	236.49	40.04	9.63	100	receives,
5	8	2	1	1	5	238.31	236.49	17.82	9.63	100	and
5	8	2	1	1	6	259.74	236.49	22.18	9.63	100	shall
5	8	2	1	1	7	285.56	236.49	11.36	9.63	100	be
5	8	2	1	1	8	300.55	236.49	52.97	9.63	100	established
5	8	2	1	1	9	357.15	236.49	9.22	9.63	100	in
5	8	2	1	1	10	369.98	236.49	34.45	9.63	100	writing
5	8	2	1	1	11	408.06	236.49	29.52	9.63	100	before
5	8	2	1	1	12	441.20	236.49	11.68	9.63	100	an
5	8	2	1	1	13	456.50	236.49	56.85	9.63	100	engagement
5	8	2	1	1	14	516.97	236.49	7.44	9.63	100	is
4	8	2	1	2	0	70.866000	250.043630	44.244037	9.632735	-1	###LINE###
5	8	2	1	2	0	70.87	250.04	44.24	9.63	100	accepted.
3	8	3	0	0	0	70.463000	289.104630	38.481850	9.632735	-1	###FLOW###
4	8	3	0	0	0	70.463000	289.104630	38.481850	9.632735	-1	###LINE###
5	8	3	0	0	0	70.46	289.10	38.48	9.63	100	Activity
3	8	4	0	0	0	158.000000	289.104630	89.549529	9.632735	-1	###FLOW###
4	8	4	0	0	0	158.000000	289.104630	89.549529	9.632735	-1	###LINE###
5	8	4	0	0	0	158.00	289.10	42.48	9.63	100	Question
5	8	4	0	0	1	204.12	289.10	43.43	9.63	100	answered
3	8	5	0	0	0	316.145000	289.104630	38.668396	9.632735	-1	###FLOW###
4	8	5	0	0	0	316.145000	289.104630	38.668396	9.632735	-1	###LINE###
5	8	5	0	0	0	316.15	289.10	38.67	9.63	100	Product
3	8	6	0	0	0	470.109000	275.555630	46.813130	23.181735	-1	###FLOW###
4	8	6	0	0	0	470.109000	275.555630	45.058947	9.632735	-1	###LINE###
5	8	6	0	0	0	470.11	275.56	45.06	9.63	100	Defensive
4	8	6	0	1	0	470.109000	289.104630	46.813130	9.632735	-1	###LINE###
5	8	6	0	1	0	470.11	289.10	46.81	9.63	100	awareness
3	8	7	0	0	0	70.866000	309.481630	75.173190	38.085735	-1	###FLOW###
4	8	7	0	0	0	70.866000	309.481630	61.850233	9.632735	-1	###LINE###
5	8	7	0	0	0	70.87	309.48	61.85	9.63	100	Vulnerability
4	8	7	0	1	0	70.866000	323.030630	51.450588	9.632735	-1	###LINE###
5	8	7	0	1	0	70.87	323.03	51.45	9.63	100	assessment
4	8	7	0	2	0	70.866000	337.934630	75.173190	9.632735	-1	###LINE###
5	8	7	0	2	0	70.87	337.93	54.52	9.63	100	Penetration
5	8	7	0	2	1	128.76	337.93	17.28	9.63	100	test
3	8	8	0	0	0	158.000000	309.481630	144.935030	122.090735	-1	###FLOW###
4	8	8	0	0	0	158.000000	309.481630	144.935030	9.632735	-1	###LINE###
5	8	8	0	0	0	158.00	309.48	30.91	9.63	100	Which
5	8	8	0	0	1	192.55	309.48	52.30	9.63	100	weaknesses
5	8	8	0	0	2	248.48	309.48	22.18	9.63	100	exist
5	8	8	0	0	3	274.31	309.48	28.63	9.63	100	across
4	8	8	0	1	0	158.000000	323.030630	51.876043	9.632735	-1	###LINE###
5	8	8	0	1	0	158.00	323.03	15.15	9.63	100	the
5	8	8	0	1	1	176.78	323.03	33.09	9.63	100	estate?
4	8	8	0	2	0	158.000000	337.934630	117.087370	9.632735	-1	###LINE###
5	8	8	0	2	0	158.00	337.93	19.39	9.63	100	Can
5	8	8	0	2	1	181.03	337.93	5.45	9.63	100	a
5	8	8	0	2	2	190.12	337.93	33.94	9.63	100	defined
5	8	8	0	2	3	227.69	337.93	32.55	9.63	100	system
5	8	8	0	2	4	263.88	337.93	11.20	9.63	100	be
4	8	8	0	3	0	158.000000	351.483630	67.665875	9.632735	-1	###LINE###
5	8	8	0	3	0	158.00	351.48	67.67	9.63	100	compromised?
4	8	8	0	4	0	158.000000	366.388630	108.394999	9.632735	-1	###LINE###
5	8	8	0	4	0	158.00	366.39	8.24	9.63	100	Is
5	8	8	0	4	1	169.87	366.39	45.89	9.63	100	adversary
5	8	8	0	4	2	219.40	366.39	47.00	9.63	100	behaviour
4	8	8	0	5	0	158.000000	379.937630	118.276462	9.632735	-1	###LINE###
5	8	8	0	5	0	158.00	379.94	40.00	9.63	100	detected
5	8	8	0	5	1	201.63	379.94	24.85	9.63	100	when
5	8	8	0	5	2	230.13	379.94	7.27	9.63	100	it
5	8	8	0	5	3	241.03	379.94	35.25	9.63	100	occurs?
4	8	8	0	6	0	158.000000	394.841630	121.944102	9.632735	-1	###LINE###
5	8	8	0	6	0	158.00	394.84	19.39	9.63	100	Can
5	8	8	0	6	1	181.03	394.84	11.51	9.63	100	an
5	8	8	0	6	2	196.18	394.84	45.88	9.63	100	adversary
5	8	8	0	6	3	245.69	394.84	34.25	9.63	100	achieve
4	8	8	0	7	0	158.000000	408.390630	141.636118	9.632735	-1	###LINE###
5	8	8	0	7	0	158.00	408.39	35.27	9.63	100	mission
5	8	8	0	7	1	196.90	408.39	32.73	9.63	100	impact
5	8	8	0	7	2	233.27	408.39	36.97	9.63	100	without
5	8	8	0	7	3	273.88	408.39	25.76	9.63	100	being
4	8	8	0	8	0	158.000000	421.939630	42.485490	9.632735	-1	###LINE###
5	8	8	0	8	0	158.00	421.94	42.49	9.63	100	stopped?
3	8	9	0	0	0	316.145000	309.481630	130.818654	9.632735	-1	###FLOW###
4	8	9	0	0	0	316.145000	309.481630	130.818654	9.632735	-1	###LINE###
5	8	9	0	0	0	316.15	309.48	14.24	9.63	100	An
5	8	9	0	0	1	334.02	309.48	44.58	9.63	100	inventory
5	8	9	0	0	2	382.23	309.48	8.79	9.63	100	of
5	8	9	0	0	3	394.66	309.48	52.30	9.63	100	weaknesses
3	8	10	0	0	0	470.109000	309.481630	33.632755	9.632735	-1	###FLOW###
4	8	10	0	0	0	470.109000	309.481630	33.632755	9.632735	-1	###LINE###
5	8	10	0	0	0	470.11	309.48	33.63	9.63	100	Known
3	8	11	0	0	0	316.145000	337.934630	135.879386	38.086735	-1	###FLOW###
4	8	11	0	0	0	316.145000	337.934630	135.879386	9.632735	-1	###LINE###
5	8	11	0	0	0	316.15	337.93	67.21	9.63	100	Demonstrated
5	8	11	0	0	1	386.99	337.93	52.31	9.63	100	weaknesses
5	8	11	0	0	2	442.93	337.93	9.09	9.63	100	in
4	8	11	0	1	0	316.145000	351.483630	56.177501	9.632735	-1	###LINE###
5	8	11	0	1	0	316.15	351.48	20.00	9.63	100	that
5	8	11	0	1	1	339.78	351.48	32.55	9.63	100	system
4	8	11	0	2	0	316.145000	366.388630	97.030990	9.632735	-1	###LINE###
5	8	11	0	2	0	316.15	366.39	45.46	9.63	100	Validated
5	8	11	0	2	1	365.24	366.39	47.94	9.63	100	detections
3	8	12	0	0	0	470.109000	337.934630	33.632755	9.632735	-1	###FLOW###
4	8	12	0	0	0	470.109000	337.934630	33.632755	9.632735	-1	###LINE###
5	8	12	0	0	0	470.11	337.93	33.63	9.63	100	Known
3	8	13	0	0	0	70.866000	366.388630	58.965867	51.634735	-1	###FLOW###
4	8	13	0	0	0	70.866000	366.388630	58.965867	9.632735	-1	###LINE###
5	8	13	0	0	0	70.87	366.39	31.70	9.63	100	Purple
5	8	13	0	0	1	106.20	366.39	23.64	9.63	100	team
4	8	13	0	1	0	70.866000	379.937630	36.760394	9.632735	-1	###LINE###
5	8	13	0	1	0	70.87	379.94	36.76	9.63	100	exercise
4	8	13	0	2	0	70.866000	394.841630	46.208766	9.632735	-1	###LINE###
5	8	13	0	2	0	70.87	394.84	18.94	9.63	100	Red
5	8	13	0	2	1	93.44	394.84	23.64	9.63	100	team
4	8	13	0	3	0	70.866000	408.390630	56.058592	9.632735	-1	###LINE###
5	8	13	0	3	0	70.87	408.39	56.06	9.63	100	engagement
3	8	14	0	0	0	70.866000	518.139630	48.298949	23.181735	-1	###FLOW###
4	8	14	0	0	0	70.866000	518.139630	48.298949	9.632735	-1	###LINE###
5	8	14	0	0	0	70.87	518.14	48.30	9.63	100	Adversary
4	8	14	0	1	0	70.866000	531.688630	46.966948	9.632735	-1	###LINE###
5	8	14	0	1	0	70.87	531.69	46.97	9.63	100	emulation
3	8	15	0	0	0	158.000000	518.139630	144.056847	23.181735	-1	###FLOW###
4	8	15	0	0	0	158.000000	518.139630	121.001555	9.632735	-1	###LINE###
5	8	15	0	0	0	158.00	518.14	17.30	9.63	100	Are
5	8	15	0	0	1	178.94	518.14	15.15	9.63	100	the
5	8	15	0	0	2	197.73	518.14	39.15	9.63	100	defences
5	8	15	0	0	3	240.52	518.14	38.49	9.63	100	effective
4	8	15	0	1	0	158.000000	531.688630	144.056847	9.632735	-1	###LINE###
5	8	15	0	1	0	158.00	531.69	34.00	9.63	100	against
5	8	15	0	1	1	195.63	531.69	5.45	9.63	100	a
5	8	15	0	1	2	204.73	531.69	31.51	9.63	100	named
5	8	15	0	1	3	239.88	531.69	29.12	9.63	100	threat
5	8	15	0	1	4	272.63	531.69	29.43	9.63	100	actor?
3	8	16	0	0	0	316.145000	394.841630	140.095753	36.730735	-1	###FLOW###
4	8	16	0	0	0	316.145000	394.841630	109.396455	9.632735	-1	###LINE###
5	8	16	0	0	0	316.15	394.84	14.24	9.63	100	An
5	8	16	0	0	1	334.02	394.84	29.71	9.63	100	attack
5	8	16	0	0	2	367.36	394.84	21.82	9.63	100	path
5	8	16	0	0	3	392.81	394.84	17.57	9.63	100	and
5	8	16	0	0	4	414.03	394.84	11.51	9.63	100	an
4	8	16	0	1	0	316.145000	408.390630	140.095753	9.632735	-1	###LINE###
5	8	16	0	1	0	316.15	408.39	51.45	9.63	100	assessment
5	8	16	0	1	1	371.24	408.39	8.79	9.63	100	of
5	8	16	0	1	2	383.66	408.39	15.15	9.63	100	the
5	8	16	0	1	3	402.44	408.39	40.46	9.63	100	response
5	8	16	0	1	4	446.54	408.39	9.70	9.63	100	to
4	8	16	0	2	0	316.145000	421.939630	7.273097	9.632735	-1	###LINE###
5	8	16	0	2	0	316.15	421.94	7.27	9.63	100	it
3	8	17	0	0	0	316.145000	518.139630	139.875389	23.181735	-1	###FLOW###
4	8	17	0	0	0	316.145000	518.139630	139.875389	9.632735	-1	###LINE###
5	8	17	0	0	0	316.15	518.14	43.36	9.63	100	Coverage
5	8	17	0	0	1	363.15	518.14	34.00	9.63	100	against
5	8	17	0	0	2	400.78	518.14	20.00	9.63	100	that
5	8	17	0	0	3	424.41	518.14	31.61	9.63	100	actor’s
4	8	17	0	1	0	316.145000	531.688630	108.207363	9.632735	-1	###LINE###
5	8	17	0	1	0	316.15	531.69	57.57	9.63	100	documented
5	8	17	0	1	1	377.35	531.69	47.00	9.63	100	behaviour
3	8	18	0	0	0	469.717000	366.388630	54.693540	188.481735	-1	###FLOW###
4	8	18	0	0	0	470.109000	366.388630	18.337106	9.632735	-1	###LINE###
5	8	18	0	0	0	470.11	366.39	18.34	9.63	100	Full
4	8	18	0	1	0	470.109000	379.937630	52.452044	9.632735	-1	###LINE###
5	8	18	0	1	0	470.11	379.94	52.45	9.63	100	participant
4	8	18	0	2	0	470.109000	394.841630	44.273491	9.632735	-1	###LINE###
5	8	18	0	2	0	470.11	394.84	44.27	9.63	100	Normally
4	8	18	0	3	0	469.717000	408.390630	41.211307	9.632735	-1	###LINE###
5	8	18	0	3	0	469.72	408.39	41.21	9.63	100	withheld
4	8	18	0	4	0	470.109000	421.939630	40.935307	9.632735	-1	###LINE###
5	8	18	0	4	0	470.11	421.94	22.15	9.63	100	from
5	8	18	0	4	1	495.89	421.94	15.15	9.63	100	the
4	8	18	0	5	0	470.109000	435.488630	38.422941	9.632735	-1	###LINE###
5	8	18	0	5	0	470.11	435.49	38.42	9.63	100	assessed
4	8	18	0	6	0	470.109000	449.038630	42.785490	9.632735	-1	###LINE###
5	8	18	0	6	0	470.11	449.04	42.79	9.63	100	defensive
4	8	18	0	7	0	470.109000	462.587630	39.696033	9.632735	-1	###LINE###
5	8	18	0	7	0	470.11	462.59	39.70	9.63	100	element;
4	8	18	0	8	0	470.109000	476.136630	54.301540	9.632735	-1	###LINE###
5	8	18	0	8	0	470.11	476.14	14.98	9.63	100	the
5	8	18	0	8	1	488.72	476.14	35.69	9.63	100	Control
4	8	18	0	9	0	469.717000	489.685630	37.333122	9.632735	-1	###LINE###
5	8	18	0	9	0	469.72	489.69	26.37	9.63	100	Team
5	8	18	0	9	1	499.72	489.69	7.33	9.63	100	is
4	8	18	0	10	0	470.109000	503.235630	42.150581	9.632735	-1	###LINE###
5	8	18	0	10	0	470.11	503.24	42.15	9.63	100	informed
4	8	18	0	11	0	470.109000	518.139630	39.120033	9.632735	-1	###LINE###
5	8	18	0	11	0	470.11	518.14	25.76	9.63	100	Open
5	8	18	0	11	1	499.50	518.14	9.73	9.63	100	or
4	8	18	0	12	0	470.109000	531.688630	43.971309	9.632735	-1	###LINE###
5	8	18	0	12	0	470.11	531.69	28.82	9.63	100	covert
5	8	18	0	12	1	502.57	531.69	11.51	9.63	100	by
4	8	18	0	13	0	470.109000	545.237630	29.756752	9.632735	-1	###LINE###
5	8	18	0	13	0	470.11	545.24	29.76	9.63	100	design
3	8	19	0	0	0	70.593000	584.733630	454.215346	36.731735	-1	###FLOW###
4	8	19	0	0	0	70.593000	584.733630	453.813956	9.632735	-1	###LINE###
5	8	19	0	0	0	70.59	584.73	14.22	9.63	100	2.5
5	8	19	0	0	1	89.74	584.73	8.35	9.63	100	A
5	8	19	0	0	2	103.00	584.73	55.97	9.63	100	penetration
5	8	19	0	0	3	163.90	584.73	17.99	9.63	100	test
5	8	19	0	0	4	186.81	584.73	44.05	9.63	100	measures
5	8	19	0	0	5	235.78	584.73	15.45	9.63	100	the
5	8	19	0	0	6	256.16	584.73	29.09	9.63	100	target
5	8	19	0	0	7	290.16	584.73	36.29	9.63	100	system.
5	8	19	0	0	8	335.16	584.73	8.35	9.63	100	A
5	8	19	0	0	9	348.44	584.73	15.49	9.63	100	red
5	8	19	0	0	10	368.84	584.73	24.11	9.63	100	team
5	8	19	0	0	11	397.88	584.73	57.18	9.63	100	engagement
5	8	19	0	0	12	459.99	584.73	44.05	9.63	100	measures
5	8	19	0	0	13	508.95	584.73	15.45	9.63	100	the
4	8	19	0	1	0	70.866000	598.283630	453.942346	9.632735	-1	###LINE###
5	8	19	0	1	0	70.87	598.28	45.71	9.63	100	defending
5	8	19	0	1	1	120.23	598.28	61.24	9.63	100	organisation.
5	8	19	0	1	2	186.34	598.28	8.17	9.63	100	A
5	8	19	0	1	3	198.16	598.28	43.08	9.63	100	customer
5	8	19	0	1	4	244.88	598.28	34.27	9.63	100	seeking
5	8	19	0	1	5	282.80	598.28	11.50	9.63	100	an
5	8	19	0	1	6	297.95	598.28	44.54	9.63	100	inventory
5	8	19	0	1	7	346.12	598.28	8.78	9.63	100	of
5	8	19	0	1	8	358.55	598.28	52.25	9.63	100	weaknesses
5	8	19	0	1	9	414.44	598.28	37.36	9.63	100	requires
5	8	19	0	1	10	455.45	598.28	5.45	9.63	100	a
5	8	19	0	1	11	464.54	598.28	60.27	9.63	100	vulnerability
4	8	19	0	2	0	70.866000	611.832630	351.969021	9.632735	-1	###LINE###
5	8	19	0	2	0	70.87	611.83	54.48	9.63	100	assessment,
5	8	19	0	2	1	128.99	611.83	17.57	9.63	100	and
5	8	19	0	2	2	150.20	611.83	5.45	9.63	100	a
5	8	19	0	2	3	159.29	611.83	15.18	9.63	100	red
5	8	19	0	2	4	178.11	611.83	23.64	9.63	100	team
5	8	19	0	2	5	205.38	611.83	56.06	9.63	100	engagement
5	8	19	0	2	6	265.08	611.83	16.96	9.63	100	will
5	8	19	0	2	7	285.69	611.83	15.76	9.63	100	not
5	8	19	0	2	8	305.08	611.83	30.42	9.63	100	satisfy
5	8	19	0	2	9	339.14	611.83	20.00	9.63	100	that
5	8	19	0	2	10	362.77	611.83	60.06	9.63	100	requirement.
3	8	20	0	0	0	70.866000	640.383643	66.996941	10.496666	-1	###FLOW###
4	8	20	0	0	0	70.866000	640.383643	66.996941	10.496666	-1	###LINE###
5	8	20	0	0	0	70.87	640.38	67.00	10.50	100	Limitations
3	8	20	1	0	0	70.593000	661.639630	455.934050	23.181735	-1	###FLOW###
4	8	20	1	0	0	70.593000	661.639630	453.818778	9.632735	-1	###LINE###
5	8	20	1	0	0	70.59	661.64	13.66	9.63	100	2.6
5	8	20	1	0	1	87.48	661.64	8.02	9.63	100	A
5	8	20	1	0	2	98.74	661.64	14.87	9.63	100	red
5	8	20	1	0	3	116.85	661.64	23.16	9.63	100	team
5	8	20	1	0	4	143.24	661.64	54.94	9.63	100	engagement
5	8	20	1	0	5	201.41	661.64	38.68	9.63	100	provides
5	8	20	1	0	6	243.33	661.64	44.69	9.63	100	assurance
5	8	20	1	0	7	291.25	661.64	19.90	9.63	100	only
5	8	20	1	0	8	314.37	661.64	8.91	9.63	100	in
5	8	20	1	0	9	326.52	661.64	33.06	9.63	100	respect
5	8	20	1	0	10	362.81	661.64	8.61	9.63	100	of
5	8	20	1	0	11	374.66	661.64	14.85	9.63	100	the
5	8	20	1	0	12	392.74	661.64	27.95	9.63	100	target
5	8	20	1	0	13	423.91	661.64	27.97	9.63	100	space,
5	8	20	1	0	14	455.20	661.64	48.75	9.63	100	techniques
5	8	20	1	0	15	507.19	661.64	17.22	9.63	100	and
4	8	20	1	1	0	70.866000	675.188630	455.661050	9.632735	-1	###LINE###
5	8	20	1	1	0	70.87	675.19	30.28	9.63	100	period
5	8	20	1	1	1	104.77	675.19	33.87	9.63	100	defined
5	8	20	1	1	2	142.28	675.19	9.07	9.63	100	in
5	8	20	1	1	3	154.97	675.19	11.55	9.63	100	its
5	8	20	1	1	4	170.16	675.19	66.02	9.63	100	authorisation.
5	8	20	1	1	5	241.03	675.19	39.07	9.63	100	Absence
5	8	20	1	1	6	283.72	675.19	8.77	9.63	100	of
5	8	20	1	1	7	296.13	675.19	5.44	9.63	100	a
5	8	20	1	1	8	305.20	675.19	32.66	9.63	100	finding
5	8	20	1	1	9	341.50	675.19	7.32	9.63	100	is
5	8	20	1	1	10	352.44	675.19	15.73	9.63	100	not
5	8	20	1	1	11	371.80	675.19	40.22	9.63	100	evidence
5	8	20	1	1	12	415.65	675.19	8.77	9.63	100	of
5	8	20	1	1	13	428.06	675.19	36.35	9.63	100	absence
5	8	20	1	1	14	468.03	675.19	8.77	9.63	100	of
5	8	20	1	1	15	480.44	675.19	46.09	9.63	100	weakness.
3	8	20	2	0	0	70.593000	695.512630	453.822858	23.181735	-1	###FLOW###
4	8	20	2	0	0	70.593000	695.512630	453.822858	9.632735	-1	###LINE###
5	8	20	2	0	0	70.59	695.51	14.22	9.63	100	2.7
5	8	20	2	0	1	88.77	695.51	14.53	9.63	100	An
5	8	20	2	0	2	107.27	695.51	57.19	9.63	100	engagement
5	8	20	2	0	3	168.42	695.51	42.42	9.63	100	emulates
5	8	20	2	0	4	214.80	695.51	5.56	9.63	100	a
5	8	20	2	0	5	224.33	695.51	29.73	9.63	100	stated
5	8	20	2	0	6	258.03	695.51	21.64	9.63	100	level
5	8	20	2	0	7	283.64	695.51	8.96	9.63	100	of
5	8	20	2	0	8	296.57	695.51	46.81	9.63	100	adversary
5	8	20	2	0	9	347.33	695.51	49.79	9.63	100	capability.
5	8	20	2	0	10	402.96	695.51	8.35	9.63	100	It
5	8	20	2	0	11	415.27	695.51	21.39	9.63	100	does
5	8	20	2	0	12	440.62	695.51	16.07	9.63	100	not
5	8	20	2	0	13	460.66	695.51	44.33	9.63	100	represent
5	8	20	2	0	14	508.95	695.51	15.47	9.63	100	the
4	8	20	2	1	0	70.866000	709.061630	180.572878	9.632735	-1	###LINE###
5	8	20	2	1	0	70.87	709.06	46.66	9.63	100	capability
5	8	20	2	1	1	121.17	709.06	8.79	9.63	100	of
5	8	20	2	1	2	133.59	709.06	25.18	9.63	100	every
5	8	20	2	1	3	162.41	709.06	37.40	9.63	100	possible
5	8	20	2	1	4	203.45	709.06	47.99	9.63	100	adversary.
3	8	20	3	0	0	70.593000	729.385630	454.222220	36.730735	-1	###FLOW###
4	8	20	3	0	0	70.593000	729.385630	454.113280	9.632735	-1	###LINE###
5	8	20	3	0	0	70.59	729.39	14.22	9.63	100	2.8
5	8	20	3	0	1	88.45	729.39	53.56	9.63	100	Techniques
5	8	20	3	0	2	145.65	729.39	42.35	9.63	100	excluded
5	8	20	3	0	3	191.63	729.39	11.74	9.63	100	on
5	8	20	3	0	4	207.01	729.39	38.42	9.63	100	grounds
5	8	20	3	0	5	249.07	729.39	8.96	9.63	100	of
5	8	20	3	0	6	261.67	729.39	30.38	9.63	100	safety,
5	8	20	3	0	7	295.69	729.39	35.25	9.63	100	legality
5	8	20	3	0	8	334.57	729.39	9.92	9.63	100	or
5	8	20	3	0	9	348.13	729.39	47.60	9.63	100	capability
5	8	20	3	0	10	399.37	729.39	14.87	9.63	100	are
5	8	20	3	0	11	417.88	729.39	41.48	9.63	100	recorded
5	8	20	3	0	12	463.00	729.39	9.27	9.63	100	in
5	8	20	3	0	13	475.91	729.39	15.45	9.63	100	the
5	8	20	3	0	14	495.00	729.39	29.70	9.63	100	threat
4	8	20	3	1	0	70.866000	742.934630	453.949220	9.632735	-1	###LINE###
5	8	20	3	1	0	70.87	742.93	32.40	9.63	100	profile.
5	8	20	3	1	1	108.14	742.93	14.09	9.63	100	An
5	8	20	3	1	2	125.87	742.93	45.37	9.63	100	adversary
5	8	20	3	1	3	174.88	742.93	66.03	9.63	100	unconstrained
5	8	20	3	1	4	244.55	742.93	11.39	9.63	100	by
5	8	20	3	1	5	259.58	742.93	24.63	9.63	100	those
5	8	20	3	1	6	287.86	742.93	26.43	9.63	100	limits
5	8	20	3	1	7	317.94	742.93	19.78	9.63	100	may
5	8	20	3	1	8	341.37	742.93	33.85	9.63	100	achieve
5	8	20	3	1	9	378.87	742.93	43.82	9.63	100	outcomes
5	8	20	3	1	10	426.33	742.93	15.58	9.63	100	not
5	8	20	3	1	11	445.56	742.93	64.22	9.63	100	demonstrated
5	8	20	3	1	12	513.43	742.93	11.39	9.63	100	by
4	8	20	3	2	0	70.866000	756.483630	77.884429	9.632735	-1	###LINE###
5	8	20	3	2	0	70.87	756.48	15.15	9.63	100	the
5	8	20	3	2	1	89.65	756.48	59.10	9.63	100	engagement.
3	8	21	0	0	0	257.623000	793.912520	80.030500	8.015962	-1	###FLOW###
4	8	21	0	0	0	257.623000	793.912520	80.030500	8.015962	-1	###LINE###
5	8	21	0	0	0	257.62	793.91	80.03	8.02	100	UNCLASSIFIED
3	8	21	1	0	0	289.170000	808.605601	16.938057	7.037598	-1	###FLOW###
4	8	21	1	0	0	289.170000	808.605601	16.938057	7.037598	-1	###LINE###
5	8	21	1	0	0	289.17	808.61	16.94	7.04	100	8/29
1	9	0	0	0	0	289.170000	808.605601	595.276000	841.890000	-1	###PAGE###
3	9	0	0	0	0	257.623000	39.603520	80.030500	8.015962	-1	###FLOW###
4	9	0	0	0	0	257.623000	39.603520	80.030500	8.015962	-1	###LINE###
5	9	0	0	0	0	257.62	39.60	80.03	8.02	100	UNCLASSIFIED
3	9	1	0	0	0	70.866000	77.632643	162.141204	10.496666	-1	###FLOW###
4	9	1	0	0	0	70.866000	77.632643	162.141204	10.496666	-1	###LINE###
5	9	1	0	0	0	70.87	77.63	55.97	10.50	100	Activities
5	9	1	0	0	1	131.32	77.63	42.08	10.50	100	outside
5	9	1	0	0	2	177.88	77.63	18.84	10.50	100	the
5	9	1	0	0	3	201.20	77.63	31.80	10.50	100	remit
3	9	1	1	0	0	70.593000	98.888630	282.636236	9.632735	-1	###FLOW###
4	9	1	1	0	0	70.593000	98.888630	282.636236	9.632735	-1	###LINE###
5	9	1	1	0	0	70.59	98.89	13.94	9.63	100	2.9
5	9	1	1	0	1	88.17	98.89	18.79	9.63	100	The
5	9	1	1	0	2	110.60	98.89	15.18	9.63	100	red
5	9	1	1	0	3	129.41	98.89	23.64	9.63	100	team
5	9	1	1	0	4	156.68	98.89	20.97	9.63	100	does
5	9	1	1	0	5	181.29	98.89	15.76	9.63	100	not
5	9	1	1	0	6	200.69	98.89	37.64	9.63	100	perform
5	9	1	1	0	7	241.96	98.89	15.15	9.63	100	the
5	9	1	1	0	8	260.74	98.89	42.42	9.63	100	following
5	9	1	1	0	9	306.81	98.89	46.42	9.63	100	functions.
3	9	1	2	0	0	84.200000	119.212630	260.851854	9.632735	-1	###FLOW###
4	9	1	2	0	0	84.200000	119.212630	260.851854	9.632735	-1	###LINE###
5	9	1	2	0	0	84.20	119.21	8.49	9.63	100	a.
5	9	1	2	0	1	98.14	119.21	75.85	9.63	100	Inventory-based
5	9	1	2	0	2	177.62	119.21	60.33	9.63	100	vulnerability
5	9	1	2	0	3	241.60	119.21	41.27	9.63	100	scanning
5	9	1	2	0	4	286.50	119.21	8.79	9.63	100	of
5	9	1	2	0	5	298.92	119.21	11.51	9.63	100	an
5	9	1	2	0	6	314.08	119.21	30.97	9.63	100	estate.
3	9	1	3	0	0	83.594000	139.535630	440.817821	23.182735	-1	###FLOW###
4	9	1	3	0	0	83.594000	139.535630	440.817821	9.632735	-1	###LINE###
5	9	1	3	0	0	83.59	139.54	9.09	9.63	100	b.
5	9	1	3	0	1	98.14	139.54	60.61	9.63	100	Certification
5	9	1	3	0	2	163.69	139.54	8.96	9.63	100	of
5	9	1	3	0	3	177.60	139.54	53.78	9.63	100	compliance
5	9	1	3	0	4	236.31	139.54	34.68	9.63	100	against
5	9	1	3	0	5	275.93	139.54	17.32	9.63	100	any
5	9	1	3	0	6	298.19	139.54	33.73	9.63	100	control
5	9	1	3	0	7	336.86	139.54	54.15	9.63	100	framework.
5	9	1	3	0	8	399.77	139.54	14.53	9.63	100	An
5	9	1	3	0	9	419.23	139.54	57.19	9.63	100	engagement
5	9	1	3	0	10	481.36	139.54	43.05	9.63	100	produces
4	9	1	3	1	0	98.139000	153.085630	317.663174	9.632735	-1	###LINE###
5	9	1	3	1	0	98.14	153.09	40.30	9.63	100	evidence
5	9	1	3	1	1	142.08	153.09	8.79	9.63	100	of
5	9	1	3	1	2	154.51	153.09	58.84	9.63	100	performance
5	9	1	3	1	3	216.99	153.09	27.30	9.63	100	under
5	9	1	3	1	4	247.93	153.09	32.73	9.63	100	attack,
5	9	1	3	1	5	284.29	153.09	15.77	9.63	100	not
5	9	1	3	1	6	303.69	153.09	40.30	9.63	100	evidence
5	9	1	3	1	7	347.62	153.09	8.79	9.63	100	of
5	9	1	3	1	8	360.04	153.09	55.76	9.63	100	compliance.
3	9	1	4	0	0	84.806000	173.408630	439.819415	23.182735	-1	###FLOW###
4	9	1	4	0	0	84.806000	173.408630	439.819415	9.632735	-1	###LINE###
5	9	1	4	0	0	84.81	173.41	7.88	9.63	100	c.
5	9	1	4	0	1	98.14	173.41	38.82	9.63	100	Incident
5	9	1	4	0	2	140.61	173.41	43.53	9.63	100	response.
5	9	1	4	0	3	189.02	173.41	31.27	9.63	100	Where
5	9	1	4	0	4	223.94	173.41	5.46	9.63	100	a
5	9	1	4	0	5	233.05	173.41	36.10	9.63	100	genuine
5	9	1	4	0	6	272.80	173.41	42.25	9.63	100	intrusion
5	9	1	4	0	7	318.70	173.41	7.34	9.63	100	is
5	9	1	4	0	8	329.69	173.41	47.02	9.63	100	identified,
5	9	1	4	0	9	380.36	173.41	36.10	9.63	100	activity
5	9	1	4	0	10	420.10	173.41	28.64	9.63	100	ceases
5	9	1	4	0	11	452.39	173.41	17.59	9.63	100	and
5	9	1	4	0	12	473.63	173.41	15.17	9.63	100	the
5	9	1	4	0	13	492.44	173.41	32.18	9.63	100	matter
4	9	1	4	1	0	98.139000	186.958630	227.027098	9.632735	-1	###LINE###
5	9	1	4	1	0	98.14	186.96	7.33	9.63	100	is
5	9	1	4	1	1	109.10	186.96	51.97	9.63	100	transferred
5	9	1	4	1	2	164.72	186.96	27.30	9.63	100	under
5	9	1	4	1	3	195.65	186.96	52.85	9.63	100	paragraphs
5	9	1	4	1	4	252.14	186.96	25.75	9.63	100	8.15.f
5	9	1	4	1	5	281.53	186.96	17.57	9.63	100	and
5	9	1	4	1	6	302.74	186.96	22.42	9.63	100	8.23.
3	9	1	5	0	0	83.594000	207.281630	440.813192	23.182735	-1	###FLOW###
4	9	1	5	0	0	83.594000	207.281630	440.813192	9.632735	-1	###LINE###
5	9	1	5	0	0	83.59	207.28	9.09	9.63	100	d.
5	9	1	5	0	1	97.74	207.28	54.46	9.63	100	Assessment
5	9	1	5	0	2	155.83	207.28	8.83	9.63	100	of
5	9	1	5	0	3	168.31	207.28	47.81	9.63	100	individual
5	9	1	5	0	4	219.76	207.28	48.51	9.63	100	personnel.
5	9	1	5	0	5	273.13	207.28	41.33	9.63	100	Findings
5	9	1	5	0	6	318.10	207.28	38.76	9.63	100	describe
5	9	1	5	0	7	360.50	207.28	37.03	9.63	100	systems
5	9	1	5	0	8	401.17	207.28	17.66	9.63	100	and
5	9	1	5	0	9	422.47	207.28	46.81	9.63	100	processes.
5	9	1	5	0	10	474.14	207.28	31.40	9.63	100	Where
5	9	1	5	0	11	509.18	207.28	15.23	9.63	100	the
4	9	1	5	1	0	98.139000	220.831630	389.451597	9.632735	-1	###LINE###
5	9	1	5	1	0	98.14	220.83	29.09	9.63	100	action
5	9	1	5	1	1	130.86	220.83	8.79	9.63	100	of
5	9	1	5	1	2	143.29	220.83	5.45	9.63	100	a
5	9	1	5	1	3	152.38	220.83	31.30	9.63	100	person
5	9	1	5	1	4	187.32	220.83	7.33	9.63	100	is
5	9	1	5	1	5	198.30	220.83	42.45	9.63	100	material,
5	9	1	5	1	6	244.38	220.83	7.27	9.63	100	it
5	9	1	5	1	7	255.29	220.83	7.33	9.63	100	is
5	9	1	5	1	8	266.26	220.83	44.64	9.63	100	described
5	9	1	5	1	9	314.53	220.83	11.52	9.63	100	by
5	9	1	5	1	10	329.68	220.83	60.30	9.63	100	appointment
5	9	1	5	1	11	393.63	220.83	17.57	9.63	100	and
5	9	1	5	1	12	414.83	220.83	25.48	9.63	100	never
5	9	1	5	1	13	443.96	220.83	11.51	9.63	100	by
5	9	1	5	1	14	459.11	220.83	28.48	9.63	100	name.
3	9	2	0	0	0	70.866000	249.343643	245.766633	10.496666	-1	###FLOW###
4	9	2	0	0	0	70.866000	249.343643	245.766633	10.496666	-1	###LINE###
5	9	2	0	0	0	70.87	249.34	57.83	10.50	100	Boundary
5	9	2	0	0	1	133.18	249.34	26.15	10.50	100	with
5	9	2	0	0	2	163.82	249.34	50.09	10.50	100	offensive
5	9	2	0	0	3	218.38	249.34	32.55	10.50	100	cyber
5	9	2	0	0	4	255.42	249.34	61.22	10.50	100	operations
3	9	2	1	0	0	70.473000	270.599630	456.055580	36.730735	-1	###FLOW###
4	9	2	1	0	0	70.593000	270.599630	455.935580	9.632735	-1	###LINE###
5	9	2	1	0	0	70.59	270.60	19.01	9.63	100	2.10
5	9	2	1	0	1	93.05	270.60	13.96	9.63	100	An
5	9	2	1	0	2	110.46	270.60	57.12	9.63	100	organisation
5	9	2	1	0	3	171.03	270.60	19.59	9.63	100	may
5	9	2	1	0	4	194.08	270.60	20.19	9.63	100	hold
5	9	2	1	0	5	217.73	270.60	21.68	9.63	100	both
5	9	2	1	0	6	242.87	270.60	11.28	9.63	100	an
5	9	2	1	0	7	257.61	270.60	44.69	9.63	100	assurance
5	9	2	1	0	8	305.76	270.60	45.73	9.63	100	capability
5	9	2	1	0	9	354.94	270.60	17.22	9.63	100	and
5	9	2	1	0	10	375.62	270.60	11.28	9.63	100	an
5	9	2	1	0	11	390.37	270.60	52.60	9.63	100	operational
5	9	2	1	0	12	446.42	270.60	28.87	9.63	100	effects
5	9	2	1	0	13	478.74	270.60	47.79	9.63	100	capability.
4	9	2	1	1	0	70.473000	284.148630	453.937469	9.632735	-1	###LINE###
5	9	2	1	1	0	70.47	284.15	18.69	9.63	100	The
5	9	2	1	1	1	92.81	284.15	16.88	9.63	100	two
5	9	2	1	1	2	113.34	284.15	33.77	9.63	100	employ
5	9	2	1	1	3	150.76	284.15	54.30	9.63	100	comparable
5	9	2	1	1	4	208.71	284.15	26.35	9.63	100	skills,
5	9	2	1	1	5	238.71	284.15	32.05	9.63	100	similar
5	9	2	1	1	6	274.40	284.15	32.87	9.63	100	tooling
5	9	2	1	1	7	310.92	284.15	17.49	9.63	100	and
5	9	2	1	1	8	332.05	284.15	39.80	9.63	100	common
5	9	2	1	1	9	375.50	284.15	58.52	9.63	100	terminology.
5	9	2	1	1	10	438.90	284.15	24.42	9.63	100	They
5	9	2	1	1	11	466.97	284.15	14.50	9.63	100	are
5	9	2	1	1	12	485.12	284.15	39.29	9.63	100	separate
4	9	2	1	2	0	70.866000	297.697630	296.029338	9.632735	-1	###LINE###
5	9	2	1	2	0	70.87	297.70	43.39	9.63	100	functions
5	9	2	1	2	1	117.90	297.70	27.30	9.63	100	under
5	9	2	1	2	2	148.84	297.70	39.49	9.63	100	separate
5	9	2	1	2	3	191.95	297.70	44.27	9.63	100	authority
5	9	2	1	2	4	239.87	297.70	17.57	9.63	100	and
5	9	2	1	2	5	261.08	297.70	21.88	9.63	100	shall
5	9	2	1	2	6	286.60	297.70	15.76	9.63	100	not
5	9	2	1	2	7	305.99	297.70	11.21	9.63	100	be
5	9	2	1	2	8	320.83	297.70	46.06	9.63	100	conflated.
3	9	3	0	0	0	70.866000	346.337630	32.124027	9.632735	-1	###FLOW###
4	9	3	0	0	0	70.866000	346.337630	32.124027	9.632735	-1	###LINE###
5	9	3	0	0	0	70.87	346.34	32.12	9.63	100	Object
3	9	3	1	0	0	70.866000	374.790630	31.246935	9.632735	-1	###FLOW###
4	9	3	1	0	0	70.866000	374.790630	31.246935	9.632735	-1	###LINE###
5	9	3	1	0	0	70.87	374.79	31.25	9.63	100	Target
3	9	3	2	0	0	70.866000	403.244630	24.817112	9.632735	-1	###FLOW###
4	9	3	2	0	0	70.866000	403.244630	24.817112	9.632735	-1	###LINE###
5	9	3	2	0	0	70.87	403.24	24.82	9.63	100	Basis
3	9	3	3	0	0	70.866000	431.697630	60.409141	9.632735	-1	###FLOW###
4	9	3	3	0	0	70.866000	431.697630	60.409141	9.632735	-1	###LINE###
5	9	3	3	0	0	70.87	431.70	45.25	9.63	100	Governed
5	9	3	3	0	1	119.76	431.70	11.51	9.63	100	by
3	9	4	0	0	0	159.748000	325.960630	135.062294	9.632735	-1	###FLOW###
4	9	4	0	0	0	159.748000	325.960630	135.062294	9.632735	-1	###LINE###
5	9	4	0	0	0	159.75	325.96	48.33	9.63	100	Assurance
5	9	4	0	0	1	211.71	325.96	21.88	9.63	100	(this
5	9	4	0	0	2	237.24	325.96	57.57	9.63	100	publication)
3	9	5	0	0	0	348.258000	325.960630	89.788438	9.632735	-1	###FLOW###
4	9	5	0	0	0	348.258000	325.960630	89.788438	9.632735	-1	###LINE###
5	9	5	0	0	0	348.26	325.96	56.70	9.63	100	Operational
5	9	5	0	0	1	408.59	325.96	29.46	9.63	100	effects
3	9	6	0	0	0	160.149347	346.337630	162.851516	94.992735	-1	###FLOW###
4	9	6	0	0	0	160.152000	346.337630	162.848863	9.632735	-1	###LINE###
5	9	6	0	0	0	160.15	346.34	63.73	9.63	100	Measurement
5	9	6	0	0	1	227.52	346.34	17.57	9.63	100	and
5	9	6	0	0	2	248.73	346.34	61.85	9.63	100	improvement
5	9	6	0	0	3	314.21	346.34	8.79	9.63	100	of
4	9	6	0	1	0	160.152000	359.886630	61.882961	9.632735	-1	###LINE###
5	9	6	0	1	0	160.15	359.89	19.09	9.63	100	own
5	9	6	0	1	1	182.88	359.89	39.15	9.63	100	defences
4	9	6	0	2	0	160.149347	374.790630	161.852862	9.632735	-1	###LINE###
5	9	6	0	2	0	160.15	374.79	22.42	9.63	100	Own
5	9	6	0	2	1	186.22	374.79	39.88	9.63	100	systems,
5	9	6	0	2	2	229.73	374.79	9.73	9.63	100	or
5	9	6	0	2	3	243.09	374.79	36.85	9.63	100	systems
5	9	6	0	2	4	283.58	374.79	38.42	9.63	100	assessed
4	9	6	0	3	0	160.152000	388.339630	72.146242	9.632735	-1	###LINE###
5	9	6	0	3	0	160.15	388.34	27.30	9.63	100	under
5	9	6	0	3	1	191.09	388.34	41.21	9.63	100	mandate
4	9	6	0	4	0	160.152000	403.244630	162.156135	9.632735	-1	###LINE###
5	9	6	0	4	0	160.15	403.24	38.54	9.63	100	Consent
5	9	6	0	4	1	202.34	403.24	8.79	9.63	100	of
5	9	6	0	4	2	214.76	403.24	15.15	9.63	100	the
5	9	6	0	4	3	233.54	403.24	52.58	9.63	100	responsible
5	9	6	0	4	4	289.76	403.24	32.55	9.63	100	system
4	9	6	0	5	0	160.152000	416.793630	44.270219	9.632735	-1	###LINE###
5	9	6	0	5	0	160.15	416.79	44.27	9.63	100	authority
4	9	6	0	6	0	160.151529	431.697630	78.236792	9.632735	-1	###LINE###
5	9	6	0	6	0	160.15	431.70	21.27	9.63	100	This
5	9	6	0	6	1	185.06	431.70	53.33	9.63	100	publication
3	9	7	0	0	0	348.258000	346.337630	169.752141	38.085735	-1	###FLOW###
4	9	7	0	0	0	348.258000	346.337630	169.752141	9.632735	-1	###LINE###
5	9	7	0	0	0	348.26	346.34	60.61	9.63	100	Achievement
5	9	7	0	0	1	412.50	346.34	8.79	9.63	100	of
5	9	7	0	0	2	424.93	346.34	11.51	9.63	100	an
5	9	7	0	0	3	440.08	346.34	25.15	9.63	100	effect
5	9	7	0	0	4	468.86	346.34	34.00	9.63	100	against
5	9	7	0	0	5	506.50	346.34	11.51	9.63	100	an
4	9	7	0	1	0	348.258000	359.886630	45.877129	9.632735	-1	###LINE###
5	9	7	0	1	0	348.26	359.89	45.88	9.63	100	adversary
4	9	7	0	2	0	348.258000	374.790630	111.576093	9.632735	-1	###LINE###
5	9	7	0	2	0	348.26	374.79	14.24	9.63	100	An
5	9	7	0	2	1	366.13	374.79	53.22	9.63	100	adversary’s
5	9	7	0	2	2	422.99	374.79	36.85	9.63	100	systems
3	9	7	1	0	0	348.258000	403.244630	130.454291	9.632735	-1	###FLOW###
4	9	7	1	0	0	348.258000	403.244630	130.454291	9.632735	-1	###LINE###
5	9	7	1	0	0	348.26	403.24	8.18	9.63	100	A
5	9	7	1	0	1	360.07	403.24	39.49	9.63	100	separate
5	9	7	1	0	2	403.20	403.24	21.82	9.63	100	legal
5	9	7	1	0	3	428.65	403.24	50.06	9.63	100	framework
3	9	7	2	0	0	348.253868	431.697630	96.123353	9.632735	-1	###FLOW###
4	9	7	2	0	0	348.253868	431.697630	96.123353	9.632735	-1	###LINE###
5	9	7	2	0	0	348.25	431.70	17.88	9.63	100	Not
5	9	7	2	0	1	369.78	431.70	17.64	9.63	100	this
5	9	7	2	0	2	391.04	431.70	53.33	9.63	100	publication
3	9	8	0	0	0	70.593000	471.027630	453.817602	36.730735	-1	###FLOW###
4	9	8	0	0	0	70.593000	471.027630	453.814788	9.632735	-1	###LINE###
5	9	8	0	0	0	70.59	471.03	19.67	9.63	100	2.11
5	9	8	0	0	1	93.89	471.03	13.83	9.63	100	No
5	9	8	0	0	2	111.34	471.03	36.56	9.63	100	activity
5	9	8	0	0	3	151.54	471.03	49.16	9.63	100	conducted
5	9	8	0	0	4	204.33	471.03	27.70	9.63	100	under
5	9	8	0	0	5	235.64	471.03	17.88	9.63	100	this
5	9	8	0	0	6	257.15	471.03	54.08	9.63	100	publication
5	9	8	0	0	7	314.87	471.03	22.18	9.63	100	shall
5	9	8	0	0	8	340.68	471.03	26.73	9.63	100	touch
5	9	8	0	0	9	371.04	471.03	5.53	9.63	100	a
5	9	8	0	0	10	380.20	471.03	33.00	9.63	100	system
5	9	8	0	0	11	416.83	471.03	34.48	9.63	100	outside
5	9	8	0	0	12	454.93	471.03	15.36	9.63	100	the
5	9	8	0	0	13	473.92	471.03	50.48	9.63	100	authorised
4	9	8	0	1	0	70.866000	484.576630	453.544602	9.632735	-1	###LINE###
5	9	8	0	1	0	70.87	484.58	28.12	9.63	100	target
5	9	8	0	1	1	102.62	484.58	25.16	9.63	100	space
5	9	8	0	1	2	131.42	484.58	40.10	9.63	100	recorded
5	9	8	0	1	3	175.16	484.58	8.96	9.63	100	in
5	9	8	0	1	4	187.77	484.58	5.38	9.63	100	a
5	9	8	0	1	5	196.78	484.58	29.34	9.63	100	signed
5	9	8	0	1	6	229.77	484.58	25.60	9.63	100	Rules
5	9	8	0	1	7	259.01	484.58	8.66	9.63	100	of
5	9	8	0	1	8	271.32	484.58	57.81	9.63	100	Engagement
5	9	8	0	1	9	332.77	484.58	17.33	9.63	100	and
5	9	8	0	1	10	353.74	484.58	28.86	9.63	100	Letter
5	9	8	0	1	11	386.24	484.58	8.66	9.63	100	of
5	9	8	0	1	12	398.55	484.58	67.61	9.63	100	Authorisation.
5	9	8	0	1	13	471.03	484.58	27.52	9.63	100	There
5	9	8	0	1	14	502.18	484.58	7.23	9.63	100	is
5	9	8	0	1	15	513.06	484.58	11.35	9.63	100	no
4	9	8	0	2	0	70.866000	498.125630	394.095601	9.632735	-1	###LINE###
5	9	8	0	2	0	70.87	498.13	45.15	9.63	100	exception
5	9	8	0	2	1	119.65	498.13	11.51	9.63	100	on
5	9	8	0	2	2	134.81	498.13	37.66	9.63	100	grounds
5	9	8	0	2	3	176.11	498.13	8.79	9.63	100	of
5	9	8	0	2	4	188.54	498.13	53.66	9.63	100	operational
5	9	8	0	2	5	245.84	498.13	41.94	9.63	100	necessity
5	9	8	0	2	6	291.41	498.13	17.57	9.63	100	and
5	9	8	0	2	7	312.63	498.13	11.51	9.63	100	no
5	9	8	0	2	8	327.78	498.13	43.12	9.63	100	provision
5	9	8	0	2	9	374.54	498.13	13.06	9.63	100	for
5	9	8	0	2	10	391.23	498.13	29.12	9.63	100	verbal
5	9	8	0	2	11	423.98	498.13	40.98	9.63	100	override.
3	9	8	1	0	0	70.593000	518.449630	453.815571	36.731735	-1	###FLOW###
4	9	8	1	0	0	70.593000	518.449630	453.815571	9.632735	-1	###LINE###
5	9	8	1	0	0	70.59	518.45	19.01	9.63	100	2.12
5	9	8	1	0	1	92.82	518.45	67.86	9.63	100	Infrastructure,
5	9	8	1	0	2	163.98	518.45	32.38	9.63	100	tooling
5	9	8	1	0	3	199.58	518.45	17.22	9.63	100	and
5	9	8	1	0	4	220.02	518.45	44.35	9.63	100	personnel
5	9	8	1	0	5	267.59	518.45	38.72	9.63	100	assigned
5	9	8	1	0	6	309.53	518.45	9.50	9.63	100	to
5	9	8	1	0	7	322.25	518.45	44.69	9.63	100	assurance
5	9	8	1	0	8	370.17	518.45	35.33	9.63	100	activity
5	9	8	1	0	9	408.72	518.45	21.45	9.63	100	shall
5	9	8	1	0	10	433.39	518.45	15.44	9.63	100	not
5	9	8	1	0	11	452.05	518.45	10.99	9.63	100	be
5	9	8	1	0	12	466.27	518.45	43.64	9.63	100	employed
5	9	8	1	0	13	513.12	518.45	11.28	9.63	100	on
4	9	8	1	1	0	70.866000	531.998630	453.539287	9.632735	-1	###LINE###
5	9	8	1	1	0	70.87	532.00	53.67	9.63	100	operational
5	9	8	1	1	1	128.15	532.00	29.46	9.63	100	effects
5	9	8	1	1	2	161.22	532.00	38.19	9.63	100	activity,
5	9	8	1	1	3	203.03	532.00	17.57	9.63	100	and
5	9	8	1	1	4	224.23	532.00	15.15	9.63	100	the
5	9	8	1	1	5	242.99	532.00	42.83	9.63	100	converse.
5	9	8	1	1	6	290.65	532.00	43.03	9.63	100	Common
5	9	8	1	1	7	337.30	532.00	15.21	9.63	100	use
5	9	8	1	1	8	356.13	532.00	50.37	9.63	100	invalidates
5	9	8	1	1	9	410.11	532.00	15.15	9.63	100	the
5	9	8	1	1	10	428.88	532.00	63.12	9.63	100	authorisation
5	9	8	1	1	11	495.63	532.00	28.78	9.63	100	model
4	9	8	1	2	0	70.866000	545.548630	37.573122	9.632735	-1	###LINE###
5	9	8	1	2	0	70.87	545.55	8.79	9.63	100	of
5	9	8	1	2	1	83.29	545.55	25.15	9.63	100	both.
3	9	8	2	0	0	70.593000	565.871630	454.217877	50.280735	-1	###FLOW###
4	9	8	2	0	0	70.593000	565.871630	454.217877	9.632735	-1	###LINE###
5	9	8	2	0	0	70.59	565.87	19.78	9.63	100	2.13
5	9	8	2	0	1	94.58	565.87	50.70	9.63	100	Capability
5	9	8	2	0	2	149.49	565.87	47.91	9.63	100	developed
5	9	8	2	0	3	201.60	565.87	13.32	9.63	100	for
5	9	8	2	0	4	219.13	565.87	46.52	9.63	100	assurance
5	9	8	2	0	5	269.85	565.87	20.41	9.63	100	may
5	9	8	2	0	6	294.47	565.87	11.43	9.63	100	be
5	9	8	2	0	7	310.10	565.87	53.01	9.63	100	transferred
5	9	8	2	0	8	367.33	565.87	9.89	9.63	100	to
5	9	8	2	0	9	381.43	565.87	15.45	9.63	100	the
5	9	8	2	0	10	401.09	565.87	54.73	9.63	100	operational
5	9	8	2	0	11	460.02	565.87	39.87	9.63	100	function
5	9	8	2	0	12	504.10	565.87	20.71	9.63	100	only
4	9	8	2	1	0	70.866000	579.421630	453.541796	9.632735	-1	###LINE###
5	9	8	2	1	0	70.87	579.42	11.64	9.63	100	by
5	9	8	2	1	1	86.13	579.42	5.51	9.63	100	a
5	9	8	2	1	2	95.26	579.42	34.74	9.63	100	process
5	9	8	2	1	3	133.63	579.42	43.80	9.63	100	approved
5	9	8	2	1	4	181.06	579.42	11.64	9.63	100	by
5	9	8	2	1	5	196.32	579.42	15.30	9.63	100	the
5	9	8	2	1	6	215.26	579.42	50.53	9.63	100	Approving
5	9	8	2	1	7	269.42	579.42	49.32	9.63	100	Authority.
5	9	8	2	1	8	323.59	579.42	41.04	9.63	100	Informal
5	9	8	2	1	9	368.25	579.42	37.16	9.63	100	transfer
5	9	8	2	1	10	409.05	579.42	7.41	9.63	100	is
5	9	8	2	1	11	420.08	579.42	52.67	9.63	100	prohibited.
5	9	8	2	1	12	477.60	579.42	31.56	9.63	100	Where
5	9	8	2	1	13	512.78	579.42	11.63	9.63	100	an
4	9	8	2	2	0	70.866000	592.970630	453.540738	9.632735	-1	###LINE###
5	9	8	2	2	0	70.87	592.97	48.19	9.63	100	individual
5	9	8	2	2	1	122.71	592.97	28.40	9.63	100	serves
5	9	8	2	2	2	154.76	592.97	9.21	9.63	100	in
5	9	8	2	2	3	167.61	592.97	22.41	9.63	100	both
5	9	8	2	2	4	193.67	592.97	47.03	9.63	100	functions,
5	9	8	2	2	5	244.34	592.97	20.26	9.63	100	that
5	9	8	2	2	6	268.25	592.97	48.20	9.63	100	individual
5	9	8	2	2	7	320.10	592.97	40.30	9.63	100	operates
5	9	8	2	2	8	364.04	592.97	27.66	9.63	100	under
5	9	8	2	2	9	395.35	592.97	16.58	9.63	100	one
5	9	8	2	2	10	415.58	592.97	39.60	9.63	100	function
5	9	8	2	2	11	458.83	592.97	9.82	9.63	100	at
5	9	8	2	2	12	472.30	592.97	5.53	9.63	100	a
5	9	8	2	2	13	481.47	592.97	21.49	9.63	100	time
5	9	8	2	2	14	506.60	592.97	17.80	9.63	100	and
4	9	8	2	3	0	70.866000	606.519630	68.308421	9.632735	-1	###LINE###
5	9	8	2	3	0	70.87	606.52	34.06	9.63	100	records
5	9	8	2	3	1	108.56	606.52	30.61	9.63	100	which.
3	9	8	3	0	0	70.593000	626.843630	455.930616	36.730735	-1	###FLOW###
4	9	8	3	0	0	70.593000	626.843630	453.815898	9.632735	-1	###LINE###
5	9	8	3	0	0	70.59	626.84	19.30	9.63	100	2.14
5	9	8	3	0	1	93.52	626.84	19.60	9.63	100	Any
5	9	8	3	0	2	116.74	626.84	41.64	9.63	100	direction
5	9	8	3	0	3	162.00	626.84	9.65	9.63	100	to
5	9	8	3	0	4	175.28	626.84	33.77	9.63	100	employ
5	9	8	3	0	5	212.67	626.84	17.55	9.63	100	this
5	9	8	3	0	6	233.84	626.84	46.43	9.63	100	capability
5	9	8	3	0	7	283.90	626.84	33.83	9.63	100	outside
5	9	8	3	0	8	321.35	626.84	11.52	9.63	100	its
5	9	8	3	0	9	336.50	626.84	49.54	9.63	100	authorised
5	9	8	3	0	10	389.66	626.84	28.37	9.63	100	target
5	9	8	3	0	11	421.66	626.84	25.39	9.63	100	space
5	9	8	3	0	12	450.67	626.84	21.77	9.63	100	shall
5	9	8	3	0	13	476.07	626.84	11.16	9.63	100	be
5	9	8	3	0	14	490.85	626.84	33.56	9.63	100	refused
4	9	8	3	1	0	70.866000	640.392630	453.547866	9.632735	-1	###LINE###
5	9	8	3	1	0	70.87	640.39	17.38	9.63	100	and
5	9	8	3	1	1	91.89	640.39	39.92	9.63	100	reported
5	9	8	3	1	2	135.46	640.39	9.59	9.63	100	to
5	9	8	3	1	3	148.71	640.39	14.98	9.63	100	the
5	9	8	3	1	4	167.34	640.39	49.48	9.63	100	Approving
5	9	8	3	1	5	220.47	640.39	48.27	9.63	100	Authority,
5	9	8	3	1	6	272.38	640.39	53.77	9.63	100	irrespective
5	9	8	3	1	7	329.80	640.39	8.69	9.63	100	of
5	9	8	3	1	8	342.14	640.39	14.98	9.63	100	the
5	9	8	3	1	9	360.77	640.39	40.25	9.63	100	seniority
5	9	8	3	1	10	404.66	640.39	8.69	9.63	100	of
5	9	8	3	1	11	417.01	640.39	14.98	9.63	100	the
5	9	8	3	1	12	435.64	640.39	49.21	9.63	100	originator.
5	9	8	3	1	13	489.74	640.39	34.67	9.63	100	Refusal
4	9	8	3	2	0	70.866000	653.941630	455.657616	9.632735	-1	###LINE###
5	9	8	3	2	0	70.87	653.94	11.28	9.63	100	on
5	9	8	3	2	1	85.41	653.94	17.28	9.63	100	this
5	9	8	3	2	2	105.97	653.94	32.69	9.63	100	ground
5	9	8	3	2	3	141.92	653.94	7.19	9.63	100	is
5	9	8	3	2	4	152.38	653.94	5.35	9.63	100	a
5	9	8	3	2	5	160.99	653.94	55.88	9.63	100	requirement
5	9	8	3	2	6	220.13	653.94	8.61	9.63	100	of
5	9	8	3	2	7	232.01	653.94	17.28	9.63	100	this
5	9	8	3	2	8	252.56	653.94	52.27	9.63	100	publication
5	9	8	3	2	9	308.09	653.94	17.22	9.63	100	and
5	9	8	3	2	10	328.57	653.94	36.32	9.63	100	attracts
5	9	8	3	2	11	368.16	653.94	11.28	9.63	100	no
5	9	8	3	2	12	382.71	653.94	56.78	9.63	100	consequence
5	9	8	3	2	13	442.75	653.94	12.81	9.63	100	for
5	9	8	3	2	14	458.82	653.94	14.85	9.63	100	the
5	9	8	3	2	15	476.93	653.94	49.59	9.63	100	individual.
3	9	9	0	0	0	70.866000	706.302199	306.297108	12.595964	-1	###FLOW###
4	9	9	0	0	0	70.866000	706.302199	306.297108	12.595964	-1	###LINE###
5	9	9	0	0	0	70.87	706.30	81.34	12.60	100	CHAPTER
5	9	9	0	0	1	157.59	706.30	8.07	12.60	100	3
5	9	9	0	0	2	171.04	706.30	16.14	12.60	100	—
5	9	9	0	0	3	192.56	706.30	33.51	12.60	100	AIM
5	9	9	0	0	4	231.45	706.30	37.18	12.60	100	AND
5	9	9	0	0	5	274.00	706.30	103.16	12.60	100	OBJECTIVES
3	9	9	1	0	0	70.866000	732.687643	25.099942	10.496666	-1	###FLOW###
4	9	9	1	0	0	70.866000	732.687643	25.099942	10.496666	-1	###LINE###
5	9	9	1	0	0	70.87	732.69	25.10	10.50	100	Aim
3	9	9	2	0	0	70.593000	753.943630	455.338173	23.181735	-1	###FLOW###
4	9	9	2	0	0	70.593000	753.943630	453.816182	9.632735	-1	###LINE###
5	9	9	2	0	0	70.59	753.94	14.22	9.63	100	3.1
5	9	9	2	0	1	88.76	753.94	19.16	9.63	100	The
5	9	9	2	0	2	111.88	753.94	17.93	9.63	100	aim
5	9	9	2	0	3	133.74	753.94	8.96	9.63	100	of
5	9	9	2	0	4	146.65	753.94	15.49	9.63	100	red
5	9	9	2	0	5	166.09	753.94	24.11	9.63	100	team
5	9	9	2	0	6	194.15	753.94	36.79	9.63	100	activity
5	9	9	2	0	7	234.88	753.94	7.48	9.63	100	is
5	9	9	2	0	8	246.31	753.94	9.89	9.63	100	to
5	9	9	2	0	9	260.15	753.94	39.66	9.63	100	measure
5	9	9	2	0	10	303.76	753.94	17.93	9.63	100	and
5	9	9	2	0	11	325.64	753.94	38.67	9.63	100	improve
5	9	9	2	0	12	368.26	753.94	15.45	9.63	100	the
5	9	9	2	0	13	387.66	753.94	30.92	9.63	100	ability
5	9	9	2	0	14	422.52	753.94	8.96	9.63	100	of
5	9	9	2	0	15	435.44	753.94	11.74	9.63	100	an
5	9	9	2	0	16	451.13	753.94	59.44	9.63	100	organisation
5	9	9	2	0	17	514.52	753.94	9.89	9.63	100	to
4	9	9	2	1	0	70.866000	767.492630	455.065173	9.632735	-1	###LINE###
5	9	9	2	1	0	70.87	767.49	38.36	9.63	100	prevent,
5	9	9	2	1	1	112.87	767.49	31.99	9.63	100	detect,
5	9	9	2	1	2	148.52	767.49	37.20	9.63	100	respond
5	9	9	2	1	3	189.37	767.49	9.66	9.63	100	to
5	9	9	2	1	4	202.68	767.49	17.50	9.63	100	and
5	9	9	2	1	5	223.83	767.49	33.56	9.63	100	recover
5	9	9	2	1	6	261.04	767.49	22.06	9.63	100	from
5	9	9	2	1	7	286.74	767.49	29.58	9.63	100	attack
5	9	9	2	1	8	319.97	767.49	11.47	9.63	100	by
5	9	9	2	1	9	335.09	767.49	52.09	9.63	100	adversaries
5	9	9	2	1	10	390.82	767.49	19.92	9.63	100	that
5	9	9	2	1	11	414.39	767.49	54.12	9.63	100	realistically
5	9	9	2	1	12	472.15	767.49	39.87	9.63	100	threaten
5	9	9	2	1	13	515.67	767.49	10.26	9.63	100	it,
3	9	9	3	0	0	257.623000	793.912520	80.030500	8.015962	-1	###FLOW###
4	9	9	3	0	0	257.623000	793.912520	80.030500	8.015962	-1	###LINE###
5	9	9	3	0	0	257.62	793.91	80.03	8.02	100	UNCLASSIFIED
3	9	9	4	0	0	289.170000	808.605601	16.938057	7.037598	-1	###FLOW###
4	9	9	4	0	0	289.170000	808.605601	16.938057	7.037598	-1	###LINE###
5	9	9	4	0	0	289.17	808.61	16.94	7.04	100	9/29
1	10	0	0	0	0	289.170000	808.605601	595.276000	841.890000	-1	###PAGE###
3	10	0	0	0	0	257.623000	39.603520	80.030500	8.015962	-1	###FLOW###
4	10	0	0	0	0	257.623000	39.603520	80.030500	8.015962	-1	###LINE###
5	10	0	0	0	0	257.62	39.60	80.03	8.02	100	UNCLASSIFIED
3	10	1	0	0	0	70.866000	78.293630	413.428708	9.632735	-1	###FLOW###
4	10	1	0	0	0	70.866000	78.293630	413.428708	9.632735	-1	###LINE###
5	10	1	0	0	0	70.87	78.29	17.57	9.63	100	and
5	10	1	0	0	1	92.07	78.29	9.70	9.63	100	to
5	10	1	0	0	2	105.41	78.29	34.88	9.63	100	convert
5	10	1	0	0	3	143.92	78.29	15.16	9.63	100	the
5	10	1	0	0	4	162.72	78.29	31.06	9.63	100	results
5	10	1	0	0	5	197.41	78.29	18.48	9.63	100	into
5	10	1	0	0	6	219.54	78.29	42.79	9.63	100	defensive
5	10	1	0	0	7	265.95	78.29	66.15	9.63	100	improvements
5	10	1	0	0	8	335.74	78.29	20.00	9.63	100	that
5	10	1	0	0	9	359.39	78.29	14.58	9.63	100	are
5	10	1	0	0	10	377.59	78.29	34.57	9.63	100	verified
5	10	1	0	0	11	415.80	78.29	9.70	9.63	100	to
5	10	1	0	0	12	429.14	78.29	55.15	9.63	100	completion.
3	10	1	1	0	0	70.593000	98.617630	455.330986	77.378735	-1	###FLOW###
4	10	1	1	0	0	70.593000	98.617630	453.813511	9.632735	-1	###LINE###
5	10	1	1	0	0	70.59	98.62	13.74	9.63	100	3.2
5	10	1	1	0	1	87.98	98.62	19.70	9.63	100	Two
5	10	1	1	0	2	111.33	98.62	40.38	9.63	100	elements
5	10	1	1	0	3	155.36	98.62	8.66	9.63	100	of
5	10	1	1	0	4	167.67	98.62	19.72	9.63	100	that
5	10	1	1	0	5	191.03	98.62	17.33	9.63	100	aim
5	10	1	1	0	6	212.00	98.62	30.80	9.63	100	govern
5	10	1	1	0	7	246.44	98.62	14.94	9.63	100	the
5	10	1	1	0	8	265.02	98.62	37.05	9.63	100	conduct
5	10	1	1	0	9	305.72	98.62	8.66	9.63	100	of
5	10	1	1	0	10	318.02	98.62	62.50	9.63	100	engagements.
5	10	1	1	0	11	385.40	98.62	25.64	9.63	100	First,
5	10	1	1	0	12	414.67	98.62	51.57	9.63	100	adversaries
5	10	1	1	0	13	469.88	98.62	14.37	9.63	100	are
5	10	1	1	0	14	487.89	98.62	36.51	9.63	100	selected
4	10	1	1	1	0	70.866000	112.166630	453.952343	9.632735	-1	###LINE###
5	10	1	1	1	0	70.87	112.17	11.55	9.63	100	on
5	10	1	1	1	1	86.06	112.17	15.20	9.63	100	the
5	10	1	1	1	2	104.89	112.17	23.22	9.63	100	basis
5	10	1	1	1	3	131.75	112.17	8.81	9.63	100	of
5	10	1	1	1	4	144.20	112.17	37.17	9.63	100	realistic
5	10	1	1	1	5	185.00	112.17	29.21	9.63	100	threat
5	10	1	1	1	6	217.86	112.17	17.63	9.63	100	and
5	10	1	1	1	7	239.12	112.17	15.80	9.63	100	not
5	10	1	1	1	8	258.57	112.17	11.55	9.63	100	on
5	10	1	1	1	9	273.75	112.17	15.20	9.63	100	the
5	10	1	1	1	10	292.59	112.17	23.22	9.63	100	basis
5	10	1	1	1	11	319.44	112.17	8.81	9.63	100	of
5	10	1	1	1	12	331.90	112.17	42.25	9.63	100	technical
5	10	1	1	1	13	377.79	112.17	38.69	9.63	100	interest.
5	10	1	1	1	14	421.33	112.17	18.84	9.63	100	The
5	10	1	1	1	15	443.81	112.17	37.75	9.63	100	baseline
5	10	1	1	1	16	485.19	112.17	7.36	9.63	100	is
5	10	1	1	1	17	496.19	112.17	13.43	9.63	100	set
5	10	1	1	1	18	513.26	112.17	11.56	9.63	100	by
4	10	1	1	2	0	70.866000	125.716630	455.057986	9.632735	-1	###LINE###
5	10	1	1	2	0	70.87	125.72	15.45	9.63	100	the
5	10	1	1	2	1	90.15	125.72	29.70	9.63	100	threat
5	10	1	1	2	2	123.69	125.72	15.45	9.63	100	the
5	10	1	1	2	3	142.97	125.72	59.44	9.63	100	organisation
5	10	1	1	2	4	206.25	125.72	38.64	9.63	100	actually
5	10	1	1	2	5	248.72	125.72	26.33	9.63	100	faces,
5	10	1	1	2	6	278.93	125.72	41.48	9.63	100	recorded
5	10	1	1	2	7	324.24	125.72	9.27	9.63	100	in
5	10	1	1	2	8	337.35	125.72	15.45	9.63	100	the
5	10	1	1	2	9	356.64	125.72	29.70	9.63	100	threat
5	10	1	1	2	10	390.17	125.72	30.32	9.63	100	profile
5	10	1	1	2	11	424.33	125.72	9.89	9.63	100	at
5	10	1	1	2	12	438.05	125.72	31.53	9.63	100	Annex
5	10	1	1	2	13	473.41	125.72	11.59	9.63	100	D.
5	10	1	1	2	14	488.83	125.72	37.09	9.63	100	Second,
4	10	1	1	3	0	70.866000	139.265630	453.543563	9.632735	-1	###LINE###
5	10	1	1	3	0	70.87	139.27	11.74	9.63	100	an
5	10	1	1	3	1	86.85	139.27	57.18	9.63	100	engagement
5	10	1	1	3	2	148.27	139.27	20.40	9.63	100	that
5	10	1	1	3	3	172.91	139.27	46.43	9.63	100	concludes
5	10	1	1	3	4	223.56	139.27	11.74	9.63	100	on
5	10	1	1	3	5	239.55	139.27	38.06	9.63	100	delivery
5	10	1	1	3	6	281.83	139.27	8.96	9.63	100	of
5	10	1	1	3	7	295.04	139.27	5.56	9.63	100	a
5	10	1	1	3	8	304.84	139.27	30.04	9.63	100	report
5	10	1	1	3	9	339.12	139.27	16.13	9.63	100	has
5	10	1	1	3	10	359.48	139.27	44.85	9.63	100	produced
5	10	1	1	3	11	408.56	139.27	5.56	9.63	100	a
5	10	1	1	3	12	418.36	139.27	47.60	9.63	100	document
5	10	1	1	3	13	470.20	139.27	17.93	9.63	100	and
5	10	1	1	3	14	492.35	139.27	16.07	9.63	100	not
5	10	1	1	3	15	512.66	139.27	11.74	9.63	100	an
4	10	1	1	4	0	70.866000	152.814630	453.837324	9.632735	-1	###LINE###
5	10	1	1	4	0	70.87	152.81	66.19	9.63	100	improvement.
5	10	1	1	4	1	143.88	152.81	55.68	9.63	100	Verification
5	10	1	1	4	2	203.85	152.81	8.96	9.63	100	of
5	10	1	1	4	3	217.10	152.81	57.52	9.63	100	remediation
5	10	1	1	4	4	278.92	152.81	26.98	9.63	100	forms
5	10	1	1	4	5	310.19	152.81	20.43	9.63	100	part
5	10	1	1	4	6	334.91	152.81	8.96	9.63	100	of
5	10	1	1	4	7	348.17	152.81	15.45	9.63	100	the
5	10	1	1	4	8	367.91	152.81	57.19	9.63	100	engagement
5	10	1	1	4	9	429.40	152.81	17.93	9.63	100	and
5	10	1	1	4	10	451.62	152.81	7.48	9.63	100	is
5	10	1	1	4	11	463.38	152.81	47.14	9.63	100	addressed
5	10	1	1	4	12	514.81	152.81	9.89	9.63	100	at
4	10	1	1	5	0	70.866000	166.363630	93.423351	9.632735	-1	###LINE###
5	10	1	1	5	0	70.87	166.36	38.82	9.63	100	Chapter
5	10	1	1	5	1	113.32	166.36	8.49	9.63	100	7,
5	10	1	1	5	2	125.45	166.36	26.73	9.63	100	phase
5	10	1	1	5	3	155.80	166.36	8.49	9.63	100	7.
3	10	2	0	0	0	70.866000	194.523643	129.597955	10.496666	-1	###FLOW###
4	10	2	0	0	0	70.866000	194.523643	129.597955	10.496666	-1	###LINE###
5	10	2	0	0	0	70.87	194.52	67.19	10.50	100	Assessment
5	10	2	0	0	1	142.54	194.52	57.93	10.50	100	objectives
3	10	2	1	0	0	70.593000	215.779630	453.812364	23.181735	-1	###FLOW###
4	10	2	1	0	0	70.593000	215.779630	453.812364	9.632735	-1	###LINE###
5	10	2	1	0	0	70.59	215.78	13.66	9.63	100	3.3
5	10	2	1	0	1	87.33	215.78	27.20	9.63	100	Every
5	10	2	1	0	2	117.61	215.78	54.93	9.63	100	engagement
5	10	2	1	0	3	175.62	215.78	21.45	9.63	100	shall
5	10	2	1	0	4	200.15	215.78	37.11	9.63	100	advance
5	10	2	1	0	5	240.33	215.78	9.50	9.63	100	at
5	10	2	1	0	6	252.92	215.78	21.44	9.63	100	least
5	10	2	1	0	7	277.44	215.78	16.04	9.63	100	one
5	10	2	1	0	8	296.55	215.78	8.61	9.63	100	of
5	10	2	1	0	9	308.25	215.78	14.85	9.63	100	the
5	10	2	1	0	10	326.18	215.78	41.56	9.63	100	following
5	10	2	1	0	11	370.82	215.78	18.75	9.63	100	four
5	10	2	1	0	12	392.65	215.78	48.76	9.63	100	objectives,
5	10	2	1	0	13	444.60	215.78	17.22	9.63	100	and
5	10	2	1	0	14	464.90	215.78	14.85	9.63	100	the
5	10	2	1	0	15	482.83	215.78	41.58	9.63	100	objective
4	10	2	1	1	0	70.866000	229.328630	260.547490	9.632735	-1	###LINE###
5	10	2	1	1	0	70.87	229.33	37.03	9.63	100	selected
5	10	2	1	1	1	111.53	229.33	21.88	9.63	100	shall
5	10	2	1	1	2	137.05	229.33	11.20	9.63	100	be
5	10	2	1	1	3	151.90	229.33	40.67	9.63	100	recorded
5	10	2	1	1	4	196.20	229.33	9.09	9.63	100	in
5	10	2	1	1	5	208.92	229.33	15.15	9.63	100	the
5	10	2	1	1	6	227.72	229.33	25.97	9.63	100	Rules
5	10	2	1	1	7	257.32	229.33	8.79	9.63	100	of
5	10	2	1	1	8	269.75	229.33	61.66	9.63	100	Engagement.
3	10	2	2	0	0	107.881000	256.097630	45.456038	9.632735	-1	###FLOW###
4	10	2	2	0	0	107.881000	256.097630	45.456038	9.632735	-1	###LINE###
5	10	2	2	0	0	107.88	256.10	45.46	9.63	100	Objective
3	10	3	0	0	0	220.081000	256.097630	89.549529	9.632735	-1	###FLOW###
4	10	3	0	0	0	220.081000	256.097630	89.549529	9.632735	-1	###LINE###
5	10	3	0	0	0	220.08	256.10	42.48	9.63	100	Question
5	10	3	0	0	1	266.20	256.10	43.43	9.63	100	answered
3	10	4	0	0	0	386.575000	256.097630	85.723708	9.632735	-1	###FLOW###
4	10	4	0	0	0	386.575000	256.097630	85.723708	9.632735	-1	###LINE###
5	10	4	0	0	0	386.58	256.10	43.21	9.63	100	Principal
5	10	4	0	0	1	433.42	256.10	38.88	9.63	100	measure
3	10	5	0	0	0	70.866000	276.474630	5.454550	9.632735	-1	###FLOW###
4	10	5	0	0	0	70.866000	276.474630	5.454550	9.632735	-1	###LINE###
5	10	5	0	0	0	70.87	276.47	5.45	9.63	100	1
3	10	6	0	0	0	107.881000	276.474630	35.334575	9.632735	-1	###FLOW###
4	10	6	0	0	0	107.881000	276.474630	35.334575	9.632735	-1	###LINE###
5	10	6	0	0	0	107.88	276.47	35.33	9.63	100	Protect
3	10	7	0	0	0	220.081000	276.474630	149.726307	23.181735	-1	###FLOW###
4	10	7	0	0	0	220.081000	276.474630	149.726307	9.632735	-1	###LINE###
5	10	7	0	0	0	220.08	276.47	13.79	9.63	100	Do
5	10	7	0	0	1	237.50	276.47	48.82	9.63	100	preventive
5	10	7	0	0	2	289.96	276.47	37.36	9.63	100	controls
5	10	7	0	0	3	330.96	276.47	20.06	9.63	100	stop
5	10	7	0	0	4	354.66	276.47	15.15	9.63	100	the
4	10	7	0	1	0	220.081000	290.023630	98.002991	9.632735	-1	###LINE###
5	10	7	0	1	0	220.08	290.02	43.33	9.63	100	emulated
5	10	7	0	1	1	267.06	290.02	51.03	9.63	100	adversary?
3	10	8	0	0	0	70.866000	318.477630	5.454550	9.632735	-1	###FLOW###
4	10	8	0	0	0	70.866000	318.477630	5.454550	9.632735	-1	###LINE###
5	10	8	0	0	0	70.87	318.48	5.45	9.63	100	2
3	10	9	0	0	0	107.880576	318.477630	31.365844	9.632735	-1	###FLOW###
4	10	9	0	0	0	107.880576	318.477630	31.365844	9.632735	-1	###LINE###
5	10	9	0	0	0	107.88	318.48	31.37	9.63	100	Detect
3	10	10	0	0	0	70.866000	360.479630	5.454550	9.632735	-1	###FLOW###
4	10	10	0	0	0	70.866000	360.479630	5.454550	9.632735	-1	###LINE###
5	10	10	0	0	0	70.87	360.48	5.45	9.63	100	3
3	10	11	0	0	0	107.881000	360.479630	41.121852	9.632735	-1	###FLOW###
4	10	11	0	0	0	107.881000	360.479630	41.121852	9.632735	-1	###LINE###
5	10	11	0	0	0	107.88	360.48	41.12	9.63	100	Respond
3	10	12	0	0	0	70.866000	416.031630	5.454550	9.632735	-1	###FLOW###
4	10	12	0	0	0	70.866000	416.031630	5.454550	9.632735	-1	###LINE###
5	10	12	0	0	0	70.87	416.03	5.45	9.63	100	4
3	10	13	0	0	0	107.880576	416.031630	36.001121	9.632735	-1	###FLOW###
4	10	13	0	0	0	107.880576	416.031630	36.001121	9.632735	-1	###LINE###
5	10	13	0	0	0	107.88	416.03	36.00	9.63	100	Restore
3	10	14	0	0	0	220.081000	318.477630	144.361211	120.735735	-1	###FLOW###
4	10	14	0	0	0	220.082852	318.477630	129.816108	9.632735	-1	###LINE###
5	10	14	0	0	0	220.08	318.48	17.30	9.63	100	Are
5	10	14	0	0	1	241.02	318.48	29.76	9.63	100	usable
5	10	14	0	0	2	274.42	318.48	45.17	9.63	100	telemetry
5	10	14	0	0	3	323.24	318.48	17.57	9.63	100	and
5	10	14	0	0	4	344.44	318.48	5.45	9.63	100	a
4	10	14	0	1	0	220.081000	332.026630	144.361211	9.632735	-1	###LINE###
5	10	14	0	1	0	220.08	332.03	37.61	9.63	100	relevant
5	10	14	0	1	1	261.33	332.03	21.85	9.63	100	alert
5	10	14	0	1	2	286.81	332.03	46.09	9.63	100	generated
5	10	14	0	1	3	336.53	332.03	27.91	9.63	100	where
4	10	14	0	2	0	220.081000	345.575630	141.157209	9.632735	-1	###LINE###
5	10	14	0	2	0	220.08	345.58	15.15	9.63	100	the
5	10	14	0	2	1	238.87	345.58	45.89	9.63	100	adversary
5	10	14	0	2	2	288.39	345.58	7.33	9.63	100	is
5	10	14	0	2	3	299.35	345.58	15.76	9.63	100	not
5	10	14	0	2	4	318.75	345.58	42.49	9.63	100	stopped?
4	10	14	0	3	0	220.081000	360.479630	138.852116	9.632735	-1	###LINE###
5	10	14	0	3	0	220.08	360.48	13.79	9.63	100	Do
5	10	14	0	3	1	237.50	360.48	45.24	9.63	100	personnel
5	10	14	0	3	2	286.38	360.48	17.59	9.63	100	and
5	10	14	0	3	3	307.60	360.48	51.34	9.63	100	procedures
4	10	14	0	4	0	220.081000	374.028630	142.483755	9.632735	-1	###LINE###
5	10	14	0	4	0	220.08	374.03	42.12	9.63	100	examine,
5	10	14	0	4	1	265.84	374.03	34.85	9.63	100	contain
5	10	14	0	4	2	304.33	374.03	17.57	9.63	100	and
5	10	14	0	4	3	325.53	374.03	37.03	9.63	100	escalate
4	10	14	0	5	0	220.081000	387.577630	128.845198	9.632735	-1	###LINE###
5	10	14	0	5	0	220.08	387.58	41.58	9.63	100	correctly
5	10	14	0	5	1	265.29	387.58	30.30	9.63	100	within
5	10	14	0	5	2	299.23	387.58	49.70	9.63	100	acceptable
4	10	14	0	6	0	220.081000	401.127630	26.364022	9.632735	-1	###LINE###
5	10	14	0	6	0	220.08	401.13	26.36	9.63	100	time?
4	10	14	0	7	0	220.081761	416.031630	143.633574	9.632735	-1	###LINE###
5	10	14	0	7	0	220.08	416.03	19.39	9.63	100	Can
5	10	14	0	7	1	243.11	416.03	15.15	9.63	100	the
5	10	14	0	7	2	261.90	416.03	36.67	9.63	100	affected
5	10	14	0	7	3	302.20	416.03	46.66	9.63	100	capability
5	10	14	0	7	4	352.50	416.03	11.21	9.63	100	be
4	10	14	0	8	0	220.081000	429.580630	136.580841	9.632735	-1	###LINE###
5	10	14	0	8	0	220.08	429.58	44.60	9.63	100	recovered
5	10	14	0	8	1	268.33	429.58	9.70	9.63	100	to
5	10	14	0	8	2	281.66	429.58	5.45	9.63	100	a
5	10	14	0	8	3	290.75	429.58	34.03	9.63	100	trusted
5	10	14	0	8	4	328.42	429.58	28.24	9.63	100	state?
3	10	15	0	0	0	386.575000	276.474630	137.826791	120.735735	-1	###FLOW###
4	10	15	0	0	0	386.575000	276.474630	114.362277	9.632735	-1	###LINE###
5	10	15	0	0	0	386.58	276.47	52.49	9.63	100	Techniques
5	10	15	0	0	1	442.69	276.47	35.76	9.63	100	blocked
5	10	15	0	0	2	482.09	276.47	9.76	9.63	100	as
5	10	15	0	0	3	495.48	276.47	5.45	9.63	100	a
4	10	15	0	1	0	386.575000	290.023630	116.487370	9.632735	-1	###LINE###
5	10	15	0	1	0	386.58	290.02	50.67	9.63	100	proportion
5	10	15	0	1	1	440.88	290.02	8.79	9.63	100	of
5	10	15	0	1	2	453.31	290.02	49.76	9.63	100	techniques
4	10	15	0	2	0	386.575000	303.572630	49.090950	9.632735	-1	###LINE###
5	10	15	0	2	0	386.58	303.57	49.09	9.63	100	attempted
4	10	15	0	3	0	386.575000	318.477630	137.826791	9.632735	-1	###LINE###
5	10	15	0	3	0	386.58	318.48	50.20	9.63	100	Applicable
5	10	15	0	3	1	440.41	318.48	33.13	9.63	100	actions
5	10	15	0	3	2	477.18	318.48	47.23	9.63	100	producing
4	10	15	0	4	0	386.575000	332.026630	133.091020	9.632735	-1	###LINE###
5	10	15	0	4	0	386.58	332.03	45.18	9.63	100	telemetry
5	10	15	0	4	1	435.39	332.03	17.57	9.63	100	and
5	10	15	0	4	2	456.61	332.03	24.87	9.63	100	alert;
5	10	15	0	4	3	485.12	332.03	21.21	9.63	100	time
5	10	15	0	4	4	509.97	332.03	9.70	9.63	100	to
4	10	15	0	5	0	386.575000	345.575630	21.849836	9.632735	-1	###LINE###
5	10	15	0	5	0	386.58	345.58	21.85	9.63	100	alert
4	10	15	0	6	0	386.575000	360.479630	121.514283	9.632735	-1	###LINE###
5	10	15	0	6	0	386.58	360.48	24.85	9.63	100	Time
5	10	15	0	6	1	415.06	360.48	9.70	9.63	100	to
5	10	15	0	6	2	428.40	360.48	58.48	9.63	100	examination
5	10	15	0	6	3	490.51	360.48	17.57	9.63	100	and
4	10	15	0	7	0	386.575000	374.028630	130.181563	9.632735	-1	###LINE###
5	10	15	0	7	0	386.58	374.03	61.81	9.63	100	containment;
5	10	15	0	7	1	452.03	374.03	52.30	9.63	100	correctness
5	10	15	0	7	2	507.97	374.03	8.79	9.63	100	of
4	10	15	0	8	0	386.575000	387.577630	29.091297	9.632735	-1	###LINE###
5	10	15	0	8	0	386.58	387.58	29.09	9.63	100	action
3	10	15	1	0	0	386.575000	416.031630	134.941203	23.181735	-1	###FLOW###
4	10	15	1	0	0	386.575000	416.031630	134.941203	9.632735	-1	###LINE###
5	10	15	1	0	0	386.57	416.03	24.85	9.63	100	Time
5	10	15	1	0	1	415.06	416.03	9.70	9.63	100	to
5	10	15	1	0	2	428.40	416.03	36.73	9.63	100	recover;
5	10	15	1	0	3	468.76	416.03	40.33	9.63	100	integrity
5	10	15	1	0	4	512.73	416.03	8.79	9.63	100	of
4	10	15	1	1	0	386.575000	429.580630	39.452760	9.632735	-1	###LINE###
5	10	15	1	1	0	386.57	429.58	39.45	9.63	100	recovery
3	10	16	0	0	0	70.593000	467.416630	453.817022	36.730735	-1	###FLOW###
4	10	16	0	0	0	70.593000	467.416630	453.815047	9.632735	-1	###LINE###
5	10	16	0	0	0	70.59	467.42	14.08	9.63	100	3.4
5	10	16	0	0	1	88.31	467.42	47.47	9.63	100	Immature
5	10	16	0	0	2	139.40	467.42	58.89	9.63	100	programmes
5	10	16	0	0	3	201.92	467.42	27.79	9.63	100	assess
5	10	16	0	0	4	233.34	467.42	20.51	9.63	100	only
5	10	16	0	0	5	257.48	467.42	15.30	9.63	100	the
5	10	16	0	0	6	276.42	467.42	19.07	9.63	100	first
5	10	16	0	0	7	299.11	467.42	45.91	9.63	100	objective,
5	10	16	0	0	8	348.66	467.42	27.85	9.63	100	which
5	10	16	0	0	9	380.14	467.42	7.41	9.63	100	is
5	10	16	0	0	10	391.17	467.42	15.30	9.63	100	the
5	10	16	0	0	11	410.11	467.42	23.32	9.63	100	most
5	10	16	0	0	12	437.07	467.42	73.92	9.63	100	straightforward
5	10	16	0	0	13	514.61	467.42	9.79	9.63	100	to
4	10	16	0	1	0	70.866000	480.965630	453.544022	9.632735	-1	###LINE###
5	10	16	0	1	0	70.87	480.97	60.67	9.63	100	demonstrate.
5	10	16	0	1	1	136.29	480.97	18.41	9.63	100	The
5	10	16	0	1	2	158.06	480.97	36.91	9.63	100	greatest
5	10	16	0	1	3	198.33	480.97	29.16	9.63	100	return
5	10	16	0	1	4	230.85	480.97	8.90	9.63	100	in
5	10	16	0	1	5	243.11	480.97	14.86	9.63	100	the
5	10	16	0	1	6	261.32	480.97	22.90	9.63	100	early
5	10	16	0	1	7	287.57	480.97	28.03	9.63	100	stages
5	10	16	0	1	8	318.96	480.97	8.61	9.63	100	of
5	10	16	0	1	9	330.93	480.97	5.35	9.63	100	a
5	10	16	0	1	10	339.63	480.97	52.92	9.63	100	programme
5	10	16	0	1	11	395.91	480.97	7.19	9.63	100	is
5	10	16	0	1	12	406.45	480.97	40.39	9.63	100	obtained
5	10	16	0	1	13	450.20	480.97	21.71	9.63	100	from
5	10	16	0	1	14	475.26	480.97	14.85	9.63	100	the
5	10	16	0	1	15	493.47	480.97	30.94	9.63	100	second
4	10	16	0	2	0	70.866000	494.514630	47.904040	9.632735	-1	###LINE###
5	10	16	0	2	0	70.87	494.51	17.57	9.63	100	and
5	10	16	0	2	1	92.07	494.51	26.70	9.63	100	third.
3	10	17	0	0	0	70.866000	522.675643	147.091999	10.496666	-1	###FLOW###
4	10	17	0	0	0	70.866000	522.675643	147.091999	10.496666	-1	###LINE###
5	10	17	0	0	0	70.87	522.68	55.14	10.50	100	Measures
5	10	17	0	0	1	130.49	522.68	10.83	10.50	100	of
5	10	17	0	0	2	145.81	522.68	72.15	10.50	100	effectiveness
3	10	17	1	0	0	70.593000	543.930630	454.115751	23.181735	-1	###FLOW###
4	10	17	1	0	0	70.593000	543.930630	454.115751	9.632735	-1	###LINE###
5	10	17	1	0	0	70.59	543.93	13.90	9.63	100	3.5
5	10	17	1	0	1	88.12	543.93	18.88	9.63	100	Red
5	10	17	1	0	2	110.64	543.93	23.57	9.63	100	team
5	10	17	1	0	3	137.84	543.93	35.95	9.63	100	activity
5	10	17	1	0	4	177.41	543.93	7.31	9.63	100	is
5	10	17	1	0	5	188.35	543.93	31.72	9.63	100	judged
5	10	17	1	0	6	223.71	543.93	11.48	9.63	100	on
5	10	17	1	0	7	238.82	543.93	15.11	9.63	100	the
5	10	17	1	0	8	257.56	543.93	61.66	9.63	100	improvement
5	10	17	1	0	9	322.85	543.93	8.76	9.63	100	of
5	10	17	1	0	10	335.24	543.93	15.11	9.63	100	the
5	10	17	1	0	11	353.98	543.93	34.74	9.63	100	defence
5	10	17	1	0	12	392.36	543.93	17.52	9.63	100	and
5	10	17	1	0	13	413.51	543.93	15.71	9.63	100	not
5	10	17	1	0	14	432.86	543.93	11.48	9.63	100	on
5	10	17	1	0	15	447.96	543.93	15.12	9.63	100	the
5	10	17	1	0	16	466.70	543.93	58.01	9.63	100	achievement
4	10	17	1	1	0	70.866000	557.479630	297.301339	9.632735	-1	###LINE###
5	10	17	1	1	0	70.87	557.48	8.79	9.63	100	of
5	10	17	1	1	1	83.29	557.48	15.15	9.63	100	the
5	10	17	1	1	2	102.08	557.48	15.18	9.63	100	red
5	10	17	1	1	3	120.90	557.48	26.67	9.63	100	team.
5	10	17	1	1	4	152.41	557.48	18.79	9.63	100	The
5	10	17	1	1	5	174.84	557.48	42.42	9.63	100	following
5	10	17	1	1	6	220.89	557.48	37.58	9.63	100	indicate
5	10	17	1	1	7	262.11	557.48	11.51	9.63	100	an
5	10	17	1	1	8	277.26	557.48	38.49	9.63	100	effective
5	10	17	1	1	9	319.38	557.48	48.79	9.63	100	capability.
3	10	17	2	0	0	84.200000	577.803630	388.081414	9.632735	-1	###FLOW###
4	10	17	2	0	0	84.200000	577.803630	388.081414	9.632735	-1	###LINE###
5	10	17	2	0	0	84.20	577.80	8.49	9.63	100	a.
5	10	17	2	0	1	97.74	577.80	45.46	9.63	100	Validated
5	10	17	2	0	2	146.83	577.80	43.64	9.63	100	detection
5	10	17	2	0	3	194.10	577.80	40.34	9.63	100	coverage
5	10	17	2	0	4	238.07	577.80	42.21	9.63	100	improves
5	10	17	2	0	5	283.92	577.80	13.06	9.63	100	for
5	10	17	2	0	6	300.62	577.80	57.61	9.63	100	comparable,
5	10	17	2	0	7	361.86	577.80	70.37	9.63	100	threat-relevant
5	10	17	2	0	8	435.86	577.80	36.42	9.63	100	actions.
3	10	17	3	0	0	83.594000	598.127630	433.542907	9.632735	-1	###FLOW###
4	10	17	3	0	0	83.594000	598.127630	433.542907	9.632735	-1	###LINE###
5	10	17	3	0	0	83.59	598.13	9.09	9.63	100	b.
5	10	17	3	0	1	97.75	598.13	24.85	9.63	100	Time
5	10	17	3	0	2	126.23	598.13	9.70	9.63	100	to
5	10	17	3	0	3	139.57	598.13	24.87	9.63	100	alert,
5	10	17	3	0	4	168.08	598.13	61.52	9.63	100	examination,
5	10	17	3	0	5	233.23	598.13	58.79	9.63	100	containment
5	10	17	3	0	6	295.66	598.13	17.57	9.63	100	and
5	10	17	3	0	7	316.86	598.13	39.46	9.63	100	recovery
5	10	17	3	0	8	359.96	598.13	42.21	9.63	100	improves
5	10	17	3	0	9	405.81	598.13	13.06	9.63	100	for
5	10	17	3	0	10	422.50	598.13	54.58	9.63	100	comparable
5	10	17	3	0	11	480.71	598.13	36.42	9.63	100	actions.
3	10	17	4	0	0	84.806000	618.451630	439.825792	23.181735	-1	###FLOW###
4	10	17	4	0	0	84.806000	618.451630	439.825792	9.632735	-1	###LINE###
5	10	17	4	0	0	84.81	618.45	7.88	9.63	100	c.
5	10	17	4	0	1	98.14	618.45	40.30	9.63	100	Findings
5	10	17	4	0	2	141.70	618.45	14.29	9.63	100	are
5	10	17	4	0	3	159.24	618.45	27.97	9.63	100	closed
5	10	17	4	0	4	190.48	618.45	11.28	9.63	100	by
5	10	17	4	0	5	205.02	618.45	30.41	9.63	100	passed
5	10	17	4	0	6	238.69	618.45	29.19	9.63	100	retest,
5	10	17	4	0	7	271.22	618.45	20.22	9.63	100	read
5	10	17	4	0	8	294.70	618.45	28.06	9.63	100	across
5	10	17	4	0	9	326.03	618.45	27.35	9.63	100	where
5	10	17	4	0	10	356.64	618.45	57.08	9.63	100	appropriate,
5	10	17	4	0	11	417.05	618.45	17.22	9.63	100	and
5	10	17	4	0	12	437.54	618.45	11.28	9.63	100	do
5	10	17	4	0	13	452.09	618.45	15.44	9.63	100	not
5	10	17	4	0	14	470.80	618.45	23.82	9.63	100	recur
5	10	17	4	0	15	497.88	618.45	26.76	9.63	100	under
4	10	17	4	1	0	98.139000	632.000630	158.273586	9.632735	-1	###LINE###
5	10	17	4	1	0	98.14	632.00	44.85	9.63	100	genuinely
5	10	17	4	1	1	146.63	632.00	54.58	9.63	100	comparable
5	10	17	4	1	2	204.84	632.00	51.57	9.63	100	conditions.
3	10	17	5	0	0	83.594000	652.324630	209.217993	9.632735	-1	###FLOW###
4	10	17	5	0	0	83.594000	652.324630	209.217993	9.632735	-1	###LINE###
5	10	17	5	0	0	83.59	652.32	9.09	9.63	100	d.
5	10	17	5	0	1	98.14	652.32	45.06	9.63	100	Defensive
5	10	17	5	0	2	146.84	652.32	40.97	9.63	100	elements
5	10	17	5	0	3	191.44	652.32	34.33	9.63	100	request
5	10	17	5	0	4	229.41	652.32	63.40	9.63	100	engagements.
3	10	17	6	0	0	84.806000	672.648630	329.237729	9.632735	-1	###FLOW###
4	10	17	6	0	0	84.806000	672.648630	329.237729	9.632735	-1	###LINE###
5	10	17	6	0	0	84.81	672.65	7.88	9.63	100	e.
5	10	17	6	0	1	98.14	672.65	49.09	9.63	100	Command
5	10	17	6	0	2	150.86	672.65	38.25	9.63	100	employs
5	10	17	6	0	3	192.74	672.65	15.15	9.63	100	the
5	10	17	6	0	4	211.53	672.65	41.30	9.63	100	resulting
5	10	17	6	0	5	256.48	672.65	43.99	9.63	100	reporting
5	10	17	6	0	6	304.11	672.65	9.09	9.63	100	in
5	10	17	6	0	7	316.83	672.65	48.61	9.63	100	resourcing
5	10	17	6	0	8	369.07	672.65	44.97	9.63	100	decisions.
3	10	17	7	0	0	70.593000	692.971630	453.815069	23.182735	-1	###FLOW###
4	10	17	7	0	0	70.593000	692.971630	453.815069	9.632735	-1	###LINE###
5	10	17	7	0	0	70.59	692.97	14.22	9.63	100	3.6
5	10	17	7	0	1	89.41	692.97	19.17	9.63	100	The
5	10	17	7	0	2	113.18	692.97	43.28	9.63	100	following
5	10	17	7	0	3	161.05	692.97	38.33	9.63	100	indicate
5	10	17	7	0	4	203.99	692.97	11.74	9.63	100	an
5	10	17	7	0	5	220.33	692.97	48.54	9.63	100	ineffective
5	10	17	7	0	6	273.46	692.97	49.79	9.63	100	capability,
5	10	17	7	0	7	328.09	692.97	55.45	9.63	100	irrespective
5	10	17	7	0	8	388.14	692.97	8.96	9.63	100	of
5	10	17	7	0	9	401.71	692.97	15.45	9.63	100	the
5	10	17	7	0	10	421.76	692.97	36.82	9.63	100	number
5	10	17	7	0	11	463.19	692.97	8.96	9.63	100	of
5	10	17	7	0	12	476.75	692.97	47.66	9.63	100	objectives
4	10	17	7	1	0	70.866000	706.521630	141.905573	9.632735	-1	###LINE###
5	10	17	7	1	0	70.87	706.52	40.30	9.63	100	achieved
5	10	17	7	1	1	114.81	706.52	30.94	9.63	100	during
5	10	17	7	1	2	149.38	706.52	63.39	9.63	100	engagements.
3	10	17	8	0	0	84.200000	726.844630	192.147433	9.632735	-1	###FLOW###
4	10	17	8	0	0	84.200000	726.844630	192.147433	9.632735	-1	###LINE###
5	10	17	8	0	0	84.20	726.84	8.49	9.63	100	a.
5	10	17	8	0	1	98.14	726.84	41.12	9.63	100	Findings
5	10	17	8	0	2	142.89	726.84	24.30	9.63	100	recur
5	10	17	8	0	3	170.84	726.84	38.48	9.63	100	between
5	10	17	8	0	4	212.96	726.84	63.39	9.63	100	engagements.
3	10	17	9	0	0	83.594000	747.168630	223.390004	9.632735	-1	###FLOW###
4	10	17	9	0	0	83.594000	747.168630	223.390004	9.632735	-1	###LINE###
5	10	17	9	0	0	83.59	747.17	9.09	9.63	100	b.
5	10	17	9	0	1	98.14	747.17	37.52	9.63	100	Reports
5	10	17	9	0	2	139.29	747.17	14.58	9.63	100	are
5	10	17	9	0	3	157.50	747.17	38.21	9.63	100	received
5	10	17	9	0	4	199.35	747.17	17.57	9.63	100	and
5	10	17	9	0	5	220.56	747.17	11.51	9.63	100	no
5	10	17	9	0	6	235.72	747.17	32.42	9.63	100	change
5	10	17	9	0	7	271.77	747.17	35.21	9.63	100	follows.
3	10	17	10	0	0	84.806000	767.492630	317.209355	9.632735	-1	###FLOW###
4	10	17	10	0	0	84.806000	767.492630	317.209355	9.632735	-1	###LINE###
5	10	17	10	0	0	84.81	767.49	7.88	9.63	100	c.
5	10	17	10	0	1	98.14	767.49	45.06	9.63	100	Defensive
5	10	17	10	0	2	146.83	767.49	40.98	9.63	100	elements
5	10	17	10	0	3	191.44	767.49	18.88	9.63	100	first
5	10	17	10	0	4	213.95	767.49	23.67	9.63	100	learn
5	10	17	10	0	5	241.27	767.49	8.79	9.63	100	of
5	10	17	10	0	6	253.69	767.49	11.51	9.63	100	an
5	10	17	10	0	7	268.83	767.49	56.06	9.63	100	engagement
5	10	17	10	0	8	328.53	767.49	22.15	9.63	100	from
5	10	17	10	0	9	354.32	767.49	11.58	9.63	100	its
5	10	17	10	0	10	369.54	767.49	32.48	9.63	100	report.
3	10	17	11	0	0	257.623000	793.912520	80.030500	8.015962	-1	###FLOW###
4	10	17	11	0	0	257.623000	793.912520	80.030500	8.015962	-1	###LINE###
5	10	17	11	0	0	257.62	793.91	80.03	8.02	100	UNCLASSIFIED
3	10	17	12	0	0	287.052000	808.605601	21.172571	7.037598	-1	###FLOW###
4	10	17	12	0	0	287.052000	808.605601	21.172571	7.037598	-1	###LINE###
5	10	17	12	0	0	287.05	808.61	21.17	7.04	100	10/29
1	11	0	0	0	0	287.052000	808.605601	595.276000	841.890000	-1	###PAGE###
3	11	0	0	0	0	257.623000	39.603520	80.030500	8.015962	-1	###FLOW###
4	11	0	0	0	0	257.623000	39.603520	80.030500	8.015962	-1	###LINE###
5	11	0	0	0	0	257.62	39.60	80.03	8.02	100	UNCLASSIFIED
3	11	1	0	0	0	83.594000	78.293630	277.121685	9.632735	-1	###FLOW###
4	11	1	0	0	0	83.594000	78.293630	277.121685	9.632735	-1	###LINE###
5	11	1	0	0	0	83.59	78.29	9.09	9.63	100	d.
5	11	1	0	0	1	98.14	78.29	47.33	9.63	100	Outcomes
5	11	1	0	0	2	149.11	78.29	14.58	9.63	100	are
5	11	1	0	0	3	167.33	78.29	43.82	9.63	100	discussed
5	11	1	0	0	4	214.77	78.29	9.76	9.63	100	as
5	11	1	0	0	5	228.16	78.29	5.45	9.63	100	a
5	11	1	0	0	6	237.26	78.29	33.69	9.63	100	contest
5	11	1	0	0	7	274.59	78.29	38.48	9.63	100	between
5	11	1	0	0	8	316.72	78.29	44.00	9.63	100	elements.
3	11	1	1	0	0	84.806000	98.617630	331.474094	9.632735	-1	###FLOW###
4	11	1	1	0	0	84.806000	98.617630	331.474094	9.632735	-1	###LINE###
5	11	1	1	0	0	84.81	98.62	7.88	9.63	100	e.
5	11	1	1	0	1	97.74	98.62	38.48	9.63	100	Activity
5	11	1	1	0	2	139.86	98.62	32.12	9.63	100	cannot
5	11	1	1	0	3	175.62	98.62	11.21	9.63	100	be
5	11	1	1	0	4	190.46	98.62	64.36	9.63	100	reconstructed
5	11	1	1	0	5	258.46	98.62	22.15	9.63	100	from
5	11	1	1	0	6	284.25	98.62	15.15	9.63	100	the
5	11	1	1	0	7	303.04	98.62	15.18	9.63	100	red
5	11	1	1	0	8	321.85	98.62	30.97	9.63	100	team’s
5	11	1	1	0	9	356.47	98.62	19.09	9.63	100	own
5	11	1	1	0	10	379.19	98.62	37.09	9.63	100	records.
3	11	2	0	0	0	70.866000	127.169643	120.737956	10.496666	-1	###FLOW###
4	11	2	0	0	0	70.866000	127.169643	120.737956	10.496666	-1	###LINE###
5	11	2	0	0	0	70.87	127.17	62.66	10.50	100	Prohibited
5	11	2	0	0	1	138.01	127.17	53.59	10.50	100	measures
3	11	2	1	0	0	70.593000	148.424630	395.457057	9.632735	-1	###FLOW###
4	11	2	1	0	0	70.593000	148.424630	395.457057	9.632735	-1	###LINE###
5	11	2	1	0	0	70.59	148.42	13.94	9.63	100	3.7
5	11	2	1	0	1	88.17	148.42	18.79	9.63	100	The
5	11	2	1	0	2	110.60	148.42	42.42	9.63	100	following
5	11	2	1	0	3	156.65	148.42	21.88	9.63	100	shall
5	11	2	1	0	4	182.17	148.42	15.76	9.63	100	not
5	11	2	1	0	5	201.56	148.42	32.46	9.63	100	appear
5	11	2	1	0	6	237.65	148.42	9.09	9.63	100	in
5	11	2	1	0	7	250.37	148.42	16.98	9.63	100	any
5	11	2	1	0	8	270.99	148.42	15.18	9.63	100	red
5	11	2	1	0	9	289.80	148.42	23.64	9.63	100	team
5	11	2	1	0	10	317.08	148.42	40.34	9.63	100	product,
5	11	2	1	0	11	361.05	148.42	35.79	9.63	100	briefing
5	11	2	1	0	12	400.47	148.42	9.73	9.63	100	or
5	11	2	1	0	13	413.83	148.42	52.22	9.63	100	dashboard.
3	11	2	2	0	0	84.200000	168.748630	325.352998	9.632735	-1	###FLOW###
4	11	2	2	0	0	84.200000	168.748630	325.352998	9.632735	-1	###LINE###
5	11	2	2	0	0	84.20	168.75	8.49	9.63	100	a.
5	11	2	2	0	1	97.74	168.75	19.69	9.63	100	Any
5	11	2	2	0	2	121.07	168.75	38.88	9.63	100	measure
5	11	2	2	0	3	163.59	168.75	45.30	9.63	100	expressed
5	11	2	2	0	4	212.52	168.75	9.76	9.63	100	as
5	11	2	2	0	5	225.92	168.75	5.45	9.63	100	a
5	11	2	2	0	6	235.01	168.75	33.51	9.63	100	success
5	11	2	2	0	7	272.16	168.75	9.73	9.63	100	or
5	11	2	2	0	8	285.53	168.75	16.97	9.63	100	win
5	11	2	2	0	9	306.13	168.75	18.82	9.63	100	rate
5	11	2	2	0	10	328.58	168.75	13.06	9.63	100	for
5	11	2	2	0	11	345.29	168.75	15.15	9.63	100	the
5	11	2	2	0	12	364.07	168.75	15.18	9.63	100	red
5	11	2	2	0	13	382.89	168.75	26.67	9.63	100	team.
3	11	2	3	0	0	83.594000	189.072630	383.418865	9.632735	-1	###FLOW###
4	11	2	3	0	0	83.594000	189.072630	383.418865	9.632735	-1	###LINE###
5	11	2	3	0	0	83.59	189.07	9.09	9.63	100	b.
5	11	2	3	0	1	97.74	189.07	19.69	9.63	100	Any
5	11	2	3	0	2	121.07	189.07	26.36	9.63	100	count
5	11	2	3	0	3	151.07	189.07	8.79	9.63	100	of
5	11	2	3	0	4	163.50	189.07	44.05	9.63	100	occasions
5	11	2	3	0	5	211.19	189.07	11.51	9.63	100	on
5	11	2	3	0	6	226.34	189.07	27.57	9.63	100	which
5	11	2	3	0	7	257.56	189.07	5.45	9.63	100	a
5	11	2	3	0	8	266.64	189.07	42.79	9.63	100	defensive
5	11	2	3	0	9	313.07	189.07	36.67	9.63	100	element
5	11	2	3	0	10	353.37	189.07	25.76	9.63	100	failed
5	11	2	3	0	11	382.76	189.07	9.70	9.63	100	to
5	11	2	3	0	12	396.10	189.07	29.09	9.63	100	detect
5	11	2	3	0	13	428.83	189.07	38.19	9.63	100	activity.
3	11	2	4	0	0	84.806000	209.396630	399.577424	9.632735	-1	###FLOW###
4	11	2	4	0	0	84.806000	209.396630	399.577424	9.632735	-1	###LINE###
5	11	2	4	0	0	84.81	209.40	7.88	9.63	100	c.
5	11	2	4	0	1	97.75	209.40	24.85	9.63	100	Time
5	11	2	4	0	2	126.23	209.40	9.70	9.63	100	to
5	11	2	4	0	3	139.56	209.40	30.31	9.63	100	obtain
5	11	2	4	0	4	173.50	209.40	68.57	9.63	100	administrative
5	11	2	4	0	5	245.71	209.40	33.07	9.63	100	control
5	11	2	4	0	6	282.41	209.40	8.79	9.63	100	of
5	11	2	4	0	7	294.83	209.40	5.45	9.63	100	a
5	11	2	4	0	8	303.93	209.40	38.18	9.63	100	domain,
5	11	2	4	0	9	345.75	209.40	45.24	9.63	100	presented
5	11	2	4	0	10	394.63	209.40	9.76	9.63	100	as
5	11	2	4	0	11	408.02	209.40	11.51	9.63	100	an
5	11	2	4	0	12	423.17	209.40	61.22	9.63	100	achievement.
3	11	2	5	0	0	83.594000	229.719630	440.812072	23.182735	-1	###FLOW###
4	11	2	5	0	0	83.594000	229.719630	440.812072	9.632735	-1	###LINE###
5	11	2	5	0	0	83.59	229.72	9.09	9.63	100	d.
5	11	2	5	0	1	98.14	229.72	34.14	9.63	100	Counts
5	11	2	5	0	2	135.91	229.72	8.90	9.63	100	of
5	11	2	5	0	3	148.44	229.72	37.33	9.63	100	systems
5	11	2	5	0	4	189.41	229.72	63.33	9.63	100	compromised
5	11	2	5	0	5	256.36	229.72	9.85	9.63	100	or
5	11	2	5	0	6	269.85	229.72	52.98	9.63	100	weaknesses
5	11	2	5	0	7	326.46	229.72	47.59	9.63	100	identified,
5	11	2	5	0	8	377.68	229.72	45.84	9.63	100	presented
5	11	2	5	0	9	427.14	229.72	37.45	9.63	100	without
5	11	2	5	0	10	468.23	229.72	42.73	9.63	100	reference
5	11	2	5	0	11	514.58	229.72	9.82	9.63	100	to
4	11	2	5	1	0	98.139000	243.269630	35.757848	9.632735	-1	###LINE###
5	11	2	5	1	0	98.14	243.27	35.76	9.63	100	impact.
3	11	2	6	0	0	84.806000	263.592630	310.366077	9.632735	-1	###FLOW###
4	11	2	6	0	0	84.806000	263.592630	310.366077	9.632735	-1	###LINE###
5	11	2	6	0	0	84.81	263.59	7.88	9.63	100	e.
5	11	2	6	0	1	98.14	263.59	57.06	9.63	100	Comparison
5	11	2	6	0	2	158.83	263.59	38.48	9.63	100	between
5	11	2	6	0	3	200.96	263.59	45.76	9.63	100	defending
5	11	2	6	0	4	250.35	263.59	44.00	9.63	100	elements,
5	11	2	6	0	5	297.99	263.59	25.27	9.63	100	shifts
5	11	2	6	0	6	326.89	263.59	9.73	9.63	100	or
5	11	2	6	0	7	340.26	263.59	54.91	9.63	100	individuals.
3	11	2	7	0	0	70.593000	283.916630	453.815082	23.181735	-1	###FLOW###
4	11	2	7	0	0	70.593000	283.916630	453.815082	9.632735	-1	###LINE###
5	11	2	7	0	0	70.59	283.92	13.76	9.63	100	3.8
5	11	2	7	0	1	87.99	283.92	43.52	9.63	100	Measures
5	11	2	7	0	2	135.15	283.92	8.67	9.63	100	of
5	11	2	7	0	3	147.46	283.92	17.41	9.63	100	this
5	11	2	7	0	4	168.51	283.92	20.64	9.63	100	kind
5	11	2	7	0	5	192.78	283.92	25.18	9.63	100	cause
5	11	2	7	0	6	221.61	283.92	14.95	9.63	100	the
5	11	2	7	0	7	240.20	283.92	57.51	9.63	100	organisation
5	11	2	7	0	8	301.35	283.92	9.57	9.63	100	to
5	11	2	7	0	9	314.56	283.92	34.10	9.63	100	conceal
5	11	2	7	0	10	352.29	283.92	45.55	9.63	100	problems.
5	11	2	7	0	11	402.70	283.92	30.84	9.63	100	Where
5	11	2	7	0	12	437.17	283.92	45.46	9.63	100	command
5	11	2	7	0	13	486.27	283.92	38.13	9.63	100	requests
4	11	2	7	1	0	70.866000	297.465630	444.755280	9.632735	-1	###LINE###
5	11	2	7	1	0	70.87	297.47	20.97	9.63	100	such
5	11	2	7	1	1	95.48	297.47	5.45	9.63	100	a
5	11	2	7	1	2	104.56	297.47	41.91	9.63	100	measure,
5	11	2	7	1	3	150.11	297.47	15.15	9.63	100	the
5	11	2	7	1	4	168.90	297.47	48.18	9.63	100	equivalent
5	11	2	7	1	5	220.72	297.47	38.88	9.63	100	measure
5	11	2	7	1	6	263.23	297.47	8.79	9.63	100	of
5	11	2	7	1	7	275.65	297.47	42.80	9.63	100	defensive
5	11	2	7	1	8	322.08	297.47	58.85	9.63	100	performance
5	11	2	7	1	9	384.56	297.47	21.88	9.63	100	shall
5	11	2	7	1	10	410.08	297.47	11.21	9.63	100	be
5	11	2	7	1	11	424.92	297.47	31.85	9.63	100	offered
5	11	2	7	1	12	460.42	297.47	9.09	9.63	100	in
5	11	2	7	1	13	473.14	297.47	11.58	9.63	100	its
5	11	2	7	1	14	488.35	297.47	27.27	9.63	100	place.
3	11	3	0	0	0	70.866000	349.865199	382.112472	12.595964	-1	###FLOW###
4	11	3	0	0	0	70.866000	349.865199	382.112472	12.595964	-1	###LINE###
5	11	3	0	0	0	70.87	349.87	81.34	12.60	100	CHAPTER
5	11	3	0	0	1	157.59	349.87	8.07	12.60	100	4
5	11	3	0	0	2	171.04	349.87	16.14	12.60	100	—
5	11	3	0	0	3	192.56	349.87	106.73	12.60	100	CATEGORIES
5	11	3	0	0	4	304.67	349.87	22.27	12.60	100	OF
5	11	3	0	0	5	332.31	349.87	120.66	12.60	100	ENGAGEMENT
3	11	3	1	0	0	70.866000	376.251643	61.739044	10.496666	-1	###FLOW###
4	11	3	1	0	0	70.866000	376.251643	61.739044	10.496666	-1	###LINE###
5	11	3	1	0	0	70.87	376.25	61.74	10.50	100	Categories
3	11	3	2	0	0	70.462000	397.506630	456.060300	23.181735	-1	###FLOW###
4	11	3	2	0	0	70.484000	397.506630	456.038300	9.632735	-1	###LINE###
5	11	3	2	0	0	70.48	397.51	14.22	9.63	100	4.1
5	11	3	2	0	1	89.08	397.51	22.47	9.63	100	Four
5	11	3	2	0	2	115.91	397.51	47.69	9.63	100	categories
5	11	3	2	0	3	167.98	397.51	8.96	9.63	100	of
5	11	3	2	0	4	181.33	397.51	57.18	9.63	100	engagement
5	11	3	2	0	5	242.89	397.51	14.87	9.63	100	are
5	11	3	2	0	6	262.13	397.51	53.26	9.63	100	recognised.
5	11	3	2	0	7	322.46	397.51	14.53	9.63	100	All
5	11	3	2	0	8	341.37	397.51	14.87	9.63	100	are
5	11	3	2	0	9	360.61	397.51	49.45	9.63	100	conducted
5	11	3	2	0	10	414.44	397.51	27.86	9.63	100	under
5	11	3	2	0	11	446.67	397.51	17.99	9.63	100	this
5	11	3	2	0	12	469.03	397.51	57.49	9.63	100	publication.
4	11	3	2	1	0	70.462000	411.055630	254.185303	9.632735	-1	###LINE###
5	11	3	2	1	0	70.46	411.06	48.58	9.63	100	Variations
5	11	3	2	1	1	122.67	411.06	46.73	9.63	100	particular
5	11	3	2	1	2	173.03	411.06	9.70	9.63	100	to
5	11	3	2	1	3	186.38	411.06	20.91	9.63	100	each
5	11	3	2	1	4	210.92	411.06	14.58	9.63	100	are
5	11	3	2	1	5	229.13	411.06	13.39	9.63	100	set
5	11	3	2	1	6	246.16	411.06	15.76	9.63	100	out
5	11	3	2	1	7	265.55	411.06	9.70	9.63	100	at
5	11	3	2	1	8	278.88	411.06	30.91	9.63	100	Annex
5	11	3	2	1	9	313.43	411.06	11.21	9.63	100	H.
3	11	4	0	0	0	70.866000	459.862630	21.968746	9.632735	-1	###FLOW###
4	11	4	0	0	0	70.866000	459.862630	21.968746	9.632735	-1	###LINE###
5	11	4	0	0	0	70.87	459.86	21.97	9.63	100	SL-1
3	11	5	0	0	0	70.866000	515.413630	21.968746	9.632735	-1	###FLOW###
4	11	5	0	0	0	70.866000	515.413630	21.968746	9.632735	-1	###LINE###
5	11	5	0	0	0	70.87	515.41	21.97	9.63	100	SL-2
3	11	6	0	0	0	70.866000	557.416630	21.968746	9.632735	-1	###FLOW###
4	11	6	0	0	0	70.866000	557.416630	21.968746	9.632735	-1	###LINE###
5	11	6	0	0	0	70.87	557.42	21.97	9.63	100	SL-3
3	11	7	0	0	0	70.866000	599.419630	21.968746	9.632735	-1	###FLOW###
4	11	7	0	0	0	70.866000	599.419630	21.968746	9.632735	-1	###LINE###
5	11	7	0	0	0	70.87	599.42	21.97	9.63	100	SL-4
3	11	8	0	0	0	107.881000	439.485630	43.364763	9.632735	-1	###FLOW###
4	11	8	0	0	0	107.881000	439.485630	43.364763	9.632735	-1	###LINE###
5	11	8	0	0	0	107.88	439.49	43.36	9.63	100	Category
3	11	9	0	0	0	224.256000	439.485630	46.150948	9.632735	-1	###FLOW###
4	11	9	0	0	0	224.256000	439.485630	46.150948	9.632735	-1	###LINE###
5	11	9	0	0	0	224.26	439.49	46.15	9.63	100	Customer
3	11	10	0	0	0	445.050000	439.485630	76.732428	9.632735	-1	###FLOW###
4	11	10	0	0	0	445.050000	439.485630	76.732428	9.632735	-1	###LINE###
5	11	10	0	0	0	445.05	439.49	44.27	9.63	100	Normally
5	11	10	0	0	1	492.96	439.49	28.83	9.63	100	covert
3	11	11	0	0	0	107.488000	459.862630	105.034636	189.836735	-1	###FLOW###
4	11	11	0	0	0	107.881000	459.862630	104.414579	9.632735	-1	###LINE###
5	11	11	0	0	0	107.88	459.86	37.34	9.63	100	Internal
5	11	11	0	0	1	148.85	459.86	51.09	9.63	100	assessment
5	11	11	0	0	2	203.57	459.86	8.73	9.63	100	of
4	11	11	0	1	0	107.881000	473.411630	62.609507	9.632735	-1	###LINE###
5	11	11	0	1	0	107.88	473.41	19.09	9.63	100	own
5	11	11	0	1	1	130.61	473.41	39.88	9.63	100	systems,
4	11	11	0	2	0	107.881000	486.960630	66.451692	9.632735	-1	###LINE###
5	11	11	0	2	0	107.88	486.96	45.24	9.63	100	personnel
5	11	11	0	2	1	156.76	486.96	17.57	9.63	100	and
4	11	11	0	3	0	107.881000	500.509630	43.548036	9.632735	-1	###LINE###
5	11	11	0	3	0	107.88	500.51	43.55	9.63	100	processes
4	11	11	0	4	0	107.881000	515.413630	104.641636	9.632735	-1	###LINE###
5	11	11	0	4	0	107.88	515.41	53.09	9.63	100	Assessment
5	11	11	0	4	1	164.61	515.41	8.61	9.63	100	of
5	11	11	0	4	2	176.86	515.41	35.67	9.63	100	another
4	11	11	0	5	0	107.881000	528.963630	89.206983	9.632735	-1	###LINE###
5	11	11	0	5	0	107.88	528.96	58.27	9.63	100	organisation
5	11	11	0	5	1	169.79	528.96	27.30	9.63	100	under
4	11	11	0	6	0	107.881000	542.512630	104.421403	9.632735	-1	###LINE###
5	11	11	0	6	0	107.88	542.51	40.39	9.63	100	mandate
5	11	11	0	6	1	151.60	542.51	9.53	9.63	100	or
5	11	11	0	6	2	164.46	542.51	47.84	9.63	100	agreement
4	11	11	0	7	0	107.881000	557.416630	86.517890	9.632735	-1	###LINE###
5	11	11	0	7	0	107.88	557.42	18.94	9.63	100	Red
5	11	11	0	7	1	130.45	557.42	23.64	9.63	100	team
5	11	11	0	7	2	157.73	557.42	36.67	9.63	100	element
4	11	11	0	8	0	107.488000	570.965630	92.245168	9.632735	-1	###LINE###
5	11	11	0	8	0	107.49	570.97	30.30	9.63	100	within
5	11	11	0	8	1	141.42	570.97	5.45	9.63	100	a
5	11	11	0	8	2	150.52	570.97	49.21	9.63	100	structured
4	11	11	0	9	0	107.881000	584.514630	36.760394	9.632735	-1	###LINE###
5	11	11	0	9	0	107.88	584.51	36.76	9.63	100	exercise
4	11	11	0	10	0	107.878394	599.419630	98.669537	9.632735	-1	###LINE###
5	11	11	0	10	0	107.88	599.42	31.70	9.63	100	Purple
5	11	11	0	10	1	143.22	599.42	23.64	9.63	100	team
5	11	11	0	10	2	170.49	599.42	36.06	9.63	100	activity
4	11	11	0	11	0	107.881000	612.968630	83.634615	9.632735	-1	###LINE###
5	11	11	0	11	0	107.88	612.97	48.48	9.63	100	conducted
5	11	11	0	11	1	160.00	612.97	31.52	9.63	100	openly
4	11	11	0	12	0	107.488000	626.517630	67.640784	9.632735	-1	###LINE###
5	11	11	0	12	0	107.49	626.52	21.21	9.63	100	with
5	11	11	0	12	1	132.33	626.52	42.80	9.63	100	defensive
4	11	11	0	13	0	107.881000	640.066630	40.968034	9.632735	-1	###LINE###
5	11	11	0	13	0	107.88	640.07	40.97	9.63	100	elements
3	11	12	0	0	0	224.256000	459.862630	72.115696	9.632735	-1	###FLOW###
4	11	12	0	0	0	224.256000	459.862630	72.115696	9.632735	-1	###LINE###
5	11	12	0	0	0	224.26	459.86	22.42	9.63	100	Own
5	11	12	0	0	1	250.31	459.86	46.06	9.63	100	command
3	11	13	0	0	0	445.050000	459.862630	16.428014	9.632735	-1	###FLOW###
4	11	13	0	0	0	445.050000	459.862630	16.428014	9.632735	-1	###LINE###
5	11	13	0	0	0	445.05	459.86	16.43	9.63	100	Yes
3	11	14	0	0	0	224.256000	515.413630	162.761590	23.182735	-1	###FLOW###
4	11	14	0	0	0	224.256000	515.413630	162.761590	9.632735	-1	###LINE###
5	11	14	0	0	0	224.26	515.41	18.79	9.63	100	The
5	11	14	0	0	1	246.68	515.41	38.42	9.63	100	assessed
5	11	14	0	0	2	288.74	515.41	58.27	9.63	100	organisation
5	11	14	0	0	3	350.65	515.41	17.57	9.63	100	and
5	11	14	0	0	4	371.87	515.41	15.15	9.63	100	the
4	11	14	0	1	0	224.256000	528.963630	98.821173	9.632735	-1	###LINE###
5	11	14	0	1	0	224.26	528.96	50.91	9.63	100	mandating
5	11	14	0	1	1	278.80	528.96	44.28	9.63	100	authority
3	11	15	0	0	0	445.050000	515.413630	16.428014	9.632735	-1	###FLOW###
4	11	15	0	0	0	445.050000	515.413630	16.428014	9.632735	-1	###LINE###
5	11	15	0	0	0	445.05	515.41	16.43	9.63	100	Yes
3	11	16	0	0	0	224.256000	557.416630	99.845538	9.632735	-1	###FLOW###
4	11	16	0	0	0	224.256000	557.416630	99.845538	9.632735	-1	###LINE###
5	11	16	0	0	0	224.26	557.42	18.79	9.63	100	The
5	11	16	0	0	1	246.68	557.42	36.76	9.63	100	exercise
5	11	16	0	0	2	287.07	557.42	37.03	9.63	100	director
3	11	17	0	0	0	445.050000	557.416630	39.424396	9.632735	-1	###FLOW###
4	11	17	0	0	0	445.050000	557.416630	39.424396	9.632735	-1	###LINE###
5	11	17	0	0	0	445.05	557.42	39.42	9.63	100	Scripted
3	11	18	0	0	0	224.256000	599.419630	109.151000	9.632735	-1	###FLOW###
4	11	18	0	0	0	224.256000	599.419630	109.151000	9.632735	-1	###LINE###
5	11	18	0	0	0	224.26	599.42	22.42	9.63	100	Own
5	11	18	0	0	1	250.31	599.42	42.80	9.63	100	defensive
5	11	18	0	0	2	296.74	599.42	36.67	9.63	100	element
3	11	19	0	0	0	445.050729	599.419630	13.636375	9.632735	-1	###FLOW###
4	11	19	0	0	0	445.050729	599.419630	13.636375	9.632735	-1	###LINE###
5	11	19	0	0	0	445.05	599.42	13.64	9.63	100	No
3	11	20	0	0	0	70.484000	679.562630	454.141098	50.280735	-1	###FLOW###
4	11	20	0	0	0	70.484000	679.562630	454.141098	9.632735	-1	###LINE###
5	11	20	0	0	0	70.48	679.56	14.22	9.63	100	4.2
5	11	20	0	0	1	89.63	679.56	50.78	9.63	100	Categories
5	11	20	0	0	2	145.35	679.56	14.87	9.63	100	are
5	11	20	0	0	3	165.13	679.56	51.96	9.63	100	introduced
5	11	20	0	0	4	222.02	679.56	9.27	9.63	100	in
5	11	20	0	0	5	236.22	679.56	15.45	9.63	100	the
5	11	20	0	0	6	256.61	679.56	25.41	9.63	100	order
5	11	20	0	0	7	286.94	679.56	25.50	9.63	100	SL-4,
5	11	20	0	0	8	317.69	679.56	25.50	9.63	100	SL-1,
5	11	20	0	0	9	348.45	679.56	25.50	9.63	100	SL-3,
5	11	20	0	0	10	379.20	679.56	25.50	9.63	100	SL-2.
5	11	20	0	0	11	413.42	679.56	55.26	9.63	100	Assessment
5	11	20	0	0	12	473.61	679.56	8.96	9.63	100	of
5	11	20	0	0	13	487.50	679.56	37.12	9.63	100	another
4	11	20	0	1	0	70.866000	693.112630	453.549367	9.632735	-1	###LINE###
5	11	20	0	1	0	70.87	693.11	57.11	9.63	100	organisation
5	11	20	0	1	1	131.27	693.11	30.40	9.63	100	carries
5	11	20	0	1	2	164.96	693.11	14.85	9.63	100	the
5	11	20	0	1	3	183.10	693.11	36.91	9.63	100	greatest
5	11	20	0	1	4	223.30	693.11	21.38	9.63	100	legal
5	11	20	0	1	5	247.97	693.11	17.22	9.63	100	and
5	11	20	0	1	6	268.48	693.11	57.09	9.63	100	institutional
5	11	20	0	1	7	328.85	693.11	17.02	9.63	100	risk
5	11	20	0	1	8	349.16	693.11	17.22	9.63	100	and
5	11	20	0	1	9	369.67	693.11	7.18	9.63	100	is
5	11	20	0	1	10	380.14	693.11	14.85	9.63	100	the
5	11	20	0	1	11	398.28	693.11	21.44	9.63	100	least
5	11	20	0	1	12	423.01	693.11	36.56	9.63	100	tolerant
5	11	20	0	1	13	462.85	693.11	8.61	9.63	100	of
5	11	20	0	1	14	474.75	693.11	49.67	9.63	100	procedural
4	11	20	0	2	0	70.866000	706.661630	453.546902	9.632735	-1	###LINE###
5	11	20	0	2	0	70.87	706.66	26.68	9.63	100	error.
5	11	20	0	2	1	104.76	706.66	8.35	9.63	100	It
5	11	20	0	2	2	117.54	706.66	22.32	9.63	100	shall
5	11	20	0	2	3	144.28	706.66	16.07	9.63	100	not
5	11	20	0	2	4	164.78	706.66	11.44	9.63	100	be
5	11	20	0	2	5	180.65	706.66	54.43	9.63	100	undertaken
5	11	20	0	2	6	239.51	706.66	22.57	9.63	100	until
5	11	20	0	2	7	266.51	706.66	15.45	9.63	100	the
5	11	20	0	2	8	286.39	706.66	52.35	9.63	100	procedures
5	11	20	0	2	9	343.17	706.66	9.27	9.63	100	in
5	11	20	0	2	10	356.88	706.66	17.99	9.63	100	this
5	11	20	0	2	11	379.30	706.66	54.40	9.63	100	publication
5	11	20	0	2	12	438.13	706.66	14.87	9.63	100	are
5	11	20	0	2	13	457.43	706.66	53.29	9.63	100	established
5	11	20	0	2	14	515.14	706.66	9.27	9.63	100	in
4	11	20	0	3	0	70.866000	720.210630	281.165689	9.632735	-1	###LINE###
5	11	20	0	3	0	70.87	720.21	37.61	9.63	100	practice
5	11	20	0	3	1	112.11	720.21	17.57	9.63	100	and
5	11	20	0	3	2	133.32	720.21	15.15	9.63	100	the
5	11	20	0	3	3	152.11	720.21	21.82	9.63	100	legal
5	11	20	0	3	4	177.56	720.21	50.06	9.63	100	framework
5	11	20	0	3	5	231.26	720.21	9.70	9.63	100	at
5	11	20	0	3	6	244.59	720.21	30.91	9.63	100	Annex
5	11	20	0	3	7	279.13	720.21	8.56	9.63	100	G
5	11	20	0	3	8	291.34	720.21	7.33	9.63	100	is
5	11	20	0	3	9	302.30	720.21	49.73	9.63	100	confirmed.
3	11	21	0	0	0	257.623000	793.912520	80.030500	8.015962	-1	###FLOW###
4	11	21	0	0	0	257.623000	793.912520	80.030500	8.015962	-1	###LINE###
5	11	21	0	0	0	257.62	793.91	80.03	8.02	100	UNCLASSIFIED
3	11	21	1	0	0	287.052000	808.605601	21.172571	7.037598	-1	###FLOW###
4	11	21	1	0	0	287.052000	808.605601	21.172571	7.037598	-1	###LINE###
5	11	21	1	0	0	287.05	808.61	21.17	7.04	100	11/29
1	12	0	0	0	0	287.052000	808.605601	595.276000	841.890000	-1	###PAGE###
3	12	0	0	0	0	257.623000	39.603520	80.030500	8.015962	-1	###FLOW###
4	12	0	0	0	0	257.623000	39.603520	80.030500	8.015962	-1	###LINE###
5	12	0	0	0	0	257.62	39.60	80.03	8.02	100	UNCLASSIFIED
3	12	1	0	0	0	70.866000	77.632643	52.622008	10.496666	-1	###FLOW###
4	12	1	0	0	0	70.866000	77.632643	52.622008	10.496666	-1	###LINE###
5	12	1	0	0	0	70.87	77.63	52.62	10.50	100	Selection
3	12	1	1	0	0	70.484000	98.888630	453.927940	23.181735	-1	###FLOW###
4	12	1	1	0	0	70.484000	98.888630	453.927940	9.632735	-1	###LINE###
5	12	1	1	0	0	70.48	98.89	14.15	9.63	100	4.3
5	12	1	1	0	1	88.28	98.89	19.07	9.63	100	The
5	12	1	1	0	2	111.00	98.89	40.93	9.63	100	category
5	12	1	1	0	3	155.58	98.89	8.92	9.63	100	of
5	12	1	1	0	4	168.14	98.89	36.61	9.63	100	activity
5	12	1	1	0	5	208.40	98.89	22.21	9.63	100	shall
5	12	1	1	0	6	234.25	98.89	11.38	9.63	100	be
5	12	1	1	0	7	249.27	98.89	53.03	9.63	100	established
5	12	1	1	0	8	305.94	98.89	34.51	9.63	100	against
5	12	1	1	0	9	344.11	98.89	15.38	9.63	100	the
5	12	1	1	0	10	363.13	98.89	51.21	9.63	100	customer’s
5	12	1	1	0	11	417.98	98.89	57.90	9.63	100	requirement
5	12	1	1	0	12	479.52	98.89	29.56	9.63	100	before
5	12	1	1	0	13	512.72	98.89	11.69	9.63	100	an
4	12	1	1	1	0	70.866000	112.437630	114.912096	9.632735	-1	###LINE###
5	12	1	1	1	0	70.87	112.44	56.06	9.63	100	engagement
5	12	1	1	1	1	130.57	112.44	7.32	9.63	100	is
5	12	1	1	1	2	141.53	112.44	44.24	9.63	100	accepted.
3	12	1	2	0	0	70.866000	140.866630	106.813180	9.632735	-1	###FLOW###
4	12	1	2	0	0	70.866000	140.866630	106.813180	9.632735	-1	###LINE###
5	12	1	2	0	0	70.87	140.87	46.15	9.63	100	Customer
5	12	1	2	0	1	120.65	140.87	57.03	9.63	100	requirement
3	12	2	0	0	0	382.694000	140.866630	38.481850	9.632735	-1	###FLOW###
4	12	2	0	0	0	382.694000	140.866630	38.481850	9.632735	-1	###LINE###
5	12	2	0	0	0	382.69	140.87	38.48	9.63	100	Activity
3	12	3	0	0	0	70.866000	161.243630	209.819084	9.632735	-1	###FLOW###
4	12	3	0	0	0	70.866000	161.243630	209.819084	9.632735	-1	###LINE###
5	12	3	0	0	0	70.87	161.24	14.24	9.63	100	An
5	12	3	0	0	1	88.74	161.24	44.58	9.63	100	inventory
5	12	3	0	0	2	136.95	161.24	8.79	9.63	100	of
5	12	3	0	0	3	149.38	161.24	52.30	9.63	100	weaknesses
5	12	3	0	0	4	205.32	161.24	28.64	9.63	100	across
5	12	3	0	0	5	237.60	161.24	11.51	9.63	100	an
5	12	3	0	0	6	252.74	161.24	27.94	9.63	100	estate
3	12	4	0	0	0	383.098000	161.243630	139.364843	96.347735	-1	###FLOW###
4	12	4	0	0	0	383.098000	161.243630	139.364843	9.632735	-1	###LINE###
5	12	4	0	0	0	383.10	161.24	61.85	9.63	100	Vulnerability
5	12	4	0	0	1	448.58	161.24	54.49	9.63	100	assessment;
5	12	4	0	0	2	506.71	161.24	15.76	9.63	100	not
4	12	4	0	1	0	383.098000	174.793630	74.940062	9.632735	-1	###LINE###
5	12	4	0	1	0	383.10	174.79	5.45	9.63	100	a
5	12	4	0	1	1	392.19	174.79	15.18	9.63	100	red
5	12	4	0	1	2	411.01	174.79	23.64	9.63	100	team
5	12	4	0	1	3	438.28	174.79	19.76	9.63	100	task
4	12	4	0	2	0	383.100806	189.697630	76.903700	9.632735	-1	###LINE###
5	12	4	0	2	0	383.10	189.70	55.63	9.63	100	Penetration
5	12	4	0	2	1	442.37	189.70	17.64	9.63	100	test
4	12	4	0	3	0	383.098000	204.601630	133.456475	9.632735	-1	###LINE###
5	12	4	0	3	0	383.10	204.60	31.70	9.63	100	Purple
5	12	4	0	3	1	418.43	204.60	23.64	9.63	100	team
5	12	4	0	3	2	445.71	204.60	36.76	9.63	100	exercise
5	12	4	0	3	3	486.10	204.60	30.45	9.63	100	(SL-4)
4	12	4	0	4	0	383.098000	219.505630	135.755022	9.632735	-1	###LINE###
5	12	4	0	4	0	383.10	219.51	18.94	9.63	100	Red
5	12	4	0	4	1	405.67	219.51	23.64	9.63	100	team
5	12	4	0	4	2	432.95	219.51	56.06	9.63	100	engagement
5	12	4	0	4	3	492.64	219.51	26.21	9.63	100	(SL-1
4	12	4	0	5	0	383.098000	233.054630	39.571669	9.632735	-1	###LINE###
5	12	4	0	5	0	383.10	233.05	9.73	9.63	100	or
5	12	4	0	5	1	396.46	233.05	26.21	9.63	100	SL-2)
4	12	4	0	6	0	383.098000	247.958630	73.421516	9.632735	-1	###LINE###
5	12	4	0	6	0	383.10	247.96	39.33	9.63	100	Exercise
5	12	4	0	6	1	426.07	247.96	30.45	9.63	100	(SL-3)
3	12	5	0	0	0	70.866000	189.697630	278.329323	67.893735	-1	###FLOW###
4	12	5	0	0	0	70.866000	189.697630	278.329323	9.632735	-1	###LINE###
5	12	5	0	0	0	70.87	189.70	70.85	9.63	100	Demonstration
5	12	5	0	0	1	145.35	189.70	20.00	9.63	100	that
5	12	5	0	0	2	168.99	189.70	5.45	9.63	100	a
5	12	5	0	0	3	178.08	189.70	33.94	9.63	100	defined
5	12	5	0	0	4	215.66	189.70	32.55	9.63	100	system
5	12	5	0	0	5	251.84	189.70	16.36	9.63	100	can
5	12	5	0	0	6	271.83	189.70	11.21	9.63	100	be
5	12	5	0	0	7	286.68	189.70	62.51	9.63	100	compromised
4	12	5	0	1	0	70.866000	204.601630	180.997242	9.632735	-1	###LINE###
5	12	5	0	1	0	70.87	204.60	63.06	9.63	100	Confirmation
5	12	5	0	1	1	137.56	204.60	20.00	9.63	100	that
5	12	5	0	1	2	161.20	204.60	47.94	9.63	100	detections
5	12	5	0	1	3	212.77	204.60	39.09	9.63	100	function
4	12	5	0	2	0	70.866000	219.505630	272.483136	9.632735	-1	###LINE###
5	12	5	0	2	0	70.87	219.51	68.97	9.63	100	Determination
5	12	5	0	2	1	143.47	219.51	38.21	9.63	100	whether
5	12	5	0	2	2	185.33	219.51	5.45	9.63	100	a
5	12	5	0	2	3	194.41	219.51	37.06	9.63	100	realistic
5	12	5	0	2	4	235.11	219.51	29.70	9.63	100	attack
5	12	5	0	2	5	268.45	219.51	38.54	9.63	100	achieves
5	12	5	0	2	6	310.62	219.51	32.73	9.63	100	impact
4	12	5	0	3	0	70.866000	233.054630	52.121498	9.632735	-1	###LINE###
5	12	5	0	3	0	70.87	233.05	52.12	9.63	100	undetected
4	12	5	0	4	0	70.866000	247.958630	232.483830	9.632735	-1	###LINE###
5	12	5	0	4	0	70.87	247.96	40.34	9.63	100	Training
5	12	5	0	4	1	114.84	247.96	8.79	9.63	100	of
5	12	5	0	4	2	127.26	247.96	45.24	9.63	100	personnel
5	12	5	0	4	3	176.14	247.96	27.30	9.63	100	under
5	12	5	0	4	4	207.08	247.96	53.67	9.63	100	operational
5	12	5	0	4	5	264.38	247.96	38.97	9.63	100	pressure
3	12	6	0	0	0	70.866000	287.192643	80.667712	10.496666	-1	###FLOW###
4	12	6	0	0	0	70.866000	287.192643	80.667712	10.496666	-1	###LINE###
5	12	6	0	0	0	70.87	287.19	80.67	10.50	100	Preconditions
3	12	6	1	0	0	70.484000	308.448630	453.926022	36.730735	-1	###FLOW###
4	12	6	1	0	0	70.484000	308.448630	453.923549	9.632735	-1	###LINE###
5	12	6	1	0	0	70.48	308.45	13.66	9.63	100	4.4
5	12	6	1	0	1	87.19	308.45	13.96	9.63	100	An
5	12	6	1	0	2	104.20	308.45	54.94	9.63	100	engagement
5	12	6	1	0	3	162.18	308.45	47.51	9.63	100	conducted
5	12	6	1	0	4	212.74	308.45	33.32	9.63	100	against
5	12	6	1	0	5	249.12	308.45	11.28	9.63	100	an
5	12	6	1	0	6	263.45	308.45	57.11	9.63	100	organisation
5	12	6	1	0	7	323.60	308.45	47.47	9.63	100	possessing
5	12	6	1	0	8	374.12	308.45	11.28	9.63	100	no
5	12	6	1	0	9	388.45	308.45	42.76	9.63	100	detection
5	12	6	1	0	10	434.26	308.45	45.73	9.63	100	capability
5	12	6	1	0	11	483.04	308.45	41.37	9.63	100	produces
4	12	6	1	1	0	70.866000	321.997630	453.544022	9.632735	-1	###LINE###
5	12	6	1	1	0	70.87	322.00	5.35	9.63	100	a
5	12	6	1	1	1	79.68	322.00	50.28	9.63	100	foreseeable
5	12	6	1	1	2	133.42	322.00	29.19	9.63	100	result:
5	12	6	1	1	3	167.37	322.00	11.29	9.63	100	all
5	12	6	1	1	4	182.12	322.00	45.79	9.63	100	objectives
5	12	6	1	1	5	231.37	322.00	42.45	9.63	100	achieved,
5	12	6	1	1	6	277.32	322.00	11.28	9.63	100	no
5	12	6	1	1	7	292.07	322.00	35.33	9.63	100	activity
5	12	6	1	1	8	330.86	322.00	42.17	9.63	100	detected,
5	12	6	1	1	9	376.53	322.00	17.22	9.63	100	and
5	12	6	1	1	10	397.22	322.00	5.35	9.63	100	a
5	12	6	1	1	11	406.03	322.00	28.87	9.63	100	report
5	12	6	1	1	12	438.36	322.00	67.74	9.63	100	recommending
5	12	6	1	1	13	509.56	322.00	14.85	9.63	100	the
4	12	6	1	2	0	70.866000	335.546630	345.028651	9.632735	-1	###LINE###
5	12	6	1	2	0	70.87	335.55	58.82	9.63	100	introduction
5	12	6	1	2	1	133.32	335.55	8.79	9.63	100	of
5	12	6	1	2	2	145.75	335.55	36.97	9.63	100	logging.
5	12	6	1	2	3	187.56	335.55	23.64	9.63	100	That
5	12	6	1	2	4	214.84	335.55	26.76	9.63	100	result
5	12	6	1	2	5	245.23	335.55	7.33	9.63	100	is
5	12	6	1	2	6	256.20	335.55	41.22	9.63	100	available
5	12	6	1	2	7	301.05	335.55	36.97	9.63	100	without
5	12	6	1	2	8	341.66	335.55	11.51	9.63	100	an
5	12	6	1	2	9	356.81	335.55	59.09	9.63	100	engagement.
3	12	6	2	0	0	70.484000	355.870630	453.926756	23.181735	-1	###FLOW###
4	12	6	2	0	0	70.484000	355.870630	453.926756	9.632735	-1	###LINE###
5	12	6	2	0	0	70.48	355.87	13.66	9.63	100	4.5
5	12	6	2	0	1	87.70	355.87	29.88	9.63	100	Before
5	12	6	2	0	2	121.14	355.87	11.28	9.63	100	an
5	12	6	2	0	3	135.99	355.87	21.53	9.63	100	SL-1
5	12	6	2	0	4	161.07	355.87	9.53	9.63	100	or
5	12	6	2	0	5	174.18	355.87	21.53	9.63	100	SL-2
5	12	6	2	0	6	199.27	355.87	54.93	9.63	100	engagement
5	12	6	2	0	7	257.75	355.87	7.19	9.63	100	is
5	12	6	2	0	8	268.51	355.87	43.35	9.63	100	accepted,
5	12	6	2	0	9	315.44	355.87	14.85	9.63	100	the
5	12	6	2	0	10	333.85	355.87	27.95	9.63	100	target
5	12	6	2	0	11	365.36	355.87	57.11	9.63	100	organisation
5	12	6	2	0	12	426.02	355.87	21.44	9.63	100	shall
5	12	6	2	0	13	451.02	355.87	11.00	9.63	100	be
5	12	6	2	0	14	465.59	355.87	45.76	9.63	100	confirmed
5	12	6	2	0	15	514.91	355.87	9.50	9.63	100	to
4	12	6	2	1	0	70.866000	369.419630	88.484801	9.632735	-1	###LINE###
5	12	6	2	1	0	70.87	369.42	20.61	9.63	100	hold
5	12	6	2	1	1	95.10	369.42	15.15	9.63	100	the
5	12	6	2	1	2	113.90	369.42	45.45	9.63	100	following.
3	12	6	3	0	0	84.200000	389.743630	330.390821	9.632735	-1	###FLOW###
4	12	6	3	0	0	84.200000	389.743630	330.390821	9.632735	-1	###LINE###
5	12	6	3	0	0	84.20	389.74	8.49	9.63	100	a.
5	12	6	3	0	1	98.14	389.74	53.73	9.63	100	Centralised
5	12	6	3	0	2	155.50	389.74	44.85	9.63	100	collection
5	12	6	3	0	3	203.99	389.74	8.79	9.63	100	of
5	12	6	3	0	4	216.41	389.74	18.24	9.63	100	logs
5	12	6	3	0	5	238.29	389.74	22.15	9.63	100	from
5	12	6	3	0	6	264.08	389.74	46.12	9.63	100	endpoints
5	12	6	3	0	7	313.83	389.74	17.57	9.63	100	and
5	12	6	3	0	8	335.05	389.74	36.66	9.63	100	identity
5	12	6	3	0	9	375.35	389.74	39.24	9.63	100	services.
3	12	6	4	0	0	83.594000	410.067630	415.176346	9.632735	-1	###FLOW###
4	12	6	4	0	0	83.594000	410.067630	415.176346	9.632735	-1	###LINE###
5	12	6	4	0	0	83.59	410.07	9.09	9.63	100	b.
5	12	6	4	0	1	97.74	410.07	14.24	9.63	100	An
5	12	6	4	0	2	115.61	410.07	60.31	9.63	100	appointment
5	12	6	4	0	3	179.55	410.07	52.58	9.63	100	responsible
5	12	6	4	0	4	235.76	410.07	13.06	9.63	100	for
5	12	6	4	0	5	252.47	410.07	15.15	9.63	100	the
5	12	6	4	0	6	271.25	410.07	30.64	9.63	100	review
5	12	6	4	0	7	305.52	410.07	8.79	9.63	100	of
5	12	6	4	0	8	317.94	410.07	29.18	9.63	100	alerts,
5	12	6	4	0	9	350.77	410.07	21.21	9.63	100	with
5	12	6	4	0	10	375.61	410.07	33.94	9.63	100	defined
5	12	6	4	0	11	413.18	410.07	26.16	9.63	100	hours
5	12	6	4	0	12	442.98	410.07	8.79	9.63	100	of
5	12	6	4	0	13	455.40	410.07	43.37	9.63	100	coverage.
3	12	6	5	0	0	84.806000	430.391630	221.626003	9.632735	-1	###FLOW###
4	12	6	5	0	0	84.806000	430.391630	221.626003	9.632735	-1	###LINE###
5	12	6	5	0	0	84.81	430.39	7.88	9.63	100	c.
5	12	6	5	0	1	97.74	430.39	8.18	9.63	100	A
5	12	6	5	0	2	109.55	430.39	57.57	9.63	100	documented
5	12	6	5	0	3	170.77	430.39	37.88	9.63	100	incident
5	12	6	5	0	4	212.28	430.39	40.46	9.63	100	response
5	12	6	5	0	5	256.37	430.39	50.06	9.63	100	procedure.
3	12	6	6	0	0	83.594000	450.714630	333.064641	9.632735	-1	###FLOW###
4	12	6	6	0	0	83.594000	450.714630	333.064641	9.632735	-1	###LINE###
5	12	6	6	0	0	83.59	450.71	9.09	9.63	100	d.
5	12	6	6	0	1	98.14	450.71	43.94	9.63	100	Sufficient
5	12	6	6	0	2	145.72	450.71	29.75	9.63	100	record
5	12	6	6	0	3	179.11	450.71	8.79	9.63	100	of
5	12	6	6	0	4	191.53	450.71	23.15	9.63	100	asset
5	12	6	6	0	5	218.33	450.71	47.66	9.63	100	ownership
5	12	6	6	0	6	269.62	450.71	9.70	9.63	100	to
5	12	6	6	0	7	282.96	450.71	24.88	9.63	100	route
5	12	6	6	0	8	311.47	450.71	5.45	9.63	100	a
5	12	6	6	0	9	320.56	450.71	32.73	9.63	100	finding
5	12	6	6	0	10	356.93	450.71	9.70	9.63	100	to
5	12	6	6	0	11	370.26	450.71	11.51	9.63	100	an
5	12	6	6	0	12	385.41	450.71	31.25	9.63	100	owner.
3	12	6	7	0	0	84.806000	471.038630	292.086789	9.632735	-1	###FLOW###
4	12	6	7	0	0	84.806000	471.038630	292.086789	9.632735	-1	###LINE###
5	12	6	7	0	0	84.81	471.04	7.88	9.63	100	e.
5	12	6	7	0	1	98.14	471.04	42.88	9.63	100	Evidence
5	12	6	7	0	2	144.65	471.04	20.00	9.63	100	that
5	12	6	7	0	3	168.30	471.04	5.45	9.63	100	a
5	12	6	7	0	4	177.38	471.04	39.79	9.63	100	previous
5	12	6	7	0	5	220.80	471.04	51.46	9.63	100	assessment
5	12	6	7	0	6	275.90	471.04	15.82	9.63	100	has
5	12	6	7	0	7	295.35	471.04	22.12	9.63	100	been
5	12	6	7	0	8	321.11	471.04	55.78	9.63	100	remediated.
3	12	7	0	0	0	70.866000	499.590643	128.267341	10.496666	-1	###FLOW###
4	12	7	0	0	0	70.866000	499.590643	128.267341	10.496666	-1	###LINE###
5	12	7	0	0	0	70.87	499.59	50.51	10.50	100	Grounds
5	12	7	0	0	1	125.86	499.59	16.33	10.50	100	for
5	12	7	0	0	2	146.67	499.59	52.46	10.50	100	declining
3	12	7	1	0	0	70.484000	520.845630	453.930014	36.731735	-1	###FLOW###
4	12	7	1	0	0	70.484000	520.845630	453.923549	9.632735	-1	###LINE###
5	12	7	1	0	0	70.48	520.85	13.66	9.63	100	4.6
5	12	7	1	0	1	87.41	520.85	30.62	9.63	100	Where
5	12	7	1	0	2	121.30	520.85	23.79	9.63	100	three
5	12	7	1	0	3	148.34	520.85	9.53	9.63	100	or
5	12	7	1	0	4	161.14	520.85	23.19	9.63	100	more
5	12	7	1	0	5	187.60	520.85	8.61	9.63	100	of
5	12	7	1	0	6	199.48	520.85	14.85	9.63	100	the
5	12	7	1	0	7	217.60	520.85	62.45	9.63	100	preconditions
5	12	7	1	0	8	283.31	520.85	9.50	9.63	100	at
5	12	7	1	0	9	296.07	520.85	47.57	9.63	100	paragraph
5	12	7	1	0	10	346.92	520.85	13.66	9.63	100	4.5
5	12	7	1	0	11	363.84	520.85	14.29	9.63	100	are
5	12	7	1	0	12	381.40	520.85	33.01	9.63	100	absent,
5	12	7	1	0	13	417.75	520.85	14.85	9.63	100	the
5	12	7	1	0	14	435.86	520.85	54.94	9.63	100	engagement
5	12	7	1	0	15	494.06	520.85	30.35	9.63	100	should
4	12	7	1	1	0	70.866000	534.394630	453.548014	9.632735	-1	###LINE###
5	12	7	1	1	0	70.87	534.39	11.43	9.63	100	be
5	12	7	1	1	1	86.04	534.39	39.56	9.63	100	declined
5	12	7	1	1	2	129.36	534.39	9.27	9.63	100	in
5	12	7	1	1	3	142.37	534.39	34.65	9.63	100	writing
5	12	7	1	1	4	180.77	534.39	17.93	9.63	100	and
5	12	7	1	1	5	202.44	534.39	5.56	9.63	100	a
5	12	7	1	1	6	211.76	534.39	30.94	9.63	100	purple
5	12	7	1	1	7	246.44	534.39	24.11	9.63	100	team
5	12	7	1	1	8	274.29	534.39	37.50	9.63	100	exercise
5	12	7	1	1	9	315.54	534.39	9.92	9.63	100	or
5	12	7	1	1	10	329.20	534.39	40.18	9.63	100	tabletop
5	12	7	1	1	11	373.13	534.39	66.79	9.63	100	recommended
5	12	7	1	1	12	443.68	534.39	9.27	9.63	100	in
5	12	7	1	1	13	456.69	534.39	11.81	9.63	100	its
5	12	7	1	1	14	472.25	534.39	27.82	9.63	100	place.
5	12	7	1	1	15	505.25	534.39	19.16	9.63	100	The
4	12	7	1	2	0	70.866000	547.944630	317.965356	9.632735	-1	###LINE###
5	12	7	1	2	0	70.87	547.94	78.82	9.63	100	recommendation
5	12	7	1	2	1	153.32	547.94	17.57	9.63	100	and
5	12	7	1	2	2	174.54	547.94	11.58	9.63	100	its
5	12	7	1	2	3	189.74	547.94	23.15	9.63	100	basis
5	12	7	1	2	4	216.54	547.94	21.88	9.63	100	shall
5	12	7	1	2	5	242.05	547.94	11.21	9.63	100	be
5	12	7	1	2	6	256.90	547.94	40.67	9.63	100	recorded
5	12	7	1	2	7	301.20	547.94	11.51	9.63	100	on
5	12	7	1	2	8	316.35	547.94	15.79	9.63	100	pro
5	12	7	1	2	9	335.77	547.94	27.61	9.63	100	forma
5	12	7	1	2	10	367.01	547.94	21.82	9.63	100	T01.
3	12	7	2	0	0	70.473000	568.267630	455.450521	36.731735	-1	###FLOW###
4	12	7	2	0	0	70.484000	568.267630	455.439521	9.632735	-1	###LINE###
5	12	7	2	0	0	70.48	568.27	13.66	9.63	100	4.7
5	12	7	2	0	1	87.67	568.27	13.96	9.63	100	An
5	12	7	2	0	2	105.17	568.27	54.93	9.63	100	engagement
5	12	7	2	0	3	163.63	568.27	21.44	9.63	100	shall
5	12	7	2	0	4	188.60	568.27	11.00	9.63	100	be
5	12	7	2	0	5	203.13	568.27	38.01	9.63	100	declined
5	12	7	2	0	6	244.67	568.27	27.35	9.63	100	where
5	12	7	2	0	7	275.56	568.27	43.37	9.63	100	authority
5	12	7	2	0	8	322.48	568.27	7.19	9.63	100	is
5	12	7	2	0	9	333.19	568.27	36.85	9.63	100	unclear,
5	12	7	2	0	10	373.59	568.27	27.35	9.63	100	where
5	12	7	2	0	11	404.48	568.27	25.30	9.63	100	scope
5	12	7	2	0	12	433.33	568.27	31.48	9.63	100	cannot
5	12	7	2	0	13	468.33	568.27	10.99	9.63	100	be
5	12	7	2	0	14	482.86	568.27	43.06	9.63	100	bounded,
4	12	7	2	1	0	70.473000	581.817630	453.935309	9.632735	-1	###LINE###
5	12	7	2	1	0	70.47	581.82	27.35	9.63	100	where
5	12	7	2	1	1	101.18	581.82	14.85	9.63	100	the
5	12	7	2	1	2	119.40	581.82	63.31	9.63	100	appointments
5	12	7	2	1	3	186.06	581.82	9.50	9.63	100	at
5	12	7	2	1	4	198.92	581.82	38.04	9.63	100	Chapter
5	12	7	2	1	5	240.33	581.82	5.35	9.63	100	6
5	12	7	2	1	6	249.04	581.82	31.48	9.63	100	cannot
5	12	7	2	1	7	283.88	581.82	10.99	9.63	100	be
5	12	7	2	1	8	298.23	581.82	25.54	9.63	100	filled,
5	12	7	2	1	9	327.19	581.82	9.53	9.63	100	or
5	12	7	2	1	10	340.08	581.82	27.35	9.63	100	where
5	12	7	2	1	11	370.80	581.82	14.85	9.63	100	the
5	12	7	2	1	12	389.00	581.82	35.34	9.63	100	activity
5	12	7	2	1	13	427.70	581.82	31.48	9.63	100	cannot
5	12	7	2	1	14	462.54	581.82	11.00	9.63	100	be
5	12	7	2	1	15	476.89	581.82	47.51	9.63	100	conducted
4	12	7	2	2	0	70.866000	595.366630	28.852388	9.632735	-1	###LINE###
5	12	7	2	2	0	70.87	595.37	28.85	9.63	100	safely.
3	12	8	0	0	0	70.866000	623.917643	242.904558	10.496666	-1	###FLOW###
4	12	8	0	0	0	70.866000	623.917643	242.904558	10.496666	-1	###LINE###
5	12	8	0	0	0	70.87	623.92	55.97	10.50	100	Activities
5	12	8	0	0	1	131.32	623.92	53.36	10.50	100	requiring
5	12	8	0	0	2	189.17	623.92	42.45	10.50	100	specific
5	12	8	0	0	3	236.10	623.92	77.67	10.50	100	authorisation
3	12	8	1	0	0	70.462000	645.173630	454.347979	63.829735	-1	###FLOW###
4	12	8	1	0	0	70.484000	645.173630	454.211529	9.632735	-1	###LINE###
5	12	8	1	0	0	70.48	645.17	14.12	9.63	100	4.8
5	12	8	1	0	1	88.23	645.17	19.03	9.63	100	The
5	12	8	1	0	2	110.89	645.17	42.98	9.63	100	following
5	12	8	1	0	3	157.49	645.17	33.52	9.63	100	require
5	12	8	1	0	4	194.64	645.17	34.74	9.63	100	specific
5	12	8	1	0	5	233.01	645.17	35.03	9.63	100	written
5	12	8	1	0	6	271.66	645.17	63.94	9.63	100	authorisation
5	12	8	1	0	7	339.22	645.17	9.21	9.63	100	in
5	12	8	1	0	8	352.06	645.17	15.35	9.63	100	the
5	12	8	1	0	9	371.03	645.17	26.32	9.63	100	Rules
5	12	8	1	0	10	400.97	645.17	8.90	9.63	100	of
5	12	8	1	0	11	413.50	645.17	59.41	9.63	100	Engagement
5	12	8	1	0	12	476.53	645.17	17.80	9.63	100	and
5	12	8	1	0	13	497.96	645.17	5.53	9.63	100	a
5	12	8	1	0	14	507.11	645.17	17.59	9.63	100	risk
4	12	8	1	1	0	70.866000	658.722630	453.540814	9.632735	-1	###LINE###
5	12	8	1	1	0	70.87	658.72	50.49	9.63	100	acceptance
5	12	8	1	1	1	124.80	658.72	39.85	9.63	100	recorded
5	12	8	1	1	2	168.10	658.72	11.28	9.63	100	by
5	12	8	1	1	3	182.83	658.72	14.85	9.63	100	the
5	12	8	1	1	4	201.13	658.72	49.03	9.63	100	Approving
5	12	8	1	1	5	253.60	658.72	47.82	9.63	100	Authority.
5	12	8	1	1	6	306.20	658.72	18.41	9.63	100	The
5	12	8	1	1	7	328.06	658.72	61.86	9.63	100	authorisation
5	12	8	1	1	8	393.37	658.72	32.13	9.63	100	applies
5	12	8	1	1	9	428.95	658.72	19.90	9.63	100	only
5	12	8	1	1	10	452.30	658.72	27.35	9.63	100	where
5	12	8	1	1	11	483.10	658.72	30.29	9.63	100	Annex
5	12	8	1	1	12	516.83	658.72	7.57	9.63	100	B
4	12	8	1	2	0	70.866000	672.271630	453.547204	9.632735	-1	###LINE###
5	12	8	1	2	0	70.87	672.27	39.82	9.63	100	classifies
5	12	8	1	2	1	114.32	672.27	15.02	9.63	100	the
5	12	8	1	2	2	132.96	672.27	28.83	9.63	100	action
5	12	8	1	2	3	165.42	672.27	9.67	9.63	100	as
5	12	8	1	2	4	178.71	672.27	55.26	9.63	100	conditional.
5	12	8	1	2	5	238.82	672.27	14.11	9.63	100	An
5	12	8	1	2	6	256.55	672.27	39.10	9.63	100	absolute
5	12	8	1	2	7	299.28	672.27	52.28	9.63	100	prohibition
5	12	8	1	2	8	355.20	672.27	31.83	9.63	100	cannot
5	12	8	1	2	9	390.65	672.27	11.11	9.63	100	be
5	12	8	1	2	10	405.40	672.27	32.13	9.63	100	waived
5	12	8	1	2	11	441.15	672.27	11.41	9.63	100	by
5	12	8	1	2	12	456.19	672.27	15.02	9.63	100	the
5	12	8	1	2	13	474.84	672.27	49.58	9.63	100	Approving
4	12	8	1	3	0	70.462000	685.821630	454.347979	9.632735	-1	###LINE###
5	12	8	1	3	0	70.46	685.82	45.75	9.63	100	Authority
5	12	8	1	3	1	118.98	685.82	9.53	9.63	100	or
5	12	8	1	3	2	131.28	685.82	11.27	9.63	100	by
5	12	8	1	3	3	145.32	685.82	16.63	9.63	100	any
5	12	8	1	3	4	164.71	685.82	54.94	9.63	100	engagement
5	12	8	1	3	5	222.41	685.82	45.21	9.63	100	signatory.
5	12	8	1	3	6	272.18	685.82	25.09	9.63	100	Legal
5	12	8	1	3	7	300.03	685.82	17.23	9.63	100	and
5	12	8	1	3	8	320.02	685.82	38.66	9.63	100	provider
5	12	8	1	3	9	361.45	685.82	60.11	9.63	100	requirements
5	12	8	1	3	10	424.32	685.82	32.10	9.63	100	remain
5	12	8	1	3	11	459.18	685.82	65.63	9.63	100	independently
4	12	8	1	4	0	70.866000	699.370630	50.909497	9.632735	-1	###LINE###
5	12	8	1	4	0	70.87	699.37	50.91	9.63	100	applicable.
3	12	8	2	0	0	84.200000	719.694630	440.213567	36.730735	-1	###FLOW###
4	12	8	2	0	0	84.200000	719.694630	440.212933	9.632735	-1	###LINE###
5	12	8	2	0	0	84.20	719.69	8.49	9.63	100	a.
5	12	8	2	0	1	98.14	719.69	28.74	9.63	100	Social
5	12	8	2	0	2	130.57	719.69	55.05	9.63	100	engineering
5	12	8	2	0	3	189.31	719.69	8.96	9.63	100	of
5	12	8	2	0	4	201.97	719.69	49.23	9.63	100	personnel,
5	12	8	2	0	5	254.91	719.69	11.75	9.63	100	by
5	12	8	2	0	6	270.35	719.69	17.32	9.63	100	any
5	12	8	2	0	7	291.37	719.69	32.79	9.63	100	vector.
5	12	8	2	0	8	329.19	719.69	51.31	9.63	100	Additional
5	12	8	2	0	9	384.19	719.69	53.02	9.63	100	constraints
5	12	8	2	0	10	440.90	719.69	31.89	9.63	100	govern
5	12	8	2	0	11	476.48	719.69	47.93	9.63	100	permitted
4	12	8	2	1	0	98.139000	733.243630	426.274567	9.632735	-1	###LINE###
5	12	8	2	1	0	98.14	733.24	34.31	9.63	100	pretext
5	12	8	2	1	1	136.09	733.24	36.46	9.63	100	themes,
5	12	8	2	1	2	176.20	733.24	41.56	9.63	100	excluded
5	12	8	2	1	3	221.40	733.24	54.97	9.63	100	individuals,
5	12	8	2	1	4	280.02	733.24	41.25	9.63	100	handling
5	12	8	2	1	5	324.91	733.24	8.80	9.63	100	of
5	12	8	2	1	6	337.35	733.24	41.89	9.63	100	captured
5	12	8	2	1	7	382.89	733.24	53.78	9.63	100	credentials,
5	12	8	2	1	8	440.31	733.24	17.59	9.63	100	and
5	12	8	2	1	9	461.55	733.24	15.17	9.63	100	the
5	12	8	2	1	10	480.37	733.24	44.05	9.63	100	reporting
4	12	8	2	2	0	98.139000	746.792630	208.728174	9.632735	-1	###LINE###
5	12	8	2	2	0	98.14	746.79	8.79	9.63	100	of
5	12	8	2	2	1	110.56	746.79	31.06	9.63	100	results
5	12	8	2	2	2	145.26	746.79	11.51	9.63	100	by
5	12	8	2	2	3	160.41	746.79	18.82	9.63	100	rate
5	12	8	2	2	4	182.87	746.79	29.15	9.63	100	rather
5	12	8	2	2	5	215.66	746.79	21.82	9.63	100	than
5	12	8	2	2	6	241.11	746.79	11.52	9.63	100	by
5	12	8	2	2	7	256.26	746.79	50.61	9.63	100	individual.
3	12	9	0	0	0	257.623000	793.912520	80.030500	8.015962	-1	###FLOW###
4	12	9	0	0	0	257.623000	793.912520	80.030500	8.015962	-1	###LINE###
5	12	9	0	0	0	257.62	793.91	80.03	8.02	100	UNCLASSIFIED
3	12	9	1	0	0	287.052000	808.605601	21.172571	7.037598	-1	###FLOW###
4	12	9	1	0	0	287.052000	808.605601	21.172571	7.037598	-1	###LINE###
5	12	9	1	0	0	287.05	808.61	21.17	7.04	100	12/29
1	13	0	0	0	0	287.052000	808.605601	595.276000	841.890000	-1	###PAGE###
3	13	0	0	0	0	257.623000	39.603520	80.030500	8.015962	-1	###FLOW###
4	13	0	0	0	0	257.623000	39.603520	80.030500	8.015962	-1	###LINE###
5	13	0	0	0	0	257.62	39.60	80.03	8.02	100	UNCLASSIFIED
3	13	1	0	0	0	83.594000	78.293630	440.812213	23.182735	-1	###FLOW###
4	13	1	0	0	0	83.594000	78.293630	440.812213	9.632735	-1	###LINE###
5	13	1	0	0	0	83.59	78.29	9.09	9.63	100	b.
5	13	1	0	0	1	98.14	78.29	38.81	9.63	100	Physical
5	13	1	0	0	2	140.28	78.29	26.44	9.63	100	entry,
5	13	1	0	0	3	170.10	78.29	31.00	9.63	100	bypass
5	13	1	0	0	4	204.44	78.29	8.61	9.63	100	of
5	13	1	0	0	5	216.39	78.29	37.47	9.63	100	physical
5	13	1	0	0	6	257.19	78.29	39.58	9.63	100	controls,
5	13	1	0	0	7	300.16	78.29	17.22	9.63	100	and
5	13	1	0	0	8	320.72	78.29	30.94	9.63	100	on-site
5	13	1	0	0	9	355.00	78.29	50.81	9.63	100	pretexting.
5	13	1	0	0	10	410.56	78.29	27.38	9.63	100	These
5	13	1	0	0	11	441.27	78.29	32.43	9.63	100	require
5	13	1	0	0	12	477.04	78.29	5.35	9.63	100	a
5	13	1	0	0	13	485.71	78.29	38.70	9.63	100	separate
4	13	1	0	1	0	98.139000	91.843630	291.699516	9.632735	-1	###LINE###
5	13	1	0	1	0	98.14	91.84	29.27	9.63	100	Letter
5	13	1	0	1	1	131.05	91.84	8.79	9.63	100	of
5	13	1	0	1	2	143.48	91.84	65.54	9.63	100	Authorisation
5	13	1	0	1	3	212.65	91.84	17.57	9.63	100	and
5	13	1	0	1	4	233.87	91.84	23.09	9.63	100	prior
5	13	1	0	1	5	260.59	91.84	53.94	9.63	100	notification
5	13	1	0	1	6	318.17	91.84	8.79	9.63	100	of
5	13	1	0	1	7	330.60	91.84	16.42	9.63	100	site
5	13	1	0	1	8	350.65	91.84	39.18	9.63	100	security.
3	13	1	1	0	0	84.806000	112.166630	439.605821	23.182735	-1	###FLOW###
4	13	1	1	0	0	84.806000	112.166630	439.605821	9.632735	-1	###LINE###
5	13	1	1	0	0	84.81	112.17	7.88	9.63	100	c.
5	13	1	1	0	1	98.14	112.17	51.04	9.63	100	Controlled
5	13	1	1	0	2	153.22	112.17	53.19	9.63	100	availability
5	13	1	1	0	3	210.45	112.17	9.92	9.63	100	or
5	13	1	1	0	4	224.41	112.17	95.69	9.63	100	resource-exhaustion
5	13	1	1	0	5	324.15	112.17	35.92	9.63	100	testing.
5	13	1	1	0	6	366.12	112.17	39.96	9.63	100	Genuine
5	13	1	1	0	7	410.12	112.17	53.27	9.63	100	destructive
5	13	1	1	0	8	467.42	112.17	29.67	9.63	100	action
5	13	1	1	0	9	501.15	112.17	7.48	9.63	100	is
5	13	1	1	0	10	512.67	112.17	11.74	9.63	100	an
4	13	1	1	1	0	98.139000	125.716630	98.873537	9.632735	-1	###LINE###
5	13	1	1	1	0	98.14	125.72	39.45	9.63	100	absolute
5	13	1	1	1	1	141.23	125.72	55.79	9.63	100	prohibition.
3	13	1	2	0	0	83.594000	146.039630	440.814575	23.182735	-1	###FLOW###
4	13	1	2	0	0	83.594000	146.039630	440.814575	9.632735	-1	###LINE###
5	13	1	2	0	0	83.59	146.04	9.09	9.63	100	d.
5	13	1	2	0	1	97.74	146.04	19.64	9.63	100	Any
5	13	1	2	0	2	121.01	146.04	35.95	9.63	100	activity
5	13	1	2	0	3	160.61	146.04	40.18	9.63	100	affecting
5	13	1	2	0	4	204.44	146.04	5.44	9.63	100	a
5	13	1	2	0	5	213.52	146.04	23.60	9.63	100	third
5	13	1	2	0	6	240.76	146.04	27.52	9.63	100	party,
5	13	1	2	0	7	271.92	146.04	37.55	9.63	100	supplier
5	13	1	2	0	8	313.12	146.04	9.70	9.63	100	or
5	13	1	2	0	9	326.46	146.04	30.88	9.63	100	hosted
5	13	1	2	0	10	360.98	146.04	34.84	9.63	100	service,
5	13	1	2	0	11	399.47	146.04	16.31	9.63	100	but
5	13	1	2	0	12	419.43	146.04	20.24	9.63	100	only
5	13	1	2	0	13	443.32	146.04	21.15	9.63	100	with
5	13	1	2	0	14	468.11	146.04	19.94	9.63	100	that
5	13	1	2	0	15	491.69	146.04	32.72	9.63	100	party’s
4	13	1	2	1	0	98.139000	159.589630	320.357722	9.632735	-1	###LINE###
5	13	1	2	1	0	98.14	159.59	27.30	9.63	100	direct
5	13	1	2	1	1	129.08	159.59	50.76	9.63	100	permission
5	13	1	2	1	2	183.47	159.59	17.57	9.63	100	and
5	13	1	2	1	3	204.69	159.59	52.73	9.63	100	compliance
5	13	1	2	1	4	261.05	159.59	21.21	9.63	100	with
5	13	1	2	1	5	285.89	159.59	34.31	9.63	100	current
5	13	1	2	1	6	323.84	159.59	39.45	9.63	100	provider
5	13	1	2	1	7	366.92	159.59	51.57	9.63	100	conditions.
3	13	2	0	0	0	70.866000	188.140643	147.315561	10.496666	-1	###FLOW###
4	13	2	0	0	0	70.866000	188.140643	147.315561	10.496666	-1	###LINE###
5	13	2	0	0	0	70.87	188.14	64.09	10.50	100	Specialised
5	13	2	0	0	1	139.44	188.14	78.74	10.50	100	environments
3	13	2	1	0	0	70.462000	209.396630	454.245329	50.279735	-1	###FLOW###
4	13	2	1	0	0	70.484000	209.396630	453.925985	9.632735	-1	###LINE###
5	13	2	1	0	0	70.48	209.40	13.76	9.63	100	4.9
5	13	2	1	0	1	87.87	209.40	30.84	9.63	100	Where
5	13	2	1	0	2	122.34	209.40	14.95	9.63	100	the
5	13	2	1	0	3	140.93	209.40	25.49	9.63	100	scope
5	13	2	1	0	4	170.04	209.40	37.74	9.63	100	includes
5	13	2	1	0	5	211.42	209.40	5.38	9.63	100	a
5	13	2	1	0	6	220.44	209.40	41.39	9.63	100	classified
5	13	2	1	0	7	265.46	209.40	9.60	9.63	100	or
5	13	2	1	0	8	278.69	209.40	49.98	9.63	100	air-gapped
5	13	2	1	0	9	332.31	209.40	40.39	9.63	100	network,
5	13	2	1	0	10	376.34	209.40	5.38	9.63	100	a
5	13	2	1	0	11	385.36	209.40	37.80	9.63	100	mission,
5	13	2	1	0	12	426.79	209.40	45.46	9.63	100	command
5	13	2	1	0	13	475.89	209.40	9.60	9.63	100	or
5	13	2	1	0	14	489.12	209.40	35.29	9.63	100	weapon
4	13	2	1	1	0	70.866000	222.945630	453.548298	9.632735	-1	###LINE###
5	13	2	1	1	0	70.87	222.95	34.86	9.63	100	system,
5	13	2	1	1	1	108.68	222.95	5.35	9.63	100	a
5	13	2	1	1	2	116.81	222.95	40.67	9.63	100	deployed
5	13	2	1	1	3	160.25	222.95	9.53	9.63	100	or
5	13	2	1	1	4	172.56	222.95	34.45	9.63	100	tactical
5	13	2	1	1	5	209.79	222.95	40.11	9.63	100	network,
5	13	2	1	1	6	252.84	222.95	52.33	9.63	100	installation
5	13	2	1	1	7	307.95	222.95	52.60	9.63	100	operational
5	13	2	1	1	8	363.32	222.95	51.94	9.63	100	technology,
5	13	2	1	1	9	418.21	222.95	9.53	9.63	100	or
5	13	2	1	1	10	430.53	222.95	11.28	9.63	100	an
5	13	2	1	1	11	444.58	222.95	24.95	9.63	100	allied
5	13	2	1	1	12	472.31	222.95	9.53	9.63	100	or
5	13	2	1	1	13	484.62	222.95	39.79	9.63	100	coalition
4	13	2	1	2	0	70.866000	236.494630	453.841329	9.632735	-1	###LINE###
5	13	2	1	2	0	70.87	236.49	35.18	9.63	100	system,
5	13	2	1	2	1	109.70	236.49	14.98	9.63	100	the
5	13	2	1	2	2	128.33	236.49	47.35	9.63	100	additional
5	13	2	1	2	3	179.33	236.49	36.95	9.63	100	controls
5	13	2	1	2	4	219.92	236.49	9.59	9.63	100	at
5	13	2	1	2	5	233.16	236.49	30.58	9.63	100	Annex
5	13	2	1	2	6	267.39	236.49	3.90	9.63	100	I
5	13	2	1	2	7	274.93	236.49	26.07	9.63	100	apply
5	13	2	1	2	8	304.65	236.49	17.38	9.63	100	and
5	13	2	1	2	9	325.68	236.49	14.42	9.63	100	are
5	13	2	1	2	10	343.74	236.49	53.37	9.63	100	mandatory.
5	13	2	1	2	11	401.99	236.49	18.58	9.63	100	The
5	13	2	1	2	12	424.21	236.49	58.14	9.63	100	applicability
5	13	2	1	2	13	486.00	236.49	25.47	9.63	100	check
5	13	2	1	2	14	515.12	236.49	9.59	9.63	100	at
4	13	2	1	3	0	70.462000	250.043630	178.633240	9.632735	-1	###LINE###
5	13	2	1	3	0	70.46	250.04	30.91	9.63	100	Annex
5	13	2	1	3	1	105.00	250.04	3.94	9.63	100	I
5	13	2	1	3	2	112.59	250.04	7.33	9.63	100	is
5	13	2	1	3	3	123.55	250.04	48.48	9.63	100	conducted
5	13	2	1	3	4	175.67	250.04	30.95	9.63	100	during
5	13	2	1	3	5	210.25	250.04	26.73	9.63	100	phase
5	13	2	1	3	6	240.61	250.04	8.49	9.63	100	0.
3	13	3	0	0	0	70.866000	302.443199	223.265607	12.595964	-1	###FLOW###
4	13	3	0	0	0	70.866000	302.443199	223.265607	12.595964	-1	###LINE###
5	13	3	0	0	0	70.87	302.44	81.34	12.60	100	CHAPTER
5	13	3	0	0	1	157.59	302.44	8.07	12.60	100	5
5	13	3	0	0	2	171.04	302.44	16.14	12.60	100	—
5	13	3	0	0	3	192.56	302.44	101.57	12.60	100	AUTHORITY
3	13	3	1	0	0	70.866000	328.828643	133.940083	10.496666	-1	###FLOW###
4	13	3	1	0	0	70.866000	328.828643	133.940083	10.496666	-1	###LINE###
5	13	3	1	0	0	70.87	328.83	30.44	10.50	100	Basis
5	13	3	1	0	1	105.79	328.83	10.83	10.50	100	of
5	13	3	1	0	2	121.11	328.83	34.94	10.50	100	lawful
5	13	3	1	0	3	160.53	328.83	44.28	10.50	100	activity
3	13	3	2	0	0	70.866000	350.084630	453.547204	50.280735	-1	###FLOW###
4	13	3	2	0	0	70.866000	350.084630	453.547204	9.632735	-1	###LINE###
5	13	3	2	0	0	70.87	350.08	13.81	9.63	100	5.1
5	13	3	2	0	1	88.32	350.08	18.77	9.63	100	Red
5	13	3	2	0	2	110.72	350.08	23.42	9.63	100	team
5	13	3	2	0	3	137.79	350.08	35.74	9.63	100	activity
5	13	3	2	0	4	177.17	350.08	19.82	9.63	100	may
5	13	3	2	0	5	200.62	350.08	31.83	9.63	100	engage
5	13	3	2	0	6	236.10	350.08	41.47	9.63	100	criminal,
5	13	3	2	0	7	281.20	350.08	22.52	9.63	100	civil,
5	13	3	2	0	8	307.37	350.08	50.51	9.63	100	regulatory,
5	13	3	2	0	9	361.52	350.08	56.19	9.63	100	contractual,
5	13	3	2	0	10	421.34	350.08	57.35	9.63	100	employment
5	13	3	2	0	11	482.33	350.08	17.42	9.63	100	and
5	13	3	2	0	12	503.39	350.08	21.02	9.63	100	data
4	13	3	2	1	0	70.866000	363.633630	453.541286	9.632735	-1	###LINE###
5	13	3	2	1	0	70.87	363.63	48.61	9.63	100	protection
5	13	3	2	1	1	123.11	363.63	19.13	9.63	100	law.
5	13	3	2	1	2	147.09	363.63	40.10	9.63	100	Written,
5	13	3	2	1	3	190.83	363.63	66.58	9.63	100	target-specific
5	13	3	2	1	4	261.04	363.63	63.26	9.63	100	authorisation
5	13	3	2	1	5	327.93	363.63	22.20	9.63	100	from
5	13	3	2	1	6	353.75	363.63	11.54	9.63	100	an
5	13	3	2	1	7	368.92	363.63	44.36	9.63	100	authority
5	13	3	2	1	8	416.92	363.63	49.79	9.63	100	competent
5	13	3	2	1	9	470.34	363.63	9.72	9.63	100	to
5	13	3	2	1	10	483.69	363.63	18.82	9.63	100	give
5	13	3	2	1	11	506.14	363.63	7.29	9.63	100	it
5	13	3	2	1	12	517.06	363.63	7.35	9.63	100	is
4	13	3	2	2	0	70.866000	377.182630	453.544676	9.632735	-1	###LINE###
5	13	3	2	2	0	70.87	377.18	47.77	9.63	100	necessary,
5	13	3	2	2	1	122.62	377.18	16.69	9.63	100	but
5	13	3	2	2	2	143.22	377.18	20.41	9.63	100	may
5	13	3	2	2	3	167.53	377.18	16.07	9.63	100	not
5	13	3	2	2	4	187.51	377.18	11.75	9.63	100	by
5	13	3	2	2	5	203.18	377.18	23.23	9.63	100	itself
5	13	3	2	2	6	230.33	377.18	31.03	9.63	100	satisfy
5	13	3	2	2	7	265.27	377.18	25.70	9.63	100	every
5	13	3	2	2	8	294.87	377.18	48.84	9.63	100	applicable
5	13	3	2	2	9	347.61	377.18	61.27	9.63	100	requirement.
5	13	3	2	2	10	414.55	377.18	19.16	9.63	100	The
5	13	3	2	2	11	437.61	377.18	22.26	9.63	100	legal
5	13	3	2	2	12	463.79	377.18	34.40	9.63	100	adviser
5	13	3	2	2	13	502.09	377.18	22.32	9.63	100	shall
4	13	3	2	3	0	70.866000	390.732630	309.351531	9.632735	-1	###LINE###
5	13	3	2	3	0	70.87	390.73	36.06	9.63	100	identify
5	13	3	2	3	1	110.57	390.73	15.15	9.63	100	the
5	13	3	2	3	2	129.35	390.73	42.43	9.63	100	complete
5	13	3	2	3	3	175.41	390.73	23.15	9.63	100	basis
5	13	3	2	3	4	202.20	390.73	13.06	9.63	100	for
5	13	3	2	3	5	218.90	390.73	20.91	9.63	100	each
5	13	3	2	3	6	243.44	390.73	56.07	9.63	100	engagement
5	13	3	2	3	7	303.14	390.73	27.30	9.63	100	under
5	13	3	2	3	8	334.07	390.73	30.91	9.63	100	Annex
5	13	3	2	3	9	368.63	390.73	11.59	9.63	100	G.
3	13	3	3	0	0	70.866000	411.055630	455.367325	36.731735	-1	###FLOW###
4	13	3	3	0	0	70.866000	411.055630	455.367325	9.632735	-1	###LINE###
5	13	3	3	0	0	70.87	411.06	14.22	9.63	100	5.2
5	13	3	3	0	1	89.46	411.06	44.67	9.63	100	Defective
5	13	3	3	0	2	138.51	411.06	9.92	9.63	100	or
5	13	3	3	0	3	152.81	411.06	52.54	9.63	100	incomplete
5	13	3	3	0	4	209.73	411.06	45.17	9.63	100	authority
5	13	3	3	0	5	259.27	411.06	20.41	9.63	100	may
5	13	3	3	0	6	284.05	411.06	32.20	9.63	100	expose
5	13	3	3	0	7	320.64	411.06	22.55	9.63	100	both
5	13	3	3	0	8	347.56	411.06	15.45	9.63	100	the
5	13	3	3	0	9	367.40	411.06	59.44	9.63	100	organisation
5	13	3	3	0	10	431.21	411.06	17.93	9.63	100	and
5	13	3	3	0	11	453.51	411.06	48.53	9.63	100	individual
5	13	3	3	0	12	506.42	411.06	19.81	9.63	100	par-
4	13	3	3	1	0	70.866000	424.605630	453.544676	9.632735	-1	###LINE###
5	13	3	3	1	0	70.87	424.61	44.89	9.63	100	ticipants.
5	13	3	3	1	1	120.78	424.61	14.53	9.63	100	An
5	13	3	3	1	2	139.01	424.61	41.16	9.63	100	operator
5	13	3	3	1	3	183.87	424.61	43.03	9.63	100	therefore
5	13	3	3	1	4	230.59	424.61	25.41	9.63	100	holds
5	13	3	3	1	5	259.69	424.61	11.74	9.63	100	an
5	13	3	3	1	6	275.13	424.61	66.16	9.63	100	unconditional
5	13	3	3	1	7	344.98	424.61	23.21	9.63	100	right
5	13	3	3	1	8	371.90	424.61	9.89	9.63	100	to
5	13	3	3	1	9	385.48	424.61	28.22	9.63	100	refuse
5	13	3	3	1	10	417.40	424.61	36.79	9.63	100	activity
5	13	3	3	1	11	457.89	424.61	11.74	9.63	100	on
5	13	3	3	1	12	473.32	424.61	38.43	9.63	100	grounds
5	13	3	3	1	13	515.45	424.61	8.96	9.63	100	of
4	13	3	3	2	0	70.866000	438.154630	330.669003	9.632735	-1	###LINE###
5	13	3	3	2	0	70.87	438.15	41.51	9.63	100	defective
5	13	3	3	2	1	116.01	438.15	46.40	9.63	100	authority,
5	13	3	3	2	2	166.05	438.15	17.57	9.63	100	and
5	13	3	3	2	3	187.26	438.15	20.00	9.63	100	that
5	13	3	3	2	4	210.89	438.15	31.31	9.63	100	refusal
5	13	3	3	2	5	245.84	438.15	37.06	9.63	100	attracts
5	13	3	3	2	6	286.53	438.15	11.51	9.63	100	no
5	13	3	3	2	7	301.69	438.15	35.24	9.63	100	adverse
5	13	3	3	2	8	340.56	438.15	60.97	9.63	100	consequence.
3	13	4	0	0	0	70.866000	466.705643	148.401093	10.496666	-1	###FLOW###
4	13	4	0	0	0	70.866000	466.705643	148.401093	10.496666	-1	###LINE###
5	13	4	0	0	0	70.87	466.71	80.92	10.50	100	Authorisation
5	13	4	0	0	1	156.27	466.71	63.00	10.50	100	documents
3	13	4	1	0	0	70.866000	487.961630	453.542952	23.181735	-1	###FLOW###
4	13	4	1	0	0	70.866000	487.961630	453.542952	9.632735	-1	###LINE###
5	13	4	1	0	0	70.87	487.96	13.66	9.63	100	5.3
5	13	4	1	0	1	87.20	487.96	27.35	9.63	100	Three
5	13	4	1	0	2	117.21	487.96	49.95	9.63	100	documents
5	13	4	1	0	3	169.84	487.96	14.29	9.63	100	are
5	13	4	1	0	4	186.79	487.96	41.34	9.63	100	required.
5	13	4	1	0	5	232.65	487.96	23.01	9.63	100	Each
5	13	4	1	0	6	258.33	487.96	41.11	9.63	100	performs
5	13	4	1	0	7	302.11	487.96	5.35	9.63	100	a
5	13	4	1	0	8	310.12	487.96	35.10	9.63	100	distinct
5	13	4	1	0	9	347.90	487.96	41.28	9.63	100	function.
5	13	4	1	0	10	393.71	487.96	37.70	9.63	100	Activity
5	13	4	1	0	11	434.08	487.96	21.44	9.63	100	shall
5	13	4	1	0	12	458.18	487.96	15.44	9.63	100	not
5	13	4	1	0	13	476.30	487.96	48.11	9.63	100	commence
4	13	4	1	1	0	70.866000	501.510630	125.549559	9.632735	-1	###LINE###
5	13	4	1	1	0	70.87	501.51	22.12	9.63	100	until
5	13	4	1	1	1	96.63	501.51	11.52	9.63	100	all
5	13	4	1	1	2	111.78	501.51	24.27	9.63	100	three
5	13	4	1	1	3	139.68	501.51	14.58	9.63	100	are
5	13	4	1	1	4	157.89	501.51	9.09	9.63	100	in
5	13	4	1	1	5	170.63	501.51	25.79	9.63	100	force.
3	13	5	0	0	0	257.623000	793.912520	80.030500	8.015962	-1	###FLOW###
4	13	5	0	0	0	257.623000	793.912520	80.030500	8.015962	-1	###LINE###
5	13	5	0	0	0	257.62	793.91	80.03	8.02	100	UNCLASSIFIED
3	13	5	1	0	0	287.052000	808.605601	21.172571	7.037598	-1	###FLOW###
4	13	5	1	0	0	287.052000	808.605601	21.172571	7.037598	-1	###LINE###
5	13	5	1	0	0	287.05	808.61	21.17	7.04	100	13/29
1	14	0	0	0	0	287.052000	808.605601	595.276000	841.890000	-1	###PAGE###
3	14	0	0	0	0	257.623000	39.603520	80.030500	8.015962	-1	###FLOW###
4	14	0	0	0	0	257.623000	39.603520	80.030500	8.015962	-1	###LINE###
5	14	0	0	0	0	257.62	39.60	80.03	8.02	100	UNCLASSIFIED
3	14	1	0	0	0	70.866000	412.454539	163.514318	9.741826	-1	###FLOW###
4	14	1	0	0	0	70.866000	412.454539	163.514318	9.741826	-1	###LINE###
5	14	1	0	0	0	70.87	412.45	35.54	9.74	100	Figure
5	14	1	0	0	1	110.58	412.45	9.76	9.74	100	1.
5	14	1	0	0	2	125.92	412.45	75.53	9.74	100	Authorisation
5	14	1	0	0	3	205.63	412.45	28.75	9.74	100	chain
3	14	1	1	0	0	70.462000	432.887630	456.069100	36.730735	-1	###FLOW###
4	14	1	1	0	0	70.866000	432.887630	455.665100	9.632735	-1	###LINE###
5	14	1	1	0	0	70.87	432.89	13.66	9.63	100	5.4
5	14	1	1	0	1	87.46	432.89	18.41	9.63	100	The
5	14	1	1	0	2	108.80	432.89	48.20	9.63	100	separation
5	14	1	1	0	3	159.92	432.89	37.71	9.63	100	between
5	14	1	1	0	4	200.57	432.89	17.28	9.63	100	this
5	14	1	1	0	5	220.78	432.89	52.27	9.63	100	publication
5	14	1	1	0	6	275.97	432.89	17.23	9.63	100	and
5	14	1	1	0	7	296.14	432.89	14.85	9.63	100	the
5	14	1	1	0	8	313.92	432.89	54.93	9.63	100	engagement
5	14	1	1	0	9	371.78	432.89	49.95	9.63	100	documents
5	14	1	1	0	10	424.66	432.89	21.44	9.63	100	shall
5	14	1	1	0	11	449.03	432.89	15.44	9.63	100	not
5	14	1	1	0	12	467.40	432.89	11.00	9.63	100	be
5	14	1	1	0	13	481.33	432.89	45.20	9.63	100	collapsed.
4	14	1	1	1	0	70.462000	446.436630	453.941920	9.632735	-1	###LINE###
5	14	1	1	1	0	70.46	446.44	8.35	9.63	100	A
5	14	1	1	1	1	83.18	446.44	41.48	9.63	100	standing
5	14	1	1	1	2	129.02	446.44	45.17	9.63	100	authority
5	14	1	1	1	3	178.56	446.44	9.89	9.63	100	to
5	14	1	1	1	4	192.81	446.44	38.33	9.63	100	conduct
5	14	1	1	1	5	235.51	446.44	36.78	9.63	100	activity
5	14	1	1	1	6	276.67	446.44	34.68	9.63	100	against
5	14	1	1	1	7	315.71	446.44	53.54	9.63	100	unspecified
5	14	1	1	1	8	373.61	446.44	33.48	9.63	100	targets
5	14	1	1	1	9	411.45	446.44	7.48	9.63	100	is
5	14	1	1	1	10	423.30	446.44	84.82	9.63	100	indistinguishable,
5	14	1	1	1	11	512.66	446.44	11.74	9.63	100	on
4	14	1	1	2	0	70.866000	459.985630	260.844217	9.632735	-1	###LINE###
5	14	1	1	2	0	70.87	459.99	52.24	9.63	100	subsequent
5	14	1	1	2	1	126.75	459.99	61.52	9.63	100	examination,
5	14	1	1	2	2	191.90	459.99	22.15	9.63	100	from
5	14	1	1	2	3	217.68	459.99	11.51	9.63	100	an
5	14	1	1	2	4	232.84	459.99	36.42	9.63	100	absence
5	14	1	1	2	5	272.89	459.99	8.79	9.63	100	of
5	14	1	1	2	6	285.33	459.99	46.38	9.63	100	authority.
3	14	1	2	0	0	70.462000	480.309630	453.946126	23.181735	-1	###FLOW###
4	14	1	2	0	0	70.866000	480.309630	453.542126	9.632735	-1	###LINE###
5	14	1	2	0	0	70.87	480.31	14.02	9.63	100	5.5
5	14	1	2	0	1	88.52	480.31	18.90	9.63	100	The
5	14	1	2	0	2	111.05	480.31	26.13	9.63	100	Rules
5	14	1	2	0	3	140.82	480.31	8.84	9.63	100	of
5	14	1	2	0	4	153.29	480.31	58.98	9.63	100	Engagement
5	14	1	2	0	5	215.92	480.31	42.16	9.63	100	standard
5	14	1	2	0	6	261.71	480.31	7.38	9.63	100	is
5	14	1	2	0	7	272.72	480.31	9.76	9.63	100	at
5	14	1	2	0	8	286.11	480.31	31.09	9.63	100	Annex
5	14	1	2	0	9	320.84	480.31	10.82	9.63	100	B.
5	14	1	2	0	10	335.29	480.31	18.91	9.63	100	The
5	14	1	2	0	11	357.84	480.31	15.88	9.63	100	pro
5	14	1	2	0	12	377.35	480.31	27.77	9.63	100	forma
5	14	1	2	0	13	408.75	480.31	7.38	9.63	100	is
5	14	1	2	0	14	419.76	480.31	9.76	9.63	100	at
5	14	1	2	0	15	433.15	480.31	21.95	9.63	100	T02.
5	14	1	2	0	16	459.95	480.31	18.90	9.63	100	The
5	14	1	2	0	17	482.49	480.31	29.45	9.63	100	Letter
5	14	1	2	0	18	515.57	480.31	8.84	9.63	100	of
4	14	1	2	1	0	70.462000	493.858630	165.968866	9.632735	-1	###LINE###
5	14	1	2	1	0	70.46	493.86	65.54	9.63	100	Authorisation
5	14	1	2	1	1	139.65	493.86	15.79	9.63	100	pro
5	14	1	2	1	2	159.07	493.86	27.61	9.63	100	forma
5	14	1	2	1	3	190.31	493.86	7.33	9.63	100	is
5	14	1	2	1	4	201.28	493.86	9.70	9.63	100	at
5	14	1	2	1	5	214.61	493.86	21.82	9.63	100	T10.
3	14	2	0	0	0	70.866000	522.410643	249.286244	10.496666	-1	###FLOW###
4	14	2	0	0	0	70.866000	522.410643	249.286244	10.496666	-1	###LINE###
5	14	2	0	0	0	70.87	522.41	60.34	10.50	100	Command
5	14	2	0	0	1	135.69	522.41	54.63	10.50	100	authority
5	14	2	0	0	2	194.79	522.41	21.48	10.50	100	and
5	14	2	0	0	3	220.76	522.41	40.28	10.50	100	system
5	14	2	0	0	4	265.53	522.41	54.63	10.50	100	authority
3	14	2	1	0	0	70.866000	543.665630	280.575507	9.632735	-1	###FLOW###
4	14	2	1	0	0	70.866000	543.665630	280.575507	9.632735	-1	###LINE###
5	14	2	1	0	0	70.87	543.67	13.94	9.63	100	5.6
5	14	2	1	0	1	88.44	543.67	49.09	9.63	100	Command
5	14	2	1	0	2	141.17	543.67	44.27	9.63	100	authority
5	14	2	1	0	3	189.07	543.67	17.57	9.63	100	and
5	14	2	1	0	4	210.29	543.67	32.55	9.63	100	system
5	14	2	1	0	5	246.47	543.67	44.27	9.63	100	authority
5	14	2	1	0	6	294.38	543.67	14.58	9.63	100	are
5	14	2	1	0	7	312.59	543.67	38.85	9.63	100	distinct.
3	14	2	2	0	0	84.200000	563.989630	380.692681	9.632735	-1	###FLOW###
4	14	2	2	0	0	84.200000	563.989630	380.692681	9.632735	-1	###LINE###
5	14	2	2	0	0	84.20	563.99	8.49	9.63	100	a.
5	14	2	2	0	1	98.14	563.99	49.09	9.63	100	Command
5	14	2	2	0	2	150.86	563.99	44.28	9.63	100	authority
5	14	2	2	0	3	198.78	563.99	7.33	9.63	100	is
5	14	2	2	0	4	209.74	563.99	15.15	9.63	100	the
5	14	2	2	0	5	228.54	563.99	28.21	9.63	100	power
5	14	2	2	0	6	260.38	563.99	9.70	9.63	100	to
5	14	2	2	0	7	273.71	563.99	27.30	9.63	100	direct
5	14	2	2	0	8	304.66	563.99	20.00	9.63	100	that
5	14	2	2	0	9	328.29	563.99	11.51	9.63	100	an
5	14	2	2	0	10	343.44	563.99	51.46	9.63	100	assessment
5	14	2	2	0	11	398.53	563.99	11.21	9.63	100	be
5	14	2	2	0	12	413.38	563.99	51.51	9.63	100	conducted.
3	14	2	3	0	0	83.594000	584.313630	368.428671	9.632735	-1	###FLOW###
4	14	2	3	0	0	83.594000	584.313630	368.428671	9.632735	-1	###LINE###
5	14	2	3	0	0	83.59	584.31	9.09	9.63	100	b.
5	14	2	3	0	1	98.14	584.31	34.30	9.63	100	System
5	14	2	3	0	2	136.07	584.31	44.28	9.63	100	authority
5	14	2	3	0	3	183.99	584.31	7.33	9.63	100	is
5	14	2	3	0	4	194.95	584.31	15.15	9.63	100	the
5	14	2	3	0	5	213.75	584.31	28.21	9.63	100	power
5	14	2	3	0	6	245.59	584.31	9.70	9.63	100	to
5	14	2	3	0	7	258.92	584.31	35.52	9.63	100	consent
5	14	2	3	0	8	298.08	584.31	9.70	9.63	100	to
5	14	2	3	0	9	311.41	584.31	28.61	9.63	100	access
5	14	2	3	0	10	343.66	584.31	9.70	9.63	100	to
5	14	2	3	0	11	356.99	584.31	5.45	9.63	100	a
5	14	2	3	0	12	366.08	584.31	46.73	9.63	100	particular
5	14	2	3	0	13	416.45	584.31	35.58	9.63	100	system.
3	14	2	4	0	0	70.866000	604.637630	455.064270	63.829735	-1	###FLOW###
4	14	2	4	0	0	70.866000	604.637630	453.545789	9.632735	-1	###LINE###
5	14	2	4	0	0	70.87	604.64	14.22	9.63	100	5.7
5	14	2	4	0	1	89.25	604.64	8.35	9.63	100	A
5	14	2	4	0	2	101.75	604.64	34.99	9.63	100	tasking
5	14	2	4	0	3	140.90	604.64	25.41	9.63	100	order
5	14	2	4	0	4	170.46	604.64	51.49	9.63	100	establishes
5	14	2	4	0	5	226.12	604.64	15.45	9.63	100	the
5	14	2	4	0	6	245.73	604.64	22.35	9.63	100	first.
5	14	2	4	0	7	274.50	604.64	8.35	9.63	100	It
5	14	2	4	0	8	287.01	604.64	21.38	9.63	100	does
5	14	2	4	0	9	312.55	604.64	16.07	9.63	100	not
5	14	2	4	0	10	332.78	604.64	8.96	9.63	100	of
5	14	2	4	0	11	345.91	604.64	23.24	9.63	100	itself
5	14	2	4	0	12	373.31	604.64	42.16	9.63	100	establish
5	14	2	4	0	13	419.63	604.64	15.45	9.63	100	the
5	14	2	4	0	14	439.25	604.64	32.21	9.63	100	second
5	14	2	4	0	15	475.62	604.64	29.18	9.63	100	unless
5	14	2	4	0	16	508.96	604.64	15.45	9.63	100	the
4	14	2	4	1	0	70.866000	618.186630	455.064270	9.632735	-1	###LINE###
5	14	2	4	1	0	70.87	618.19	50.87	9.63	100	instrument
5	14	2	4	1	1	125.06	618.19	37.45	9.63	100	creating
5	14	2	4	1	2	165.83	618.19	14.85	9.63	100	the
5	14	2	4	1	3	184.02	618.19	40.39	9.63	100	mandate
5	14	2	4	1	4	227.73	618.19	42.32	9.63	100	expressly
5	14	2	4	1	5	273.38	618.19	32.46	9.63	100	confers
5	14	2	4	1	6	309.17	618.19	10.10	9.63	100	it.
5	14	2	4	1	7	324.01	618.19	30.62	9.63	100	Where
5	14	2	4	1	8	357.95	618.19	14.85	9.63	100	the
5	14	2	4	1	9	376.13	618.19	16.63	9.63	100	two
5	14	2	4	1	10	396.08	618.19	14.29	9.63	100	are
5	14	2	4	1	11	413.69	618.19	19.60	9.63	100	held
5	14	2	4	1	12	436.62	618.19	11.28	9.63	100	by
5	14	2	4	1	13	451.23	618.19	38.63	9.63	100	different
5	14	2	4	1	14	493.19	618.19	32.74	9.63	100	bodies,
4	14	2	4	2	0	70.866000	631.735630	453.548589	9.632735	-1	###LINE###
5	14	2	4	2	0	70.87	631.74	22.19	9.63	100	both
5	14	2	4	2	1	96.70	631.74	14.62	9.63	100	are
5	14	2	4	2	2	114.97	631.74	42.30	9.63	100	required.
5	14	2	4	2	3	162.16	631.74	34.41	9.63	100	System
5	14	2	4	2	4	200.21	631.74	44.40	9.63	100	authority
5	14	2	4	2	5	248.27	631.74	34.16	9.63	100	records
5	14	2	4	2	6	286.08	631.74	15.20	9.63	100	the
5	14	2	4	2	7	304.93	631.74	39.26	9.63	100	required
5	14	2	4	2	8	347.84	631.74	35.62	9.63	100	consent
5	14	2	4	2	9	387.12	631.74	9.73	9.63	100	to
5	14	2	4	2	10	400.49	631.74	31.73	9.63	100	access;
5	14	2	4	2	11	435.87	631.74	7.29	9.63	100	it
5	14	2	4	2	12	446.81	631.74	21.03	9.63	100	does
5	14	2	4	2	13	471.49	631.74	15.80	9.63	100	not
5	14	2	4	2	14	490.95	631.74	33.47	9.63	100	replace
4	14	2	4	3	0	70.866000	645.284630	453.545091	9.632735	-1	###LINE###
5	14	2	4	3	0	70.87	645.28	16.63	9.63	100	any
5	14	2	4	3	1	91.01	645.28	24.38	9.63	100	other
5	14	2	4	3	2	118.92	645.28	24.35	9.63	100	legal,
5	14	2	4	3	3	146.82	645.28	52.58	9.63	100	contractual
5	14	2	4	3	4	202.93	645.28	9.53	9.63	100	or
5	14	2	4	3	5	215.98	645.28	38.66	9.63	100	provider
5	14	2	4	3	6	258.17	645.28	58.85	9.63	100	requirement.
5	14	2	4	3	7	321.83	645.28	18.41	9.63	100	The
5	14	2	4	3	8	343.77	645.28	37.18	9.63	100	position
5	14	2	4	3	9	384.48	645.28	21.44	9.63	100	shall
5	14	2	4	3	10	409.45	645.28	10.99	9.63	100	be
5	14	2	4	3	11	423.97	645.28	51.20	9.63	100	established
5	14	2	4	3	12	478.68	645.28	8.91	9.63	100	in
5	14	2	4	3	13	491.12	645.28	33.29	9.63	100	writing
4	14	2	4	4	0	70.866000	658.834630	183.215062	9.632735	-1	###LINE###
5	14	2	4	4	0	70.87	658.83	29.12	9.63	100	before
5	14	2	4	4	1	103.62	658.83	38.82	9.63	100	Chapter
5	14	2	4	4	2	146.07	658.83	8.49	9.63	100	7,
5	14	2	4	4	3	158.20	658.83	26.73	9.63	100	phase
5	14	2	4	4	4	188.56	658.83	5.45	9.63	100	1
5	14	2	4	4	5	197.66	658.83	7.32	9.63	100	is
5	14	2	4	4	6	208.63	658.83	45.46	9.63	100	complete.
3	14	3	0	0	0	70.866000	687.385643	80.735857	10.496666	-1	###FLOW###
4	14	3	0	0	0	70.866000	687.385643	80.735857	10.496666	-1	###LINE###
5	14	3	0	0	0	70.87	687.39	80.74	10.50	100	Independence
3	14	3	1	0	0	70.866000	708.641630	453.548014	50.279735	-1	###FLOW###
4	14	3	1	0	0	70.866000	708.641630	453.542970	9.632735	-1	###LINE###
5	14	3	1	0	0	70.87	708.64	13.69	9.63	100	5.8
5	14	3	1	0	1	88.20	708.64	53.20	9.63	100	Assessment
5	14	3	1	0	2	145.04	708.64	62.80	9.63	100	independence
5	14	3	1	0	3	211.49	708.64	17.26	9.63	100	and
5	14	3	1	0	4	232.39	708.64	14.88	9.63	100	the
5	14	3	1	0	5	250.92	708.64	24.69	9.63	100	chain
5	14	3	1	0	6	279.26	708.64	8.63	9.63	100	of
5	14	3	1	0	7	291.53	708.64	45.23	9.63	100	command
5	14	3	1	0	8	340.40	708.64	14.31	9.63	100	are
5	14	3	1	0	9	358.36	708.64	8.93	9.63	100	in
5	14	3	1	0	10	370.94	708.64	36.36	9.63	100	tension.
5	14	3	1	0	11	412.17	708.64	8.03	9.63	100	A
5	14	3	1	0	12	423.85	708.64	14.91	9.63	100	red
5	14	3	1	0	13	442.40	708.64	23.21	9.63	100	team
5	14	3	1	0	14	469.27	708.64	55.14	9.63	100	subordinate
4	14	3	1	1	0	70.866000	722.190630	453.546902	9.632735	-1	###LINE###
5	14	3	1	1	0	70.87	722.19	9.89	9.63	100	to
5	14	3	1	1	1	84.86	722.19	11.74	9.63	100	an
5	14	3	1	1	2	100.71	722.19	29.09	9.63	100	officer
5	14	3	1	1	3	133.91	722.19	29.12	9.63	100	whose
5	14	3	1	1	4	167.13	722.19	47.61	9.63	100	capability
5	14	3	1	1	5	218.84	722.19	7.42	9.63	100	it
5	14	3	1	1	6	230.37	722.19	37.40	9.63	100	assesses
5	14	3	1	1	7	271.87	722.19	17.31	9.63	100	will
5	14	3	1	1	8	293.29	722.19	45.46	9.63	100	moderate
5	14	3	1	1	9	342.85	722.19	11.81	9.63	100	its
5	14	3	1	1	10	358.77	722.19	40.87	9.63	100	findings.
5	14	3	1	1	11	405.89	722.19	21.70	9.63	100	This
5	14	3	1	1	12	431.69	722.19	30.68	9.63	100	occurs
5	14	3	1	1	13	466.50	722.19	38.36	9.63	100	through
5	14	3	1	1	14	508.96	722.19	15.45	9.63	100	the
4	14	3	1	2	0	70.866000	735.739630	453.548014	9.632735	-1	###LINE###
5	14	3	1	2	0	70.87	735.74	41.17	9.63	100	ordinary
5	14	3	1	2	1	116.84	735.74	46.08	9.63	100	operation
5	14	3	1	2	2	167.74	735.74	8.96	9.63	100	of
5	14	3	1	2	3	181.51	735.74	44.90	9.63	100	hierarchy
5	14	3	1	2	4	231.21	735.74	17.93	9.63	100	and
5	14	3	1	2	5	253.95	735.74	16.07	9.63	100	not
5	14	3	1	2	6	274.84	735.74	38.36	9.63	100	through
5	14	3	1	2	7	318.00	735.74	53.00	9.63	100	dishonesty,
5	14	3	1	2	8	376.11	735.74	17.93	9.63	100	and
5	14	3	1	2	9	398.84	735.74	7.42	9.63	100	it
5	14	3	1	2	10	411.08	735.74	7.48	9.63	100	is
5	14	3	1	2	11	423.37	735.74	16.07	9.63	100	not
5	14	3	1	2	12	444.25	735.74	35.25	9.63	100	evident
5	14	3	1	2	13	484.30	735.74	9.89	9.63	100	to
5	14	3	1	2	14	499.01	735.74	25.41	9.63	100	those
4	14	3	1	3	0	70.866000	749.288630	42.125490	9.632735	-1	###LINE###
5	14	3	1	3	0	70.87	749.29	42.13	9.63	100	involved.
3	14	4	0	0	0	257.623000	793.912520	80.030500	8.015962	-1	###FLOW###
4	14	4	0	0	0	257.623000	793.912520	80.030500	8.015962	-1	###LINE###
5	14	4	0	0	0	257.62	793.91	80.03	8.02	100	UNCLASSIFIED
3	14	4	1	0	0	287.052000	808.605601	21.172571	7.037598	-1	###FLOW###
4	14	4	1	0	0	287.052000	808.605601	21.172571	7.037598	-1	###LINE###
5	14	4	1	0	0	287.05	808.61	21.17	7.04	100	14/29
1	15	0	0	0	0	287.052000	808.605601	595.276000	841.890000	-1	###PAGE###
3	15	0	0	0	0	257.623000	39.603520	80.030500	8.015962	-1	###FLOW###
4	15	0	0	0	0	257.623000	39.603520	80.030500	8.015962	-1	###LINE###
5	15	0	0	0	0	257.62	39.60	80.03	8.02	100	UNCLASSIFIED
3	15	1	0	0	0	70.866000	78.293630	453.759145	23.182735	-1	###FLOW###
4	15	1	0	0	0	70.866000	78.293630	453.759145	9.632735	-1	###LINE###
5	15	1	0	0	0	70.87	78.29	13.88	9.63	100	5.9
5	15	1	0	0	1	88.38	78.29	18.71	9.63	100	The
5	15	1	0	0	2	110.72	78.29	42.25	9.63	100	following
5	15	1	0	0	3	156.59	78.29	37.22	9.63	100	controls
5	15	1	0	0	4	197.43	78.29	14.52	9.63	100	are
5	15	1	0	0	5	215.58	78.29	51.64	9.63	100	mandatory
5	15	1	0	0	6	270.85	78.29	17.50	9.63	100	and
5	15	1	0	0	7	291.98	78.29	21.79	9.63	100	shall
5	15	1	0	0	8	317.40	78.29	11.17	9.63	100	be
5	15	1	0	0	9	332.19	78.29	40.51	9.63	100	recorded
5	15	1	0	0	10	376.32	78.29	9.05	9.63	100	in
5	15	1	0	0	11	389.01	78.29	15.09	9.63	100	the
5	15	1	0	0	12	407.73	78.29	25.86	9.63	100	Rules
5	15	1	0	0	13	437.21	78.29	8.75	9.63	100	of
5	15	1	0	0	14	449.59	78.29	58.40	9.63	100	Engagement
5	15	1	0	0	15	511.62	78.29	13.01	9.63	100	for
4	15	1	0	1	0	70.866000	91.843630	87.914255	9.632735	-1	###LINE###
5	15	1	0	1	0	70.87	91.84	25.18	9.63	100	every
5	15	1	0	1	1	99.68	91.84	59.10	9.63	100	engagement.
3	15	1	1	0	0	84.200000	112.166630	440.208488	23.182735	-1	###FLOW###
4	15	1	1	0	0	84.200000	112.166630	440.208488	9.632735	-1	###LINE###
5	15	1	1	0	0	84.20	112.17	8.49	9.63	100	a.
5	15	1	1	0	1	97.74	112.17	8.30	9.63	100	A
5	15	1	1	0	2	109.67	112.17	35.06	9.63	100	written
5	15	1	1	0	3	148.38	112.17	23.07	9.63	100	right
5	15	1	1	0	4	175.09	112.17	8.91	9.63	100	of
5	15	1	1	0	5	187.66	112.17	27.69	9.63	100	direct
5	15	1	1	0	6	218.98	112.17	29.86	9.63	100	report
5	15	1	1	0	7	252.49	112.17	9.83	9.63	100	to
5	15	1	1	0	8	265.96	112.17	15.36	9.63	100	the
5	15	1	1	0	9	284.97	112.17	50.74	9.63	100	Approving
5	15	1	1	0	10	339.34	112.17	49.52	9.63	100	Authority,
5	15	1	1	0	11	392.52	112.17	46.82	9.63	100	bypassing
5	15	1	1	0	12	442.99	112.17	17.20	9.63	100	any
5	15	1	1	0	13	463.85	112.17	60.56	9.63	100	intermediate
4	15	1	1	1	0	98.139000	125.716630	58.212049	9.632735	-1	###LINE###
5	15	1	1	1	0	98.14	125.72	58.21	9.63	100	commander.
3	15	1	2	0	0	83.594000	146.039630	440.814228	23.182735	-1	###FLOW###
4	15	1	2	0	0	83.594000	146.039630	440.814228	9.632735	-1	###LINE###
5	15	1	2	0	0	83.59	146.04	9.09	9.63	100	b.
5	15	1	2	0	1	97.75	146.04	18.56	9.63	100	The
5	15	1	2	0	2	119.93	146.04	49.43	9.63	100	Approving
5	15	1	2	0	3	172.99	146.04	46.13	9.63	100	Authority
5	15	1	2	0	4	222.74	146.04	12.90	9.63	100	for
5	15	1	2	0	5	239.27	146.04	11.38	9.63	100	an
5	15	1	2	0	6	254.28	146.04	55.39	9.63	100	engagement
5	15	1	2	0	7	313.28	146.04	21.62	9.63	100	shall
5	15	1	2	0	8	338.52	146.04	11.09	9.63	100	be
5	15	1	2	0	9	353.23	146.04	33.59	9.63	100	outside
5	15	1	2	0	10	390.45	146.04	14.97	9.63	100	the
5	15	1	2	0	11	409.05	146.04	24.85	9.63	100	chain
5	15	1	2	0	12	437.52	146.04	8.68	9.63	100	of
5	15	1	2	0	13	449.83	146.04	45.51	9.63	100	command
5	15	1	2	0	14	498.96	146.04	25.45	9.63	100	being
4	15	1	2	1	0	98.139000	159.589630	41.453489	9.632735	-1	###LINE###
5	15	1	2	1	0	98.14	159.59	41.45	9.63	100	assessed.
3	15	1	3	0	0	84.806000	179.912630	439.820577	36.731735	-1	###FLOW###
4	15	1	3	0	0	84.806000	179.912630	439.820577	9.632735	-1	###LINE###
5	15	1	3	0	0	84.81	179.91	7.88	9.63	100	c.
5	15	1	3	0	1	98.14	179.91	38.26	9.63	100	Reports
5	15	1	3	0	2	140.43	179.91	22.32	9.63	100	shall
5	15	1	3	0	3	166.78	179.91	11.43	9.63	100	be
5	15	1	3	0	4	182.25	179.91	43.30	9.63	100	delivered
5	15	1	3	0	5	229.59	179.91	9.89	9.63	100	to
5	15	1	3	0	6	243.51	179.91	15.45	9.63	100	the
5	15	1	3	0	7	263.00	179.91	51.04	9.63	100	Approving
5	15	1	3	0	8	318.07	179.91	47.65	9.63	100	Authority
5	15	1	3	0	9	369.74	179.91	17.93	9.63	100	and
5	15	1	3	0	10	391.71	179.91	9.89	9.63	100	to
5	15	1	3	0	11	405.63	179.91	15.45	9.63	100	the
5	15	1	3	0	12	425.12	179.91	39.19	9.63	100	assessed
5	15	1	3	0	13	468.34	179.91	56.29	9.63	100	commander
4	15	1	3	1	0	98.139000	193.462630	426.268082	9.632735	-1	###LINE###
5	15	1	3	1	0	98.14	193.46	71.36	9.63	100	simultaneously.
5	15	1	3	1	1	174.34	193.46	27.46	9.63	100	There
5	15	1	3	1	2	205.44	193.46	21.53	9.63	100	shall
5	15	1	3	1	3	230.59	193.46	11.04	9.63	100	be
5	15	1	3	1	4	245.25	193.46	11.33	9.63	100	no
5	15	1	3	1	5	260.20	193.46	22.72	9.63	100	prior
5	15	1	3	1	6	286.55	193.46	22.42	9.63	100	sight
5	15	1	3	1	7	312.60	193.46	17.29	9.63	100	and
5	15	1	3	1	8	333.51	193.46	11.33	9.63	100	no
5	15	1	3	1	9	348.47	193.46	55.79	9.63	100	opportunity
5	15	1	3	1	10	407.89	193.46	9.54	9.63	100	to
5	15	1	3	1	11	421.05	193.46	31.01	9.63	100	amend
5	15	1	3	1	12	455.69	193.46	36.44	9.63	100	findings
5	15	1	3	1	13	495.75	193.46	28.66	9.63	100	before
4	15	1	3	2	0	98.139000	207.011630	25.575294	9.632735	-1	###LINE###
5	15	1	3	2	0	98.14	207.01	25.58	9.63	100	issue.
3	15	1	4	0	0	83.594000	227.334630	440.814352	23.182735	-1	###FLOW###
4	15	1	4	0	0	83.594000	227.334630	440.814352	9.633735	-1	###LINE###
5	15	1	4	0	0	83.59	227.34	9.09	9.63	100	d.
5	15	1	4	0	1	98.14	227.33	37.43	9.63	100	Severity
5	15	1	4	0	2	138.38	227.33	54.64	9.63	100	assessments
5	15	1	4	0	3	195.83	227.33	19.60	9.63	100	may
5	15	1	4	0	4	218.23	227.33	11.00	9.63	100	be
5	15	1	4	0	5	232.05	227.33	42.82	9.63	100	disputed,
5	15	1	4	0	6	277.84	227.33	17.22	9.63	100	and
5	15	1	4	0	7	297.87	227.33	14.85	9.63	100	the
5	15	1	4	0	8	315.53	227.33	33.91	9.63	100	dispute
5	15	1	4	0	9	352.26	227.33	42.82	9.63	100	recorded.
5	15	1	4	0	10	399.66	227.33	24.05	9.63	100	They
5	15	1	4	0	11	426.53	227.33	21.44	9.63	100	shall
5	15	1	4	0	12	450.78	227.33	15.44	9.63	100	not
5	15	1	4	0	13	469.03	227.33	10.99	9.63	100	be
5	15	1	4	0	14	482.83	227.33	41.57	9.63	100	amended
4	15	1	4	1	0	97.746000	240.884630	73.390970	9.632735	-1	###LINE###
5	15	1	4	1	0	97.75	240.88	36.97	9.63	100	without
5	15	1	4	1	1	138.35	240.88	32.79	9.63	100	record.
3	15	1	5	0	0	84.806000	261.207630	439.604425	23.182735	-1	###FLOW###
4	15	1	5	0	0	84.806000	261.207630	439.604425	9.632735	-1	###LINE###
5	15	1	5	0	0	84.81	261.21	7.88	9.63	100	e.
5	15	1	5	0	1	97.75	261.21	18.92	9.63	100	The
5	15	1	5	0	2	120.30	261.21	24.72	9.63	100	Head
5	15	1	5	0	3	148.65	261.21	8.85	9.63	100	of
5	15	1	5	0	4	161.14	261.21	19.07	9.63	100	Red
5	15	1	5	0	5	183.85	261.21	26.56	9.63	100	Team
5	15	1	5	0	6	214.05	261.21	22.03	9.63	100	shall
5	15	1	5	0	7	239.71	261.21	15.87	9.63	100	not
5	15	1	5	0	8	259.22	261.21	11.29	9.63	100	be
5	15	1	5	0	9	274.15	261.21	45.86	9.63	100	appraised
5	15	1	5	0	10	323.65	261.21	11.59	9.63	100	by
5	15	1	5	0	11	338.88	261.21	5.49	9.63	100	a
5	15	1	5	0	12	348.00	261.21	55.57	9.63	100	commander
5	15	1	5	0	13	407.21	261.21	28.74	9.63	100	whose
5	15	1	5	0	14	439.59	261.21	47.00	9.63	100	capability
5	15	1	5	0	15	490.23	261.21	15.26	9.63	100	the
5	15	1	5	0	16	509.12	261.21	15.29	9.63	100	red
4	15	1	5	1	0	98.139000	274.757630	66.965510	9.632735	-1	###LINE###
5	15	1	5	1	0	98.14	274.76	23.64	9.63	100	team
5	15	1	5	1	1	125.41	274.76	39.70	9.63	100	assesses.
3	15	1	6	0	0	86.321000	295.080630	438.086824	23.182735	-1	###FLOW###
4	15	1	6	0	0	86.321000	295.080630	438.086824	9.632735	-1	###LINE###
5	15	1	6	0	0	86.32	295.08	6.36	9.63	100	f.
5	15	1	6	0	1	98.14	295.08	34.64	9.63	100	Refusal
5	15	1	6	0	2	136.43	295.08	8.68	9.63	100	of
5	15	1	6	0	3	148.76	295.08	35.63	9.63	100	activity
5	15	1	6	0	4	188.04	295.08	11.38	9.63	100	on
5	15	1	6	0	5	203.07	295.08	24.54	9.63	100	legal,
5	15	1	6	0	6	231.26	295.08	27.30	9.63	100	safety
5	15	1	6	0	7	262.22	295.08	9.61	9.63	100	or
5	15	1	6	0	8	275.48	295.08	31.14	9.63	100	ethical
5	15	1	6	0	9	310.26	295.08	37.21	9.63	100	grounds
5	15	1	6	0	10	351.13	295.08	7.25	9.63	100	is
5	15	1	6	0	11	362.03	295.08	44.34	9.63	100	protected
5	15	1	6	0	12	410.01	295.08	17.36	9.63	100	and
5	15	1	6	0	13	431.03	295.08	40.84	9.63	100	escalates
5	15	1	6	0	14	475.52	295.08	35.66	9.63	100	directly
5	15	1	6	0	15	514.83	295.08	9.58	9.63	100	to
4	15	1	6	1	0	98.139000	308.630630	121.272101	9.632735	-1	###LINE###
5	15	1	6	1	0	98.14	308.63	15.15	9.63	100	the
5	15	1	6	1	1	116.92	308.63	50.04	9.63	100	Approving
5	15	1	6	1	2	170.59	308.63	48.82	9.63	100	Authority.
3	15	1	7	0	0	70.866000	328.953630	453.950822	50.280735	-1	###FLOW###
4	15	1	7	0	0	70.866000	328.953630	453.539745	9.632735	-1	###LINE###
5	15	1	7	0	0	70.87	328.95	19.01	9.63	100	5.10
5	15	1	7	0	1	92.91	328.95	68.95	9.63	100	Sub-paragraph
5	15	1	7	0	2	164.90	328.95	21.38	9.63	100	5.9.c
5	15	1	7	0	3	189.32	328.95	7.19	9.63	100	is
5	15	1	7	0	4	199.54	328.95	14.85	9.63	100	the
5	15	1	7	0	5	217.41	328.95	32.40	9.63	100	control
5	15	1	7	0	6	252.85	328.95	22.63	9.63	100	most
5	15	1	7	0	7	278.51	328.95	47.81	9.63	100	commonly
5	15	1	7	0	8	329.36	328.95	34.18	9.63	100	eroded,
5	15	1	7	0	9	366.70	328.95	45.50	9.63	100	ordinarily
5	15	1	7	0	10	415.23	328.95	11.27	9.63	100	by
5	15	1	7	0	11	429.54	328.95	5.35	9.63	100	a
5	15	1	7	0	12	437.92	328.95	33.65	9.63	100	request
5	15	1	7	0	13	474.60	328.95	12.80	9.63	100	for
5	15	1	7	0	14	490.44	328.95	22.32	9.63	100	sight
5	15	1	7	0	15	515.79	328.95	8.61	9.63	100	of
4	15	1	7	1	0	70.866000	342.503630	453.548298	9.632735	-1	###LINE###
5	15	1	7	1	0	70.87	342.50	5.35	9.63	100	a
5	15	1	7	1	1	79.76	342.50	28.88	9.63	100	report
5	15	1	7	1	2	112.19	342.50	28.54	9.63	100	before
5	15	1	7	1	3	144.29	342.50	25.06	9.63	100	issue.
5	15	1	7	1	4	174.18	342.50	22.26	9.63	100	Such
5	15	1	7	1	5	200.00	342.50	5.35	9.63	100	a
5	15	1	7	1	6	208.89	342.50	33.65	9.63	100	request
5	15	1	7	1	7	246.09	342.50	21.44	9.63	100	shall
5	15	1	7	1	8	271.09	342.50	10.99	9.63	100	be
5	15	1	7	1	9	285.63	342.50	40.98	9.63	100	declined.
5	15	1	7	1	10	331.43	342.50	18.41	9.63	100	The
5	15	1	7	1	11	353.40	342.50	46.32	9.63	100	legitimate
5	15	1	7	1	12	403.28	342.50	60.09	9.63	100	requirements
5	15	1	7	1	13	466.94	342.50	7.13	9.63	100	it
5	15	1	7	1	14	477.61	342.50	46.80	9.63	100	represents
4	15	1	7	2	0	70.866000	356.052630	453.950822	9.632735	-1	###LINE###
5	15	1	7	2	0	70.87	356.05	14.87	9.63	100	are
5	15	1	7	2	1	89.58	356.05	18.53	9.63	100	met
5	15	1	7	2	2	111.97	356.05	11.75	9.63	100	by
5	15	1	7	2	3	127.57	356.05	62.86	9.63	100	simultaneous
5	15	1	7	2	4	194.29	356.05	40.24	9.63	100	delivery,
5	15	1	7	2	5	238.42	356.05	11.75	9.63	100	by
5	15	1	7	2	6	254.02	356.05	5.56	9.63	100	a
5	15	1	7	2	7	263.43	356.05	23.22	9.63	100	right
5	15	1	7	2	8	290.50	356.05	8.96	9.63	100	of
5	15	1	7	2	9	303.30	356.05	35.27	9.63	100	written
5	15	1	7	2	10	342.42	356.05	24.45	9.63	100	reply
5	15	1	7	2	11	370.71	356.05	46.67	9.63	100	appended
5	15	1	7	2	12	421.22	356.05	9.89	9.63	100	to
5	15	1	7	2	13	434.96	356.05	15.45	9.63	100	the
5	15	1	7	2	14	454.27	356.05	33.13	9.63	100	report,
5	15	1	7	2	15	491.29	356.05	17.93	9.63	100	and
5	15	1	7	2	16	513.06	356.05	11.75	9.63	100	by
4	15	1	7	3	0	70.866000	369.601630	205.307080	9.632735	-1	###LINE###
5	15	1	7	3	0	70.87	369.60	29.76	9.63	100	record
5	15	1	7	3	1	104.26	369.60	8.79	9.63	100	of
5	15	1	7	3	2	116.69	369.60	16.97	9.63	100	any
5	15	1	7	3	3	137.29	369.60	40.66	9.63	100	disputed
5	15	1	7	3	4	181.60	369.60	36.45	9.63	100	severity
5	15	1	7	3	5	221.68	369.60	54.49	9.63	100	assessment.
3	15	2	0	0	0	70.866000	398.153643	134.769774	10.496666	-1	###FLOW###
4	15	2	0	0	0	70.866000	398.153643	134.769774	10.496666	-1	###LINE###
5	15	2	0	0	0	70.87	398.15	37.30	10.50	100	Limits
5	15	2	0	0	1	112.64	398.15	10.83	10.50	100	of
5	15	2	0	0	2	127.96	398.15	77.67	10.50	100	authorisation
3	15	2	1	0	0	70.866000	419.408630	455.659754	36.731735	-1	###FLOW###
4	15	2	1	0	0	70.866000	419.408630	453.548014	9.632735	-1	###LINE###
5	15	2	1	0	0	70.87	419.41	19.78	9.63	100	5.11
5	15	2	1	0	1	95.74	419.41	44.26	9.63	100	Approval
5	15	2	1	0	2	145.10	419.41	8.96	9.63	100	of
5	15	2	1	0	3	159.16	419.41	17.99	9.63	100	this
5	15	2	1	0	4	182.25	419.41	54.40	9.63	100	publication
5	15	2	1	0	5	241.75	419.41	48.99	9.63	100	authorises
5	15	2	1	0	6	295.85	419.41	15.45	9.63	100	the
5	15	2	1	0	7	316.40	419.41	60.90	9.63	100	maintenance
5	15	2	1	0	8	382.39	419.41	8.96	9.63	100	of
5	15	2	1	0	9	396.46	419.41	5.56	9.63	100	a
5	15	2	1	0	10	407.12	419.41	41.48	9.63	100	standing
5	15	2	1	0	11	453.70	419.41	49.79	9.63	100	capability,
5	15	2	1	0	12	508.96	419.41	15.45	9.63	100	the
4	15	2	1	1	0	70.866000	432.957630	455.659754	9.632735	-1	###LINE###
5	15	2	1	1	0	70.87	432.96	54.11	9.63	100	preparation
5	15	2	1	1	1	128.59	432.96	8.61	9.63	100	of
5	15	2	1	1	2	140.81	432.96	62.12	9.63	100	engagements,
5	15	2	1	1	3	206.55	432.96	17.22	9.63	100	and
5	15	2	1	1	4	227.39	432.96	14.85	9.63	100	the
5	15	2	1	1	5	245.85	432.96	34.45	9.63	100	holding
5	15	2	1	1	6	283.91	432.96	8.61	9.63	100	of
5	15	2	1	1	7	296.15	432.96	54.93	9.63	100	engagement
5	15	2	1	1	8	354.69	432.96	20.79	9.63	100	data
5	15	2	1	1	9	379.09	432.96	26.76	9.63	100	under
5	15	2	1	1	10	409.46	432.96	14.85	9.63	100	the
5	15	2	1	1	11	427.92	432.96	36.61	9.63	100	controls
5	15	2	1	1	12	468.15	432.96	9.50	9.63	100	at
5	15	2	1	1	13	481.26	432.96	30.29	9.63	100	Annex
5	15	2	1	1	14	515.17	432.96	11.36	9.63	100	G.
4	15	2	1	2	0	70.866000	446.507630	232.672558	9.632735	-1	###LINE###
5	15	2	1	2	0	70.87	446.51	8.18	9.63	100	It
5	15	2	1	2	1	82.68	446.51	20.97	9.63	100	does
5	15	2	1	2	2	107.28	446.51	15.77	9.63	100	not
5	15	2	1	2	3	126.69	446.51	43.73	9.63	100	authorise
5	15	2	1	2	4	174.05	446.51	36.06	9.63	100	activity
5	15	2	1	2	5	213.75	446.51	34.00	9.63	100	against
5	15	2	1	2	6	251.38	446.51	16.97	9.63	100	any
5	15	2	1	2	7	271.99	446.51	31.55	9.63	100	target.
3	15	3	0	0	0	70.866000	498.906199	450.954147	12.595964	-1	###FLOW###
4	15	3	0	0	0	70.866000	498.906199	450.954147	12.595964	-1	###LINE###
5	15	3	0	0	0	70.87	498.91	81.34	12.60	100	CHAPTER
5	15	3	0	0	1	157.59	498.91	8.07	12.60	100	6
5	15	3	0	0	2	171.04	498.91	16.14	12.60	100	—
5	15	3	0	0	3	192.56	498.91	129.00	12.60	100	ORGANISATION
5	15	3	0	0	4	326.94	498.91	37.18	12.60	100	AND
5	15	3	0	0	5	369.49	498.91	152.33	12.60	100	RESPONSIBILITIES
3	15	3	1	0	0	70.866000	525.292643	83.244058	10.496666	-1	###FLOW###
4	15	3	1	0	0	70.866000	525.292643	83.244058	10.496666	-1	###LINE###
5	15	3	1	0	0	70.87	525.29	83.24	10.50	100	Appointments
3	15	3	2	0	0	70.866000	546.547630	453.545658	23.182735	-1	###FLOW###
4	15	3	2	0	0	70.866000	546.547630	453.545658	9.632735	-1	###LINE###
5	15	3	2	0	0	70.87	546.55	13.72	9.63	100	6.1
5	15	3	2	0	1	88.21	546.55	19.08	9.63	100	One
5	15	3	2	0	2	110.92	546.55	40.01	9.63	100	standing
5	15	3	2	0	3	154.57	546.55	59.33	9.63	100	appointment
5	15	3	2	0	4	217.53	546.55	17.30	9.63	100	and
5	15	3	2	0	5	238.46	546.55	16.09	9.63	100	five
5	15	3	2	0	6	258.19	546.55	55.15	9.63	100	engagement
5	15	3	2	0	7	316.97	546.55	63.57	9.63	100	appointments
5	15	3	2	0	8	384.16	546.55	30.74	9.63	100	govern
5	15	3	2	0	9	418.53	546.55	14.94	9.63	100	red
5	15	3	2	0	10	437.10	546.55	23.26	9.63	100	team
5	15	3	2	0	11	463.98	546.55	37.55	9.63	100	activity.
5	15	3	2	0	12	506.39	546.55	18.02	9.63	100	Full
4	15	3	2	1	0	70.866000	560.097630	151.151035	9.632735	-1	###LINE###
5	15	3	2	1	0	70.87	560.10	70.21	9.63	100	responsibilities
5	15	3	2	1	1	144.71	560.10	14.58	9.63	100	are
5	15	3	2	1	2	162.92	560.10	9.70	9.63	100	at
5	15	3	2	1	3	176.26	560.10	30.91	9.63	100	Annex
5	15	3	2	1	4	210.80	560.10	11.21	9.63	100	A.
3	15	3	3	0	0	70.462000	588.526630	63.026234	9.632735	-1	###FLOW###
4	15	3	3	0	0	70.462000	588.526630	63.026234	9.632735	-1	###LINE###
5	15	3	3	0	0	70.46	588.53	63.03	9.63	100	Appointment
3	15	4	0	0	0	164.453000	588.526630	73.027697	9.632735	-1	###FLOW###
4	15	4	0	0	0	164.453000	588.526630	73.027697	9.632735	-1	###LINE###
5	15	4	0	0	0	164.45	588.53	56.33	9.63	100	Responsible
5	15	4	0	0	1	224.42	588.53	13.06	9.63	100	for
3	15	5	0	0	0	374.042000	588.526630	57.883685	9.632735	-1	###FLOW###
4	15	5	0	0	0	374.042000	588.526630	57.883685	9.632735	-1	###LINE###
5	15	5	0	0	0	374.04	588.53	23.64	9.63	100	Shall
5	15	5	0	0	1	401.31	588.53	15.76	9.63	100	not
5	15	5	0	0	2	420.71	588.53	11.21	9.63	100	be
3	15	6	0	0	0	70.473000	608.903630	79.149884	23.181735	-1	###FLOW###
4	15	6	0	0	0	70.866000	608.903630	59.548413	9.632735	-1	###LINE###
5	15	6	0	0	0	70.87	608.90	24.55	9.63	100	Head
5	15	6	0	0	1	99.04	608.90	8.79	9.63	100	of
5	15	6	0	0	2	111.48	608.90	18.94	9.63	100	Red
4	15	6	0	1	0	70.473000	622.452630	79.149884	9.632735	-1	###LINE###
5	15	6	0	1	0	70.47	622.45	26.37	9.63	100	Team
5	15	6	0	1	1	100.47	622.45	49.15	9.63	100	(standing)
3	15	7	0	0	0	164.049000	608.903630	198.035383	164.093735	-1	###FLOW###
4	15	7	0	0	0	164.453000	608.903630	164.941228	9.632735	-1	###LINE###
5	15	7	0	0	0	164.45	608.90	18.79	9.63	100	The
5	15	7	0	0	1	186.87	608.90	49.70	9.63	100	capability:
5	15	7	0	0	2	241.42	608.90	48.27	9.63	100	personnel,
5	15	7	0	0	3	293.33	608.90	36.06	9.63	100	tooling,
4	15	7	0	1	0	164.453000	622.452630	180.581605	9.632735	-1	###LINE###
5	15	7	0	1	0	164.45	622.45	49.24	9.63	100	standards,
5	15	7	0	1	1	217.33	622.45	15.16	9.63	100	the
5	15	7	0	1	2	236.12	622.45	40.36	9.63	100	annexes,
5	15	7	0	1	3	280.12	622.45	17.57	9.63	100	and
5	15	7	0	1	4	301.34	622.45	43.70	9.63	100	quarterly
4	15	7	0	2	0	164.453000	636.001630	110.055364	9.632735	-1	###LINE###
5	15	7	0	2	0	164.45	636.00	44.00	9.63	100	reporting
5	15	7	0	2	1	212.09	636.00	9.70	9.63	100	to
5	15	7	0	2	2	225.42	636.00	49.09	9.63	100	command.
4	15	7	0	3	0	164.453000	650.905630	197.631383	9.632735	-1	###LINE###
5	15	7	0	3	0	164.45	650.91	53.83	9.63	100	Acceptance
5	15	7	0	3	1	221.91	650.91	8.77	9.63	100	of
5	15	7	0	3	2	234.30	650.91	53.56	9.63	100	operational
5	15	7	0	3	3	291.49	650.91	20.35	9.63	100	risk.
5	15	7	0	3	4	316.69	650.91	45.39	9.63	100	Signature
4	15	7	0	4	0	164.453000	664.455630	169.123777	9.632735	-1	###LINE###
5	15	7	0	4	0	164.45	664.46	9.73	9.63	100	or
5	15	7	0	4	1	177.81	664.46	79.22	9.63	100	countersignature
5	15	7	0	4	2	260.67	664.46	8.79	9.63	100	of
5	15	7	0	4	3	273.09	664.46	15.15	9.63	100	the
5	15	7	0	4	4	291.88	664.46	29.26	9.63	100	Letter
5	15	7	0	4	5	324.79	664.46	8.79	9.63	100	of
4	15	7	0	5	0	164.049000	678.004630	68.572421	9.632735	-1	###LINE###
5	15	7	0	5	0	164.05	678.00	68.57	9.63	100	Authorisation.
4	15	7	0	6	0	164.453000	692.908630	196.813255	9.632735	-1	###LINE###
5	15	7	0	6	0	164.45	692.91	36.09	9.63	100	Control
5	15	7	0	6	1	204.19	692.91	8.79	9.63	100	of
5	15	7	0	6	2	216.61	692.91	15.15	9.63	100	the
5	15	7	0	6	3	235.39	692.91	56.06	9.63	100	engagement
5	15	7	0	6	4	295.09	692.91	17.57	9.63	100	and
5	15	7	0	6	5	316.30	692.91	11.58	9.63	100	its
5	15	7	0	6	6	331.52	692.91	29.75	9.63	100	safety.
4	15	7	0	7	0	164.453000	706.457630	192.395069	9.632735	-1	###LINE###
5	15	7	0	7	0	164.45	706.46	27.03	9.63	100	Holds
5	15	7	0	7	1	195.12	706.46	45.49	9.63	100	unilateral
5	15	7	0	7	2	244.24	706.46	44.27	9.63	100	authority
5	15	7	0	7	3	292.15	706.46	9.70	9.63	100	to
5	15	7	0	7	4	305.49	706.46	38.00	9.63	100	suspend
5	15	7	0	7	5	347.12	706.46	9.73	9.63	100	or
4	15	7	0	8	0	164.453000	720.006630	49.122586	9.632735	-1	###LINE###
5	15	7	0	8	0	164.45	720.01	49.12	9.63	100	terminate.
4	15	7	0	9	0	164.456260	734.911630	184.364881	9.632735	-1	###LINE###
5	15	7	0	9	0	164.46	734.91	40.60	9.63	100	Conduct
5	15	7	0	9	1	208.69	734.91	8.79	9.63	100	of
5	15	7	0	9	2	221.11	734.91	16.37	9.63	100	one
5	15	7	0	9	3	241.12	734.91	59.09	9.63	100	engagement,
5	15	7	0	9	4	303.84	734.91	11.58	9.63	100	its
5	15	7	0	9	5	319.06	734.91	29.76	9.63	100	safety,
4	15	7	0	10	0	164.453000	748.460630	145.299394	9.632735	-1	###LINE###
5	15	7	0	10	0	164.45	748.46	17.57	9.63	100	and
5	15	7	0	10	1	185.66	748.46	15.15	9.63	100	the
5	15	7	0	10	2	204.46	748.46	41.55	9.63	100	accuracy
5	15	7	0	10	3	249.64	748.46	8.79	9.63	100	of
5	15	7	0	10	4	262.06	748.46	11.58	9.63	100	its
5	15	7	0	10	5	277.27	748.46	32.48	9.63	100	report.
4	15	7	0	11	0	164.453000	763.364630	144.124484	9.632735	-1	###LINE###
5	15	7	0	11	0	164.45	763.36	22.42	9.63	100	Own
5	15	7	0	11	1	190.51	763.36	33.39	9.63	100	actions
5	15	7	0	11	2	227.55	763.36	17.57	9.63	100	and
5	15	7	0	11	3	248.75	763.36	19.09	9.63	100	own
5	15	7	0	11	4	271.49	763.36	37.09	9.63	100	records.
3	15	8	0	0	0	373.649000	608.903630	148.065123	65.184735	-1	###FLOW###
4	15	8	0	0	0	374.042000	608.903630	131.329200	9.632735	-1	###LINE###
5	15	8	0	0	0	374.04	608.90	48.27	9.63	100	Appraised
5	15	8	0	0	1	425.95	608.90	11.52	9.63	100	by
5	15	8	0	0	2	441.10	608.90	5.45	9.63	100	a
5	15	8	0	0	3	450.19	608.90	55.18	9.63	100	commander
4	15	8	0	1	0	373.649000	622.452630	143.721938	9.632735	-1	###LINE###
5	15	8	0	1	0	373.65	622.45	28.54	9.63	100	whose
5	15	8	0	1	1	405.83	622.45	46.68	9.63	100	capability
5	15	8	0	1	2	456.13	622.45	15.15	9.63	100	the
5	15	8	0	1	3	474.92	622.45	15.18	9.63	100	red
5	15	8	0	1	4	493.75	622.45	23.63	9.63	100	team
4	15	8	0	2	0	374.042000	636.001630	36.665485	9.632735	-1	###LINE###
5	15	8	0	2	0	374.04	636.00	36.67	9.63	100	assesses
4	15	8	0	3	0	374.042000	650.905630	147.672123	9.632735	-1	###LINE###
5	15	8	0	3	0	374.04	650.91	14.24	9.63	100	An
5	15	8	0	3	1	391.92	650.91	28.52	9.63	100	officer
5	15	8	0	3	2	424.08	650.91	28.54	9.63	100	whose
5	15	8	0	3	3	456.25	650.91	46.66	9.63	100	capability
5	15	8	0	3	4	506.55	650.91	15.16	9.63	100	the
4	15	8	0	4	0	374.042000	664.455630	96.367717	9.632735	-1	###LINE###
5	15	8	0	4	0	374.04	664.46	56.06	9.63	100	engagement
5	15	8	0	4	1	433.73	664.46	36.68	9.63	100	assesses
3	15	9	0	0	0	70.462000	650.905630	50.430951	23.182735	-1	###FLOW###
4	15	9	0	0	0	70.866000	650.905630	50.026951	9.632735	-1	###LINE###
5	15	9	0	0	0	70.87	650.91	50.03	9.63	100	Approving
4	15	9	0	1	0	70.462000	664.455630	46.702948	9.632735	-1	###LINE###
5	15	9	0	1	0	70.46	664.46	46.70	9.63	100	Authority
3	15	9	1	0	0	69.590000	692.908630	77.029881	51.635735	-1	###FLOW###
4	15	9	1	0	0	70.866000	692.908630	68.875694	9.632735	-1	###LINE###
5	15	9	1	0	0	70.87	692.91	36.76	9.63	100	Trusted
5	15	9	1	0	1	111.26	692.91	28.48	9.63	100	Agent
4	15	9	1	1	0	69.590000	706.457630	70.330968	9.632735	-1	###LINE###
5	15	9	1	1	0	69.59	706.46	40.33	9.63	100	(Control
5	15	9	1	1	1	113.56	706.46	26.36	9.63	100	Team
4	15	9	1	2	0	70.866000	720.006630	27.424386	9.632735	-1	###LINE###
5	15	9	1	2	0	70.87	720.01	27.42	9.63	100	Lead)
4	15	9	1	3	0	70.866000	734.911630	75.753881	9.632735	-1	###LINE###
5	15	9	1	3	0	70.87	734.91	18.94	9.63	100	Red
5	15	9	1	3	1	93.44	734.91	26.37	9.63	100	Team
5	15	9	1	3	2	123.44	734.91	23.18	9.63	100	Lead
3	15	9	2	0	0	70.866000	763.364630	43.397491	9.632735	-1	###FLOW###
4	15	9	2	0	0	70.866000	763.364630	43.397491	9.632735	-1	###LINE###
5	15	9	2	0	0	70.87	763.36	43.40	9.63	100	Operator
3	15	10	0	0	0	257.623000	793.912520	80.030500	8.015962	-1	###FLOW###
4	15	10	0	0	0	257.623000	793.912520	80.030500	8.015962	-1	###LINE###
5	15	10	0	0	0	257.62	793.91	80.03	8.02	100	UNCLASSIFIED
3	15	10	1	0	0	287.052000	808.605601	21.172571	7.037598	-1	###FLOW###
4	15	10	1	0	0	287.052000	808.605601	21.172571	7.037598	-1	###LINE###
5	15	10	1	0	0	287.05	808.61	21.17	7.04	100	15/29
3	15	11	0	0	0	374.042000	692.908630	143.728483	51.635735	-1	###FLOW###
4	15	11	0	0	0	374.042000	692.908630	143.728483	9.632735	-1	###LINE###
5	15	11	0	0	0	374.04	692.91	8.18	9.63	100	A
5	15	11	0	0	1	385.86	692.91	38.21	9.63	100	member
5	15	11	0	0	2	427.71	692.91	8.79	9.63	100	of
5	15	11	0	0	3	440.13	692.91	15.15	9.63	100	the
5	15	11	0	0	4	458.92	692.91	15.18	9.63	100	red
5	15	11	0	0	5	477.74	692.91	26.67	9.63	100	team,
5	15	11	0	0	6	508.04	692.91	9.73	9.63	100	or
4	15	11	0	1	0	374.042000	706.457630	143.702302	9.632735	-1	###LINE###
5	15	11	0	1	0	374.04	706.46	8.79	9.63	100	of
5	15	11	0	1	1	386.46	706.46	15.15	9.63	100	the
5	15	11	0	1	2	405.26	706.46	42.79	9.63	100	defensive
5	15	11	0	1	3	451.68	706.46	36.67	9.63	100	element
5	15	11	0	1	4	491.98	706.46	25.76	9.63	100	being
4	15	11	0	2	0	374.042000	720.006630	38.422941	9.632735	-1	###LINE###
5	15	11	0	2	0	374.04	720.01	38.42	9.63	100	assessed
4	15	11	0	3	0	374.042000	734.911630	91.306985	9.632735	-1	###LINE###
5	15	11	0	3	0	374.04	734.91	18.79	9.63	100	The
5	15	11	0	3	1	396.46	734.91	36.76	9.63	100	Trusted
5	15	11	0	3	2	436.86	734.91	28.49	9.63	100	Agent
3	15	11	1	0	0	374.042000	763.364630	69.390603	9.632735	-1	###FLOW###
4	15	11	1	0	0	374.042000	763.364630	69.390603	9.632735	-1	###LINE###
5	15	11	1	0	0	374.04	763.36	17.88	9.63	100	Not
5	15	11	1	0	1	395.55	763.36	47.88	9.63	100	applicable
1	16	0	0	0	0	395.553654	763.364630	595.276000	841.890000	-1	###PAGE###
3	16	0	0	0	0	257.623000	39.603520	80.030500	8.015962	-1	###FLOW###
4	16	0	0	0	0	257.623000	39.603520	80.030500	8.015962	-1	###LINE###
5	16	0	0	0	0	257.62	39.60	80.03	8.02	100	UNCLASSIFIED
3	16	1	0	0	0	70.462000	81.687630	63.026234	9.632735	-1	###FLOW###
4	16	1	0	0	0	70.462000	81.687630	63.026234	9.632735	-1	###LINE###
5	16	1	0	0	0	70.46	81.69	63.03	9.63	100	Appointment
3	16	2	0	0	0	164.453000	81.687630	73.027697	9.632735	-1	###FLOW###
4	16	2	0	0	0	164.453000	81.687630	73.027697	9.632735	-1	###LINE###
5	16	2	0	0	0	164.45	81.69	56.33	9.63	100	Responsible
5	16	2	0	0	1	224.42	81.69	13.06	9.63	100	for
3	16	3	0	0	0	374.042000	81.687630	57.883685	9.632735	-1	###FLOW###
4	16	3	0	0	0	374.042000	81.687630	57.883685	9.632735	-1	###LINE###
5	16	3	0	0	0	374.04	81.69	23.64	9.63	100	Shall
5	16	3	0	0	1	401.31	81.69	15.76	9.63	100	not
5	16	3	0	0	2	420.71	81.69	11.21	9.63	100	be
3	16	4	0	0	0	70.866000	102.064630	45.058947	23.182735	-1	###FLOW###
4	16	4	0	0	0	70.866000	102.064630	45.058947	9.632735	-1	###LINE###
5	16	4	0	0	0	70.87	102.06	45.06	9.63	100	Defensive
4	16	4	0	1	0	70.866000	115.614630	36.665485	9.632735	-1	###LINE###
5	16	4	0	1	0	70.87	115.61	36.67	9.63	100	element
3	16	5	0	0	0	164.453000	102.064630	170.117596	9.632735	-1	###FLOW###
4	16	5	0	0	0	164.453000	102.064630	170.117596	9.632735	-1	###LINE###
5	16	5	0	0	0	164.45	102.06	35.49	9.63	100	Normal
5	16	5	0	0	1	203.57	102.06	34.85	9.63	100	defence
5	16	5	0	0	2	242.06	102.06	8.79	9.63	100	of
5	16	5	0	0	3	254.48	102.06	15.15	9.63	100	the
5	16	5	0	0	4	273.27	102.06	61.30	9.63	100	organisation.
3	16	6	0	0	0	374.039720	102.064630	122.152465	23.182735	-1	###FLOW###
4	16	6	0	0	0	374.039720	102.064630	122.152465	9.632735	-1	###LINE###
5	16	6	0	0	0	374.04	102.06	43.06	9.63	100	Informed
5	16	6	0	0	1	420.74	102.06	9.09	9.63	100	in
5	16	6	0	0	2	433.47	102.06	40.90	9.63	100	advance,
5	16	6	0	0	3	478.01	102.06	9.09	9.63	100	in
5	16	6	0	0	4	490.74	102.06	5.45	9.63	100	a
4	16	6	0	1	0	374.042000	115.614630	88.517528	9.632735	-1	###LINE###
5	16	6	0	1	0	374.04	115.61	28.82	9.63	100	covert
5	16	6	0	1	1	406.50	115.61	56.06	9.63	100	engagement
3	16	7	0	0	0	70.473000	155.110630	453.941724	36.730735	-1	###FLOW###
4	16	7	0	0	0	70.473000	155.110630	453.941724	9.632735	-1	###LINE###
5	16	7	0	0	0	70.47	155.11	18.41	9.63	100	The
5	16	7	0	0	1	91.77	155.11	24.05	9.63	100	Head
5	16	7	0	0	2	118.71	155.11	8.61	9.63	100	of
5	16	7	0	0	3	130.21	155.11	18.56	9.63	100	Red
5	16	7	0	0	4	151.65	155.11	25.82	9.63	100	Team
5	16	7	0	0	5	180.35	155.11	19.60	9.63	100	may
5	16	7	0	0	6	202.84	155.11	14.26	9.63	100	act
5	16	7	0	0	7	219.98	155.11	9.56	9.63	100	as
5	16	7	0	0	8	232.42	155.11	18.56	9.63	100	Red
5	16	7	0	0	9	253.86	155.11	25.82	9.63	100	Team
5	16	7	0	0	10	282.57	155.11	22.72	9.63	100	Lead
5	16	7	0	0	11	308.17	155.11	11.28	9.63	100	on
5	16	7	0	0	12	322.34	155.11	5.35	9.63	100	a
5	16	7	0	0	13	330.58	155.11	24.34	9.63	100	given
5	16	7	0	0	14	357.80	155.11	57.91	9.63	100	engagement.
5	16	7	0	0	15	420.31	155.11	18.41	9.63	100	The
5	16	7	0	0	16	441.60	155.11	16.61	9.63	100	two
5	16	7	0	0	17	461.11	155.11	63.31	9.63	100	appointments
4	16	7	0	1	0	70.866000	168.659630	453.543563	9.632735	-1	###LINE###
5	16	7	0	1	0	70.87	168.66	14.87	9.63	100	are
5	16	7	0	1	1	89.91	168.66	39.63	9.63	100	distinct:
5	16	7	0	1	2	135.45	168.66	15.45	9.63	100	the
5	16	7	0	1	3	155.08	168.66	19.27	9.63	100	first
5	16	7	0	1	4	178.52	168.66	7.48	9.63	100	is
5	16	7	0	1	5	190.17	168.66	51.96	9.63	100	permanent
5	16	7	0	1	6	246.30	168.66	17.93	9.63	100	and
5	16	7	0	1	7	268.40	168.66	23.87	9.63	100	owns
5	16	7	0	1	8	296.44	168.66	15.45	9.63	100	the
5	16	7	0	1	9	316.07	168.66	49.79	9.63	100	capability,
5	16	7	0	1	10	370.16	168.66	15.45	9.63	100	the
5	16	7	0	1	11	389.79	168.66	32.21	9.63	100	second
5	16	7	0	1	12	426.18	168.66	7.48	9.63	100	is
5	16	7	0	1	13	437.83	168.66	48.22	9.63	100	appointed
5	16	7	0	1	14	490.22	168.66	13.32	9.63	100	for
5	16	7	0	1	15	507.72	168.66	16.69	9.63	100	one
4	16	7	0	2	0	70.866000	182.208630	163.757591	9.632735	-1	###LINE###
5	16	7	0	2	0	70.87	182.21	56.06	9.63	100	engagement
5	16	7	0	2	1	130.57	182.21	17.57	9.63	100	and
5	16	7	0	2	2	151.78	182.21	23.39	9.63	100	owns
5	16	7	0	2	3	178.81	182.21	11.58	9.63	100	its
5	16	7	0	2	4	194.02	182.21	40.61	9.63	100	conduct.
3	16	7	1	0	0	70.866000	202.532630	453.546160	36.730735	-1	###FLOW###
4	16	7	1	0	0	70.866000	202.532630	453.543747	9.632735	-1	###LINE###
5	16	7	1	0	0	70.87	202.53	13.76	9.63	100	6.2
5	16	7	1	0	1	88.26	202.53	18.54	9.63	100	The
5	16	7	1	0	2	110.45	202.53	18.63	9.63	100	first
5	16	7	1	0	3	132.72	202.53	21.53	9.63	100	duty
5	16	7	1	0	4	157.89	202.53	8.67	9.63	100	of
5	16	7	1	0	5	170.20	202.53	14.95	9.63	100	the
5	16	7	1	0	6	188.80	202.53	36.26	9.63	100	Trusted
5	16	7	1	0	7	228.70	202.53	28.11	9.63	100	Agent
5	16	7	1	0	8	260.45	202.53	7.24	9.63	100	is
5	16	7	1	0	9	271.32	202.53	14.95	9.63	100	the
5	16	7	1	0	10	289.92	202.53	49.38	9.63	100	prevention
5	16	7	1	0	11	342.93	202.53	8.67	9.63	100	of
5	16	7	1	0	12	355.25	202.53	51.58	9.63	100	irreversible
5	16	7	1	0	13	410.47	202.53	27.55	9.63	100	harm.
5	16	7	1	0	14	442.87	202.53	23.33	9.63	100	That
5	16	7	1	0	15	469.84	202.53	43.69	9.63	100	authority
5	16	7	1	0	16	517.17	202.53	7.24	9.63	100	is
4	16	7	1	1	0	70.866000	216.081630	453.546160	9.632735	-1	###LINE###
5	16	7	1	1	0	70.87	216.08	47.55	9.63	100	unilateral,
5	16	7	1	1	1	122.05	216.08	36.65	9.63	100	requires
5	16	7	1	1	2	162.33	216.08	11.28	9.63	100	no
5	16	7	1	1	3	177.25	216.08	57.97	9.63	100	justification,
5	16	7	1	1	4	238.85	216.08	17.22	9.63	100	and
5	16	7	1	1	5	259.71	216.08	7.19	9.63	100	is
5	16	7	1	1	6	270.53	216.08	41.96	9.63	100	exercised
5	16	7	1	1	7	316.13	216.08	36.23	9.63	100	without
5	16	7	1	1	8	355.99	216.08	30.89	9.63	100	notice.
5	16	7	1	1	9	391.72	216.08	13.36	9.63	100	No
5	16	7	1	1	10	408.72	216.08	30.69	9.63	100	person
5	16	7	1	1	11	443.04	216.08	21.44	9.63	100	shall
5	16	7	1	1	12	468.12	216.08	10.99	9.63	100	be
5	16	7	1	1	13	482.75	216.08	41.67	9.63	100	criticised
4	16	7	1	2	0	70.866000	229.630630	260.756945	9.632735	-1	###LINE###
5	16	7	1	2	0	70.87	229.63	13.06	9.63	100	for
5	16	7	1	2	1	87.56	229.63	5.45	9.63	100	a
5	16	7	1	2	2	96.66	229.63	50.79	9.63	100	suspension
5	16	7	1	2	3	151.08	229.63	20.00	9.63	100	that
5	16	7	1	2	4	174.71	229.63	30.10	9.63	100	proves
5	16	7	1	2	5	208.44	229.63	9.70	9.63	100	to
5	16	7	1	2	6	221.78	229.63	21.51	9.63	100	have
5	16	7	1	2	7	246.92	229.63	22.12	9.63	100	been
5	16	7	1	2	8	272.68	229.63	58.94	9.63	100	unnecessary.
3	16	8	0	0	0	70.866000	258.182643	108.504200	10.496666	-1	###FLOW###
4	16	8	0	0	0	70.866000	258.182643	108.504200	10.496666	-1	###LINE###
5	16	8	0	0	0	70.87	258.18	49.40	10.50	100	Decision
5	16	8	0	0	1	124.74	258.18	54.63	10.50	100	authority
3	16	8	1	0	0	70.866000	279.438630	297.305702	9.632735	-1	###FLOW###
4	16	8	1	0	0	70.866000	279.438630	297.305702	9.632735	-1	###LINE###
5	16	8	1	0	0	70.87	279.44	13.94	9.63	100	6.3
5	16	8	1	0	1	88.44	279.44	18.79	9.63	100	The
5	16	8	1	0	2	110.87	279.44	42.42	9.63	100	following
5	16	8	1	0	3	156.92	279.44	41.94	9.63	100	decisions
5	16	8	1	0	4	202.51	279.44	17.67	9.63	100	rest
5	16	8	1	0	5	223.81	279.44	21.21	9.63	100	with
5	16	8	1	0	6	248.65	279.44	15.15	9.63	100	the
5	16	8	1	0	7	267.45	279.44	64.60	9.63	100	appointments
5	16	8	1	0	8	335.68	279.44	32.49	9.63	100	shown.
3	16	8	2	0	0	70.866000	307.867630	39.909851	9.632735	-1	###FLOW###
4	16	8	2	0	0	70.866000	307.867630	39.909851	9.632735	-1	###LINE###
5	16	8	2	0	0	70.87	307.87	39.91	9.63	100	Decision
3	16	9	0	0	0	382.694000	307.867630	63.026234	9.632735	-1	###FLOW###
4	16	9	0	0	0	382.694000	307.867630	63.026234	9.632735	-1	###LINE###
5	16	9	0	0	0	382.69	307.87	63.03	9.63	100	Appointment
3	16	10	0	0	0	70.866000	328.244630	161.031407	24.536735	-1	###FLOW###
4	16	10	0	0	0	70.866000	328.244630	161.031407	9.632735	-1	###LINE###
5	16	10	0	0	0	70.87	328.24	41.55	9.63	100	Whether
5	16	10	0	0	1	116.04	328.24	11.51	9.63	100	an
5	16	10	0	0	2	131.20	328.24	56.06	9.63	100	engagement
5	16	10	0	0	3	190.89	328.24	41.00	9.63	100	proceeds
4	16	10	0	1	0	70.866000	343.148630	100.430266	9.632735	-1	###LINE###
5	16	10	0	1	0	70.87	343.15	49.76	9.63	100	Objectives
5	16	10	0	1	1	124.26	343.15	17.57	9.63	100	and
5	16	10	0	1	2	145.48	343.15	25.82	9.63	100	scope
3	16	11	0	0	0	382.694000	328.244630	136.832738	94.992735	-1	###FLOW###
4	16	11	0	0	0	383.098000	328.244630	100.362629	9.632735	-1	###LINE###
5	16	11	0	0	0	383.10	328.24	50.03	9.63	100	Approving
5	16	11	0	0	1	436.77	328.24	46.69	9.63	100	Authority
4	16	11	0	1	0	383.096442	343.148630	136.430296	9.632735	-1	###LINE###
5	16	11	0	1	0	383.10	343.15	50.03	9.63	100	Approving
5	16	11	0	1	1	436.77	343.15	48.82	9.63	100	Authority,
5	16	11	0	1	2	489.22	343.15	11.51	9.63	100	on
5	16	11	0	1	3	504.38	343.15	15.15	9.63	100	the
4	16	11	0	2	0	383.098000	356.697630	133.724839	9.632735	-1	###LINE###
5	16	11	0	2	0	383.10	356.70	30.00	9.63	100	advice
5	16	11	0	2	1	416.73	356.70	8.79	9.63	100	of
5	16	11	0	2	2	429.16	356.70	15.15	9.63	100	the
5	16	11	0	2	3	447.95	356.70	36.76	9.63	100	Trusted
5	16	11	0	2	4	488.34	356.70	28.48	9.63	100	Agent
4	16	11	0	3	0	383.098000	371.601630	104.031359	9.632735	-1	###LINE###
5	16	11	0	3	0	383.10	371.60	34.30	9.63	100	System
5	16	11	0	3	1	421.03	371.60	47.31	9.63	100	authority;
5	16	11	0	3	2	471.98	371.60	15.15	9.63	100	the
4	16	11	0	4	0	382.694000	385.151630	100.362629	9.632735	-1	###LINE###
5	16	11	0	4	0	382.69	385.15	50.03	9.63	100	Approving
5	16	11	0	4	1	436.36	385.15	46.69	9.63	100	Authority
4	16	11	0	5	0	383.098000	398.700630	133.241566	9.632735	-1	###LINE###
5	16	11	0	5	0	383.10	398.70	58.63	9.63	100	countersigns
5	16	11	0	5	1	445.37	398.70	27.91	9.63	100	where
5	16	11	0	5	2	476.92	398.70	39.42	9.63	100	different
4	16	11	0	6	0	383.098000	413.604630	100.362629	9.632735	-1	###LINE###
5	16	11	0	6	0	383.10	413.60	50.03	9.63	100	Approving
5	16	11	0	6	1	436.77	413.60	46.69	9.63	100	Authority
3	16	12	0	0	0	70.866000	371.601630	298.428249	9.632735	-1	###FLOW###
4	16	12	0	0	0	70.866000	371.601630	298.428249	9.632735	-1	###LINE###
5	16	12	0	0	0	70.87	371.60	38.54	9.63	100	Consent
5	16	12	0	0	1	113.05	371.60	9.70	9.63	100	to
5	16	12	0	0	2	126.38	371.60	28.61	9.63	100	access
5	16	12	0	0	3	158.62	371.60	17.57	9.63	100	and
5	16	12	0	0	4	179.84	371.60	43.73	9.63	100	signature
5	16	12	0	0	5	227.20	371.60	8.79	9.63	100	of
5	16	12	0	0	6	239.62	371.60	15.16	9.63	100	the
5	16	12	0	0	7	258.41	371.60	29.27	9.63	100	Letter
5	16	12	0	0	8	291.32	371.60	8.79	9.63	100	of
5	16	12	0	0	9	303.74	371.60	65.55	9.63	100	Authorisation
3	16	13	0	0	0	70.866000	413.604630	300.272935	111.251735	-1	###FLOW###
4	16	13	0	0	0	70.866000	413.604630	282.245690	9.632735	-1	###LINE###
5	16	13	0	0	0	70.87	413.60	47.18	9.63	100	Extension
5	16	13	0	0	1	121.68	413.60	8.79	9.63	100	of
5	16	13	0	0	2	134.11	413.60	28.85	9.63	100	scope,
5	16	13	0	0	3	166.59	413.60	9.73	9.63	100	or
5	16	13	0	0	4	179.95	413.60	63.12	9.63	100	authorisation
5	16	13	0	0	5	246.72	413.60	8.79	9.63	100	of
5	16	13	0	0	6	259.14	413.60	5.45	9.63	100	a
5	16	13	0	0	7	268.23	413.60	49.12	9.63	100	prohibited
5	16	13	0	0	8	320.99	413.60	32.12	9.63	100	action,
4	16	13	0	1	0	70.866000	427.153630	105.787725	9.632735	-1	###LINE###
5	16	13	0	1	0	70.87	427.15	30.94	9.63	100	during
5	16	13	0	1	1	105.44	427.15	11.51	9.63	100	an
5	16	13	0	1	2	120.60	427.15	56.06	9.63	100	engagement
4	16	13	0	2	0	70.866000	442.057630	300.272935	9.632735	-1	###LINE###
5	16	13	0	2	0	70.87	442.06	67.66	9.63	100	Determination
5	16	13	0	2	1	142.15	442.06	37.49	9.63	100	whether
5	16	13	0	2	2	183.28	442.06	40.51	9.63	100	observed
5	16	13	0	2	3	227.42	442.06	35.37	9.63	100	activity
5	16	13	0	2	4	266.43	442.06	7.19	9.63	100	is
5	16	13	0	2	5	277.25	442.06	14.89	9.63	100	red
5	16	13	0	2	6	295.78	442.06	23.19	9.63	100	team
5	16	13	0	2	7	322.60	442.06	9.54	9.63	100	or
5	16	13	0	2	8	335.78	442.06	35.36	9.63	100	genuine
4	16	13	0	3	0	70.866000	456.962630	216.243453	9.632735	-1	###LINE###
5	16	13	0	3	0	70.87	456.96	52.54	9.63	100	Suspension
5	16	13	0	3	1	127.04	456.96	9.73	9.63	100	or
5	16	13	0	3	2	140.41	456.96	55.79	9.63	100	termination
5	16	13	0	3	3	199.84	456.96	8.79	9.63	100	of
5	16	13	0	3	4	212.26	456.96	15.15	9.63	100	the
5	16	13	0	3	5	231.05	456.96	56.06	9.63	100	engagement
4	16	13	0	4	0	70.866000	471.866630	142.847028	9.632735	-1	###LINE###
5	16	13	0	4	0	70.87	471.87	43.37	9.63	100	Approval
5	16	13	0	4	1	117.87	471.87	8.79	9.63	100	of
5	16	13	0	4	2	130.29	471.87	5.45	9.63	100	a
5	16	13	0	4	3	139.38	471.87	41.61	9.63	100	high-risk
5	16	13	0	4	4	184.62	471.87	29.09	9.63	100	action
4	16	13	0	5	0	70.866000	486.770630	271.637681	9.632735	-1	###LINE###
5	16	13	0	5	0	70.87	486.77	35.06	9.63	100	Refusal
5	16	13	0	5	1	109.56	486.77	9.70	9.63	100	to
5	16	13	0	5	2	122.90	486.77	49.09	9.63	100	commence
5	16	13	0	5	3	175.62	486.77	9.73	9.63	100	or
5	16	13	0	5	4	188.98	486.77	40.01	9.63	100	continue
5	16	13	0	5	5	232.62	486.77	11.51	9.63	100	on
5	16	13	0	5	6	247.77	486.77	37.68	9.63	100	grounds
5	16	13	0	5	7	289.08	486.77	8.79	9.63	100	of
5	16	13	0	5	8	301.50	486.77	27.64	9.63	100	safety
5	16	13	0	5	9	332.78	486.77	9.73	9.63	100	or
4	16	13	0	6	0	70.866000	500.319630	44.270219	9.632735	-1	###LINE###
5	16	13	0	6	0	70.87	500.32	44.27	9.63	100	authority
4	16	13	0	7	0	70.866000	515.223630	143.061937	9.632735	-1	###LINE###
5	16	13	0	7	0	70.87	515.22	54.18	9.63	100	Assessment
5	16	13	0	7	1	128.69	515.22	8.79	9.63	100	of
5	16	13	0	7	2	141.11	515.22	32.73	9.63	100	finding
5	16	13	0	7	3	177.48	515.22	36.45	9.63	100	severity
3	16	13	1	0	0	70.866000	543.677630	93.724442	9.632735	-1	###FLOW###
4	16	13	1	0	0	70.866000	543.677630	93.724442	9.632735	-1	###LINE###
5	16	13	1	0	0	70.87	543.68	35.85	9.63	100	Closure
5	16	13	1	0	1	110.35	543.68	8.79	9.63	100	of
5	16	13	1	0	2	122.78	543.68	5.45	9.63	100	a
5	16	13	1	0	3	131.87	543.68	32.73	9.63	100	finding
3	16	13	2	0	0	70.866000	572.130630	209.511447	9.632735	-1	###FLOW###
4	16	13	2	0	0	70.866000	572.130630	209.511447	9.632735	-1	###LINE###
5	16	13	2	0	0	70.87	572.13	53.94	9.63	100	Acceptance
5	16	13	2	0	1	128.44	572.13	8.79	9.63	100	of
5	16	13	2	0	2	140.87	572.13	5.45	9.63	100	a
5	16	13	2	0	3	149.96	572.13	17.36	9.63	100	risk
5	16	13	2	0	4	170.95	572.13	9.09	9.63	100	in
5	16	13	2	0	5	183.69	572.13	24.24	9.63	100	place
5	16	13	2	0	6	211.56	572.13	8.79	9.63	100	of
5	16	13	2	0	7	223.98	572.13	56.39	9.63	100	remediation
3	16	14	0	0	0	382.705000	442.057630	141.663585	153.254735	-1	###FLOW###
4	16	14	0	0	0	383.098000	442.057630	68.875694	9.632735	-1	###LINE###
5	16	14	0	0	0	383.10	442.06	36.76	9.63	100	Trusted
5	16	14	0	0	1	423.49	442.06	28.48	9.63	100	Agent
4	16	14	0	1	0	383.098624	456.962630	129.812835	9.632735	-1	###LINE###
5	16	14	0	1	0	383.10	456.96	36.76	9.63	100	Trusted
5	16	14	0	1	1	423.49	456.96	31.51	9.63	100	Agent,
5	16	14	0	1	2	458.65	456.96	54.26	9.63	100	unilaterally
4	16	14	0	2	0	383.098000	471.866630	68.875694	9.632735	-1	###LINE###
5	16	14	0	2	0	383.10	471.87	36.76	9.63	100	Trusted
5	16	14	0	2	1	423.49	471.87	28.48	9.63	100	Agent
4	16	14	0	3	0	383.098000	486.770630	120.602282	9.632735	-1	###LINE###
5	16	14	0	3	0	383.10	486.77	18.94	9.63	100	Red
5	16	14	0	3	1	405.67	486.77	26.37	9.63	100	Team
5	16	14	0	3	2	435.67	486.77	26.21	9.63	100	Lead,
5	16	14	0	3	3	465.53	486.77	17.57	9.63	100	and
5	16	14	0	3	4	486.73	486.77	16.97	9.63	100	any
4	16	14	0	4	0	383.098000	500.319630	40.366943	9.632735	-1	###LINE###
5	16	14	0	4	0	383.10	500.32	40.37	9.63	100	operator
4	16	14	0	5	0	383.098000	515.223630	102.933904	9.632735	-1	###LINE###
5	16	14	0	5	0	383.10	515.22	18.94	9.63	100	Red
5	16	14	0	5	1	405.67	515.22	29.40	9.63	100	Team,
5	16	14	0	5	2	438.70	515.22	34.00	9.63	100	subject
5	16	14	0	5	3	476.33	515.22	9.70	9.63	100	to
4	16	14	0	6	0	383.098000	528.772630	78.905520	9.632735	-1	###LINE###
5	16	14	0	6	0	383.10	528.77	40.67	9.63	100	recorded
5	16	14	0	6	1	427.40	528.77	34.60	9.63	100	dispute
4	16	14	0	7	0	383.098000	543.677630	141.270585	9.632735	-1	###LINE###
5	16	14	0	7	0	383.10	543.68	18.86	9.63	100	Red
5	16	14	0	7	1	405.60	543.68	29.27	9.63	100	Team,
5	16	14	0	7	2	438.51	543.68	42.25	9.63	100	following
5	16	14	0	7	3	484.39	543.68	5.43	9.63	100	a
5	16	14	0	7	4	493.46	543.68	30.90	9.63	100	passed
4	16	14	0	8	0	383.098000	557.226630	26.758931	9.632735	-1	###LINE###
5	16	14	0	8	0	383.10	557.23	26.76	9.63	100	retest
4	16	14	0	9	0	383.098000	572.130630	115.211005	9.632735	-1	###LINE###
5	16	14	0	9	0	383.10	572.13	50.03	9.63	100	Approving
5	16	14	0	9	1	436.77	572.13	48.82	9.63	100	Authority,
5	16	14	0	9	2	489.22	572.13	9.09	9.63	100	in
4	16	14	0	10	0	382.705000	585.679630	129.452835	9.632735	-1	###LINE###
5	16	14	0	10	0	382.71	585.68	37.00	9.63	100	writing,
5	16	14	0	10	1	423.34	585.68	21.21	9.63	100	with
5	16	14	0	10	2	448.19	585.68	5.45	9.63	100	a
5	16	14	0	10	3	457.28	585.68	30.64	9.63	100	review
5	16	14	0	10	4	491.55	585.68	20.61	9.63	100	date
3	16	15	0	0	0	70.866000	625.175630	453.541894	23.182735	-1	###FLOW###
4	16	15	0	0	0	70.866000	625.175630	453.541894	9.632735	-1	###LINE###
5	16	15	0	0	0	70.87	625.18	14.01	9.63	100	6.4
5	16	15	0	0	1	88.50	625.18	33.38	9.63	100	During
5	16	15	0	0	2	125.52	625.18	48.42	9.63	100	execution,
5	16	15	0	0	3	177.58	625.18	67.31	9.63	100	accountability
5	16	15	0	0	4	248.52	625.18	13.14	9.63	100	for
5	16	15	0	0	5	265.28	625.18	51.04	9.63	100	suspension
5	16	15	0	0	6	319.95	625.18	22.08	9.63	100	rests
5	16	15	0	0	7	345.67	625.18	21.32	9.63	100	with
5	16	15	0	0	8	370.62	625.18	15.23	9.63	100	the
5	16	15	0	0	9	389.48	625.18	36.94	9.63	100	Trusted
5	16	15	0	0	10	430.06	625.18	28.64	9.63	100	Agent
5	16	15	0	0	11	462.32	625.18	17.66	9.63	100	and
5	16	15	0	0	12	483.63	625.18	15.84	9.63	100	not
5	16	15	0	0	13	503.09	625.18	21.32	9.63	100	with
4	16	15	0	1	0	70.866000	638.725630	97.579718	9.632735	-1	###LINE###
5	16	15	0	1	0	70.87	638.73	15.15	9.63	100	the
5	16	15	0	1	1	89.65	638.73	18.94	9.63	100	Red
5	16	15	0	1	2	112.23	638.73	26.36	9.63	100	Team
5	16	15	0	1	3	142.23	638.73	26.21	9.63	100	Lead.
3	16	16	0	0	0	70.866000	667.276643	160.822546	10.496666	-1	###FLOW###
4	16	16	0	0	0	70.866000	667.276643	160.822546	10.496666	-1	###LINE###
5	16	16	0	0	0	70.87	667.28	76.71	10.50	100	Incompatible
5	16	16	0	0	1	152.06	667.28	79.63	10.50	100	appointments
3	16	16	1	0	0	70.866000	688.532630	299.208249	9.632735	-1	###FLOW###
4	16	16	1	0	0	70.866000	688.532630	299.208249	9.632735	-1	###LINE###
5	16	16	1	0	0	70.87	688.53	13.94	9.63	100	6.5
5	16	16	1	0	1	88.44	688.53	18.79	9.63	100	The
5	16	16	1	0	2	110.87	688.53	42.42	9.63	100	following
5	16	16	1	0	3	156.92	688.53	62.78	9.63	100	combinations
5	16	16	1	0	4	223.35	688.53	8.79	9.63	100	of
5	16	16	1	0	5	235.77	688.53	60.31	9.63	100	appointment
5	16	16	1	0	6	299.71	688.53	14.58	9.63	100	are
5	16	16	1	0	7	317.92	688.53	52.15	9.63	100	prohibited.
3	16	16	2	0	0	70.866000	716.961630	61.510960	9.632735	-1	###FLOW###
4	16	16	2	0	0	70.866000	716.961630	61.510960	9.632735	-1	###LINE###
5	16	16	2	0	0	70.87	716.96	61.51	9.63	100	Combination
3	16	17	0	0	0	215.299000	716.961630	34.150938	9.632735	-1	###FLOW###
4	16	17	0	0	0	215.299000	716.961630	34.150938	9.632735	-1	###LINE###
5	16	17	0	0	0	215.30	716.96	34.15	9.63	100	Reason
3	16	18	0	0	0	70.473000	737.338630	97.365081	23.181735	-1	###FLOW###
4	16	18	0	0	0	70.866000	737.338630	96.972081	9.632735	-1	###LINE###
5	16	18	0	0	0	70.87	737.34	18.94	9.63	100	Red
5	16	18	0	0	1	93.44	737.34	26.37	9.63	100	Team
5	16	18	0	0	2	123.44	737.34	23.18	9.63	100	Lead
5	16	18	0	0	3	150.26	737.34	17.57	9.63	100	and
4	16	18	0	1	0	70.473000	750.887630	68.875694	9.632735	-1	###LINE###
5	16	18	0	1	0	70.47	750.89	36.76	9.63	100	Trusted
5	16	18	0	1	1	110.87	750.89	28.48	9.63	100	Agent
3	16	19	0	0	0	215.299000	737.338630	309.316185	23.181735	-1	###FLOW###
4	16	19	0	0	0	215.299000	737.338630	309.316185	9.632735	-1	###LINE###
5	16	19	0	0	0	215.30	737.34	18.49	9.63	100	The
5	16	19	0	0	1	237.43	737.34	59.33	9.63	100	appointment
5	16	19	0	0	2	300.39	737.34	37.60	9.63	100	creating
5	16	19	0	0	3	341.63	737.34	14.91	9.63	100	the
5	16	19	0	0	4	360.18	737.34	17.09	9.63	100	risk
5	16	19	0	0	5	380.90	737.34	27.72	9.63	100	would
5	16	19	0	0	6	412.26	737.34	27.07	9.63	100	assess
5	16	19	0	0	7	442.97	737.34	37.60	9.63	100	whether
5	16	19	0	0	8	484.21	737.34	19.68	9.63	100	that
5	16	19	0	0	9	507.53	737.34	17.09	9.63	100	risk
4	16	19	0	1	0	215.299000	750.887630	60.664414	9.632735	-1	###LINE###
5	16	19	0	1	0	215.30	750.89	7.33	9.63	100	is
5	16	19	0	1	1	226.26	750.89	49.70	9.63	100	acceptable
3	16	20	0	0	0	257.623000	793.912520	80.030500	8.015962	-1	###FLOW###
4	16	20	0	0	0	257.623000	793.912520	80.030500	8.015962	-1	###LINE###
5	16	20	0	0	0	257.62	793.91	80.03	8.02	100	UNCLASSIFIED
3	16	20	1	0	0	287.052000	808.605601	21.172571	7.037598	-1	###FLOW###
4	16	20	1	0	0	287.052000	808.605601	21.172571	7.037598	-1	###LINE###
5	16	20	1	0	0	287.05	808.61	21.17	7.04	100	16/29
1	17	0	0	0	0	287.052000	808.605601	595.276000	841.890000	-1	###PAGE###
3	17	0	0	0	0	257.623000	39.603520	80.030500	8.015962	-1	###FLOW###
4	17	0	0	0	0	257.623000	39.603520	80.030500	8.015962	-1	###LINE###
5	17	0	0	0	0	257.62	39.60	80.03	8.02	100	UNCLASSIFIED
3	17	1	0	0	0	70.866000	81.687630	61.510960	9.632735	-1	###FLOW###
4	17	1	0	0	0	70.866000	81.687630	61.510960	9.632735	-1	###LINE###
5	17	1	0	0	0	70.87	81.69	61.51	9.63	100	Combination
3	17	2	0	0	0	215.299000	81.687630	34.150938	9.632735	-1	###FLOW###
4	17	2	0	0	0	215.299000	81.687630	34.150938	9.632735	-1	###LINE###
5	17	2	0	0	0	215.30	81.69	34.15	9.63	100	Reason
3	17	3	0	0	0	70.462000	102.064630	132.885939	149.189735	-1	###FLOW###
4	17	3	0	0	0	70.866000	102.064630	128.841926	9.632735	-1	###LINE###
5	17	3	0	0	0	70.87	102.06	19.69	9.63	100	Any
5	17	3	0	0	1	94.20	102.06	15.18	9.63	100	red
5	17	3	0	0	2	113.02	102.06	23.64	9.63	100	team
5	17	3	0	0	3	140.29	102.06	38.21	9.63	100	member
5	17	3	0	0	4	182.13	102.06	17.57	9.63	100	and
4	17	3	0	1	0	70.462000	115.614630	100.362629	9.632735	-1	###LINE###
5	17	3	0	1	0	70.46	115.61	50.03	9.63	100	Approving
5	17	3	0	1	1	124.13	115.61	46.69	9.63	100	Authority
4	17	3	0	2	0	70.866000	130.518630	99.181174	9.632735	-1	###LINE###
5	17	3	0	2	0	70.87	130.52	36.76	9.63	100	Trusted
5	17	3	0	2	1	111.26	130.52	28.48	9.63	100	Agent
5	17	3	0	2	2	143.39	130.52	17.57	9.63	100	and
5	17	3	0	2	3	164.59	130.52	5.45	9.63	100	a
4	17	3	0	3	0	70.866000	144.067630	111.483366	9.632735	-1	###LINE###
5	17	3	0	3	0	70.87	144.07	38.21	9.63	100	member
5	17	3	0	3	1	112.71	144.07	8.79	9.63	100	of
5	17	3	0	3	2	125.14	144.07	15.15	9.63	100	the
5	17	3	0	3	3	143.93	144.07	38.42	9.63	100	assessed
4	17	3	0	4	0	70.866000	157.616630	107.935726	9.632735	-1	###LINE###
5	17	3	0	4	0	70.87	157.62	42.79	9.63	100	defensive
5	17	3	0	4	1	117.30	157.62	39.70	9.63	100	element,
5	17	3	0	4	2	160.62	157.62	9.09	9.63	100	in
5	17	3	0	4	3	173.35	157.62	5.45	9.63	100	a
4	17	3	0	5	0	70.866000	171.165630	88.517528	9.632735	-1	###LINE###
5	17	3	0	5	0	70.87	171.17	28.82	9.63	100	covert
5	17	3	0	5	1	103.32	171.17	56.06	9.63	100	engagement
4	17	3	0	6	0	70.866000	186.070630	125.001922	9.632735	-1	###LINE###
5	17	3	0	6	0	70.87	186.07	33.97	9.63	100	Author
5	17	3	0	6	1	108.48	186.07	8.79	9.63	100	of
5	17	3	0	6	2	120.90	186.07	5.45	9.63	100	a
5	17	3	0	6	3	129.98	186.07	29.46	9.63	100	report
5	17	3	0	6	4	163.07	186.07	17.57	9.63	100	and
5	17	3	0	6	5	184.29	186.07	11.58	9.63	100	its
4	17	3	0	7	0	70.866000	199.619630	60.724414	9.632735	-1	###LINE###
5	17	3	0	7	0	70.87	199.62	17.64	9.63	100	sole
5	17	3	0	7	1	92.14	199.62	39.45	9.63	100	reviewer
4	17	3	0	8	0	70.866000	214.523630	132.481939	9.632735	-1	###LINE###
5	17	3	0	8	0	70.87	214.52	49.33	9.63	100	Approving
5	17	3	0	8	1	123.81	214.52	46.04	9.63	100	Authority
5	17	3	0	8	2	173.47	214.52	29.88	9.63	100	within
4	17	3	0	9	0	70.866000	228.072630	106.056088	9.632735	-1	###LINE###
5	17	3	0	9	0	70.87	228.07	15.15	9.63	100	the
5	17	3	0	9	1	89.65	228.07	25.16	9.63	100	chain
5	17	3	0	9	2	118.44	228.07	8.79	9.63	100	of
5	17	3	0	9	3	130.86	228.07	46.06	9.63	100	command
4	17	3	0	10	0	70.866000	241.621630	38.422941	9.632735	-1	###LINE###
5	17	3	0	10	0	70.87	241.62	38.42	9.63	100	assessed
3	17	4	0	0	0	215.299000	102.064630	308.984810	38.086735	-1	###FLOW###
4	17	4	0	0	0	215.299000	102.064630	308.984810	9.632735	-1	###LINE###
5	17	4	0	0	0	215.30	102.06	86.36	9.63	100	Self-authorisation,
5	17	4	0	0	1	305.30	102.06	27.35	9.63	100	which
5	17	4	0	0	2	336.29	102.06	7.27	9.63	100	is
5	17	4	0	0	3	347.20	102.06	79.49	9.63	100	indistinguishable
5	17	4	0	0	4	430.31	102.06	9.02	9.63	100	in
5	17	4	0	0	5	442.98	102.06	15.92	9.63	100	law
5	17	4	0	0	6	462.54	102.06	21.97	9.63	100	from
5	17	4	0	0	7	488.15	102.06	36.13	9.63	100	absence
4	17	4	0	1	0	215.299000	115.614630	75.540063	9.632735	-1	###LINE###
5	17	4	0	1	0	215.30	115.61	8.79	9.63	100	of
5	17	4	0	1	1	227.72	115.61	63.12	9.63	100	authorisation
4	17	4	0	2	0	215.299000	130.518630	260.996945	9.632735	-1	###LINE###
5	17	4	0	2	0	215.30	130.52	24.45	9.63	100	Prior
5	17	4	0	2	1	243.39	130.52	49.10	9.63	100	knowledge
5	17	4	0	2	2	296.12	130.52	50.36	9.63	100	invalidates
5	17	4	0	2	3	350.12	130.52	15.15	9.63	100	the
5	17	4	0	2	4	368.90	130.52	26.76	9.63	100	result
5	17	4	0	2	5	399.30	130.52	13.06	9.63	100	for
5	17	4	0	2	6	416.00	130.52	20.00	9.63	100	that
5	17	4	0	2	7	439.63	130.52	36.67	9.63	100	element
3	17	5	0	0	0	215.299000	186.070630	225.542370	9.632735	-1	###FLOW###
4	17	5	0	0	0	215.299000	186.070630	225.542370	9.632735	-1	###LINE###
5	17	5	0	0	0	215.30	186.07	13.64	9.63	100	No
5	17	5	0	0	1	232.57	186.07	58.18	9.63	100	independent
5	17	5	0	0	2	294.39	186.07	52.76	9.63	100	verification
5	17	5	0	0	3	350.78	186.07	8.79	9.63	100	of
5	17	5	0	0	4	363.21	186.07	15.15	9.63	100	the
5	17	5	0	0	5	382.00	186.07	29.76	9.63	100	claims
5	17	5	0	0	6	415.39	186.07	25.45	9.63	100	made
3	17	5	1	0	0	215.299000	214.523630	309.113214	23.181735	-1	###FLOW###
4	17	5	1	0	0	215.299000	214.523630	309.113214	9.632735	-1	###LINE###
5	17	5	1	0	0	215.30	214.52	20.97	9.63	100	Risk
5	17	5	1	0	1	239.90	214.52	31.90	9.63	100	cannot
5	17	5	1	0	2	275.42	214.52	11.14	9.63	100	be
5	17	5	1	0	3	290.18	214.52	52.09	9.63	100	impartially
5	17	5	1	0	4	345.89	214.52	40.92	9.63	100	accepted
5	17	5	1	0	5	390.44	214.52	11.43	9.63	100	on
5	17	5	1	0	6	405.49	214.52	28.89	9.63	100	behalf
5	17	5	1	0	7	438.01	214.52	8.73	9.63	100	of
5	17	5	1	0	8	450.37	214.52	5.42	9.63	100	a
5	17	5	1	0	9	459.40	214.52	46.34	9.63	100	capability
5	17	5	1	0	10	509.37	214.52	15.05	9.63	100	the
4	17	5	1	1	0	215.299000	228.072630	89.761166	9.632735	-1	###LINE###
5	17	5	1	1	0	215.30	228.07	56.06	9.63	100	engagement
5	17	5	1	1	1	275.00	228.07	30.06	9.63	100	judges
3	17	6	0	0	0	70.866000	277.847630	455.656634	50.280735	-1	###FLOW###
4	17	6	0	0	0	70.866000	277.847630	455.061063	9.632735	-1	###LINE###
5	17	6	0	0	0	70.87	277.85	13.66	9.63	100	6.6
5	17	6	0	0	1	87.27	277.85	18.41	9.63	100	The
5	17	6	0	0	2	108.43	277.85	61.53	9.63	100	combinations
5	17	6	0	0	3	172.71	277.85	9.50	9.63	100	at
5	17	6	0	0	4	184.96	277.85	47.57	9.63	100	paragraph
5	17	6	0	0	5	235.29	277.85	13.66	9.63	100	6.5
5	17	6	0	0	6	251.70	277.85	14.29	9.63	100	are
5	17	6	0	0	7	268.73	277.85	63.53	9.63	100	non-waivable.
5	17	6	0	0	8	336.82	277.85	7.13	9.63	100	If
5	17	6	0	0	9	346.69	277.85	14.85	9.63	100	the
5	17	6	0	0	10	364.29	277.85	63.31	9.63	100	appointments
5	17	6	0	0	11	430.35	277.85	31.48	9.63	100	cannot
5	17	6	0	0	12	464.57	277.85	11.00	9.63	100	be
5	17	6	0	0	13	478.32	277.85	47.60	9.63	100	separated,
4	17	6	0	1	0	70.866000	291.397630	453.545658	9.632735	-1	###LINE###
5	17	6	0	1	0	70.87	291.40	14.91	9.63	100	the
5	17	6	0	1	1	89.41	291.40	35.48	9.63	100	activity
5	17	6	0	1	2	128.54	291.40	21.53	9.63	100	shall
5	17	6	0	1	3	153.70	291.40	11.04	9.63	100	be
5	17	6	0	1	4	168.38	291.40	43.92	9.63	100	re-scoped
5	17	6	0	1	5	215.94	291.40	9.60	9.63	100	as
5	17	6	0	1	6	229.18	291.40	11.33	9.63	100	an
5	17	6	0	1	7	244.15	291.40	22.38	9.63	100	open
5	17	6	0	1	8	270.17	291.40	9.57	9.63	100	or
5	17	6	0	1	9	283.38	291.40	29.85	9.63	100	purple
5	17	6	0	1	10	316.86	291.40	23.26	9.63	100	team
5	17	6	0	1	11	343.76	291.40	39.14	9.63	100	exercise,
5	17	6	0	1	12	386.55	291.40	9.57	9.63	100	or
5	17	6	0	1	13	399.77	291.40	5.37	9.63	100	a
5	17	6	0	1	14	408.77	291.40	39.66	9.63	100	qualified
5	17	6	0	1	15	452.07	291.40	37.90	9.63	100	external
5	17	6	0	1	16	493.61	291.40	30.80	9.63	100	person
4	17	6	0	2	0	70.866000	304.946630	455.656634	9.632735	-1	###LINE###
5	17	6	0	2	0	70.87	304.95	22.32	9.63	100	shall
5	17	6	0	2	1	97.43	304.95	12.36	9.63	100	fill
5	17	6	0	2	2	114.04	304.95	15.45	9.63	100	the
5	17	6	0	2	3	133.74	304.95	50.07	9.63	100	conflicting
5	17	6	0	2	4	188.06	304.95	64.61	9.63	100	appointment.
5	17	6	0	2	5	259.35	304.95	8.35	9.63	100	It
5	17	6	0	2	6	271.94	304.95	22.32	9.63	100	shall
5	17	6	0	2	7	298.50	304.95	16.07	9.63	100	not
5	17	6	0	2	8	318.82	304.95	37.42	9.63	100	proceed
5	17	6	0	2	9	360.50	304.95	9.95	9.63	100	as
5	17	6	0	2	10	374.70	304.95	5.56	9.63	100	a
5	17	6	0	2	11	384.50	304.95	29.41	9.63	100	covert
5	17	6	0	2	12	418.16	304.95	15.49	9.63	100	red
5	17	6	0	2	13	437.89	304.95	24.11	9.63	100	team
5	17	6	0	2	14	466.25	304.95	60.27	9.63	100	engagement.
4	17	6	0	3	0	70.866000	318.495630	345.093015	9.632735	-1	###LINE###
5	17	6	0	3	0	70.87	318.50	37.12	9.63	100	Limited
5	17	6	0	3	1	111.62	318.50	65.28	9.63	100	establishment
5	17	6	0	3	2	180.53	318.50	20.97	9.63	100	does
5	17	6	0	3	3	205.14	318.50	15.76	9.63	100	not
5	17	6	0	3	4	224.53	318.50	22.79	9.63	100	itself
5	17	6	0	3	5	250.96	318.50	47.33	9.63	100	constitute
5	17	6	0	3	6	301.93	318.50	5.45	9.63	100	a
5	17	6	0	3	7	311.02	318.50	65.20	9.63	100	compensating
5	17	6	0	3	8	379.87	318.50	36.09	9.63	100	control.
3	17	7	0	0	0	70.866000	346.276643	83.297856	10.496666	-1	###FLOW###
4	17	7	0	0	0	70.866000	346.276643	83.297856	10.496666	-1	###LINE###
5	17	7	0	0	0	70.87	346.28	83.30	10.50	100	Establishment
3	17	7	1	0	0	70.462000	367.531630	453.949900	23.182735	-1	###FLOW###
4	17	7	1	0	0	70.866000	367.531630	453.545900	9.632735	-1	###LINE###
5	17	7	1	0	0	70.87	367.53	13.76	9.63	100	6.7
5	17	7	1	0	1	88.26	367.53	66.97	9.63	100	Establishment
5	17	7	1	0	2	158.88	367.53	7.24	9.63	100	is
5	17	7	1	0	3	169.75	367.53	28.17	9.63	100	scaled
5	17	7	1	0	4	201.58	367.53	9.57	9.63	100	to
5	17	7	1	0	5	214.79	367.53	14.95	9.63	100	the
5	17	7	1	0	6	233.39	367.53	37.67	9.63	100	activity.
5	17	7	1	0	7	275.94	367.53	18.54	9.63	100	The
5	17	7	1	0	8	298.12	367.53	49.38	9.63	100	Approving
5	17	7	1	0	9	351.15	367.53	48.16	9.63	100	Authority,
5	17	7	1	0	10	402.96	367.53	32.12	9.63	100	system
5	17	7	1	0	11	438.72	367.53	45.78	9.63	100	authority,
5	17	7	1	0	12	488.14	367.53	36.27	9.63	100	Trusted
4	17	7	1	1	0	70.462000	381.081630	387.633050	9.632735	-1	###LINE###
5	17	7	1	1	0	70.46	381.08	28.48	9.63	100	Agent
5	17	7	1	1	1	102.59	381.08	17.57	9.63	100	and
5	17	7	1	1	2	123.80	381.08	16.97	9.63	100	any
5	17	7	1	1	3	144.41	381.08	51.30	9.63	100	supporting
5	17	7	1	1	4	199.34	381.08	36.09	9.63	100	Control
5	17	7	1	1	5	239.06	381.08	26.37	9.63	100	Team
5	17	7	1	1	6	269.06	381.08	14.58	9.63	100	are
5	17	7	1	1	7	287.28	381.08	34.00	9.63	100	outside
5	17	7	1	1	8	324.92	381.08	15.15	9.63	100	the
5	17	7	1	1	9	343.70	381.08	15.18	9.63	100	red
5	17	7	1	1	10	362.53	381.08	23.64	9.63	100	team
5	17	7	1	1	11	389.80	381.08	68.30	9.63	100	establishment.
3	17	7	2	0	0	70.889000	403.322630	65.269145	23.181735	-1	###FLOW###
4	17	7	2	0	0	70.889000	403.322630	39.576033	9.632735	-1	###LINE###
5	17	7	2	0	0	70.89	403.32	39.58	9.63	100	Delivery
4	17	7	2	1	0	70.889000	416.871630	65.269145	9.632735	-1	###LINE###
5	17	7	2	1	0	70.89	416.87	65.27	9.63	100	establishment
3	17	7	3	0	0	70.889000	437.248630	68.877876	9.632735	-1	###FLOW###
4	17	7	3	0	0	70.889000	437.248630	68.877876	9.632735	-1	###LINE###
5	17	7	3	0	0	70.89	437.25	20.00	9.63	100	Two
5	17	7	3	0	1	94.52	437.25	45.24	9.63	100	personnel
3	17	8	0	0	0	70.889000	492.800630	61.244778	23.181735	-1	###FLOW###
4	17	8	0	0	0	70.889000	492.800630	61.244778	9.632735	-1	###LINE###
5	17	8	0	0	0	70.89	492.80	27.91	9.63	100	Three
5	17	8	0	0	1	102.43	492.80	9.70	9.63	100	to
5	17	8	0	0	2	115.77	492.80	16.36	9.63	100	five
4	17	8	0	1	0	70.889000	506.349630	45.244401	9.632735	-1	###LINE###
5	17	8	0	1	0	70.89	506.35	45.24	9.63	100	personnel
3	17	9	0	0	0	70.889000	575.450630	51.821498	23.181735	-1	###FLOW###
4	17	9	0	0	0	70.889000	575.450630	51.821498	9.632735	-1	###LINE###
5	17	9	0	0	0	70.89	575.45	14.85	9.63	100	Six
5	17	9	0	0	1	89.37	575.45	9.70	9.63	100	to
5	17	9	0	0	2	102.71	575.45	20.00	9.63	100	nine
4	17	9	0	1	0	70.889000	588.999630	45.244401	9.632735	-1	###LINE###
5	17	9	0	1	0	70.89	589.00	45.24	9.63	100	personnel
3	17	10	0	0	0	178.036000	416.871630	89.117529	9.632735	-1	###FLOW###
4	17	10	0	0	0	178.036000	416.871630	89.117529	9.632735	-1	###LINE###
5	17	10	0	0	0	178.04	416.87	38.48	9.63	100	Activity
5	17	10	0	0	1	220.16	416.87	46.99	9.63	100	permitted
3	17	11	0	0	0	332.987000	416.871630	51.573861	9.632735	-1	###FLOW###
4	17	11	0	0	0	332.987000	416.871630	51.573861	9.632735	-1	###LINE###
5	17	11	0	0	0	332.99	416.87	51.57	9.63	100	Conditions
3	17	12	0	0	0	178.439000	437.248630	142.583808	78.733735	-1	###FLOW###
4	17	12	0	0	0	178.439000	437.248630	97.762991	9.632735	-1	###LINE###
5	17	12	0	0	0	178.44	437.25	21.97	9.63	100	SL-4
5	17	12	0	0	1	204.04	437.25	30.34	9.63	100	purple
5	17	12	0	0	2	238.02	437.25	38.19	9.63	100	activity,
4	17	12	0	1	0	178.439000	450.797630	121.576465	9.632735	-1	###LINE###
5	17	12	0	1	0	178.44	450.80	49.76	9.63	100	laboratory
5	17	12	0	1	1	231.83	450.80	46.98	9.63	100	validation
5	17	12	0	1	2	282.44	450.80	17.57	9.63	100	and
4	17	12	0	2	0	178.439000	464.346630	93.399351	9.632735	-1	###LINE###
5	17	12	0	2	0	178.44	464.35	31.51	9.63	100	tightly
5	17	12	0	2	1	213.60	464.35	31.87	9.63	100	scoped
5	17	12	0	2	2	249.11	464.35	22.73	9.63	100	open
4	17	12	0	3	0	178.439000	477.896630	101.697903	9.632735	-1	###LINE###
5	17	12	0	3	0	178.44	477.90	75.00	9.63	100	assumed-breach
5	17	12	0	3	1	257.08	477.90	23.06	9.63	100	work
4	17	12	0	4	0	178.439000	492.800630	142.583808	9.632735	-1	###LINE###
5	17	12	0	4	0	178.44	492.80	31.75	9.63	100	Covert
5	17	12	0	4	1	213.83	492.80	21.90	9.63	100	SL-1
5	17	12	0	4	2	239.37	492.80	22.99	9.63	100	work
5	17	12	0	4	3	265.99	492.80	17.52	9.63	100	and
5	17	12	0	4	4	287.15	492.80	33.87	9.63	100	routine
4	17	12	0	5	0	178.439000	506.349630	110.691365	9.632735	-1	###LINE###
5	17	12	0	5	0	178.44	506.35	46.70	9.63	100	threat-led
5	17	12	0	5	1	228.77	506.35	60.36	9.63	100	engagements
3	17	13	0	0	0	332.583000	437.248630	191.768159	174.932735	-1	###FLOW###
4	17	13	0	0	0	332.987000	437.248630	188.640157	9.632735	-1	###LINE###
5	17	13	0	0	0	332.99	437.25	41.24	9.63	100	Separate
5	17	13	0	0	1	377.86	437.25	36.76	9.63	100	Trusted
5	17	13	0	0	2	418.26	437.25	28.49	9.63	100	Agent
5	17	13	0	0	3	450.38	437.25	17.57	9.63	100	and
5	17	13	0	0	4	471.59	437.25	50.04	9.63	100	Approving
4	17	13	0	1	0	332.583000	450.797630	165.301229	9.632735	-1	###LINE###
5	17	13	0	1	0	332.58	450.80	49.73	9.63	100	Authority;
5	17	13	0	1	1	385.95	450.80	22.12	9.63	100	both
5	17	13	0	1	2	411.70	450.80	37.30	9.63	100	delivery
5	17	13	0	1	3	452.64	450.80	45.24	9.63	100	personnel
4	17	13	0	2	0	332.987000	464.346630	178.300512	9.632735	-1	###LINE###
5	17	13	0	2	0	332.99	464.35	37.36	9.63	100	present;
5	17	13	0	2	1	373.99	464.35	58.18	9.63	100	independent
5	17	13	0	2	2	435.81	464.35	30.64	9.63	100	review
5	17	13	0	2	3	470.08	464.35	41.21	9.63	100	obtained
4	17	13	0	3	0	332.987000	477.896630	113.121912	9.632735	-1	###LINE###
5	17	13	0	3	0	332.99	477.90	34.00	9.63	100	outside
5	17	13	0	3	1	370.62	477.90	15.15	9.63	100	the
5	17	13	0	3	2	389.41	477.90	37.30	9.63	100	delivery
5	17	13	0	3	3	430.35	477.90	15.76	9.63	100	cell
4	17	13	0	4	0	332.987000	492.800630	168.236867	9.632735	-1	###LINE###
5	17	13	0	4	0	332.99	492.80	8.18	9.63	100	A
5	17	13	0	4	1	344.80	492.80	18.94	9.63	100	Red
5	17	13	0	4	2	367.38	492.80	26.36	9.63	100	Team
5	17	13	0	4	3	397.38	492.80	23.18	9.63	100	Lead
5	17	13	0	4	4	424.20	492.80	17.57	9.63	100	and
5	17	13	0	4	5	445.41	492.80	9.70	9.63	100	at
5	17	13	0	4	6	458.75	492.80	21.88	9.63	100	least
5	17	13	0	4	7	484.26	492.80	16.96	9.63	100	two
4	17	13	0	5	0	332.987000	506.349630	175.729237	9.632735	-1	###LINE###
5	17	13	0	5	0	332.99	506.35	44.67	9.63	100	operators
5	17	13	0	5	1	381.29	506.35	14.58	9.63	100	are
5	17	13	0	5	2	399.50	506.35	42.54	9.63	100	assigned;
5	17	13	0	5	3	445.69	506.35	5.45	9.63	100	a
5	17	13	0	5	4	454.77	506.35	32.72	9.63	100	deputy
5	17	13	0	5	5	491.14	506.35	17.57	9.63	100	and
4	17	13	0	6	0	332.987000	519.898630	182.515788	9.632735	-1	###LINE###
5	17	13	0	6	0	332.99	519.90	58.18	9.63	100	independent
5	17	13	0	6	1	394.80	519.90	39.45	9.63	100	reviewer
5	17	13	0	6	2	437.90	519.90	14.58	9.63	100	are
5	17	13	0	6	3	456.11	519.90	44.25	9.63	100	available;
5	17	13	0	6	4	503.99	519.90	11.51	9.63	100	no
4	17	13	0	7	0	332.987000	533.447630	143.575756	9.632735	-1	###LINE###
5	17	13	0	7	0	332.99	533.45	38.21	9.63	100	member
5	17	13	0	7	1	374.83	533.45	41.94	9.63	100	performs
5	17	13	0	7	2	420.41	533.45	42.80	9.63	100	defensive
5	17	13	0	7	3	466.84	533.45	9.73	9.63	100	or
4	17	13	0	8	0	332.987000	546.997630	176.975057	9.632735	-1	###LINE###
5	17	13	0	8	0	332.99	547.00	81.97	9.63	100	incident-response
5	17	13	0	8	1	418.59	547.00	28.54	9.63	100	duties
5	17	13	0	8	2	450.78	547.00	13.06	9.63	100	for
5	17	13	0	8	3	467.47	547.00	15.15	9.63	100	the
5	17	13	0	8	4	486.25	547.00	23.71	9.63	100	same
4	17	13	0	9	0	332.987000	560.546630	56.058592	9.632735	-1	###LINE###
5	17	13	0	9	0	332.99	560.55	56.06	9.63	100	engagement
4	17	13	0	10	0	332.987000	575.450630	191.364159	9.632735	-1	###LINE###
5	17	13	0	10	0	332.99	575.45	67.33	9.63	100	Appointments
5	17	13	0	10	1	403.96	575.45	16.36	9.63	100	can
5	17	13	0	10	2	423.96	575.45	11.21	9.63	100	be
5	17	13	0	10	3	438.80	575.45	45.55	9.63	100	separated
5	17	13	0	10	4	487.98	575.45	17.59	9.63	100	and
5	17	13	0	10	5	509.20	575.45	15.15	9.63	100	the
4	17	13	0	11	0	332.987000	588.999630	177.388511	9.632735	-1	###LINE###
5	17	13	0	11	0	332.99	589.00	54.00	9.63	100	programme
5	17	13	0	11	1	390.62	589.00	9.70	9.63	100	at
5	17	13	0	11	2	403.96	589.00	48.54	9.63	100	paragraph
5	17	13	0	11	3	456.14	589.00	19.39	9.63	100	10.4
5	17	13	0	11	4	479.16	589.00	16.36	9.63	100	can
5	17	13	0	11	5	499.17	589.00	11.20	9.63	100	be
4	17	13	0	12	0	332.987000	602.548630	53.026953	9.632735	-1	###LINE###
5	17	13	0	12	0	332.99	602.55	53.03	9.63	100	maintained
3	17	14	0	0	0	178.046000	575.450630	137.485478	36.730735	-1	###FLOW###
4	17	14	0	0	0	178.439000	575.450630	137.092478	9.632735	-1	###LINE###
5	17	14	0	0	0	178.44	575.45	54.60	9.63	100	Sustainable
5	17	14	0	0	1	236.68	575.45	54.00	9.63	100	programme
5	17	14	0	0	2	294.32	575.45	21.21	9.63	100	with
4	17	14	0	1	0	178.439000	588.999630	123.480103	9.632735	-1	###LINE###
5	17	14	0	1	0	178.44	589.00	63.46	9.63	100	specialisation
5	17	14	0	1	1	245.53	589.00	17.57	9.63	100	and
5	17	14	0	1	2	266.75	589.00	35.17	9.63	100	parallel
4	17	14	0	2	0	178.046000	602.548630	23.058565	9.632735	-1	###LINE###
5	17	14	0	2	0	178.05	602.55	23.06	9.63	100	work
3	17	15	0	0	0	70.866000	638.775630	257.243123	9.632735	-1	###FLOW###
4	17	15	0	0	0	70.866000	638.775630	257.243123	9.632735	-1	###LINE###
5	17	15	0	0	0	70.87	638.78	13.94	9.63	100	6.8
5	17	15	0	0	1	88.44	638.78	20.00	9.63	100	Two
5	17	15	0	0	2	112.08	638.78	48.54	9.63	100	conditions
5	17	15	0	0	3	164.26	638.78	31.24	9.63	100	govern
5	17	15	0	0	4	199.14	638.78	63.75	9.63	100	sustainability
5	17	15	0	0	5	266.53	638.78	9.70	9.63	100	at
5	17	15	0	0	6	279.87	638.78	25.18	9.63	100	every
5	17	15	0	0	7	308.68	638.78	19.43	9.63	100	tier.
3	17	15	1	0	0	84.200000	659.098630	442.033029	36.731735	-1	###FLOW###
4	17	15	1	0	0	84.200000	659.098630	442.033029	9.632735	-1	###LINE###
5	17	15	1	0	0	84.20	659.10	8.49	9.63	100	a.
5	17	15	1	0	1	98.14	659.10	13.60	9.63	100	No
5	17	15	1	0	2	115.37	659.10	32.66	9.63	100	critical
5	17	15	1	0	3	151.66	659.10	46.52	9.63	100	capability
5	17	15	1	0	4	201.83	659.10	21.81	9.63	100	shall
5	17	15	1	0	5	227.28	659.10	34.14	9.63	100	depend
5	17	15	1	0	6	265.05	659.10	59.55	9.63	100	permanently
5	17	15	1	0	7	328.24	659.10	11.48	9.63	100	on
5	17	15	1	0	8	343.35	659.10	16.31	9.63	100	one
5	17	15	1	0	9	363.30	659.10	50.45	9.63	100	individual.
5	17	15	1	0	10	418.60	659.10	12.08	9.63	100	At
5	17	15	1	0	11	434.33	659.10	15.11	9.63	100	the
5	17	15	1	0	12	453.07	659.10	20.54	9.63	100	two-
5	17	15	1	0	13	477.25	659.10	17.52	9.63	100	and
5	17	15	1	0	14	498.41	659.10	27.83	9.63	100	three-
4	17	15	1	1	0	98.139000	672.648630	426.487080	9.632735	-1	###LINE###
5	17	15	1	1	0	98.14	672.65	31.12	9.63	100	person
5	17	15	1	1	1	132.90	672.65	23.59	9.63	100	tiers,
5	17	15	1	1	2	160.13	672.65	33.73	9.63	100	backup
5	17	15	1	1	3	197.52	672.65	19.88	9.63	100	may
5	17	15	1	1	4	221.04	672.65	11.15	9.63	100	be
5	17	15	1	1	5	235.83	672.65	39.22	9.63	100	supplied
5	17	15	1	1	6	278.69	672.65	11.44	9.63	100	by
5	17	15	1	1	7	293.77	672.65	5.42	9.63	100	a
5	17	15	1	1	8	302.84	672.65	40.06	9.63	100	qualified
5	17	15	1	1	9	346.55	672.65	31.12	9.63	100	person
5	17	15	1	1	10	381.31	672.65	33.80	9.63	100	outside
5	17	15	1	1	11	418.75	672.65	15.06	9.63	100	the
5	17	15	1	1	12	437.46	672.65	37.08	9.63	100	delivery
5	17	15	1	1	13	478.18	672.65	15.66	9.63	100	cell
5	17	15	1	1	14	497.49	672.65	27.14	9.63	100	under
4	17	15	1	2	0	98.139000	686.197630	267.460587	9.632735	-1	###LINE###
5	17	15	1	2	0	98.14	686.20	15.15	9.63	100	the
5	17	15	1	2	1	116.92	686.20	23.70	9.63	100	same
5	17	15	1	2	2	144.26	686.20	46.69	9.63	100	clearance,
5	17	15	1	2	3	194.60	686.20	67.57	9.63	100	confidentiality
5	17	15	1	2	4	265.81	686.20	17.57	9.63	100	and
5	17	15	1	2	5	287.02	686.20	34.55	9.63	100	conflict
5	17	15	1	2	6	325.20	686.20	40.40	9.63	100	controls.
3	17	15	2	0	0	83.594000	706.521630	442.328699	50.279735	-1	###FLOW###
4	17	15	2	0	0	83.594000	706.521630	442.328699	9.632735	-1	###LINE###
5	17	15	2	0	0	83.59	706.52	9.09	9.63	100	b.
5	17	15	2	0	1	97.75	706.52	35.59	9.63	100	Twenty
5	17	15	2	0	2	138.05	706.52	15.79	9.63	100	per
5	17	15	2	0	3	158.55	706.52	20.09	9.63	100	cent
5	17	15	2	0	4	183.36	706.52	8.96	9.63	100	of
5	17	15	2	0	5	197.04	706.52	66.59	9.63	100	establishment
5	17	15	2	0	6	268.35	706.52	21.64	9.63	100	time
5	17	15	2	0	7	294.70	706.52	31.59	9.63	100	should
5	17	15	2	0	8	331.01	706.52	11.44	9.63	100	be
5	17	15	2	0	9	347.16	706.52	39.69	9.63	100	reserved
5	17	15	2	0	10	391.57	706.52	13.32	9.63	100	for
5	17	15	2	0	11	409.61	706.52	47.61	9.63	100	capability
5	17	15	2	0	12	461.93	706.52	63.99	9.63	100	development,
4	17	15	2	1	0	98.139000	720.070630	426.668780	9.632735	-1	###LINE###
5	17	15	2	1	0	98.14	720.07	49.81	9.63	100	laboratory
5	17	15	2	1	1	151.59	720.07	50.06	9.63	100	validation,
5	17	15	2	1	2	205.29	720.07	56.45	9.63	100	remediation
5	17	15	2	1	3	265.38	720.07	36.79	9.63	100	support
5	17	15	2	1	4	305.82	720.07	17.59	9.63	100	and
5	17	15	2	1	5	327.06	720.07	29.82	9.63	100	retest.
5	17	15	2	1	6	361.74	720.07	8.19	9.63	100	A
5	17	15	2	1	7	373.57	720.07	23.66	9.63	100	team
5	17	15	2	1	8	400.88	720.07	21.29	9.63	100	used
5	17	15	2	1	9	425.82	720.07	59.81	9.63	100	continuously
5	17	15	2	1	10	489.28	720.07	13.07	9.63	100	for
5	17	15	2	1	11	506.00	720.07	18.81	9.63	100	new
4	17	15	2	2	0	98.139000	733.619630	426.275766	9.632735	-1	###LINE###
5	17	15	2	2	0	98.14	733.62	59.15	9.63	100	engagements
5	17	15	2	2	1	160.17	733.62	50.32	9.63	100	reproduces
5	17	15	2	2	2	213.36	733.62	14.85	9.63	100	the
5	17	15	2	2	3	231.10	733.62	23.22	9.63	100	same
5	17	15	2	2	4	257.21	733.62	36.29	9.63	100	findings
5	17	15	2	2	5	296.37	733.62	11.28	9.63	100	by
5	17	15	2	2	6	310.54	733.62	14.85	9.63	100	the
5	17	15	2	2	7	328.27	733.62	23.22	9.63	100	same
5	17	15	2	2	8	354.37	733.62	48.76	9.63	100	techniques
5	17	15	2	2	9	406.01	733.62	17.22	9.63	100	and
5	17	15	2	2	10	426.12	733.62	27.07	9.63	100	leaves
5	17	15	2	2	11	456.08	733.62	29.16	9.63	100	earlier
5	17	15	2	2	12	488.12	733.62	36.30	9.63	100	findings
4	17	15	2	3	0	98.139000	747.168630	49.419314	9.632735	-1	###LINE###
5	17	15	2	3	0	98.14	747.17	49.42	9.63	100	unverified.
3	17	16	0	0	0	257.623000	793.912520	80.030500	8.015962	-1	###FLOW###
4	17	16	0	0	0	257.623000	793.912520	80.030500	8.015962	-1	###LINE###
5	17	16	0	0	0	257.62	793.91	80.03	8.02	100	UNCLASSIFIED
3	17	16	1	0	0	287.052000	808.605601	21.172571	7.037598	-1	###FLOW###
4	17	16	1	0	0	287.052000	808.605601	21.172571	7.037598	-1	###LINE###
5	17	16	1	0	0	287.05	808.61	21.17	7.04	100	17/29
1	18	0	0	0	0	287.052000	808.605601	595.276000	841.890000	-1	###PAGE###
3	18	0	0	0	0	257.623000	39.603520	80.030500	8.015962	-1	###FLOW###
4	18	0	0	0	0	257.623000	39.603520	80.030500	8.015962	-1	###LINE###
5	18	0	0	0	0	257.62	39.60	80.03	8.02	100	UNCLASSIFIED
3	18	1	0	0	0	70.866000	75.997199	389.619838	12.595964	-1	###FLOW###
4	18	1	0	0	0	70.866000	75.997199	389.619838	12.595964	-1	###LINE###
5	18	1	0	0	0	70.87	76.00	81.34	12.60	100	CHAPTER
5	18	1	0	0	1	157.59	76.00	8.07	12.60	100	7
5	18	1	0	0	2	171.04	76.00	16.14	12.60	100	—
5	18	1	0	0	3	192.56	76.00	84.05	12.60	100	CONDUCT
5	18	1	0	0	4	281.99	76.00	22.27	12.60	100	OF
5	18	1	0	0	5	309.64	76.00	24.81	12.60	100	AN
5	18	1	0	0	6	339.82	76.00	120.66	12.60	100	ENGAGEMENT
3	18	1	1	0	0	70.866000	102.383643	39.943519	10.496666	-1	###FLOW###
4	18	1	1	0	0	70.866000	102.383643	39.943519	10.496666	-1	###LINE###
5	18	1	1	0	0	70.87	102.38	39.94	10.50	100	Phases
3	18	1	2	0	0	70.593000	123.638630	453.818407	23.182735	-1	###FLOW###
4	18	1	2	0	0	70.593000	123.638630	453.818407	9.632735	-1	###LINE###
5	18	1	2	0	0	70.59	123.64	14.22	9.63	100	7.1
5	18	1	2	0	1	88.47	123.64	28.32	9.63	100	Every
5	18	1	2	0	2	120.46	123.64	57.19	9.63	100	engagement
5	18	1	2	0	3	181.31	123.64	32.83	9.63	100	follows
5	18	1	2	0	4	217.80	123.64	23.81	9.63	100	eight
5	18	1	2	0	5	245.27	123.64	34.74	9.63	100	phases.
5	18	1	2	0	6	284.94	123.64	27.21	9.63	100	Small
5	18	1	2	0	7	315.81	123.64	61.57	9.63	100	engagements
5	18	1	2	0	8	381.05	123.64	44.05	9.63	100	compress
5	18	1	2	0	9	428.76	123.64	34.74	9.63	100	phases.
5	18	1	2	0	10	468.43	123.64	13.91	9.63	100	No
5	18	1	2	0	11	486.00	123.64	27.27	9.63	100	phase
5	18	1	2	0	12	516.93	123.64	7.48	9.63	100	is
4	18	1	2	1	0	70.866000	137.188630	309.390803	9.632735	-1	###LINE###
5	18	1	2	1	0	70.87	137.19	40.00	9.63	100	omitted.
5	18	1	2	1	1	115.71	137.19	31.97	9.63	100	Detail,
5	18	1	2	1	2	151.32	137.19	43.64	9.63	100	including
5	18	1	2	1	3	198.59	137.19	24.88	9.63	100	entry
5	18	1	2	1	4	227.11	137.19	17.57	9.63	100	and
5	18	1	2	1	5	248.32	137.19	17.88	9.63	100	exit
5	18	1	2	1	6	269.83	137.19	37.03	9.63	100	criteria,
5	18	1	2	1	7	310.50	137.19	7.33	9.63	100	is
5	18	1	2	1	8	321.48	137.19	9.70	9.63	100	at
5	18	1	2	1	9	334.81	137.19	30.91	9.63	100	Annex
5	18	1	2	1	10	369.35	137.19	10.91	9.63	100	C.
3	18	2	0	0	0	70.866000	370.061539	170.105596	9.741826	-1	###FLOW###
4	18	2	0	0	0	70.866000	370.061539	170.105596	9.741826	-1	###LINE###
5	18	2	0	0	0	70.87	370.06	35.54	9.74	100	Figure
5	18	2	0	0	1	110.58	370.06	9.76	9.74	100	2.
5	18	2	0	0	2	125.92	370.06	67.31	9.74	100	Engagement
5	18	2	0	0	3	197.41	370.06	43.56	9.74	100	lifecycle
3	18	2	1	0	0	70.866000	395.603630	28.089842	9.632735	-1	###FLOW###
4	18	2	1	0	0	70.866000	395.603630	28.089842	9.632735	-1	###LINE###
5	18	2	1	0	0	70.87	395.60	28.09	9.63	100	Phase
3	18	3	0	0	0	151.564000	395.603630	38.728396	9.632735	-1	###FLOW###
4	18	3	0	0	0	151.564000	395.603630	38.728396	9.632735	-1	###LINE###
5	18	3	0	0	0	151.56	395.60	38.73	9.63	100	Purpose
3	18	4	0	0	0	343.964000	395.603630	77.024791	9.632735	-1	###FLOW###
4	18	4	0	0	0	343.964000	395.603630	77.024791	9.632735	-1	###LINE###
5	18	4	0	0	0	343.96	395.60	48.54	9.63	100	Concludes
5	18	4	0	0	1	396.14	395.60	24.85	9.63	100	when
3	18	5	0	0	0	70.866000	415.980630	68.739395	23.182735	-1	###FLOW###
4	18	5	0	0	0	70.866000	415.980630	68.739395	9.632735	-1	###LINE###
5	18	5	0	0	0	70.87	415.98	5.35	9.63	100	0
5	18	5	0	0	1	79.77	415.98	39.05	9.63	100	Demand
5	18	5	0	0	2	122.38	415.98	17.22	9.63	100	and
4	18	5	0	1	0	70.866000	429.530630	58.484776	9.632735	-1	###LINE###
5	18	5	0	1	0	70.87	429.53	58.48	9.63	100	qualification
3	18	6	0	0	0	151.564000	415.980630	180.444567	65.184735	-1	###FLOW###
4	18	6	0	0	0	151.564000	415.980630	169.909232	9.632735	-1	###LINE###
5	18	6	0	0	0	151.56	415.98	49.58	9.63	100	Determine
5	18	6	0	0	1	204.77	415.98	38.21	9.63	100	whether
5	18	6	0	0	2	246.62	415.98	15.16	9.63	100	the
5	18	6	0	0	3	265.41	415.98	56.06	9.63	100	engagement
4	18	6	0	1	0	151.564000	429.530630	153.179037	9.632735	-1	###LINE###
5	18	6	0	1	0	151.56	429.53	30.97	9.63	100	should
5	18	6	0	1	1	186.18	429.53	36.69	9.63	100	proceed
5	18	6	0	1	2	226.51	429.53	17.57	9.63	100	and
5	18	6	0	1	3	247.72	429.53	38.21	9.63	100	whether
5	18	6	0	1	4	289.56	429.53	15.18	9.63	100	red
4	18	6	0	2	0	151.564000	443.079630	159.904497	9.632735	-1	###LINE###
5	18	6	0	2	0	151.56	443.08	38.18	9.63	100	teaming
5	18	6	0	2	1	193.38	443.08	7.33	9.63	100	is
5	18	6	0	2	2	204.36	443.08	15.15	9.63	100	the
5	18	6	0	2	3	223.14	443.08	32.79	9.63	100	correct
5	18	6	0	2	4	259.56	443.08	51.91	9.63	100	instrument
4	18	6	0	3	0	151.564000	457.983630	157.604859	9.632735	-1	###LINE###
5	18	6	0	3	0	151.56	457.98	43.91	9.63	100	Establish
5	18	6	0	3	1	199.11	457.98	34.57	9.63	100	verified
5	18	6	0	3	2	237.32	457.98	46.40	9.63	100	authority,
5	18	6	0	3	3	287.35	457.98	21.82	9.63	100	legal
4	18	6	0	4	0	151.564000	471.532630	180.444567	9.632735	-1	###LINE###
5	18	6	0	4	0	151.56	471.53	33.23	9.63	100	review,
5	18	6	0	4	1	188.41	471.53	51.25	9.63	100	boundaries
5	18	6	0	4	2	243.28	471.53	17.35	9.63	100	and
5	18	6	0	4	3	264.24	471.53	27.27	9.63	100	safety
5	18	6	0	4	4	295.13	471.53	36.88	9.63	100	controls
3	18	7	0	0	0	343.964000	415.980630	175.428146	23.182735	-1	###FLOW###
4	18	7	0	0	0	343.964000	415.980630	175.428146	9.632735	-1	###LINE###
5	18	7	0	0	0	343.96	415.98	18.79	9.63	100	The
5	18	7	0	0	1	366.38	415.98	43.12	9.63	100	customer
5	18	7	0	0	2	413.15	415.98	27.39	9.63	100	states
5	18	7	0	0	3	444.18	415.98	15.15	9.63	100	the
5	18	7	0	0	4	462.96	415.98	37.64	9.63	100	decision
5	18	7	0	0	5	504.24	415.98	15.15	9.63	100	the
4	18	7	0	1	0	343.964000	429.530630	82.245887	9.632735	-1	###LINE###
5	18	7	0	1	0	343.96	429.53	26.76	9.63	100	result
5	18	7	0	1	1	374.35	429.53	16.97	9.63	100	will
5	18	7	0	1	2	394.97	429.53	31.24	9.63	100	inform
3	18	8	0	0	0	70.866000	457.983630	63.120053	122.090735	-1	###FLOW###
4	18	8	0	0	0	70.866000	457.983630	53.632408	9.632735	-1	###LINE###
5	18	8	0	0	0	70.87	457.98	5.45	9.63	100	1
5	18	8	0	0	1	79.95	457.98	44.55	9.63	100	Initiation
4	18	8	0	1	0	70.866000	471.532630	17.574560	9.632735	-1	###LINE###
5	18	8	0	1	0	70.87	471.53	17.57	9.63	100	and
4	18	8	0	2	0	70.866000	485.081630	63.120053	9.632735	-1	###LINE###
5	18	8	0	2	0	70.87	485.08	63.12	9.63	100	authorisation
4	18	8	0	3	0	70.866000	499.985630	41.845126	9.632735	-1	###LINE###
5	18	8	0	3	0	70.87	499.99	5.45	9.63	100	2
5	18	8	0	3	1	79.95	499.99	32.76	9.63	100	Threat
4	18	8	0	4	0	70.866000	513.535630	53.030226	9.632735	-1	###LINE###
5	18	8	0	4	0	70.87	513.54	53.03	9.63	100	intelligence
4	18	8	0	5	0	70.866000	528.439630	51.661134	9.632735	-1	###LINE###
5	18	8	0	5	0	70.87	528.44	5.45	9.63	100	3
5	18	8	0	5	1	79.95	528.44	42.57	9.63	100	Planning
4	18	8	0	6	0	70.866000	541.988630	17.574560	9.632735	-1	###LINE###
5	18	8	0	6	0	70.87	541.99	17.57	9.63	100	and
4	18	8	0	7	0	70.866000	555.537630	55.212046	9.632735	-1	###LINE###
5	18	8	0	7	0	70.87	555.54	55.21	9.63	100	preparation
4	18	8	0	8	0	70.866000	570.441630	56.814593	9.632735	-1	###LINE###
5	18	8	0	8	0	70.87	570.44	5.45	9.63	100	4
5	18	8	0	8	1	79.95	570.44	47.73	9.63	100	Execution
3	18	8	1	0	0	70.866000	598.895630	68.479693	23.181735	-1	###FLOW###
4	18	8	1	0	0	70.866000	598.895630	68.479693	9.632735	-1	###LINE###
5	18	8	1	0	0	70.87	598.90	5.45	9.63	100	5
5	18	8	1	0	1	79.95	598.90	59.39	9.63	100	Culmination
4	18	8	1	1	0	70.866000	612.444630	57.276048	9.632735	-1	###LINE###
5	18	8	1	1	0	70.87	612.44	17.57	9.63	100	and
5	18	8	1	1	1	92.07	612.44	36.07	9.63	100	cleanup
3	18	8	2	0	0	70.866000	640.897630	56.847320	23.181735	-1	###FLOW###
4	18	8	2	0	0	70.866000	640.897630	56.847320	9.632735	-1	###LINE###
5	18	8	2	0	0	70.87	640.90	5.45	9.63	100	6
5	18	8	2	0	1	79.95	640.90	47.76	9.63	100	Reporting
4	18	8	2	1	0	70.866000	654.446630	53.661863	9.632735	-1	###LINE###
5	18	8	2	1	0	70.87	654.45	17.57	9.63	100	and
5	18	8	2	1	1	92.07	654.45	32.45	9.63	100	debrief
3	18	8	3	0	0	70.866000	682.900630	68.717521	23.181735	-1	###FLOW###
4	18	8	3	0	0	70.866000	682.900630	68.717521	9.632735	-1	###LINE###
5	18	8	3	0	0	70.87	682.90	5.41	9.63	100	7
5	18	8	3	0	1	79.91	682.90	59.67	9.63	100	Remediation
4	18	8	3	1	0	70.866000	696.449630	47.966222	9.632735	-1	###LINE###
5	18	8	3	1	0	70.87	696.45	17.57	9.63	100	and
5	18	8	3	1	1	92.07	696.45	26.76	9.63	100	retest
3	18	9	0	0	0	151.564000	499.985630	141.269572	51.635735	-1	###FLOW###
4	18	9	0	0	0	151.564000	499.985630	141.269572	9.632735	-1	###LINE###
5	18	9	0	0	0	151.56	499.99	49.58	9.63	100	Determine
5	18	9	0	0	1	204.77	499.99	27.57	9.63	100	which
5	18	9	0	0	2	235.99	499.99	45.88	9.63	100	adversary
5	18	9	0	0	3	285.50	499.99	7.33	9.63	100	is
4	18	9	0	1	0	151.564000	513.535630	136.789205	9.632735	-1	###LINE###
5	18	9	0	1	0	151.56	513.54	46.36	9.63	100	emulated,
5	18	9	0	1	1	201.57	513.54	17.57	9.63	100	and
5	18	9	0	1	2	222.78	513.54	11.51	9.63	100	on
5	18	9	0	1	3	237.92	513.54	23.64	9.63	100	what
5	18	9	0	1	4	265.20	513.54	23.15	9.63	100	basis
4	18	9	0	2	0	151.564000	528.439630	135.027385	9.632735	-1	###LINE###
5	18	9	0	2	0	151.56	528.44	36.67	9.63	100	Achieve
5	18	9	0	2	1	191.87	528.44	43.18	9.63	100	readiness
5	18	9	0	2	2	238.68	528.44	29.12	9.63	100	before
5	18	9	0	2	3	271.44	528.44	15.15	9.63	100	the
4	18	9	0	3	0	151.564000	541.988630	108.603363	9.632735	-1	###LINE###
5	18	9	0	3	0	151.56	541.99	59.12	9.63	100	environment
5	18	9	0	3	1	214.32	541.99	7.33	9.63	100	is
5	18	9	0	3	2	225.29	541.99	34.88	9.63	100	entered
3	18	9	1	0	0	151.564000	570.441630	180.446717	80.088735	-1	###FLOW###
4	18	9	1	0	0	151.564000	570.441630	180.446717	9.632735	-1	###LINE###
5	18	9	1	0	0	151.56	570.44	39.83	9.63	100	Conduct
5	18	9	1	0	1	195.03	570.44	14.86	9.63	100	the
5	18	9	1	0	2	213.52	570.44	37.55	9.63	100	scenario
5	18	9	1	0	3	254.69	570.44	29.73	9.63	100	within
5	18	9	1	0	4	288.05	570.44	14.86	9.63	100	the
5	18	9	1	0	5	306.54	570.44	25.47	9.63	100	Rules
4	18	9	1	1	0	151.564000	583.991630	71.064059	9.632735	-1	###LINE###
5	18	9	1	1	0	151.56	583.99	8.79	9.63	100	of
5	18	9	1	1	1	163.98	583.99	58.64	9.63	100	Engagement
4	18	9	1	2	0	151.564000	598.895630	136.266659	9.632735	-1	###LINE###
5	18	9	1	2	0	151.56	598.90	33.51	9.63	100	Return
5	18	9	1	2	1	188.71	598.90	15.15	9.63	100	the
5	18	9	1	2	2	207.51	598.90	59.12	9.63	100	environment
5	18	9	1	2	3	270.26	598.90	17.57	9.63	100	and
4	18	9	1	3	0	151.564000	612.444630	157.119404	9.632735	-1	###LINE###
5	18	9	1	3	0	151.56	612.44	56.06	9.63	100	engagement
5	18	9	1	3	1	211.27	612.44	65.30	9.63	100	infrastructure
5	18	9	1	3	2	280.20	612.44	9.70	9.63	100	to
5	18	9	1	3	3	293.53	612.44	15.15	9.63	100	the
4	18	9	1	4	0	151.564000	625.993630	57.664412	9.632735	-1	###LINE###
5	18	9	1	4	0	151.56	625.99	30.94	9.63	100	agreed
5	18	9	1	4	1	186.14	625.99	23.09	9.63	100	state
4	18	9	1	5	0	151.564000	640.897630	145.305939	9.632735	-1	###LINE###
5	18	9	1	5	0	151.56	640.90	37.90	9.63	100	Convert
5	18	9	1	5	1	193.11	640.90	36.06	9.63	100	activity
5	18	9	1	5	2	232.81	640.90	18.48	9.63	100	into
5	18	9	1	5	3	254.93	640.90	41.94	9.63	100	decisions
3	18	10	0	0	0	151.564000	682.900630	167.700140	23.181735	-1	###FLOW###
4	18	10	0	0	0	151.564000	682.900630	167.700140	9.632735	-1	###LINE###
5	18	10	0	0	0	151.56	682.90	43.91	9.63	100	Establish
5	18	10	0	0	1	199.11	682.90	20.00	9.63	100	that
5	18	10	0	0	2	222.75	682.90	15.15	9.63	100	the
5	18	10	0	0	3	241.53	682.90	58.27	9.63	100	organisation
5	18	10	0	0	4	303.45	682.90	15.82	9.63	100	has
4	18	10	0	1	0	151.564000	696.449630	43.964764	9.632735	-1	###LINE###
5	18	10	0	1	0	151.56	696.45	43.96	9.63	100	improved
3	18	11	0	0	0	343.561000	457.983630	181.116514	248.098735	-1	###FLOW###
4	18	11	0	0	0	343.964000	457.983630	167.209230	9.632735	-1	###LINE###
5	18	11	0	0	0	343.96	457.98	25.97	9.63	100	Rules
5	18	11	0	0	1	373.57	457.98	8.79	9.63	100	of
5	18	11	0	0	2	385.99	457.98	58.63	9.63	100	Engagement
5	18	11	0	0	3	448.27	457.98	17.57	9.63	100	and
5	18	11	0	0	4	469.48	457.98	29.27	9.63	100	Letter
5	18	11	0	0	5	502.39	457.98	8.79	9.63	100	of
4	18	11	0	1	0	343.561000	471.532630	180.811621	9.632735	-1	###LINE###
5	18	11	0	1	0	343.56	471.53	65.41	9.63	100	Authorisation
5	18	11	0	1	1	412.61	471.53	14.55	9.63	100	are
5	18	11	0	1	2	430.79	471.53	29.70	9.63	100	signed
5	18	11	0	1	3	464.13	471.53	17.54	9.63	100	and
5	18	11	0	1	4	485.30	471.53	39.07	9.63	100	contacts
4	18	11	0	2	0	343.681000	485.081630	98.817901	9.632735	-1	###LINE###
5	18	11	0	2	0	343.68	485.08	34.57	9.63	100	verified
5	18	11	0	2	1	381.89	485.08	11.52	9.63	100	by
5	18	11	0	2	2	397.04	485.08	45.45	9.63	100	telephone
4	18	11	0	3	0	343.964000	499.985630	180.713514	9.632735	-1	###LINE###
5	18	11	0	3	0	343.96	499.99	8.07	9.63	100	A
5	18	11	0	3	1	355.67	499.99	31.07	9.63	100	named
5	18	11	0	3	2	390.38	499.99	45.23	9.63	100	adversary
5	18	11	0	3	3	439.25	499.99	7.23	9.63	100	is
5	18	11	0	3	4	450.11	499.99	37.41	9.63	100	justified
5	18	11	0	3	5	491.15	499.99	33.52	9.63	100	against
4	18	11	0	4	0	343.964000	513.535630	81.937159	9.632735	-1	###LINE###
5	18	11	0	4	0	343.96	513.54	34.30	9.63	100	current
5	18	11	0	4	1	381.91	513.54	43.99	9.63	100	reporting
4	18	11	0	5	0	343.964000	528.439630	178.975786	9.632735	-1	###LINE###
5	18	11	0	5	0	343.96	528.44	14.24	9.63	100	All
5	18	11	0	5	1	361.84	528.44	33.03	9.63	100	tooling
5	18	11	0	5	2	398.51	528.44	7.33	9.63	100	is
5	18	11	0	5	3	409.48	528.44	28.55	9.63	100	tested
5	18	11	0	5	4	441.66	528.44	9.09	9.63	100	in
5	18	11	0	5	5	454.38	528.44	15.16	9.63	100	the
5	18	11	0	5	6	473.18	528.44	49.76	9.63	100	laboratory
4	18	11	0	6	0	343.964000	541.988630	178.609240	9.632735	-1	###LINE###
5	18	11	0	6	0	343.96	541.99	17.57	9.63	100	and
5	18	11	0	6	1	365.17	541.99	36.07	9.63	100	activity
5	18	11	0	6	2	404.87	541.99	16.36	9.63	100	can
5	18	11	0	6	3	424.87	541.99	11.21	9.63	100	be
5	18	11	0	6	4	439.72	541.99	48.91	9.63	100	suspended
5	18	11	0	6	5	492.27	541.99	30.30	9.63	100	within
4	18	11	0	7	0	343.964000	555.537630	70.366968	9.632735	-1	###LINE###
5	18	11	0	7	0	343.96	555.54	29.39	9.63	100	fifteen
5	18	11	0	7	1	376.99	555.54	37.34	9.63	100	minutes
4	18	11	0	8	0	343.964000	570.441630	178.026694	9.632735	-1	###LINE###
5	18	11	0	8	0	343.96	570.44	49.76	9.63	100	Objectives
5	18	11	0	8	1	397.36	570.44	14.58	9.63	100	are
5	18	11	0	8	2	415.58	570.44	40.30	9.63	100	achieved
5	18	11	0	8	3	459.51	570.44	9.73	9.63	100	or
5	18	11	0	8	4	472.88	570.44	15.15	9.63	100	the
5	18	11	0	8	5	491.66	570.44	30.33	9.63	100	period
4	18	11	0	9	0	343.964000	583.991630	33.122209	9.632735	-1	###LINE###
5	18	11	0	9	0	343.96	583.99	33.12	9.63	100	expires
4	18	11	0	10	0	343.964000	598.895630	147.029577	9.632735	-1	###LINE###
5	18	11	0	10	0	343.96	598.90	27.76	9.63	100	Every
5	18	11	0	10	1	375.36	598.90	59.08	9.63	100	modification
5	18	11	0	10	2	438.09	598.90	7.33	9.63	100	is
5	18	11	0	10	3	449.05	598.90	41.94	9.63	100	reversed,
4	18	11	0	11	0	343.964000	612.444630	131.394655	9.632735	-1	###LINE###
5	18	11	0	11	0	343.96	612.44	41.21	9.63	100	accepted
5	18	11	0	11	1	388.81	612.44	9.73	9.63	100	or
5	18	11	0	11	2	402.18	612.44	51.97	9.63	100	transferred
5	18	11	0	11	3	457.78	612.44	17.57	9.63	100	and
4	18	11	0	12	0	343.964000	625.993630	105.186633	9.632735	-1	###LINE###
5	18	11	0	12	0	343.96	625.99	66.97	9.63	100	independently
5	18	11	0	12	1	414.57	625.99	34.59	9.63	100	verified
4	18	11	0	13	0	343.964000	640.897630	148.123760	9.632735	-1	###LINE###
5	18	11	0	13	0	343.96	640.90	27.76	9.63	100	Every
5	18	11	0	13	1	375.36	640.90	25.44	9.63	100	claim
5	18	11	0	13	2	404.45	640.90	7.33	9.63	100	is
5	18	11	0	13	3	415.42	640.90	46.36	9.63	100	evidenced
5	18	11	0	13	4	465.42	640.90	17.57	9.63	100	and
5	18	11	0	13	5	486.63	640.90	5.45	9.63	100	a
4	18	11	0	14	0	343.964000	654.446630	159.215042	9.632735	-1	###LINE###
5	18	11	0	14	0	343.96	654.45	39.45	9.63	100	reviewer
5	18	11	0	14	1	387.05	654.45	19.39	9.63	100	who
5	18	11	0	14	2	410.09	654.45	15.15	9.63	100	did
5	18	11	0	14	3	428.87	654.45	15.76	9.63	100	not
5	18	11	0	14	4	448.27	654.45	35.45	9.63	100	execute
5	18	11	0	14	5	487.36	654.45	15.82	9.63	100	has
4	18	11	0	15	0	343.964000	667.996630	29.756752	9.632735	-1	###LINE###
5	18	11	0	15	0	343.96	668.00	29.76	9.63	100	signed
4	18	11	0	16	0	343.964000	682.900630	180.446934	9.632735	-1	###LINE###
5	18	11	0	16	0	343.96	682.90	35.57	9.63	100	Critical
5	18	11	0	16	1	383.17	682.90	17.47	9.63	100	and
5	18	11	0	16	2	404.28	682.90	20.48	9.63	100	high
5	18	11	0	16	3	428.40	682.90	36.81	9.63	100	findings
5	18	11	0	16	4	468.85	682.90	14.49	9.63	100	are
5	18	11	0	16	5	486.97	682.90	37.44	9.63	100	retested
4	18	11	0	17	0	343.964000	696.449630	55.792410	9.632735	-1	###LINE###
5	18	11	0	17	0	343.96	696.45	17.57	9.63	100	and
5	18	11	0	17	1	365.17	696.45	34.59	9.63	100	verified
3	18	12	0	0	0	70.866000	732.687643	33.780613	10.496666	-1	###FLOW###
4	18	12	0	0	0	70.866000	732.687643	33.780613	10.496666	-1	###LINE###
5	18	12	0	0	0	70.87	732.69	33.78	10.50	100	Gates
3	18	12	1	0	0	70.593000	753.943630	453.812300	23.181735	-1	###FLOW###
4	18	12	1	0	0	70.593000	753.943630	453.812300	9.632735	-1	###LINE###
5	18	12	1	0	0	70.59	753.94	13.90	9.63	100	7.2
5	18	12	1	0	1	88.13	753.94	23.41	9.63	100	Each
5	18	12	1	0	2	115.18	753.94	26.66	9.63	100	phase
5	18	12	1	0	3	145.47	753.94	45.38	9.63	100	concludes
5	18	12	1	0	4	194.49	753.94	9.67	9.63	100	at
5	18	12	1	0	5	207.79	753.94	5.44	9.63	100	a
5	18	12	1	0	6	216.87	753.94	22.96	9.63	100	gate.
5	18	12	1	0	7	244.70	753.94	8.16	9.63	100	A
5	18	12	1	0	8	256.49	753.94	19.94	9.63	100	gate
5	18	12	1	0	9	280.07	753.94	7.31	9.63	100	is
5	18	12	1	0	10	291.01	753.94	5.44	9.63	100	a
5	18	12	1	0	11	300.10	753.94	37.52	9.63	100	decision
5	18	12	1	0	12	341.26	753.94	25.98	9.63	100	taken
5	18	12	1	0	13	370.88	753.94	11.48	9.63	100	by
5	18	12	1	0	14	386.00	753.94	5.44	9.63	100	a
5	18	12	1	0	15	395.08	753.94	31.42	9.63	100	named
5	18	12	1	0	16	430.13	753.94	63.15	9.63	100	appointment,
5	18	12	1	0	17	496.92	753.94	27.49	9.63	100	which
4	18	12	1	1	0	70.866000	767.492630	243.760567	9.632735	-1	###LINE###
5	18	12	1	1	0	70.87	767.49	27.30	9.63	100	either
5	18	12	1	1	1	101.80	767.49	29.27	9.63	100	passes
5	18	12	1	1	2	134.72	767.49	15.15	9.63	100	the
5	18	12	1	1	3	153.50	767.49	56.06	9.63	100	engagement
5	18	12	1	1	4	213.20	767.49	36.42	9.63	100	forward
5	18	12	1	1	5	253.26	767.49	9.73	9.63	100	or
5	18	12	1	1	6	266.62	767.49	34.06	9.63	100	returns
5	18	12	1	1	7	304.32	767.49	10.30	9.63	100	it.
3	18	12	2	0	0	257.623000	793.912520	80.030500	8.015962	-1	###FLOW###
4	18	12	2	0	0	257.623000	793.912520	80.030500	8.015962	-1	###LINE###
5	18	12	2	0	0	257.62	793.91	80.03	8.02	100	UNCLASSIFIED
3	18	12	3	0	0	287.052000	808.605601	21.172571	7.037598	-1	###FLOW###
4	18	12	3	0	0	287.052000	808.605601	21.172571	7.037598	-1	###LINE###
5	18	12	3	0	0	287.05	808.61	21.17	7.04	100	18/29
1	19	0	0	0	0	287.052000	808.605601	595.276000	841.890000	-1	###PAGE###
3	19	0	0	0	0	257.623000	39.603520	80.030500	8.015962	-1	###FLOW###
4	19	0	0	0	0	257.623000	39.603520	80.030500	8.015962	-1	###LINE###
5	19	0	0	0	0	257.62	39.60	80.03	8.02	100	UNCLASSIFIED
3	19	1	0	0	0	70.593000	78.293630	454.037942	63.829735	-1	###FLOW###
4	19	1	0	0	0	70.593000	78.293630	454.037942	9.632735	-1	###LINE###
5	19	1	0	0	0	70.59	78.29	13.66	9.63	100	7.3
5	19	1	0	0	1	87.69	78.29	22.64	9.63	100	Gate
5	19	1	0	0	2	113.76	78.29	13.73	9.63	100	G1
5	19	1	0	0	3	130.93	78.29	7.19	9.63	100	is
5	19	1	0	0	4	141.55	78.29	41.63	9.63	100	absolute.
5	19	1	0	0	5	187.96	78.29	38.34	9.63	100	Another
5	19	1	0	0	6	229.74	78.29	19.60	9.63	100	gate
5	19	1	0	0	7	252.77	78.29	19.59	9.63	100	may
5	19	1	0	0	8	275.79	78.29	11.00	9.63	100	be
5	19	1	0	0	9	290.23	78.29	30.41	9.63	100	passed
5	19	1	0	0	10	324.07	78.29	60.29	9.63	100	conditionally
5	19	1	0	0	11	387.78	78.29	19.90	9.63	100	only
5	19	1	0	0	12	411.11	78.29	27.35	9.63	100	where
5	19	1	0	0	13	441.89	78.29	11.34	9.63	100	its
5	19	1	0	0	14	456.67	78.29	36.88	9.63	100	decision
5	19	1	0	0	15	496.99	78.29	27.65	9.63	100	owner
4	19	1	0	1	0	70.866000	91.843630	453.545789	9.632735	-1	###LINE###
5	19	1	0	1	0	70.87	91.84	34.74	9.63	100	records
5	19	1	0	1	1	110.05	91.84	15.45	9.63	100	the
5	19	1	0	1	2	129.94	91.84	30.91	9.63	100	unmet
5	19	1	0	1	3	165.29	91.84	43.95	9.63	100	criterion,
5	19	1	0	1	4	213.87	91.84	20.80	9.63	100	risk,
5	19	1	0	1	5	239.32	91.84	66.52	9.63	100	compensating
5	19	1	0	1	6	310.28	91.84	36.81	9.63	100	control,
5	19	1	0	1	7	351.73	91.84	28.79	9.63	100	owner
5	19	1	0	1	8	384.95	91.84	17.93	9.63	100	and
5	19	1	0	1	9	407.32	91.84	43.27	9.63	100	deadline.
5	19	1	0	1	10	457.85	91.84	8.35	9.63	100	A
5	19	1	0	1	11	470.63	91.84	53.78	9.63	100	conditional
4	19	1	0	2	0	70.866000	105.392630	453.549127	9.632735	-1	###LINE###
5	19	1	0	2	0	70.87	105.39	20.52	9.63	100	pass
5	19	1	0	2	1	95.64	105.39	32.76	9.63	100	cannot
5	19	1	0	2	2	132.66	105.39	20.43	9.63	100	cure
5	19	1	0	2	3	157.35	105.39	42.36	9.63	100	defective
5	19	1	0	2	4	203.95	105.39	47.35	9.63	100	authority,
5	19	1	0	2	5	255.70	105.39	32.16	9.63	100	invalid
5	19	1	0	2	6	292.13	105.39	40.24	9.63	100	provider
5	19	1	0	2	7	336.62	105.39	9.92	9.63	100	or
5	19	1	0	2	8	350.80	105.39	53.85	9.63	100	third-party
5	19	1	0	2	9	408.91	105.39	54.85	9.63	100	permission,
5	19	1	0	2	10	468.17	105.39	11.74	9.63	100	an
5	19	1	0	2	11	484.16	105.39	40.25	9.63	100	absolute
4	19	1	0	3	0	70.866000	118.941630	453.547229	9.632735	-1	###LINE###
5	19	1	0	3	0	70.87	118.94	54.67	9.63	100	prohibition,
5	19	1	0	3	1	129.14	118.94	11.28	9.63	100	an
5	19	1	0	3	2	144.03	118.94	49.38	9.63	100	unresolved
5	19	1	0	3	3	197.00	118.94	41.69	9.63	100	cessation
5	19	1	0	3	4	242.30	118.94	42.23	9.63	100	criterion,
5	19	1	0	3	5	288.13	118.94	9.53	9.63	100	or
5	19	1	0	3	6	301.27	118.94	11.28	9.63	100	an
5	19	1	0	3	7	316.15	118.94	29.46	9.63	100	unsafe
5	19	1	0	3	8	349.21	118.94	23.16	9.63	100	plan.
5	19	1	0	3	9	377.20	118.94	37.71	9.63	100	Activity
5	19	1	0	3	10	418.51	118.94	47.51	9.63	100	conducted
5	19	1	0	3	11	469.62	118.94	28.54	9.63	100	before
5	19	1	0	3	12	501.77	118.94	22.64	9.63	100	Gate
4	19	1	0	4	0	70.866000	132.490630	132.349201	9.632735	-1	###LINE###
5	19	1	0	4	0	70.87	132.49	14.01	9.63	100	G1
5	19	1	0	4	1	88.51	132.49	7.33	9.63	100	is
5	19	1	0	4	2	99.49	132.49	61.91	9.63	100	unauthorised
5	19	1	0	4	3	165.03	132.49	38.19	9.63	100	activity.
3	19	1	1	0	0	70.593000	152.814630	453.812390	23.181735	-1	###FLOW###
4	19	1	1	0	0	70.593000	152.814630	453.812390	9.632735	-1	###LINE###
5	19	1	1	0	0	70.59	152.81	13.91	9.63	100	7.4
5	19	1	1	0	1	88.14	152.81	28.03	9.63	100	Phase
5	19	1	1	0	2	119.80	152.81	5.44	9.63	100	7
5	19	1	1	0	3	128.88	152.81	60.66	9.63	100	distinguishes
5	19	1	1	0	4	193.18	152.81	11.49	9.63	100	an
5	19	1	1	0	5	208.31	152.81	45.51	9.63	100	assurance
5	19	1	1	0	6	257.45	152.81	46.58	9.63	100	capability
5	19	1	1	0	7	307.66	152.81	22.11	9.63	100	from
5	19	1	1	0	8	333.40	152.81	11.49	9.63	100	an
5	19	1	1	0	9	348.53	152.81	59.30	9.63	100	expenditure.
5	19	1	1	0	10	412.68	152.81	8.17	9.63	100	A
5	19	1	1	0	11	424.47	152.81	32.67	9.63	100	finding
5	19	1	1	0	12	460.77	152.81	7.32	9.63	100	is
5	19	1	1	0	13	471.72	152.81	28.49	9.63	100	closed
5	19	1	1	0	14	503.85	152.81	11.49	9.63	100	by
5	19	1	1	0	15	518.96	152.81	5.44	9.63	100	a
4	19	1	1	1	0	70.866000	166.363630	220.370365	9.632735	-1	###LINE###
5	19	1	1	1	0	70.87	166.36	31.03	9.63	100	passed
5	19	1	1	1	1	105.53	166.36	26.76	9.63	100	retest
5	19	1	1	1	2	135.93	166.36	17.57	9.63	100	and
5	19	1	1	1	3	157.14	166.36	15.76	9.63	100	not
5	19	1	1	1	4	176.54	166.36	11.51	9.63	100	by
5	19	1	1	1	5	191.68	166.36	15.15	9.63	100	the
5	19	1	1	1	6	210.47	166.36	32.82	9.63	100	closure
5	19	1	1	1	7	246.93	166.36	8.79	9.63	100	of
5	19	1	1	1	8	259.35	166.36	5.45	9.63	100	a
5	19	1	1	1	9	268.44	166.36	22.80	9.63	100	task.
3	19	2	0	0	0	70.866000	194.915643	63.431900	10.496666	-1	###FLOW###
4	19	2	0	0	0	70.866000	194.915643	63.431900	10.496666	-1	###LINE###
5	19	2	0	0	0	70.87	194.92	63.43	10.50	100	Timescales
3	19	2	1	0	0	70.593000	216.170630	344.485378	9.632735	-1	###FLOW###
4	19	2	1	0	0	70.593000	216.170630	344.485378	9.632735	-1	###LINE###
5	19	2	1	0	0	70.59	216.17	13.94	9.63	100	7.5
5	19	2	1	0	1	88.17	216.17	18.79	9.63	100	The
5	19	2	1	0	2	110.60	216.17	42.42	9.63	100	following
5	19	2	1	0	3	156.65	216.17	14.58	9.63	100	are
5	19	2	1	0	4	174.87	216.17	41.21	9.63	100	planning
5	19	2	1	0	5	219.71	216.17	31.00	9.63	100	figures
5	19	2	1	0	6	254.35	216.17	13.06	9.63	100	for
5	19	2	1	0	7	271.05	216.17	5.45	9.63	100	a
5	19	2	1	0	8	280.14	216.17	31.88	9.63	100	scoped
5	19	2	1	0	9	315.65	216.17	36.69	9.63	100	internal
5	19	2	1	0	10	355.99	216.17	59.09	9.63	100	engagement.
3	19	2	2	0	0	70.866000	244.599630	32.392391	9.632735	-1	###FLOW###
4	19	2	2	0	0	70.866000	244.599630	32.392391	9.632735	-1	###LINE###
5	19	2	2	0	0	70.87	244.60	32.39	9.63	100	Phases
3	19	3	0	0	0	400.765000	244.599630	37.180395	9.632735	-1	###FLOW###
4	19	3	0	0	0	400.765000	244.599630	37.180395	9.632735	-1	###LINE###
5	19	3	0	0	0	400.77	244.60	37.18	9.63	100	Elapsed
3	19	4	0	0	0	70.866000	264.977630	132.275019	9.632735	-1	###FLOW###
4	19	4	0	0	0	70.866000	264.977630	132.275019	9.632735	-1	###LINE###
5	19	4	0	0	0	70.87	264.98	5.45	9.63	100	0
5	19	4	0	0	1	79.95	264.98	9.70	9.63	100	to
5	19	4	0	0	2	93.29	264.98	8.49	9.63	100	3,
5	19	4	0	0	3	105.41	264.98	37.57	9.63	100	demand
5	19	4	0	0	4	146.62	264.98	9.70	9.63	100	to
5	19	4	0	0	5	159.96	264.98	43.18	9.63	100	readiness
3	19	5	0	0	0	400.373000	264.977630	111.964820	123.445735	-1	###FLOW###
4	19	5	0	0	0	400.765000	264.977630	95.239716	9.632735	-1	###LINE###
5	19	5	0	0	0	400.77	264.98	27.91	9.63	100	Three
5	19	5	0	0	1	432.31	264.98	9.70	9.63	100	to
5	19	5	0	0	2	445.65	264.98	16.36	9.63	100	five
5	19	5	0	0	3	465.64	264.98	30.36	9.63	100	weeks,
4	19	5	0	1	0	400.765000	278.526630	111.572820	9.632735	-1	###LINE###
5	19	5	0	1	0	400.77	278.53	42.15	9.63	100	governed
5	19	5	0	1	1	446.56	278.53	50.64	9.63	100	principally
5	19	5	0	1	2	500.83	278.53	11.51	9.63	100	by
4	19	5	0	2	0	400.765000	292.075630	43.726946	9.632735	-1	###LINE###
5	19	5	0	2	0	400.77	292.08	43.73	9.63	100	signature
4	19	5	0	3	0	400.765911	306.979630	87.058982	9.632735	-1	###LINE###
5	19	5	0	3	0	400.77	306.98	20.00	9.63	100	Two
5	19	5	0	3	1	424.40	306.98	9.70	9.63	100	to
5	19	5	0	3	2	437.74	306.98	19.12	9.63	100	four
5	19	5	0	3	3	460.49	306.98	27.33	9.63	100	weeks
4	19	5	0	4	0	400.765000	321.883630	105.148451	9.632735	-1	###LINE###
5	19	5	0	4	0	400.77	321.88	19.39	9.63	100	One
5	19	5	0	4	1	423.79	321.88	17.57	9.63	100	and
5	19	5	0	4	2	445.01	321.88	5.45	9.63	100	a
5	19	5	0	4	3	454.10	321.88	17.88	9.63	100	half
5	19	5	0	4	4	475.62	321.88	9.70	9.63	100	to
5	19	5	0	4	5	488.95	321.88	16.96	9.63	100	two
4	19	5	0	5	0	400.373000	335.432630	27.331659	9.632735	-1	###LINE###
5	19	5	0	5	0	400.37	335.43	27.33	9.63	100	weeks
4	19	5	0	6	0	400.770275	350.337630	102.209540	9.632735	-1	###LINE###
5	19	5	0	6	0	400.77	350.34	19.39	9.63	100	One
5	19	5	0	6	1	423.80	350.34	9.70	9.63	100	to
5	19	5	0	6	2	437.13	350.34	24.27	9.63	100	three
5	19	5	0	6	3	465.03	350.34	37.95	9.63	100	months,
4	19	5	0	7	0	400.765000	363.886630	38.217850	9.632735	-1	###LINE###
5	19	5	0	7	0	400.77	363.89	38.22	9.63	100	periodic
4	19	5	0	8	0	400.765000	378.790630	82.785887	9.632735	-1	###LINE###
5	19	5	0	8	0	400.77	378.79	14.85	9.63	100	Six
5	19	5	0	8	1	419.25	378.79	9.70	9.63	100	to
5	19	5	0	8	2	432.59	378.79	20.00	9.63	100	nine
5	19	5	0	8	3	456.22	378.79	27.33	9.63	100	weeks
3	19	6	0	0	0	70.866000	306.979630	117.035007	24.536735	-1	###FLOW###
4	19	6	0	0	0	70.866000	306.979630	57.270593	9.632735	-1	###LINE###
5	19	6	0	0	0	70.87	306.98	8.49	9.63	100	4,
5	19	6	0	0	1	82.98	306.98	45.15	9.63	100	execution
4	19	6	0	1	0	70.866000	321.883630	117.035007	9.632735	-1	###LINE###
5	19	6	0	1	0	70.87	321.88	5.45	9.63	100	5
5	19	6	0	1	1	79.95	321.88	9.70	9.63	100	to
5	19	6	0	1	2	93.29	321.88	8.49	9.63	100	6,
5	19	6	0	1	3	105.41	321.88	36.06	9.63	100	cleanup
5	19	6	0	1	4	145.11	321.88	9.70	9.63	100	to
5	19	6	0	1	5	158.44	321.88	29.46	9.63	100	report
3	19	6	1	0	0	70.866000	350.337630	120.122282	9.632735	-1	###FLOW###
4	19	6	1	0	0	70.866000	350.337630	120.122282	9.632735	-1	###LINE###
5	19	6	1	0	0	70.87	350.34	8.49	9.63	100	7,
5	19	6	1	0	1	82.98	350.34	56.39	9.63	100	remediation
5	19	6	1	0	2	143.02	350.34	17.57	9.63	100	and
5	19	6	1	0	3	164.23	350.34	26.76	9.63	100	retest
3	19	6	2	0	0	70.866000	378.790630	139.634298	9.632735	-1	###FLOW###
4	19	6	2	0	0	70.866000	378.790630	139.634298	9.632735	-1	###LINE###
5	19	6	2	0	0	70.87	378.79	39.85	9.63	100	Demand
5	19	6	2	0	1	114.35	378.79	9.70	9.63	100	to
5	19	6	2	0	2	127.69	378.79	37.30	9.63	100	delivery
5	19	6	2	0	3	168.62	378.79	8.79	9.63	100	of
5	19	6	2	0	4	181.05	378.79	29.45	9.63	100	report
3	19	7	0	0	0	70.593000	418.286630	454.104226	23.182735	-1	###FLOW###
4	19	7	0	0	0	70.593000	418.286630	454.104226	9.632735	-1	###LINE###
5	19	7	0	0	0	70.59	418.29	13.66	9.63	100	7.6
5	19	7	0	0	1	87.30	418.29	46.77	9.63	100	Execution
5	19	7	0	0	2	137.12	418.29	50.60	9.63	100	constitutes
5	19	7	0	0	3	190.77	418.29	16.16	9.63	100	less
5	19	7	0	0	4	209.97	418.29	21.38	9.63	100	than
5	19	7	0	0	5	234.40	418.29	17.52	9.63	100	half
5	19	7	0	0	6	254.97	418.29	8.61	9.63	100	of
5	19	7	0	0	7	266.63	418.29	11.28	9.63	100	an
5	19	7	0	0	8	280.96	418.29	57.90	9.63	100	engagement.
5	19	7	0	0	9	343.50	418.29	8.02	9.63	100	A
5	19	7	0	0	10	354.57	418.29	55.89	9.63	100	requirement
5	19	7	0	0	11	413.51	418.29	44.40	9.63	100	expressed
5	19	7	0	0	12	460.95	418.29	9.56	9.63	100	as
5	19	7	0	0	13	473.56	418.29	5.35	9.63	100	a
5	19	7	0	0	14	481.95	418.29	42.75	9.63	100	two-week
4	19	7	0	1	0	70.866000	431.836630	348.057017	9.632735	-1	###LINE###
5	19	7	0	1	0	70.87	431.84	56.06	9.63	100	engagement
5	19	7	0	1	1	130.57	431.84	7.32	9.63	100	is
5	19	7	0	1	2	141.53	431.84	5.45	9.63	100	a
5	19	7	0	1	3	150.62	431.84	39.76	9.63	100	six-week
5	19	7	0	1	4	194.02	431.84	56.06	9.63	100	engagement
5	19	7	0	1	5	253.71	431.84	49.39	9.63	100	containing
5	19	7	0	1	6	306.75	431.84	16.96	9.63	100	two
5	19	7	0	1	7	327.36	431.84	27.33	9.63	100	weeks
5	19	7	0	1	8	358.32	431.84	8.79	9.63	100	of
5	19	7	0	1	9	370.74	431.84	48.18	9.63	100	execution.
3	19	7	1	0	0	70.593000	452.159630	455.935198	50.280735	-1	###FLOW###
4	19	7	1	0	0	70.593000	452.159630	453.816570	9.632735	-1	###LINE###
5	19	7	1	0	0	70.59	452.16	13.83	9.63	100	7.7
5	19	7	1	0	1	88.07	452.16	8.12	9.63	100	A
5	19	7	1	0	2	99.83	452.16	30.39	9.63	100	formal
5	19	7	1	0	3	133.86	452.16	37.72	9.63	100	TIBER,
5	19	7	1	0	4	175.23	452.16	32.77	9.63	100	DORA
5	19	7	1	0	5	211.64	452.16	9.65	9.63	100	or
5	19	7	1	0	6	224.94	452.16	36.67	9.63	100	CBEST
5	19	7	1	0	7	265.25	452.16	17.50	9.63	100	test
5	19	7	1	0	8	286.39	452.16	31.92	9.63	100	follows
5	19	7	1	0	9	321.96	452.16	15.03	9.63	100	the
5	19	7	1	0	10	340.64	452.16	34.03	9.63	100	current
5	19	7	1	0	11	378.30	452.16	40.70	9.63	100	scheme’s
5	19	7	1	0	12	422.65	452.16	43.32	9.63	100	duration,
5	19	7	1	0	13	469.61	452.16	54.80	9.63	100	deliverables
4	19	7	1	1	0	70.866000	465.709630	455.662198	9.632735	-1	###LINE###
5	19	7	1	1	0	70.87	465.71	17.93	9.63	100	and
5	19	7	1	1	1	93.30	465.71	45.17	9.63	100	authority
5	19	7	1	1	2	142.97	465.71	38.18	9.63	100	process,
5	19	7	1	1	3	185.87	465.71	28.14	9.63	100	which
5	19	7	1	1	4	218.51	465.71	20.41	9.63	100	may
5	19	7	1	1	5	243.42	465.71	11.44	9.63	100	be
5	19	7	1	1	6	259.37	465.71	49.18	9.63	100	materially
5	19	7	1	1	7	313.05	465.71	29.70	9.63	100	longer
5	19	7	1	1	8	347.26	465.71	22.25	9.63	100	than
5	19	7	1	1	9	374.02	465.71	24.79	9.63	100	these
5	19	7	1	1	10	403.32	465.71	37.44	9.63	100	internal
5	19	7	1	1	11	445.27	465.71	42.05	9.63	100	planning
5	19	7	1	1	12	491.82	465.71	34.71	9.63	100	figures.
4	19	7	1	2	0	70.866000	479.258630	453.541883	9.632735	-1	###LINE###
5	19	7	1	2	0	70.87	479.26	34.74	9.63	100	Scheme
5	19	7	1	2	1	108.87	479.26	47.03	9.63	100	timescales
5	19	7	1	2	2	159.16	479.26	14.29	9.63	100	are
5	19	7	1	2	3	176.71	479.26	15.44	9.63	100	not
5	19	7	1	2	4	195.41	479.26	42.50	9.63	100	imported
5	19	7	1	2	5	241.17	479.26	18.11	9.63	100	into
5	19	7	1	2	6	262.54	479.26	39.56	9.63	100	ordinary
5	19	7	1	2	7	305.36	479.26	35.96	9.63	100	internal
5	19	7	1	2	8	344.58	479.26	22.59	9.63	100	work
5	19	7	1	2	9	370.43	479.26	17.22	9.63	100	and
5	19	7	1	2	10	390.91	479.26	21.44	9.63	100	shall
5	19	7	1	2	11	415.61	479.26	15.44	9.63	100	not
5	19	7	1	2	12	434.32	479.26	10.99	9.63	100	be
5	19	7	1	2	13	448.57	479.26	45.23	9.63	100	shortened
5	19	7	1	2	14	497.06	479.26	27.35	9.63	100	where
4	19	7	1	3	0	70.866000	492.807630	91.940804	9.632735	-1	###LINE###
5	19	7	1	3	0	70.87	492.81	15.15	9.63	100	the
5	19	7	1	3	1	89.65	492.81	33.71	9.63	100	scheme
5	19	7	1	3	2	126.99	492.81	35.82	9.63	100	applies.
3	19	8	0	0	0	70.866000	521.359643	113.193029	10.496666	-1	###FLOW###
4	19	8	0	0	0	70.866000	521.359643	113.193029	10.496666	-1	###LINE###
5	19	8	0	0	0	70.87	521.36	37.41	10.50	100	Stages
5	19	8	0	0	1	112.76	521.36	10.83	10.50	100	of
5	19	8	0	0	2	128.07	521.36	55.99	10.50	100	execution
3	19	8	1	0	0	70.593000	542.614630	453.821745	23.181735	-1	###FLOW###
4	19	8	1	0	0	70.593000	542.614630	453.821745	9.632735	-1	###LINE###
5	19	8	1	0	0	70.59	542.61	14.22	9.63	100	7.8
5	19	8	1	0	1	88.53	542.61	48.68	9.63	100	Execution
5	19	8	1	0	2	140.94	542.61	41.81	9.63	100	proceeds
5	19	8	1	0	3	186.47	542.61	9.27	9.63	100	in
5	19	8	1	0	4	199.45	542.61	24.76	9.63	100	three
5	19	8	1	0	5	227.93	542.61	32.27	9.63	100	stages.
5	19	8	1	0	6	265.30	542.61	19.17	9.63	100	The
5	19	8	1	0	7	288.19	542.61	29.18	9.63	100	stages
5	19	8	1	0	8	321.08	542.61	39.34	9.63	100	describe
5	19	8	1	0	9	364.14	542.61	15.45	9.63	100	the
5	19	8	1	0	10	383.32	542.61	54.73	9.63	100	operational
5	19	8	1	0	11	441.77	542.61	42.41	9.63	100	sequence
5	19	8	1	0	12	487.89	542.61	17.93	9.63	100	and
5	19	8	1	0	13	509.55	542.61	14.87	9.63	100	are
4	19	8	1	1	0	70.866000	556.163630	360.480300	9.632735	-1	###LINE###
5	19	8	1	1	0	70.87	556.16	35.82	9.63	100	distinct
5	19	8	1	1	1	110.32	556.16	22.15	9.63	100	from
5	19	8	1	1	2	136.11	556.16	15.15	9.63	100	the
5	19	8	1	1	3	154.90	556.16	30.97	9.63	100	tactics
5	19	8	1	1	4	189.50	556.16	9.70	9.63	100	at
5	19	8	1	1	5	202.84	556.16	30.91	9.63	100	Annex
5	19	8	1	1	6	237.38	556.16	11.36	9.63	100	D,
5	19	8	1	1	7	252.38	556.16	27.58	9.63	100	which
5	19	8	1	1	8	283.59	556.16	38.58	9.63	100	describe
5	19	8	1	1	9	325.81	556.16	47.57	9.63	100	individual
5	19	8	1	1	10	377.01	556.16	54.33	9.63	100	behaviours.
3	19	8	2	0	0	70.866000	584.592630	26.060749	9.632735	-1	###FLOW###
4	19	8	2	0	0	70.866000	584.592630	26.060749	9.632735	-1	###LINE###
5	19	8	2	0	0	70.87	584.59	26.06	9.63	100	Stage
3	19	9	0	0	0	179.971000	584.592630	32.124027	9.632735	-1	###FLOW###
4	19	9	0	0	0	179.971000	584.592630	32.124027	9.632735	-1	###LINE###
5	19	9	0	0	0	179.97	584.59	32.12	9.63	100	Object
3	19	10	0	0	0	70.866000	604.970630	34.852393	39.440735	-1	###FLOW###
4	19	10	0	0	0	70.866000	604.970630	31.284026	9.632735	-1	###LINE###
5	19	10	0	0	0	70.87	604.97	17.65	9.63	100	Get
5	19	10	0	0	1	92.15	604.97	10.00	9.63	100	In
4	19	10	0	1	0	70.866000	619.874630	34.852393	9.632735	-1	###LINE###
5	19	10	0	1	0	70.87	619.87	21.21	9.63	100	Stay
5	19	10	0	1	1	95.72	619.87	10.00	9.63	100	In
4	19	10	0	2	0	70.866000	634.778630	16.968014	9.632735	-1	###LINE###
5	19	10	0	2	0	70.87	634.78	16.97	9.63	100	Act
3	19	11	0	0	0	179.971000	604.970630	221.604185	39.440735	-1	###FLOW###
4	19	11	0	0	0	179.971000	604.970630	96.032807	9.632735	-1	###LINE###
5	19	11	0	0	0	179.97	604.97	43.91	9.63	100	Establish
5	19	11	0	0	1	227.52	604.97	5.45	9.63	100	a
5	19	11	0	0	2	236.61	604.97	39.39	9.63	100	foothold
4	19	11	0	1	0	179.976636	619.874630	177.387421	9.632735	-1	###LINE###
5	19	11	0	1	0	179.98	619.87	34.12	9.63	100	Render
5	19	11	0	1	1	217.73	619.87	28.61	9.63	100	access
5	19	11	0	1	2	249.97	619.87	34.58	9.63	100	reliable
5	19	11	0	1	3	288.18	619.87	17.57	9.63	100	and
5	19	11	0	1	4	309.40	619.87	47.97	9.63	100	survivable
4	19	11	0	2	0	179.971000	634.778630	221.604185	9.632735	-1	###LINE###
5	19	11	0	2	0	179.97	634.78	36.67	9.63	100	Achieve
5	19	11	0	2	1	220.28	634.78	15.15	9.63	100	the
5	19	11	0	2	2	239.06	634.78	42.43	9.63	100	objective
5	19	11	0	2	3	285.12	634.78	17.59	9.63	100	and
5	19	11	0	2	4	306.34	634.78	58.88	9.63	100	demonstrate
5	19	11	0	2	5	368.85	634.78	32.73	9.63	100	impact
3	19	12	0	0	0	70.866000	674.012643	76.967578	10.496666	-1	###FLOW###
4	19	12	0	0	0	70.866000	674.012643	76.967578	10.496666	-1	###LINE###
5	19	12	0	0	0	70.87	674.01	76.97	10.50	100	Deconfliction
3	19	12	1	0	0	70.593000	695.267630	455.931735	36.731735	-1	###FLOW###
4	19	12	1	0	0	70.593000	695.267630	453.818346	9.632735	-1	###LINE###
5	19	12	1	0	0	70.59	695.27	14.11	9.63	100	7.9
5	19	12	1	0	1	88.32	695.27	63.02	9.63	100	Deconfliction
5	19	12	1	0	2	154.96	695.27	51.09	9.63	100	establishes
5	19	12	1	0	3	209.68	695.27	38.67	9.63	100	whether
5	19	12	1	0	4	251.98	695.27	41.80	9.63	100	observed
5	19	12	1	0	5	297.41	695.27	36.49	9.63	100	activity
5	19	12	1	0	6	337.52	695.27	46.71	9.63	100	originates
5	19	12	1	0	7	387.86	695.27	22.42	9.63	100	from
5	19	12	1	0	8	413.90	695.27	15.33	9.63	100	the
5	19	12	1	0	9	432.85	695.27	15.36	9.63	100	red
5	19	12	1	0	10	451.84	695.27	23.92	9.63	100	team
5	19	12	1	0	11	479.38	695.27	9.84	9.63	100	or
5	19	12	1	0	12	492.85	695.27	22.42	9.63	100	from
5	19	12	1	0	13	518.89	695.27	5.52	9.63	100	a
4	19	12	1	1	0	70.866000	708.816630	453.549127	9.632735	-1	###LINE###
5	19	12	1	1	0	70.87	708.82	36.79	9.63	100	genuine
5	19	12	1	1	1	111.68	708.82	48.98	9.63	100	adversary.
5	19	12	1	1	2	166.71	708.82	8.35	9.63	100	It
5	19	12	1	1	3	179.10	708.82	32.24	9.63	100	guards
5	19	12	1	1	4	215.36	708.82	34.68	9.63	100	against
5	19	12	1	1	5	254.08	708.82	17.32	9.63	100	two
5	19	12	1	1	6	275.43	708.82	38.11	9.63	100	failures:
5	19	12	1	1	7	319.19	708.82	57.51	9.63	100	expenditure
5	19	12	1	1	8	380.74	708.82	8.96	9.63	100	of
5	19	12	1	1	9	393.73	708.82	43.65	9.63	100	defensive
5	19	12	1	1	10	441.42	708.82	25.69	9.63	100	effort
5	19	12	1	1	11	471.14	708.82	11.74	9.63	100	on
5	19	12	1	1	12	486.92	708.82	37.50	9.63	100	exercise
4	19	12	1	2	0	70.866000	722.366630	455.658735	9.632735	-1	###LINE###
5	19	12	1	2	0	70.87	722.37	37.48	9.63	100	activity,
5	19	12	1	2	1	111.97	722.37	17.26	9.63	100	and
5	19	12	1	2	2	132.85	722.37	41.85	9.63	100	dismissal
5	19	12	1	2	3	178.32	722.37	8.63	9.63	100	of
5	19	12	1	2	4	190.58	722.37	5.36	9.63	100	a
5	19	12	1	2	5	199.57	722.37	35.41	9.63	100	genuine
5	19	12	1	2	6	238.60	722.37	41.45	9.63	100	intrusion
5	19	12	1	2	7	283.68	722.37	9.58	9.63	100	as
5	19	12	1	2	8	296.89	722.37	36.10	9.63	100	exercise
5	19	12	1	2	9	336.61	722.37	37.48	9.63	100	activity.
5	19	12	1	2	10	378.93	722.37	18.45	9.63	100	The
5	19	12	1	2	11	401.01	722.37	31.01	9.63	100	second
5	19	12	1	2	12	435.65	722.37	7.20	9.63	100	is
5	19	12	1	2	13	446.48	722.37	14.88	9.63	100	the
5	19	12	1	2	14	464.98	722.37	23.24	9.63	100	more
5	19	12	1	2	15	491.86	722.37	34.67	9.63	100	serious.
3	19	13	0	0	0	257.623000	793.912520	80.030500	8.015962	-1	###FLOW###
4	19	13	0	0	0	257.623000	793.912520	80.030500	8.015962	-1	###LINE###
5	19	13	0	0	0	257.62	793.91	80.03	8.02	100	UNCLASSIFIED
3	19	13	1	0	0	287.052000	808.605601	21.172571	7.037598	-1	###FLOW###
4	19	13	1	0	0	287.052000	808.605601	21.172571	7.037598	-1	###LINE###
5	19	13	1	0	0	287.05	808.61	21.17	7.04	100	19/29
1	20	0	0	0	0	287.052000	808.605601	595.276000	841.890000	-1	###PAGE###
3	20	0	0	0	0	257.623000	39.603520	80.030500	8.015962	-1	###FLOW###
4	20	0	0	0	0	257.623000	39.603520	80.030500	8.015962	-1	###LINE###
5	20	0	0	0	0	257.62	39.60	80.03	8.02	100	UNCLASSIFIED
3	20	1	0	0	0	70.866000	455.743539	186.001246	9.741826	-1	###FLOW###
4	20	1	0	0	0	70.866000	455.743539	186.001246	9.741826	-1	###LINE###
5	20	1	0	0	0	70.87	455.74	35.54	9.74	100	Figure
5	20	1	0	0	1	110.58	455.74	9.76	9.74	100	3.
5	20	1	0	0	2	125.92	455.74	71.82	9.74	100	Deconfliction
5	20	1	0	0	3	201.93	455.74	54.94	9.74	100	procedure
3	20	1	1	0	0	70.593000	476.176630	453.819847	36.731735	-1	###FLOW###
4	20	1	1	0	0	70.593000	476.176630	453.819847	9.632735	-1	###LINE###
5	20	1	1	0	0	70.59	476.18	19.01	9.63	100	7.10
5	20	1	1	0	1	92.59	476.18	8.02	9.63	100	A
5	20	1	1	0	2	103.60	476.18	65.36	9.63	100	determination
5	20	1	1	0	3	171.96	476.18	8.61	9.63	100	of
5	20	1	1	0	4	183.57	476.18	40.42	9.63	100	probable
5	20	1	1	0	5	226.98	476.18	51.11	9.63	100	attribution
5	20	1	1	0	6	281.08	476.18	7.19	9.63	100	is
5	20	1	1	0	7	291.26	476.18	15.44	9.63	100	not
5	20	1	1	0	8	309.69	476.18	49.03	9.63	100	permitted.
5	20	1	1	0	9	363.37	476.18	30.62	9.63	100	Where
5	20	1	1	0	10	396.98	476.18	14.85	9.63	100	the
5	20	1	1	0	11	414.82	476.18	33.38	9.63	100	records
5	20	1	1	0	12	451.19	476.18	11.28	9.63	100	do
5	20	1	1	0	13	465.47	476.18	15.44	9.63	100	not
5	20	1	1	0	14	483.91	476.18	40.51	9.63	100	establish
4	20	1	1	1	0	70.866000	489.725630	453.539151	9.632735	-1	###LINE###
5	20	1	1	1	0	70.87	489.73	51.37	9.63	100	attribution
5	20	1	1	1	1	125.88	489.73	9.55	9.63	100	to
5	20	1	1	1	2	139.07	489.73	14.92	9.63	100	the
5	20	1	1	1	3	157.64	489.73	14.95	9.63	100	red
5	20	1	1	1	4	176.24	489.73	26.27	9.63	100	team,
5	20	1	1	1	5	206.16	489.73	14.92	9.63	100	the
5	20	1	1	1	6	224.72	489.73	35.52	9.63	100	activity
5	20	1	1	1	7	263.89	489.73	21.55	9.63	100	shall
5	20	1	1	1	8	289.08	489.73	11.05	9.63	100	be
5	20	1	1	1	9	303.77	489.73	33.46	9.63	100	treated
5	20	1	1	1	10	340.87	489.73	9.61	9.63	100	as
5	20	1	1	1	11	354.13	489.73	5.37	9.63	100	a
5	20	1	1	1	12	363.14	489.73	35.52	9.63	100	genuine
5	20	1	1	1	13	402.30	489.73	41.58	9.63	100	intrusion
5	20	1	1	1	14	447.52	489.73	21.79	9.63	100	until
5	20	1	1	1	15	472.95	489.73	51.46	9.63	100	established
4	20	1	1	2	0	70.866000	503.275630	47.970585	9.632735	-1	###LINE###
5	20	1	1	2	0	70.87	503.28	47.97	9.63	100	otherwise.
3	20	1	2	0	0	70.593000	523.598630	453.814994	23.182735	-1	###FLOW###
4	20	1	2	0	0	70.593000	523.598630	453.814994	9.632735	-1	###LINE###
5	20	1	2	0	0	70.59	523.60	19.72	9.63	100	7.11
5	20	1	2	0	1	93.97	523.60	19.11	9.63	100	The
5	20	1	2	0	2	116.72	523.60	15.72	9.63	100	full
5	20	1	2	0	3	136.09	523.60	50.90	9.63	100	procedure,
5	20	1	2	0	4	190.66	523.60	44.38	9.63	100	including
5	20	1	2	0	5	238.68	523.60	15.41	9.63	100	the
5	20	1	2	0	6	257.74	523.60	69.97	9.63	100	authentication
5	20	1	2	0	7	331.36	523.60	21.87	9.63	100	code
5	20	1	2	0	8	356.88	523.60	23.77	9.63	100	word
5	20	1	2	0	9	384.30	523.60	17.87	9.63	100	and
5	20	1	2	0	10	405.82	523.60	15.41	9.63	100	the
5	20	1	2	0	11	424.88	523.60	48.08	9.63	100	maximum
5	20	1	2	0	12	476.62	523.60	47.79	9.63	100	permitted
4	20	1	2	1	0	70.866000	537.148630	190.850341	9.632735	-1	###LINE###
5	20	1	2	1	0	70.87	537.15	35.79	9.63	100	interval
5	20	1	2	1	1	110.29	537.15	36.97	9.63	100	without
5	20	1	2	1	2	150.89	537.15	37.89	9.63	100	contact,
5	20	1	2	1	3	192.41	537.15	7.33	9.63	100	is
5	20	1	2	1	4	203.38	537.15	9.70	9.63	100	at
5	20	1	2	1	5	216.72	537.15	30.91	9.63	100	Annex
5	20	1	2	1	6	251.26	537.15	10.45	9.63	100	E.
3	20	2	0	0	0	70.866000	589.547199	339.822743	12.595964	-1	###FLOW###
4	20	2	0	0	0	70.866000	589.547199	339.822743	12.595964	-1	###LINE###
5	20	2	0	0	0	70.87	589.55	81.34	12.60	100	CHAPTER
5	20	2	0	0	1	157.59	589.55	8.07	12.60	100	8
5	20	2	0	0	2	171.04	589.55	16.14	12.60	100	—
5	20	2	0	0	3	192.56	589.55	87.33	12.60	100	STANDING
5	20	2	0	0	4	285.27	589.55	125.42	12.60	100	INSTRUCTIONS
3	20	2	1	0	0	70.866000	616.195630	453.548298	23.182735	-1	###FLOW###
4	20	2	1	0	0	70.866000	616.195630	453.548298	9.632735	-1	###LINE###
5	20	2	1	0	0	70.87	616.20	13.66	9.63	100	8.1
5	20	2	1	0	1	88.14	616.20	18.41	9.63	100	The
5	20	2	1	0	2	110.16	616.20	60.11	9.63	100	requirements
5	20	2	1	0	3	173.87	616.20	8.91	9.63	100	in
5	20	2	1	0	4	186.40	616.20	17.28	9.63	100	this
5	20	2	1	0	5	207.28	616.20	34.77	9.63	100	chapter
5	20	2	1	0	6	245.67	616.20	14.29	9.63	100	are
5	20	2	1	0	7	263.56	616.20	50.81	9.63	100	mandatory
5	20	2	1	0	8	317.98	616.20	17.22	9.63	100	and
5	20	2	1	0	9	338.82	616.20	25.84	9.63	100	apply
5	20	2	1	0	10	368.27	616.20	9.50	9.63	100	to
5	20	2	1	0	11	381.38	616.20	24.67	9.63	100	every
5	20	2	1	0	12	409.66	616.20	57.90	9.63	100	engagement.
5	20	2	1	0	13	472.40	616.20	52.01	9.63	100	Supporting
4	20	2	1	1	0	70.866000	629.745630	156.555403	9.632735	-1	###LINE###
5	20	2	1	1	0	70.87	629.75	26.67	9.63	100	detail
5	20	2	1	1	1	101.17	629.75	7.33	9.63	100	is
5	20	2	1	1	2	112.14	629.75	9.70	9.63	100	at
5	20	2	1	1	3	125.47	629.75	40.06	9.63	100	Annexes
5	20	2	1	1	4	169.17	629.75	10.76	9.63	100	B,
5	20	2	1	1	5	183.57	629.75	7.42	9.63	100	E
5	20	2	1	1	6	194.62	629.75	17.57	9.63	100	and
5	20	2	1	1	7	215.83	629.75	11.59	9.63	100	G.
3	20	3	0	0	0	70.866000	658.296643	133.162995	10.496666	-1	###FLOW###
4	20	3	0	0	0	70.866000	658.296643	133.162995	10.496666	-1	###LINE###
5	20	3	0	0	0	70.87	658.30	38.16	10.50	100	Before
5	20	3	0	0	1	113.51	658.30	90.52	10.50	100	commencement
3	20	3	1	0	0	70.866000	679.552630	453.836359	23.181735	-1	###FLOW###
4	20	3	1	0	0	70.866000	679.552630	453.836359	9.632735	-1	###LINE###
5	20	3	1	0	0	70.87	679.55	13.98	9.63	100	8.2
5	20	3	1	0	1	88.49	679.55	38.61	9.63	100	Activity
5	20	3	1	0	2	130.74	679.55	21.94	9.63	100	shall
5	20	3	1	0	3	156.34	679.55	15.80	9.63	100	not
5	20	3	1	0	4	175.79	679.55	49.24	9.63	100	commence
5	20	3	1	0	5	228.67	679.55	22.18	9.63	100	until
5	20	3	1	0	6	254.51	679.55	26.04	9.63	100	Rules
5	20	3	1	0	7	284.20	679.55	8.81	9.63	100	of
5	20	3	1	0	8	296.67	679.55	58.81	9.63	100	Engagement
5	20	3	1	0	9	359.13	679.55	14.61	9.63	100	are
5	20	3	1	0	10	377.40	679.55	32.89	9.63	100	signed.
5	20	3	1	0	11	415.16	679.55	31.04	9.63	100	Verbal
5	20	3	1	0	12	449.84	679.55	44.40	9.63	100	authority
5	20	3	1	0	13	497.90	679.55	7.36	9.63	100	is
5	20	3	1	0	14	508.90	679.55	15.80	9.63	100	not
4	20	3	1	1	0	70.866000	693.101630	45.209492	9.632735	-1	###LINE###
5	20	3	1	1	0	70.87	693.10	45.21	9.63	100	sufficient.
3	20	3	2	0	0	70.866000	713.425630	453.949679	50.279735	-1	###FLOW###
4	20	3	2	0	0	70.866000	713.425630	453.947069	9.632735	-1	###LINE###
5	20	3	2	0	0	70.87	713.43	13.66	9.63	100	8.3
5	20	3	2	0	1	87.30	713.43	37.70	9.63	100	Activity
5	20	3	2	0	2	127.78	713.43	21.44	9.63	100	shall
5	20	3	2	0	3	151.99	713.43	15.44	9.63	100	not
5	20	3	2	0	4	170.20	713.43	48.11	9.63	100	commence
5	20	3	2	0	5	221.08	713.43	21.68	9.63	100	until
5	20	3	2	0	6	245.52	713.43	5.35	9.63	100	a
5	20	3	2	0	7	253.64	713.43	28.69	9.63	100	Letter
5	20	3	2	0	8	285.09	713.43	8.61	9.63	100	of
5	20	3	2	0	9	296.47	713.43	64.23	9.63	100	Authorisation
5	20	3	2	0	10	363.47	713.43	7.19	9.63	100	is
5	20	3	2	0	11	373.44	713.43	29.16	9.63	100	signed
5	20	3	2	0	12	405.37	713.43	11.28	9.63	100	by
5	20	3	2	0	13	419.42	713.43	20.48	9.63	100	each
5	20	3	2	0	14	442.67	713.43	33.63	9.63	100	System
5	20	3	2	0	15	479.07	713.43	45.75	9.63	100	Authority
4	20	3	2	1	0	70.866000	726.974630	453.949679	9.632735	-1	###LINE###
5	20	3	2	1	0	70.87	726.97	49.30	9.63	100	competent
5	20	3	2	1	1	123.80	726.97	9.62	9.63	100	to
5	20	3	2	1	2	137.06	726.97	35.23	9.63	100	consent
5	20	3	2	1	3	175.92	726.97	9.62	9.63	100	to
5	20	3	2	1	4	189.18	726.97	28.37	9.63	100	access
5	20	3	2	1	5	221.18	726.97	9.62	9.63	100	to
5	20	3	2	1	6	234.44	726.97	15.03	9.63	100	the
5	20	3	2	1	7	253.10	726.97	36.55	9.63	100	systems
5	20	3	2	1	8	293.29	726.97	17.43	9.63	100	and
5	20	3	2	1	9	314.36	726.97	38.84	9.63	100	facilities
5	20	3	2	1	10	356.84	726.97	9.02	9.63	100	in
5	20	3	2	1	11	369.49	726.97	28.62	9.63	100	scope.
5	20	3	2	1	12	402.96	726.97	18.64	9.63	100	The
5	20	3	2	1	13	425.23	726.97	49.63	9.63	100	Approving
5	20	3	2	1	14	478.50	726.97	46.32	9.63	100	Authority
4	20	3	2	2	0	70.866000	740.523630	453.544022	9.632735	-1	###LINE###
5	20	3	2	2	0	70.87	740.52	57.46	9.63	100	countersigns
5	20	3	2	2	1	131.95	740.52	27.35	9.63	100	where
5	20	3	2	2	2	162.93	740.52	52.60	9.63	100	operational
5	20	3	2	2	3	219.16	740.52	17.02	9.63	100	risk
5	20	3	2	2	4	239.80	740.52	43.38	9.63	100	authority
5	20	3	2	2	5	286.81	740.52	7.19	9.63	100	is
5	20	3	2	2	6	297.62	740.52	19.60	9.63	100	held
5	20	3	2	2	7	320.84	740.52	49.37	9.63	100	separately.
5	20	3	2	2	8	375.07	740.52	18.41	9.63	100	The
5	20	3	2	2	9	397.10	740.52	43.37	9.63	100	authority
5	20	3	2	2	10	444.11	740.52	17.22	9.63	100	and
5	20	3	2	2	11	464.96	740.52	16.63	9.63	100	any
5	20	3	2	2	12	485.21	740.52	39.20	9.63	100	outcome
4	20	3	2	3	0	70.866000	754.072630	347.784290	9.632735	-1	###LINE###
5	20	3	2	3	0	70.87	754.07	34.55	9.63	100	conflict
5	20	3	2	3	1	109.04	754.07	14.58	9.63	100	are
5	20	3	2	3	2	127.26	754.07	34.57	9.63	100	verified
5	20	3	2	3	3	165.47	754.07	17.57	9.63	100	and
5	20	3	2	3	4	186.68	754.07	43.70	9.63	100	recorded;
5	20	3	2	3	5	234.02	754.07	19.40	9.63	100	title
5	20	3	2	3	6	257.05	754.07	24.85	9.63	100	alone
5	20	3	2	3	7	285.53	754.07	7.33	9.63	100	is
5	20	3	2	3	8	296.51	754.07	15.76	9.63	100	not
5	20	3	2	3	9	315.90	754.07	40.30	9.63	100	evidence
5	20	3	2	3	10	359.83	754.07	8.79	9.63	100	of
5	20	3	2	3	11	372.27	754.07	46.38	9.63	100	authority.
3	20	4	0	0	0	257.623000	793.912520	80.030500	8.015962	-1	###FLOW###
4	20	4	0	0	0	257.623000	793.912520	80.030500	8.015962	-1	###LINE###
5	20	4	0	0	0	257.62	793.91	80.03	8.02	100	UNCLASSIFIED
3	20	4	1	0	0	287.052000	808.605601	21.172571	7.037598	-1	###FLOW###
4	20	4	1	0	0	287.052000	808.605601	21.172571	7.037598	-1	###LINE###
5	20	4	1	0	0	287.05	808.61	21.17	7.04	100	20/29
1	21	0	0	0	0	287.052000	808.605601	595.276000	841.890000	-1	###PAGE###
3	21	0	0	0	0	257.623000	39.603520	80.030500	8.015962	-1	###FLOW###
4	21	0	0	0	0	257.623000	39.603520	80.030500	8.015962	-1	###LINE###
5	21	0	0	0	0	257.62	39.60	80.03	8.02	100	UNCLASSIFIED
3	21	1	0	0	0	70.866000	78.293630	453.764486	23.182735	-1	###FLOW###
4	21	1	0	0	0	70.866000	78.293630	453.764486	9.632735	-1	###LINE###
5	21	1	0	0	0	70.87	78.29	13.91	9.63	100	8.4
5	21	1	0	0	1	88.41	78.29	27.70	9.63	100	Every
5	21	1	0	0	2	119.75	78.29	34.78	9.63	100	contact
5	21	1	0	0	3	158.16	78.29	9.07	9.63	100	in
5	21	1	0	0	4	170.86	78.29	15.12	9.63	100	the
5	21	1	0	0	5	189.62	78.29	25.91	9.63	100	Rules
5	21	1	0	0	6	219.17	78.29	8.77	9.63	100	of
5	21	1	0	0	7	231.58	78.29	58.52	9.63	100	Engagement
5	21	1	0	0	8	293.73	78.29	21.83	9.63	100	shall
5	21	1	0	0	9	319.20	78.29	11.19	9.63	100	be
5	21	1	0	0	10	334.03	78.29	34.51	9.63	100	verified
5	21	1	0	0	11	372.16	78.29	11.50	9.63	100	by
5	21	1	0	0	12	387.29	78.29	45.36	9.63	100	telephone
5	21	1	0	0	13	436.29	78.29	30.24	9.63	100	within
5	21	1	0	0	14	470.16	78.29	54.47	9.63	100	twenty-four
4	21	1	0	1	0	70.866000	91.843630	138.609934	9.632735	-1	###LINE###
5	21	1	0	1	0	70.87	91.84	26.15	9.63	100	hours
5	21	1	0	1	1	100.65	91.84	29.12	9.63	100	before
5	21	1	0	1	2	133.42	91.84	76.06	9.63	100	commencement.
3	21	1	1	0	0	70.866000	112.166630	455.659514	9.632735	-1	###FLOW###
4	21	1	1	0	0	70.866000	112.166630	455.659514	9.632735	-1	###LINE###
5	21	1	1	0	0	70.87	112.17	13.88	9.63	100	8.5
5	21	1	1	0	1	88.38	112.17	27.64	9.63	100	Every
5	21	1	1	0	2	119.64	112.17	40.21	9.63	100	operator
5	21	1	1	0	3	163.48	112.17	21.79	9.63	100	shall
5	21	1	1	0	4	188.90	112.17	21.42	9.63	100	have
5	21	1	1	0	5	213.95	112.17	20.55	9.63	100	read
5	21	1	1	0	6	238.13	112.17	15.09	9.63	100	the
5	21	1	1	0	7	256.84	112.17	25.86	9.63	100	Rules
5	21	1	1	0	8	286.33	112.17	8.75	9.63	100	of
5	21	1	1	0	9	298.72	112.17	58.40	9.63	100	Engagement
5	21	1	1	0	10	360.74	112.17	17.50	9.63	100	and
5	21	1	1	0	11	381.88	112.17	46.51	9.63	100	confirmed
5	21	1	1	0	12	432.02	112.17	19.92	9.63	100	that
5	21	1	1	0	13	455.55	112.17	17.81	9.63	100	fact
5	21	1	1	0	14	476.99	112.17	9.05	9.63	100	in
5	21	1	1	0	15	489.67	112.17	36.85	9.63	100	writing.
3	21	1	2	0	0	70.866000	132.490630	455.064663	50.280735	-1	###FLOW###
4	21	1	2	0	0	70.866000	132.490630	453.539235	9.632735	-1	###LINE###
5	21	1	2	0	0	70.87	132.49	13.79	9.63	100	8.6
5	21	1	2	0	1	88.29	132.49	13.49	9.63	100	No
5	21	1	2	0	2	105.41	132.49	18.30	9.63	100	tool
5	21	1	2	0	3	127.34	132.49	9.62	9.63	100	or
5	21	1	2	0	4	140.60	132.49	44.95	9.63	100	technique
5	21	1	2	0	5	189.19	132.49	21.64	9.63	100	shall
5	21	1	2	0	6	214.46	132.49	11.09	9.63	100	be
5	21	1	2	0	7	229.20	132.49	50.38	9.63	100	introduced
5	21	1	2	0	8	283.21	132.49	18.28	9.63	100	into
5	21	1	2	0	9	305.13	132.49	5.39	9.63	100	a
5	21	1	2	0	10	314.16	132.49	28.20	9.63	100	target
5	21	1	2	0	11	346.00	132.49	58.47	9.63	100	environment
5	21	1	2	0	12	408.10	132.49	28.80	9.63	100	before
5	21	1	2	0	13	440.55	132.49	7.19	9.63	100	it
5	21	1	2	0	14	451.38	132.49	15.64	9.63	100	has
5	21	1	2	0	15	470.66	132.49	21.88	9.63	100	been
5	21	1	2	0	16	496.17	132.49	28.23	9.63	100	tested
4	21	1	2	1	0	70.866000	146.039630	455.064663	9.632735	-1	###LINE###
5	21	1	2	1	0	70.87	146.04	9.27	9.63	100	in
5	21	1	2	1	1	83.81	146.04	5.56	9.63	100	a
5	21	1	2	1	2	93.05	146.04	67.82	9.63	100	representative
5	21	1	2	1	3	164.54	146.04	50.74	9.63	100	laboratory
5	21	1	2	1	4	218.96	146.04	63.40	9.63	100	environment.
5	21	1	2	1	5	287.31	146.04	31.87	9.63	100	Where
5	21	1	2	1	6	322.85	146.04	38.33	9.63	100	planned
5	21	1	2	1	7	364.85	146.04	36.79	9.63	100	activity
5	21	1	2	1	8	405.30	146.04	16.69	9.63	100	can
5	21	1	2	1	9	425.66	146.04	33.08	9.63	100	change
5	21	1	2	1	10	462.42	146.04	33.20	9.63	100	system
5	21	1	2	1	11	499.29	146.04	26.64	9.63	100	state,
4	21	1	2	2	0	70.866000	159.589630	453.548876	9.632735	-1	###LINE###
5	21	1	2	2	0	70.87	159.59	15.08	9.63	100	the
5	21	1	2	2	1	89.59	159.59	32.38	9.63	100	system
5	21	1	2	2	2	125.62	159.59	28.08	9.63	100	owner
5	21	1	2	2	3	157.35	159.59	21.77	9.63	100	shall
5	21	1	2	2	4	182.76	159.59	18.15	9.63	100	also
5	21	1	2	2	5	204.56	159.59	35.61	9.63	100	confirm
5	21	1	2	2	6	243.81	159.59	19.90	9.63	100	that
5	21	1	2	2	7	267.37	159.59	15.08	9.63	100	the
5	21	1	2	2	8	286.10	159.59	37.41	9.63	100	relevant
5	21	1	2	2	9	327.16	159.59	33.77	9.63	100	backup
5	21	1	2	2	10	364.58	159.59	9.68	9.63	100	or
5	21	1	2	2	11	377.91	159.59	51.38	9.63	100	restoration
5	21	1	2	2	12	432.93	159.59	35.88	9.63	100	method
5	21	1	2	2	13	472.46	159.59	7.30	9.63	100	is
5	21	1	2	2	14	483.40	159.59	41.01	9.63	100	available
4	21	1	2	3	0	70.866000	173.138630	158.904132	9.632735	-1	###LINE###
5	21	1	2	3	0	70.87	173.14	17.57	9.63	100	and
5	21	1	2	3	1	92.07	173.14	15.82	9.63	100	has
5	21	1	2	3	2	111.53	173.14	11.51	9.63	100	an
5	21	1	2	3	3	126.68	173.14	56.06	9.63	100	accountable
5	21	1	2	3	4	186.38	173.14	43.39	9.63	100	operator.
3	21	1	3	0	0	70.866000	193.462630	434.299998	9.632735	-1	###FLOW###
4	21	1	3	0	0	70.866000	193.462630	434.299998	9.632735	-1	###LINE###
5	21	1	3	0	0	70.87	193.46	13.94	9.63	100	8.7
5	21	1	3	0	1	88.44	193.46	18.79	9.63	100	The
5	21	1	3	0	2	110.87	193.46	15.18	9.63	100	red
5	21	1	3	0	3	129.68	193.46	23.64	9.63	100	team
5	21	1	3	0	4	156.95	193.46	21.88	9.63	100	shall
5	21	1	3	0	5	182.48	193.46	11.20	9.63	100	be
5	21	1	3	0	6	197.32	193.46	19.39	9.63	100	able
5	21	1	3	0	7	220.35	193.46	9.70	9.63	100	to
5	21	1	3	0	8	233.68	193.46	38.00	9.63	100	suspend
5	21	1	3	0	9	275.32	193.46	11.52	9.63	100	all
5	21	1	3	0	10	290.47	193.46	36.06	9.63	100	activity
5	21	1	3	0	11	330.16	193.46	30.30	9.63	100	within
5	21	1	3	0	12	364.11	193.46	29.39	9.63	100	fifteen
5	21	1	3	0	13	397.14	193.46	37.33	9.63	100	minutes
5	21	1	3	0	14	438.11	193.46	8.79	9.63	100	of
5	21	1	3	0	15	450.53	193.46	54.64	9.63	100	instruction.
3	21	2	0	0	0	70.866000	222.013643	101.674194	10.496666	-1	###FLOW###
4	21	2	0	0	0	70.866000	222.013643	101.674194	10.496666	-1	###LINE###
5	21	2	0	0	0	70.87	222.01	41.21	10.50	100	During
5	21	2	0	0	1	116.56	222.01	55.99	10.50	100	execution
3	21	2	1	0	0	70.866000	243.269630	453.543563	23.181735	-1	###FLOW###
4	21	2	1	0	0	70.866000	243.269630	453.543563	9.632735	-1	###LINE###
5	21	2	1	0	0	70.87	243.27	14.22	9.63	100	8.8
5	21	2	1	0	1	89.50	243.27	59.75	9.63	100	Membership
5	21	2	1	0	2	153.67	243.27	8.96	9.63	100	of
5	21	2	1	0	3	167.05	243.27	15.47	9.63	100	the
5	21	2	1	0	4	186.93	243.27	50.78	9.63	100	authorised
5	21	2	1	0	5	242.13	243.27	29.09	9.63	100	target
5	21	2	1	0	6	275.63	243.27	26.03	9.63	100	space
5	21	2	1	0	7	306.08	243.27	22.32	9.63	100	shall
5	21	2	1	0	8	332.81	243.27	11.43	9.63	100	be
5	21	2	1	0	9	348.66	243.27	35.28	9.63	100	verified
5	21	2	1	0	10	388.35	243.27	29.71	9.63	100	before
5	21	2	1	0	11	422.47	243.27	25.69	9.63	100	every
5	21	2	1	0	12	452.58	243.27	32.76	9.63	100	action.
5	21	2	1	0	13	492.54	243.27	31.87	9.63	100	Where
4	21	2	1	1	0	70.866000	256.818630	258.004579	9.632735	-1	###LINE###
5	21	2	1	1	0	70.87	256.82	57.67	9.63	100	membership
5	21	2	1	1	1	132.16	256.82	7.33	9.63	100	is
5	21	2	1	1	2	143.14	256.82	53.69	9.63	100	ambiguous,
5	21	2	1	1	3	200.47	256.82	15.15	9.63	100	the
5	21	2	1	1	4	219.26	256.82	28.52	9.63	100	target
5	21	2	1	1	5	251.41	256.82	7.33	9.63	100	is
5	21	2	1	1	6	262.38	256.82	34.00	9.63	100	outside
5	21	2	1	1	7	300.02	256.82	28.85	9.63	100	scope.
3	21	2	2	0	0	70.866000	277.142630	455.369925	23.181735	-1	###FLOW###
4	21	2	2	0	0	70.866000	277.142630	455.369925	9.632735	-1	###LINE###
5	21	2	2	0	0	70.87	277.14	13.81	9.63	100	8.9
5	21	2	2	0	1	88.31	277.14	37.48	9.63	100	Records
5	21	2	2	0	2	129.42	277.14	21.68	9.63	100	shall
5	21	2	2	0	3	154.73	277.14	11.11	9.63	100	be
5	21	2	2	0	4	169.47	277.14	25.23	9.63	100	made
5	21	2	2	0	5	198.33	277.14	9.61	9.63	100	at
5	21	2	2	0	6	211.57	277.14	15.02	9.63	100	the
5	21	2	2	0	7	230.22	277.14	21.02	9.63	100	time
5	21	2	2	0	8	254.86	277.14	8.71	9.63	100	of
5	21	2	2	0	9	267.20	277.14	15.02	9.63	100	the
5	21	2	2	0	10	285.85	277.14	28.83	9.63	100	action
5	21	2	2	0	11	318.31	277.14	17.42	9.63	100	and
5	21	2	2	0	12	339.36	277.14	15.62	9.63	100	not
5	21	2	2	0	13	358.60	277.14	63.79	9.63	100	reconstructed
5	21	2	2	0	14	426.02	277.14	62.57	9.63	100	subsequently.
5	21	2	2	0	15	493.43	277.14	32.80	9.63	100	Unsuc-
4	21	2	2	1	0	70.866000	290.691630	401.005425	9.632735	-1	###LINE###
5	21	2	2	1	0	70.87	290.69	30.73	9.63	100	cessful
5	21	2	2	1	1	105.23	290.69	33.39	9.63	100	actions
5	21	2	2	1	2	142.26	290.69	21.88	9.63	100	shall
5	21	2	2	1	3	167.77	290.69	11.21	9.63	100	be
5	21	2	2	1	4	182.62	290.69	43.70	9.63	100	recorded;
5	21	2	2	1	5	229.95	290.69	20.91	9.63	100	they
5	21	2	2	1	6	254.51	290.69	47.33	9.63	100	constitute
5	21	2	2	1	7	305.47	290.69	40.30	9.63	100	evidence
5	21	2	2	1	8	349.41	290.69	20.00	9.63	100	that
5	21	2	2	1	9	373.05	290.69	5.45	9.63	100	a
5	21	2	2	1	10	382.14	290.69	33.06	9.63	100	control
5	21	2	2	1	11	418.84	290.69	53.03	9.63	100	functioned.
3	21	2	3	0	0	70.866000	311.015630	453.543920	23.181735	-1	###FLOW###
4	21	2	3	0	0	70.866000	311.015630	453.543920	9.632735	-1	###LINE###
5	21	2	3	0	0	70.87	311.02	19.26	9.63	100	8.10
5	21	2	3	0	1	93.76	311.02	8.12	9.63	100	A
5	21	2	3	0	2	105.54	311.02	31.35	9.63	100	second
5	21	2	3	0	3	140.53	311.02	40.08	9.63	100	operator
5	21	2	3	0	4	184.26	311.02	21.73	9.63	100	shall
5	21	2	3	0	5	209.62	311.02	11.14	9.63	100	be
5	21	2	3	0	6	224.41	311.02	44.59	9.63	100	consulted
5	21	2	3	0	7	272.64	311.02	28.92	9.63	100	before
5	21	2	3	0	8	305.20	311.02	59.28	9.63	100	exploitation,
5	21	2	3	0	9	368.13	311.02	28.92	9.63	100	before
5	21	2	3	0	10	400.69	311.02	15.05	9.63	100	the
5	21	2	3	0	11	419.38	311.02	18.75	9.63	100	first
5	21	2	3	0	12	441.78	311.02	15.11	9.63	100	use
5	21	2	3	0	13	460.52	311.02	8.73	9.63	100	of
5	21	2	3	0	14	472.89	311.02	16.85	9.63	100	any
5	21	2	3	0	15	493.38	311.02	18.36	9.63	100	tool
5	21	2	3	0	16	515.38	311.02	9.03	9.63	100	in
4	21	2	3	1	0	70.866000	324.564630	247.177297	9.632735	-1	###LINE###
5	21	2	3	1	0	70.87	324.56	15.15	9.63	100	the
5	21	2	3	1	1	89.65	324.56	62.16	9.63	100	environment,
5	21	2	3	1	2	155.44	324.56	17.57	9.63	100	and
5	21	2	3	1	3	176.66	324.56	29.11	9.63	100	before
5	21	2	3	1	4	209.42	324.56	16.97	9.63	100	any
5	21	2	3	1	5	230.02	324.56	52.27	9.63	100	irreversible
5	21	2	3	1	6	285.93	324.56	32.11	9.63	100	action.
3	21	2	4	0	0	70.473000	344.888630	453.936138	23.181735	-1	###FLOW###
4	21	2	4	0	0	70.866000	344.888630	453.543138	9.632735	-1	###LINE###
5	21	2	4	0	0	70.87	344.89	19.20	9.63	100	8.11
5	21	2	4	0	1	93.71	344.89	33.30	9.63	100	Impact
5	21	2	4	0	2	130.66	344.89	21.66	9.63	100	shall
5	21	2	4	0	3	155.95	344.89	11.10	9.63	100	be
5	21	2	4	0	4	170.70	344.89	64.29	9.63	100	demonstrated
5	21	2	4	0	5	238.63	344.89	17.41	9.63	100	and
5	21	2	4	0	6	259.67	344.89	15.60	9.63	100	not
5	21	2	4	0	7	278.91	344.89	45.90	9.63	100	exploited.
5	21	2	4	0	8	329.69	344.89	58.65	9.63	100	Reachability
5	21	2	4	0	9	391.97	344.89	8.70	9.63	100	of
5	21	2	4	0	10	404.31	344.89	5.40	9.63	100	a
5	21	2	4	0	11	413.35	344.89	32.22	9.63	100	system
5	21	2	4	0	12	449.22	344.89	7.26	9.63	100	is
5	21	2	4	0	13	460.12	344.89	64.29	9.63	100	demonstrated
4	21	2	4	1	0	70.473000	358.437630	151.369217	9.632735	-1	###LINE###
5	21	2	4	1	0	70.47	358.44	36.97	9.63	100	without
5	21	2	4	1	1	111.07	358.44	37.00	9.63	100	removal
5	21	2	4	1	2	151.71	358.44	8.79	9.63	100	of
5	21	2	4	1	3	164.14	358.44	11.58	9.63	100	its
5	21	2	4	1	4	179.35	358.44	42.49	9.63	100	contents.
3	21	2	5	0	0	70.866000	378.761630	453.544676	36.730735	-1	###FLOW###
4	21	2	5	0	0	70.866000	378.761630	453.544676	9.632735	-1	###LINE###
5	21	2	5	0	0	70.87	378.76	19.78	9.63	100	8.12
5	21	2	5	0	1	94.45	378.76	44.46	9.63	100	Personal,
5	21	2	5	0	2	142.77	378.76	40.17	9.63	100	medical,
5	21	2	5	0	3	186.80	378.76	40.80	9.63	100	financial
5	21	2	5	0	4	231.41	378.76	17.93	9.63	100	and
5	21	2	5	0	5	253.15	378.76	42.78	9.63	100	classified
5	21	2	5	0	6	299.73	378.76	21.64	9.63	100	data
5	21	2	5	0	7	325.19	378.76	22.32	9.63	100	shall
5	21	2	5	0	8	351.31	378.76	16.07	9.63	100	not
5	21	2	5	0	9	371.20	378.76	11.43	9.63	100	be
5	21	2	5	0	10	386.43	378.76	52.89	9.63	100	exfiltrated.
5	21	2	5	0	11	444.69	378.76	54.27	9.63	100	Production
5	21	2	5	0	12	502.77	378.76	21.64	9.63	100	data
4	21	2	5	1	0	70.866000	392.310630	453.541842	9.632735	-1	###LINE###
5	21	2	5	1	0	70.87	392.31	22.08	9.63	100	shall
5	21	2	5	1	1	96.57	392.31	15.90	9.63	100	not
5	21	2	5	1	2	116.09	392.31	11.32	9.63	100	be
5	21	2	5	1	3	131.03	392.31	41.28	9.63	100	modified
5	21	2	5	1	4	175.93	392.31	9.82	9.63	100	or
5	21	2	5	1	5	189.37	392.31	37.30	9.63	100	deleted,
5	21	2	5	1	6	230.30	392.31	19.94	9.63	100	save
5	21	2	5	1	7	253.87	392.31	13.18	9.63	100	for
5	21	2	5	1	8	270.68	392.31	5.50	9.63	100	a
5	21	2	5	1	9	279.80	392.31	38.57	9.63	100	marked,
5	21	2	5	1	10	321.99	392.31	45.39	9.63	100	reversible
5	21	2	5	1	11	370.99	392.31	37.03	9.63	100	artefact
5	21	2	5	1	12	411.64	392.31	41.03	9.63	100	recorded
5	21	2	5	1	13	456.31	392.31	9.17	9.63	100	in
5	21	2	5	1	14	469.11	392.31	15.29	9.63	100	the
5	21	2	5	1	15	488.03	392.31	36.38	9.63	100	cleanup
4	21	2	5	2	0	70.866000	405.859630	38.305123	9.632735	-1	###LINE###
5	21	2	5	2	0	70.87	405.86	38.31	9.63	100	register.
3	21	2	6	0	0	70.866000	426.183630	453.542943	23.181735	-1	###FLOW###
4	21	2	6	0	0	70.866000	426.183630	453.542943	9.632735	-1	###LINE###
5	21	2	6	0	0	70.87	426.18	19.57	9.63	100	8.13
5	21	2	6	0	1	94.08	426.18	49.53	9.63	100	Command
5	21	2	6	0	2	147.24	426.18	17.74	9.63	100	and
5	21	2	6	0	3	168.62	426.18	33.37	9.63	100	control
5	21	2	6	0	4	205.62	426.18	28.16	9.63	100	traffic
5	21	2	6	0	5	237.42	426.18	22.08	9.63	100	shall
5	21	2	6	0	6	263.14	426.18	11.30	9.63	100	be
5	21	2	6	0	7	278.09	426.18	50.48	9.63	100	encrypted.
5	21	2	6	0	8	333.42	426.18	28.02	9.63	100	Every
5	21	2	6	0	9	365.07	426.18	59.62	9.63	100	modification
5	21	2	6	0	10	428.34	426.18	9.78	9.63	100	to
5	21	2	6	0	11	441.76	426.18	5.50	9.63	100	a
5	21	2	6	0	12	450.90	426.18	32.84	9.63	100	system
5	21	2	6	0	13	487.39	426.18	22.08	9.63	100	shall
5	21	2	6	0	14	513.10	426.18	11.30	9.63	100	be
4	21	2	6	1	0	70.866000	439.732630	151.638672	9.632735	-1	###LINE###
5	21	2	6	1	0	70.87	439.73	40.67	9.63	100	recorded
5	21	2	6	1	1	115.17	439.73	9.70	9.63	100	at
5	21	2	6	1	2	128.51	439.73	15.15	9.63	100	the
5	21	2	6	1	3	147.29	439.73	21.21	9.63	100	time
5	21	2	6	1	4	172.14	439.73	7.27	9.63	100	it
5	21	2	6	1	5	183.04	439.73	7.33	9.63	100	is
5	21	2	6	1	6	194.02	439.73	28.48	9.63	100	made.
3	21	2	7	0	0	70.866000	460.056630	453.548425	23.181735	-1	###FLOW###
4	21	2	7	0	0	70.866000	460.056630	453.548425	9.632735	-1	###LINE###
5	21	2	7	0	0	70.87	460.06	19.16	9.63	100	8.14
5	21	2	7	0	1	93.65	460.06	29.64	9.63	100	Errors
5	21	2	7	0	2	126.92	460.06	21.62	9.63	100	shall
5	21	2	7	0	3	152.16	460.06	11.08	9.63	100	be
5	21	2	7	0	4	166.86	460.06	39.88	9.63	100	reported
5	21	2	7	0	5	210.37	460.06	59.86	9.63	100	immediately.
5	21	2	7	0	6	275.09	460.06	60.77	9.63	100	Concealment
5	21	2	7	0	7	339.48	460.06	8.68	9.63	100	of
5	21	2	7	0	8	351.79	460.06	11.38	9.63	100	an
5	21	2	7	0	9	366.80	460.06	22.85	9.63	100	error
5	21	2	7	0	10	393.26	460.06	7.25	9.63	100	is
5	21	2	7	0	11	404.13	460.06	5.39	9.63	100	a
5	21	2	7	0	12	413.15	460.06	54.28	9.63	100	disciplinary
5	21	2	7	0	13	471.05	460.06	34.76	9.63	100	matter;
5	21	2	7	0	14	509.43	460.06	14.98	9.63	100	the
4	21	2	7	1	0	70.866000	473.605630	82.940796	9.632735	-1	###LINE###
5	21	2	7	1	0	70.87	473.61	23.12	9.63	100	error
5	21	2	7	1	1	97.62	473.61	22.79	9.63	100	itself
5	21	2	7	1	2	124.05	473.61	7.33	9.63	100	is
5	21	2	7	1	3	135.02	473.61	18.79	9.63	100	not.
3	21	3	0	0	0	70.866000	502.157643	120.238228	10.496666	-1	###FLOW###
4	21	3	0	0	0	70.866000	502.157643	120.238228	10.496666	-1	###LINE###
5	21	3	0	0	0	70.87	502.16	56.16	10.50	100	Cessation
5	21	3	0	0	1	131.51	502.16	10.83	10.50	100	of
5	21	3	0	0	2	146.83	502.16	44.28	10.50	100	activity
3	21	3	1	0	0	70.866000	523.412630	453.543710	23.181735	-1	###FLOW###
4	21	3	1	0	0	70.866000	523.412630	453.543710	9.632735	-1	###LINE###
5	21	3	1	0	0	70.87	523.41	19.06	9.63	100	8.15
5	21	3	1	0	1	93.59	523.41	37.82	9.63	100	Activity
5	21	3	1	0	2	135.06	523.41	21.51	9.63	100	shall
5	21	3	1	0	3	160.21	523.41	23.89	9.63	100	cease
5	21	3	1	0	4	187.76	523.41	59.56	9.63	100	immediately,
5	21	3	1	0	5	250.98	523.41	17.28	9.63	100	and
5	21	3	1	0	6	271.91	523.41	14.89	9.63	100	the
5	21	3	1	0	7	290.46	523.41	36.11	9.63	100	Trusted
5	21	3	1	0	8	330.23	523.41	27.99	9.63	100	Agent
5	21	3	1	0	9	361.88	523.41	21.51	9.63	100	shall
5	21	3	1	0	10	387.04	523.41	11.02	9.63	100	be
5	21	3	1	0	11	401.72	523.41	41.43	9.63	100	informed
5	21	3	1	0	12	446.80	523.41	11.32	9.63	100	by
5	21	3	1	0	13	461.77	523.41	47.66	9.63	100	telephone,
5	21	3	1	0	14	513.09	523.41	11.32	9.63	100	on
4	21	3	1	1	0	70.866000	536.961630	97.277536	9.632735	-1	###LINE###
5	21	3	1	1	0	70.87	536.96	16.97	9.63	100	any
5	21	3	1	1	1	91.48	536.96	8.79	9.63	100	of
5	21	3	1	1	2	103.90	536.96	15.15	9.63	100	the
5	21	3	1	1	3	122.68	536.96	45.46	9.63	100	following.
3	21	3	2	0	0	84.200000	557.285630	420.153077	9.632735	-1	###FLOW###
4	21	3	2	0	0	84.200000	557.285630	420.153077	9.632735	-1	###LINE###
5	21	3	2	0	0	84.20	557.29	8.49	9.63	100	a.
5	21	3	2	0	1	98.14	557.29	58.67	9.63	100	Degradation
5	21	3	2	0	2	160.44	557.29	9.73	9.63	100	or
5	21	3	2	0	3	173.81	557.29	17.09	9.63	100	loss
5	21	3	2	0	4	194.53	557.29	8.79	9.63	100	of
5	21	3	2	0	5	206.95	557.29	5.45	9.63	100	a
5	21	3	2	0	6	216.05	557.29	31.91	9.63	100	service
5	21	3	2	0	7	251.60	557.29	7.33	9.63	100	is
5	21	3	2	0	8	262.56	557.29	48.91	9.63	100	suspected,
5	21	3	2	0	9	315.11	557.29	38.21	9.63	100	whether
5	21	3	2	0	10	356.96	557.29	9.73	9.63	100	or
5	21	3	2	0	11	370.32	557.29	15.76	9.63	100	not
5	21	3	2	0	12	389.71	557.29	31.58	9.63	100	caused
5	21	3	2	0	13	424.93	557.29	11.51	9.63	100	by
5	21	3	2	0	14	440.08	557.29	15.15	9.63	100	the
5	21	3	2	0	15	458.87	557.29	15.18	9.63	100	red
5	21	3	2	0	16	477.69	557.29	26.67	9.63	100	team.
3	21	3	3	0	0	83.594000	577.609630	287.122057	9.632735	-1	###FLOW###
4	21	3	3	0	0	83.594000	577.609630	287.122057	9.632735	-1	###LINE###
5	21	3	3	0	0	83.59	577.61	9.09	9.63	100	b.
5	21	3	3	0	1	97.75	577.61	18.79	9.63	100	The
5	21	3	3	0	2	120.17	577.61	40.34	9.63	100	integrity
5	21	3	3	0	3	164.14	577.61	9.73	9.63	100	or
5	21	3	3	0	4	177.50	577.61	52.12	9.63	100	availability
5	21	3	3	0	5	233.26	577.61	8.79	9.63	100	of
5	21	3	3	0	6	245.69	577.61	51.85	9.63	100	production
5	21	3	3	0	7	301.17	577.61	21.21	9.63	100	data
5	21	3	3	0	8	326.01	577.61	7.33	9.63	100	is
5	21	3	3	0	9	336.99	577.61	9.70	9.63	100	at
5	21	3	3	0	10	350.32	577.61	20.39	9.63	100	risk.
3	21	3	4	0	0	84.806000	597.933630	301.429342	9.632735	-1	###FLOW###
4	21	3	4	0	0	84.806000	597.933630	301.429342	9.632735	-1	###LINE###
5	21	3	4	0	0	84.81	597.93	7.88	9.63	100	c.
5	21	3	4	0	1	98.14	597.93	44.49	9.63	100	Exposure
5	21	3	4	0	2	146.26	597.93	8.79	9.63	100	of
5	21	3	4	0	3	158.68	597.93	40.13	9.63	100	sensitive
5	21	3	4	0	4	202.44	597.93	21.21	9.63	100	data
5	21	3	4	0	5	227.29	597.93	35.52	9.63	100	exceeds
5	21	3	4	0	6	266.45	597.93	15.15	9.63	100	the
5	21	3	4	0	7	285.23	597.93	57.03	9.63	100	requirement
5	21	3	4	0	8	345.89	597.93	8.79	9.63	100	of
5	21	3	4	0	9	358.32	597.93	27.91	9.63	100	proof.
3	21	3	5	0	0	83.594000	618.256630	360.602482	9.632735	-1	###FLOW###
4	21	3	5	0	0	83.594000	618.256630	360.602482	9.632735	-1	###LINE###
5	21	3	5	0	0	83.59	618.26	9.09	9.63	100	d.
5	21	3	5	0	1	97.74	618.26	38.48	9.63	100	Activity
5	21	3	5	0	2	139.86	618.26	20.00	9.63	100	may
5	21	3	5	0	3	163.49	618.26	21.52	9.63	100	have
5	21	3	5	0	4	188.65	618.26	36.09	9.63	100	reached
5	21	3	5	0	5	228.37	618.26	5.45	9.63	100	a
5	21	3	5	0	6	237.47	618.26	32.55	9.63	100	system
5	21	3	5	0	7	273.64	618.26	34.00	9.63	100	outside
5	21	3	5	0	8	311.29	618.26	15.15	9.63	100	the
5	21	3	5	0	9	330.07	618.26	49.79	9.63	100	authorised
5	21	3	5	0	10	383.49	618.26	28.52	9.63	100	target
5	21	3	5	0	11	415.65	618.26	28.55	9.63	100	space.
3	21	3	6	0	0	84.806000	638.580630	159.356860	9.632735	-1	###FLOW###
4	21	3	6	0	0	84.806000	638.580630	159.356860	9.632735	-1	###LINE###
5	21	3	6	0	0	84.81	638.58	7.88	9.63	100	e.
5	21	3	6	0	1	97.74	638.58	8.18	9.63	100	A
5	21	3	6	0	2	109.55	638.58	23.67	9.63	100	third
5	21	3	6	0	3	136.86	638.58	25.48	9.63	100	party
5	21	3	6	0	4	165.98	638.58	20.00	9.63	100	may
5	21	3	6	0	5	189.62	638.58	11.21	9.63	100	be
5	21	3	6	0	6	204.46	638.58	39.70	9.63	100	affected.
3	21	3	7	0	0	86.321000	658.904630	274.876593	9.632735	-1	###FLOW###
4	21	3	7	0	0	86.321000	658.904630	274.876593	9.632735	-1	###LINE###
5	21	3	7	0	0	86.32	658.90	6.36	9.63	100	f.
5	21	3	7	0	1	98.14	658.90	42.88	9.63	100	Evidence
5	21	3	7	0	2	144.65	658.90	8.79	9.63	100	of
5	21	3	7	0	3	157.08	658.90	5.45	9.63	100	a
5	21	3	7	0	4	166.17	658.90	39.09	9.63	100	genuine,
5	21	3	7	0	5	208.90	658.90	44.88	9.63	100	unrelated
5	21	3	7	0	6	257.41	658.90	42.21	9.63	100	intrusion
5	21	3	7	0	7	303.26	658.90	7.33	9.63	100	is
5	21	3	7	0	8	314.23	658.90	46.97	9.63	100	identified.
3	21	3	8	0	0	84.200000	679.228630	299.869341	9.632735	-1	###FLOW###
4	21	3	8	0	0	84.200000	679.228630	299.869341	9.632735	-1	###LINE###
5	21	3	8	0	0	84.20	679.23	8.49	9.63	100	g.
5	21	3	8	0	1	97.74	679.23	8.18	9.63	100	A
5	21	3	8	0	2	109.55	679.23	42.80	9.63	100	defensive
5	21	3	8	0	3	155.98	679.23	36.67	9.63	100	element
5	21	3	8	0	4	196.28	679.23	15.82	9.63	100	has
5	21	3	8	0	5	215.74	679.23	40.00	9.63	100	initiated
5	21	3	8	0	6	259.37	679.23	36.06	9.63	100	genuine
5	21	3	8	0	7	299.07	679.23	37.88	9.63	100	incident
5	21	3	8	0	8	340.58	679.23	43.49	9.63	100	response.
3	21	3	9	0	0	83.594000	699.552630	341.877012	9.632735	-1	###FLOW###
4	21	3	9	0	0	83.594000	699.552630	341.877012	9.632735	-1	###LINE###
5	21	3	9	0	0	83.59	699.55	9.09	9.63	100	h.
5	21	3	9	0	1	98.14	699.55	19.85	9.63	100	Law
5	21	3	9	0	2	121.63	699.55	60.63	9.63	100	enforcement,
5	21	3	9	0	3	185.90	699.55	5.45	9.63	100	a
5	21	3	9	0	4	194.98	699.55	43.09	9.63	100	regulator
5	21	3	9	0	5	241.72	699.55	9.73	9.63	100	or
5	21	3	9	0	6	255.08	699.55	11.51	9.63	100	an
5	21	3	9	0	7	270.23	699.55	38.52	9.63	100	external
5	21	3	9	0	8	312.38	699.55	23.94	9.63	100	body
5	21	3	9	0	9	339.95	699.55	39.76	9.63	100	becomes
5	21	3	9	0	10	383.36	699.55	42.11	9.63	100	involved.
3	21	3	10	0	0	86.624000	719.875630	254.535485	9.632735	-1	###FLOW###
4	21	3	10	0	0	86.624000	719.875630	254.535485	9.632735	-1	###LINE###
5	21	3	10	0	0	86.62	719.88	6.06	9.63	100	i.
5	21	3	10	0	1	97.74	719.88	8.18	9.63	100	A
5	21	3	10	0	2	109.55	719.88	24.85	9.63	100	legal,
5	21	3	10	0	3	138.03	719.88	36.71	9.63	100	privacy,
5	21	3	10	0	4	178.37	719.88	27.63	9.63	100	safety
5	21	3	10	0	5	209.64	719.88	9.73	9.63	100	or
5	21	3	10	0	6	223.01	719.88	45.24	9.63	100	personnel
5	21	3	10	0	7	271.89	719.88	36.39	9.63	100	concern
5	21	3	10	0	8	311.92	719.88	29.24	9.63	100	arises.
3	21	3	11	0	0	86.321000	740.199630	283.503509	9.632735	-1	###FLOW###
4	21	3	11	0	0	86.321000	740.199630	283.503509	9.632735	-1	###LINE###
5	21	3	11	0	0	86.32	740.20	6.36	9.63	100	j.
5	21	3	11	0	1	97.74	740.20	14.24	9.63	100	An
5	21	3	11	0	2	115.61	740.20	40.37	9.63	100	operator
5	21	3	11	0	3	159.61	740.20	7.33	9.63	100	is
5	21	3	11	0	4	170.59	740.20	44.88	9.63	100	uncertain
5	21	3	11	0	5	219.10	740.20	38.21	9.63	100	whether
5	21	3	11	0	6	260.94	740.20	11.51	9.63	100	an
5	21	3	11	0	7	276.10	740.20	29.09	9.63	100	action
5	21	3	11	0	8	308.83	740.20	7.33	9.63	100	is
5	21	3	11	0	9	319.79	740.20	50.03	9.63	100	permitted.
3	21	3	12	0	0	83.896000	760.523630	442.630222	9.632735	-1	###FLOW###
4	21	3	12	0	0	83.896000	760.523630	442.630222	9.632735	-1	###LINE###
5	21	3	12	0	0	83.90	760.52	8.79	9.63	100	k.
5	21	3	12	0	1	98.14	760.52	37.12	9.63	100	Contact
5	21	3	12	0	2	138.79	760.52	20.79	9.63	100	with
5	21	3	12	0	3	163.11	760.52	14.85	9.63	100	the
5	21	3	12	0	4	181.50	760.52	35.99	9.63	100	Trusted
5	21	3	12	0	5	221.03	760.52	27.91	9.63	100	Agent
5	21	3	12	0	6	252.47	760.52	7.19	9.63	100	is
5	21	3	12	0	7	263.20	760.52	16.69	9.63	100	lost
5	21	3	12	0	8	283.43	760.52	33.56	9.63	100	beyond
5	21	3	12	0	9	320.51	760.52	14.85	9.63	100	the
5	21	3	12	0	10	338.90	760.52	35.06	9.63	100	interval
5	21	3	12	0	11	377.49	760.52	13.13	9.63	100	set
5	21	3	12	0	12	394.15	760.52	8.91	9.63	100	in
5	21	3	12	0	13	406.59	760.52	14.85	9.63	100	the
5	21	3	12	0	14	424.97	760.52	25.45	9.63	100	Rules
5	21	3	12	0	15	453.96	760.52	8.61	9.63	100	of
5	21	3	12	0	16	466.10	760.52	60.43	9.63	100	Engagement.
3	21	3	13	0	0	257.623000	793.912520	80.030500	8.015962	-1	###FLOW###
4	21	3	13	0	0	257.623000	793.912520	80.030500	8.015962	-1	###LINE###
5	21	3	13	0	0	257.62	793.91	80.03	8.02	100	UNCLASSIFIED
3	21	3	14	0	0	287.052000	808.605601	21.172571	7.037598	-1	###FLOW###
4	21	3	14	0	0	287.052000	808.605601	21.172571	7.037598	-1	###LINE###
5	21	3	14	0	0	287.05	808.61	21.17	7.04	100	21/29
1	22	0	0	0	0	287.052000	808.605601	595.276000	841.890000	-1	###PAGE###
3	22	0	0	0	0	257.623000	39.603520	80.030500	8.015962	-1	###FLOW###
4	22	0	0	0	0	257.623000	39.603520	80.030500	8.015962	-1	###LINE###
5	22	0	0	0	0	257.62	39.60	80.03	8.02	100	UNCLASSIFIED
3	22	1	0	0	0	86.624000	78.293630	380.413408	9.632735	-1	###FLOW###
4	22	1	0	0	0	86.624000	78.293630	380.413408	9.632735	-1	###LINE###
5	22	1	0	0	0	86.62	78.29	6.06	9.63	100	l.
5	22	1	0	0	1	97.74	78.29	14.24	9.63	100	An
5	22	1	0	0	2	115.61	78.29	40.37	9.63	100	operator
5	22	1	0	0	3	159.61	78.29	15.82	9.63	100	has
5	22	1	0	0	4	179.07	78.29	25.45	9.63	100	made
5	22	1	0	0	5	208.16	78.29	11.51	9.63	100	an
5	22	1	0	0	6	223.31	78.29	23.12	9.63	100	error
5	22	1	0	0	7	250.07	78.29	28.54	9.63	100	whose
5	22	1	0	0	8	282.25	78.29	62.24	9.63	100	consequences
5	22	1	0	0	9	348.12	78.29	14.58	9.63	100	are
5	22	1	0	0	10	366.35	78.29	15.76	9.63	100	not
5	22	1	0	0	11	385.74	78.29	21.21	9.63	100	fully
5	22	1	0	0	12	410.58	78.29	56.46	9.63	100	understood.
3	22	1	1	0	0	70.473000	98.617630	454.342709	36.731735	-1	###FLOW###
4	22	1	1	0	0	70.866000	98.617630	453.949709	9.632735	-1	###LINE###
5	22	1	1	0	0	70.87	98.62	19.78	9.63	100	8.16
5	22	1	1	0	1	94.56	98.62	20.09	9.63	100	Any
5	22	1	1	0	2	118.57	98.62	44.25	9.63	100	operator,
5	22	1	1	0	3	166.81	98.62	15.45	9.63	100	the
5	22	1	1	0	4	186.17	98.62	19.32	9.63	100	Red
5	22	1	1	0	5	209.40	98.62	26.91	9.63	100	Team
5	22	1	1	0	6	240.23	98.62	26.74	9.63	100	Lead,
5	22	1	1	0	7	270.95	98.62	15.45	9.63	100	the
5	22	1	1	0	8	290.31	98.62	37.51	9.63	100	Trusted
5	22	1	1	0	9	331.73	98.62	29.06	9.63	100	Agent
5	22	1	1	0	10	364.70	98.62	9.92	9.63	100	or
5	22	1	1	0	11	378.54	98.62	15.45	9.63	100	the
5	22	1	1	0	12	397.90	98.62	51.04	9.63	100	Approving
5	22	1	1	0	13	452.85	98.62	47.64	9.63	100	Authority
5	22	1	1	0	14	504.41	98.62	20.41	9.63	100	may
4	22	1	1	1	0	70.866000	112.166630	453.540225	9.632735	-1	###LINE###
5	22	1	1	1	0	70.87	112.17	33.75	9.63	100	require
5	22	1	1	1	1	108.43	112.17	46.49	9.63	100	cessation.
5	22	1	1	1	2	160.25	112.17	13.91	9.63	100	No
5	22	1	1	1	3	177.97	112.17	57.24	9.63	100	justification
5	22	1	1	1	4	239.02	112.17	7.48	9.63	100	is
5	22	1	1	1	5	250.30	112.17	39.94	9.63	100	required
5	22	1	1	1	6	294.03	112.17	17.94	9.63	100	and
5	22	1	1	1	7	315.76	112.17	22.87	9.63	100	none
5	22	1	1	1	8	342.44	112.17	22.32	9.63	100	shall
5	22	1	1	1	9	368.56	112.17	11.43	9.63	100	be
5	22	1	1	1	10	383.80	112.17	35.00	9.63	100	sought.
5	22	1	1	1	11	424.14	112.17	58.32	9.63	100	Resumption
5	22	1	1	1	12	486.26	112.17	38.14	9.63	100	requires
4	22	1	1	2	0	70.473000	125.716630	202.608169	9.632735	-1	###LINE###
5	22	1	1	2	0	70.47	125.72	34.58	9.63	100	written
5	22	1	1	2	1	108.68	125.72	44.28	9.63	100	authority
5	22	1	1	2	2	156.60	125.72	22.15	9.63	100	from
5	22	1	1	2	3	182.38	125.72	15.15	9.63	100	the
5	22	1	1	2	4	201.17	125.72	36.75	9.63	100	Trusted
5	22	1	1	2	5	241.57	125.72	31.51	9.63	100	Agent.
3	22	2	0	0	0	70.866000	154.267643	86.474353	10.496666	-1	###FLOW###
4	22	2	0	0	0	70.866000	154.267643	86.474353	10.496666	-1	###LINE###
5	22	2	0	0	0	70.87	154.27	17.57	10.50	100	On
5	22	2	0	0	1	92.92	154.27	64.42	10.50	100	completion
3	22	2	1	0	0	70.866000	175.523630	453.545106	36.730735	-1	###FLOW###
4	22	2	1	0	0	70.866000	175.523630	453.543526	9.632735	-1	###LINE###
5	22	2	1	0	0	70.87	175.52	19.12	9.63	100	8.17
5	22	2	1	0	1	93.61	175.52	27.37	9.63	100	Every
5	22	2	1	0	2	124.61	175.52	58.28	9.63	100	modification
5	22	2	1	0	3	186.51	175.52	21.57	9.63	100	shall
5	22	2	1	0	4	211.70	175.52	11.07	9.63	100	be
5	22	2	1	0	5	226.40	175.52	39.16	9.63	100	removed
5	22	2	1	0	6	269.19	175.52	17.33	9.63	100	and
5	22	2	1	0	7	290.14	175.52	11.41	9.63	100	its
5	22	2	1	0	8	305.19	175.52	36.47	9.63	100	removal
5	22	2	1	0	9	345.28	175.52	34.09	9.63	100	verified
5	22	2	1	0	10	383.00	175.52	11.35	9.63	100	by
5	22	2	1	0	11	397.97	175.52	5.38	9.63	100	a
5	22	2	1	0	12	406.99	175.52	31.13	9.63	100	second
5	22	2	1	0	13	441.74	175.52	33.85	9.63	100	person.
5	22	2	1	0	14	480.45	175.52	19.42	9.63	100	Any
5	22	2	1	0	15	503.49	175.52	20.92	9.63	100	item
4	22	2	1	1	0	70.866000	189.072630	453.545106	9.632735	-1	###LINE###
5	22	2	1	1	0	70.87	189.07	20.02	9.63	100	that
5	22	2	1	1	1	94.52	189.07	32.15	9.63	100	cannot
5	22	2	1	1	2	130.31	189.07	11.23	9.63	100	be
5	22	2	1	1	3	145.17	189.07	39.77	9.63	100	removed
5	22	2	1	1	4	188.58	189.07	21.90	9.63	100	shall
5	22	2	1	1	5	214.12	189.07	11.23	9.63	100	be
5	22	2	1	1	6	228.98	189.07	52.02	9.63	100	transferred
5	22	2	1	1	7	284.64	189.07	9.10	9.63	100	in
5	22	2	1	1	8	297.38	189.07	34.00	9.63	100	writing
5	22	2	1	1	9	335.03	189.07	9.71	9.63	100	to
5	22	2	1	1	10	348.37	189.07	5.46	9.63	100	a
5	22	2	1	1	11	357.47	189.07	31.55	9.63	100	named
5	22	2	1	1	12	392.65	189.07	28.24	9.63	100	owner
5	22	2	1	1	13	424.52	189.07	17.60	9.63	100	and
5	22	2	1	1	14	445.76	189.07	37.10	9.63	100	remains
5	22	2	1	1	15	486.50	189.07	11.53	9.63	100	an
5	22	2	1	1	16	501.66	189.07	22.75	9.63	100	open
4	22	2	1	2	0	70.866000	202.621630	24.243293	9.632735	-1	###LINE###
5	22	2	1	2	0	70.87	202.62	24.24	9.63	100	item.
3	22	2	2	0	0	70.866000	222.945630	455.655620	63.829735	-1	###FLOW###
4	22	2	2	0	0	70.866000	222.945630	455.655620	9.632735	-1	###LINE###
5	22	2	2	0	0	70.87	222.95	19.20	9.63	100	8.18
5	22	2	2	0	1	93.70	222.95	14.10	9.63	100	All
5	22	2	2	0	2	111.41	222.95	55.50	9.63	100	engagement
5	22	2	2	0	3	170.54	222.95	64.65	9.63	100	infrastructure
5	22	2	2	0	4	238.82	222.95	21.66	9.63	100	shall
5	22	2	2	0	5	264.11	222.95	11.10	9.63	100	be
5	22	2	2	0	6	278.83	222.95	78.72	9.63	100	decommissioned,
5	22	2	2	0	7	361.18	222.95	21.00	9.63	100	with
5	22	2	2	0	8	385.80	222.95	33.72	9.63	100	records
5	22	2	2	0	9	423.15	222.95	44.52	9.63	100	preserved
5	22	2	2	0	10	471.29	222.95	55.23	9.63	100	beforehand.
4	22	2	2	1	0	70.866000	236.494630	453.840928	9.632735	-1	###LINE###
5	22	2	2	1	0	70.87	236.49	49.87	9.63	100	Command
5	22	2	2	1	1	124.39	236.49	17.86	9.63	100	and
5	22	2	2	1	2	145.88	236.49	33.60	9.63	100	control
5	22	2	2	1	3	183.12	236.49	22.23	9.63	100	shall
5	22	2	2	1	4	208.99	236.49	11.39	9.63	100	be
5	22	2	2	1	5	224.02	236.49	58.21	9.63	100	deactivated;
5	22	2	2	1	6	285.86	236.49	26.23	9.63	100	scope
5	22	2	2	1	7	315.73	236.49	17.86	9.63	100	and
5	22	2	2	1	8	337.23	236.49	20.94	9.63	100	date
5	22	2	2	1	9	361.81	236.49	15.09	9.63	100	kill
5	22	2	2	1	10	380.54	236.49	39.85	9.63	100	switches
5	22	2	2	1	11	424.03	236.49	22.23	9.63	100	shall
5	22	2	2	1	12	449.89	236.49	11.39	9.63	100	be
5	22	2	2	1	13	464.92	236.49	38.22	9.63	100	verified;
5	22	2	2	1	14	506.79	236.49	17.92	9.63	100	test
4	22	2	2	2	0	70.866000	250.043630	453.542451	9.632735	-1	###LINE###
5	22	2	2	2	0	70.87	250.04	44.89	9.63	100	accounts,
5	22	2	2	2	1	120.53	250.04	23.86	9.63	100	keys,
5	22	2	2	2	2	149.16	250.04	30.98	9.63	100	tokens
5	22	2	2	2	3	184.68	250.04	17.93	9.63	100	and
5	22	2	2	2	4	207.16	250.04	29.77	9.63	100	secure
5	22	2	2	2	5	241.47	250.04	41.18	9.63	100	channels
5	22	2	2	2	6	287.18	250.04	22.33	9.63	100	shall
5	22	2	2	2	7	314.05	250.04	11.43	9.63	100	be
5	22	2	2	2	8	330.03	250.04	43.62	9.63	100	removed,
5	22	2	2	2	9	378.42	250.04	37.13	9.63	100	revoked
5	22	2	2	2	10	420.10	250.04	9.92	9.63	100	or
5	22	2	2	2	11	434.57	250.04	42.16	9.63	100	restored;
5	22	2	2	2	12	481.72	250.04	42.69	9.63	100	captured
4	22	2	2	3	0	70.866000	263.592630	453.840864	9.632735	-1	###LINE###
5	22	2	2	3	0	70.87	263.59	50.44	9.63	100	credentials
5	22	2	2	3	1	124.94	263.59	21.77	9.63	100	shall
5	22	2	2	3	2	150.34	263.59	11.16	9.63	100	be
5	22	2	2	3	3	165.13	263.59	45.01	9.63	100	destroyed
5	22	2	2	3	4	213.78	263.59	9.68	9.63	100	or
5	22	2	2	3	5	227.09	263.59	25.42	9.63	100	reset;
5	22	2	2	3	6	256.14	263.59	17.49	9.63	100	and
5	22	2	2	3	7	277.26	263.59	20.80	9.63	100	each
5	22	2	2	3	8	301.70	263.59	28.95	9.63	100	action
5	22	2	2	3	9	334.27	263.59	21.77	9.63	100	shall
5	22	2	2	3	10	359.68	263.59	11.16	9.63	100	be
5	22	2	2	3	11	374.47	263.59	43.47	9.63	100	recorded.
5	22	2	2	3	12	422.80	263.59	35.42	9.63	100	Backup
5	22	2	2	3	13	461.86	263.59	17.49	9.63	100	and
5	22	2	2	3	14	482.98	263.59	41.73	9.63	100	snapshot
4	22	2	2	4	0	70.866000	277.142630	440.002185	9.632735	-1	###LINE###
5	22	2	2	4	0	70.87	277.14	32.51	9.63	100	owners
5	22	2	2	4	1	107.02	277.14	21.88	9.63	100	shall
5	22	2	2	4	2	132.53	277.14	11.21	9.63	100	be
5	22	2	2	4	3	147.38	277.14	18.79	9.63	100	told
5	22	2	2	4	4	169.80	277.14	19.10	9.63	100	how
5	22	2	2	4	5	192.53	277.14	9.70	9.63	100	to
5	22	2	2	4	6	205.86	277.14	35.49	9.63	100	prevent
5	22	2	2	4	7	244.99	277.14	21.85	9.63	100	later
5	22	2	2	4	8	270.47	277.14	51.64	9.63	100	restoration
5	22	2	2	4	9	325.75	277.14	8.79	9.63	100	of
5	22	2	2	4	10	338.17	277.14	17.64	9.63	100	test
5	22	2	2	4	11	359.44	277.14	42.76	9.63	100	malware,
5	22	2	2	4	12	405.84	277.14	33.03	9.63	100	tooling
5	22	2	2	4	13	442.50	277.14	9.73	9.63	100	or
5	22	2	2	4	14	455.86	277.14	55.00	9.63	100	persistence.
3	22	2	3	0	0	70.866000	297.465630	453.541883	23.182735	-1	###FLOW###
4	22	2	3	0	0	70.866000	297.465630	453.541883	9.632735	-1	###LINE###
5	22	2	3	0	0	70.87	297.47	19.01	9.63	100	8.19
5	22	2	3	0	1	93.46	297.47	8.02	9.63	100	A
5	22	2	3	0	2	105.07	297.47	60.36	9.63	100	timestamped
5	22	2	3	0	3	169.02	297.47	29.16	9.63	100	record
5	22	2	3	0	4	201.78	297.47	8.61	9.63	100	of
5	22	2	3	0	5	213.98	297.47	11.29	9.63	100	all
5	22	2	3	0	6	228.86	297.47	14.88	9.63	100	red
5	22	2	3	0	7	247.34	297.47	23.16	9.63	100	team
5	22	2	3	0	8	274.10	297.47	37.39	9.63	100	activity,
5	22	2	3	0	9	315.09	297.47	42.76	9.63	100	including
5	22	2	3	0	10	361.45	297.47	29.19	9.63	100	source
5	22	2	3	0	11	394.24	297.47	46.53	9.63	100	addresses,
5	22	2	3	0	12	444.38	297.47	21.44	9.63	100	shall
5	22	2	3	0	13	469.41	297.47	10.99	9.63	100	be
5	22	2	3	0	14	483.99	297.47	40.41	9.63	100	provided
4	22	2	3	1	0	70.866000	311.015630	319.998812	9.632735	-1	###LINE###
5	22	2	3	1	0	70.87	311.02	9.70	9.63	100	to
5	22	2	3	1	1	84.20	311.02	15.15	9.63	100	the
5	22	2	3	1	2	102.99	311.02	36.75	9.63	100	Trusted
5	22	2	3	1	3	143.38	311.02	28.48	9.63	100	Agent
5	22	2	3	1	4	175.50	311.02	13.06	9.63	100	for
5	22	2	3	1	5	192.20	311.02	63.66	9.63	100	reconciliation
5	22	2	3	1	6	259.51	311.02	34.00	9.63	100	against
5	22	2	3	1	7	297.14	311.02	42.79	9.63	100	defensive
5	22	2	3	1	8	343.57	311.02	47.30	9.63	100	telemetry.
3	22	3	0	0	0	70.866000	339.566643	126.182354	10.496666	-1	###FLOW###
4	22	3	0	0	0	70.866000	339.566643	126.182354	10.496666	-1	###LINE###
5	22	3	0	0	0	70.87	339.57	50.06	10.50	100	Conduct
5	22	3	0	0	1	125.41	339.57	10.83	10.50	100	of
5	22	3	0	0	2	140.73	339.57	56.32	10.50	100	personnel
3	22	3	1	0	0	70.866000	360.822630	455.065250	23.181735	-1	###FLOW###
4	22	3	1	0	0	70.866000	360.822630	455.065250	9.632735	-1	###LINE###
5	22	3	1	0	0	70.87	360.82	19.05	9.63	100	8.20
5	22	3	1	0	1	93.54	360.82	30.68	9.63	100	Where
5	22	3	1	0	2	127.87	360.82	33.41	9.63	100	realism
5	22	3	1	0	3	164.92	360.82	38.15	9.63	100	conflicts
5	22	3	1	0	4	206.70	360.82	20.83	9.63	100	with
5	22	3	1	0	5	231.16	360.82	14.89	9.63	100	the
5	22	3	1	0	6	249.68	360.82	27.14	9.63	100	safety
5	22	3	1	0	7	280.45	360.82	8.63	9.63	100	of
5	22	3	1	0	8	292.71	360.82	47.42	9.63	100	personnel,
5	22	3	1	0	9	343.76	360.82	39.16	9.63	100	systems,
5	22	3	1	0	10	386.55	360.82	20.83	9.63	100	data
5	22	3	1	0	11	411.02	360.82	9.55	9.63	100	or
5	22	3	1	0	12	424.21	360.82	52.70	9.63	100	operational
5	22	3	1	0	13	480.55	360.82	45.38	9.63	100	readiness,
4	22	3	1	1	0	70.866000	374.371630	67.724784	9.632735	-1	###LINE###
5	22	3	1	1	0	70.87	374.37	34.03	9.63	100	realism
5	22	3	1	1	1	108.53	374.37	30.06	9.63	100	yields.
3	22	3	2	0	0	70.866000	394.695630	453.544676	23.181735	-1	###FLOW###
4	22	3	2	0	0	70.866000	394.695630	453.544676	9.632735	-1	###LINE###
5	22	3	2	0	0	70.87	394.70	19.78	9.63	100	8.21
5	22	3	2	0	1	94.54	394.70	48.70	9.63	100	Reporting
5	22	3	2	0	2	147.15	394.70	22.32	9.63	100	shall
5	22	3	2	0	3	173.36	394.70	11.43	9.63	100	be
5	22	3	2	0	4	188.70	394.70	41.14	9.63	100	truthful,
5	22	3	2	0	5	233.80	394.70	17.93	9.63	100	and
5	22	3	2	0	6	255.62	394.70	22.32	9.63	100	shall
5	22	3	2	0	7	281.83	394.70	34.62	9.63	100	include
5	22	3	2	0	8	320.35	394.70	27.96	9.63	100	errors
5	22	3	2	0	9	352.22	394.70	25.96	9.63	100	made
5	22	3	2	0	10	382.08	394.70	11.75	9.63	100	by
5	22	3	2	0	11	397.73	394.70	15.45	9.63	100	the
5	22	3	2	0	12	417.07	394.70	15.49	9.63	100	red
5	22	3	2	0	13	436.47	394.70	24.11	9.63	100	team
5	22	3	2	0	14	464.47	394.70	17.93	9.63	100	and
5	22	3	2	0	15	486.29	394.70	38.12	9.63	100	controls
4	22	3	2	1	0	70.866000	408.244630	369.966854	9.632735	-1	###LINE###
5	22	3	2	1	0	70.87	408.24	20.00	9.63	100	that
5	22	3	2	1	1	94.50	408.24	39.70	9.63	100	defeated
5	22	3	2	1	2	137.84	408.24	10.30	9.63	100	it.
5	22	3	2	1	3	152.99	408.24	8.18	9.63	100	A
5	22	3	2	1	4	164.80	408.24	29.46	9.63	100	report
5	22	3	2	1	5	197.89	408.24	40.61	9.63	100	omitting
5	22	3	2	1	6	242.14	408.24	15.15	9.63	100	the
5	22	3	2	1	7	260.93	408.24	39.15	9.63	100	defences
5	22	3	2	1	8	303.71	408.24	20.01	9.63	100	that
5	22	3	2	1	9	327.35	408.24	46.73	9.63	100	succeeded
5	22	3	2	1	10	377.71	408.24	7.33	9.63	100	is
5	22	3	2	1	11	388.69	408.24	52.14	9.63	100	inaccurate.
3	22	3	3	0	0	70.866000	428.568630	453.757840	23.181735	-1	###FLOW###
4	22	3	3	0	0	70.866000	428.568630	453.757840	9.632735	-1	###LINE###
5	22	3	3	0	0	70.87	428.57	19.01	9.63	100	8.22
5	22	3	3	0	1	93.40	428.57	13.36	9.63	100	No
5	22	3	3	0	2	110.28	428.57	46.62	9.63	100	individual
5	22	3	3	0	3	160.43	428.57	21.44	9.63	100	shall
5	22	3	3	0	4	185.40	428.57	10.99	9.63	100	be
5	22	3	3	0	5	199.92	428.57	30.88	9.63	100	named
5	22	3	3	0	6	234.33	428.57	9.56	9.63	100	as
5	22	3	3	0	7	247.41	428.57	5.35	9.63	100	a
5	22	3	3	0	8	256.28	428.57	32.40	9.63	100	failure,
5	22	3	3	0	9	292.23	428.57	17.22	9.63	100	and
5	22	3	3	0	10	312.98	428.57	11.28	9.63	100	no
5	22	3	3	0	11	327.79	428.57	54.94	9.63	100	engagement
5	22	3	3	0	12	386.25	428.57	38.64	9.63	100	material
5	22	3	3	0	13	428.41	428.57	21.44	9.63	100	shall
5	22	3	3	0	14	453.37	428.57	10.99	9.63	100	be
5	22	3	3	0	15	467.89	428.57	40.41	9.63	100	provided
5	22	3	3	0	16	511.82	428.57	12.80	9.63	100	for
4	22	3	3	1	0	70.866000	442.117630	103.269904	9.632735	-1	###LINE###
5	22	3	3	1	0	70.87	442.12	54.94	9.63	100	disciplinary
5	22	3	3	1	1	129.44	442.12	44.70	9.63	100	purposes.
3	22	3	4	0	0	70.866000	462.441630	455.365649	23.181735	-1	###FLOW###
4	22	3	4	0	0	70.866000	462.441630	455.365649	9.632735	-1	###LINE###
5	22	3	4	0	0	70.87	462.44	19.37	9.63	100	8.23
5	22	3	4	0	1	93.88	462.44	8.17	9.63	100	A
5	22	3	4	0	2	105.68	462.44	36.03	9.63	100	genuine
5	22	3	4	0	3	145.35	462.44	42.18	9.63	100	intrusion
5	22	3	4	0	4	191.16	462.44	21.86	9.63	100	shall
5	22	3	4	0	5	216.65	462.44	11.20	9.63	100	be
5	22	3	4	0	6	231.49	462.44	39.39	9.63	100	declared
5	22	3	4	0	7	274.52	462.44	60.54	9.63	100	immediately,
5	22	3	4	0	8	338.70	462.44	54.31	9.63	100	irrespective
5	22	3	4	0	9	396.64	462.44	8.78	9.63	100	of
5	22	3	4	0	10	409.06	462.44	15.14	9.63	100	the
5	22	3	4	0	11	427.83	462.44	25.13	9.63	100	effect
5	22	3	4	0	12	456.59	462.44	11.50	9.63	100	on
5	22	3	4	0	13	471.73	462.44	15.14	9.63	100	the
5	22	3	4	0	14	490.51	462.44	35.72	9.63	100	engage-
4	22	3	4	1	0	70.866000	475.990630	84.672071	9.632735	-1	###LINE###
5	22	3	4	1	0	70.87	475.99	31.27	9.63	100	ment’s
5	22	3	4	1	1	105.78	475.99	49.76	9.63	100	objectives.
3	22	3	5	0	0	70.866000	496.314630	453.548014	23.181735	-1	###FLOW###
4	22	3	5	0	0	70.866000	496.314630	453.548014	9.632735	-1	###LINE###
5	22	3	5	0	0	70.87	496.31	19.78	9.63	100	8.24
5	22	3	5	0	1	94.72	496.31	39.26	9.63	100	Activity
5	22	3	5	0	2	138.06	496.31	20.40	9.63	100	that
5	22	3	5	0	3	162.53	496.31	7.48	9.63	100	is
5	22	3	5	0	4	174.08	496.31	44.50	9.63	100	unlawful,
5	22	3	5	0	5	222.77	496.31	30.66	9.63	100	unsafe
5	22	3	5	0	6	257.50	496.31	9.92	9.63	100	or
5	22	3	5	0	7	271.50	496.31	44.51	9.63	100	unethical
5	22	3	5	0	8	320.07	496.31	22.32	9.63	100	shall
5	22	3	5	0	9	346.46	496.31	11.43	9.63	100	be
5	22	3	5	0	10	361.96	496.31	34.40	9.63	100	refused
5	22	3	5	0	11	400.43	496.31	17.93	9.63	100	and
5	22	3	5	0	12	422.43	496.31	44.25	9.63	100	reported.
5	22	3	5	0	13	472.84	496.31	35.76	9.63	100	Refusal
5	22	3	5	0	14	512.67	496.31	11.74	9.63	100	on
4	22	3	5	1	0	70.866000	509.863630	128.120834	9.632735	-1	###LINE###
5	22	3	5	1	0	70.87	509.86	24.30	9.63	100	these
5	22	3	5	1	1	98.80	509.86	37.66	9.63	100	grounds
5	22	3	5	1	2	140.11	509.86	7.33	9.63	100	is
5	22	3	5	1	3	151.08	509.86	47.91	9.63	100	protected.
3	22	3	6	0	0	70.866000	530.187630	453.548298	23.181735	-1	###FLOW###
4	22	3	6	0	0	70.866000	530.187630	453.548298	9.632735	-1	###LINE###
5	22	3	6	0	0	70.87	530.19	19.01	9.63	100	8.25
5	22	3	6	0	1	93.52	530.19	48.70	9.63	100	Capability
5	22	3	6	0	2	145.87	530.19	17.22	9.63	100	and
5	22	3	6	0	3	166.74	530.19	48.11	9.63	100	knowledge
5	22	3	6	0	4	218.50	530.19	40.39	9.63	100	obtained
5	22	3	6	0	5	262.54	530.19	30.32	9.63	100	during
5	22	3	6	0	6	296.51	530.19	11.28	9.63	100	an
5	22	3	6	0	7	311.44	530.19	54.94	9.63	100	engagement
5	22	3	6	0	8	370.03	530.19	21.44	9.63	100	shall
5	22	3	6	0	9	395.12	530.19	15.44	9.63	100	not
5	22	3	6	0	10	414.21	530.19	11.00	9.63	100	be
5	22	3	6	0	11	428.86	530.19	43.64	9.63	100	employed
5	22	3	6	0	12	476.15	530.19	33.32	9.63	100	outside
5	22	3	6	0	13	513.13	530.19	11.28	9.63	100	an
4	22	3	6	1	0	70.866000	543.736630	112.519730	9.632735	-1	###LINE###
5	22	3	6	1	0	70.87	543.74	49.79	9.63	100	authorised
5	22	3	6	1	1	124.29	543.74	59.10	9.63	100	engagement.
3	22	4	0	0	0	70.866000	596.136199	397.406955	12.595964	-1	###FLOW###
4	22	4	0	0	0	70.866000	596.136199	397.406955	12.595964	-1	###LINE###
5	22	4	0	0	0	70.87	596.14	81.34	12.60	100	CHAPTER
5	22	4	0	0	1	157.59	596.14	8.07	12.60	100	9
5	22	4	0	0	2	171.04	596.14	16.14	12.60	100	—
5	22	4	0	0	3	192.56	596.14	108.39	12.60	100	ASSESSMENT
5	22	4	0	0	4	306.33	596.14	22.27	12.60	100	OF
5	22	4	0	0	5	333.98	596.14	134.29	12.60	100	EFFECTIVENESS
3	22	4	1	0	0	70.866000	622.521643	52.947190	10.496666	-1	###FLOW###
4	22	4	1	0	0	70.866000	622.521643	52.947190	10.496666	-1	###LINE###
5	22	4	1	0	0	70.87	622.52	52.95	10.50	100	Principle
3	22	4	2	0	0	70.866000	643.777630	453.842298	36.730735	-1	###FLOW###
4	22	4	2	0	0	70.866000	643.777630	453.842298	9.632735	-1	###LINE###
5	22	4	2	0	0	70.87	643.78	13.66	9.63	100	9.1
5	22	4	2	0	1	87.56	643.78	18.41	9.63	100	The
5	22	4	2	0	2	109.00	643.78	14.88	9.63	100	red
5	22	4	2	0	3	126.92	643.78	23.16	9.63	100	team
5	22	4	2	0	4	153.10	643.78	7.19	9.63	100	is
5	22	4	2	0	5	163.33	643.78	11.28	9.63	100	an
5	22	4	2	0	6	177.65	643.78	50.86	9.63	100	instrument
5	22	4	2	0	7	231.54	643.78	8.61	9.63	100	of
5	22	4	2	0	8	243.18	643.78	64.53	9.63	100	measurement.
5	22	4	2	0	9	312.36	643.78	12.23	9.63	100	Its
5	22	4	2	0	10	327.62	643.78	56.84	9.63	100	effectiveness
5	22	4	2	0	11	387.49	643.78	7.18	9.63	100	is
5	22	4	2	0	12	397.71	643.78	31.18	9.63	100	judged
5	22	4	2	0	13	431.92	643.78	11.28	9.63	100	by
5	22	4	2	0	14	446.23	643.78	14.85	9.63	100	the
5	22	4	2	0	15	464.11	643.78	60.59	9.63	100	improvement
4	22	4	2	1	0	70.866000	657.326630	453.539898	9.632735	-1	###LINE###
5	22	4	2	1	0	70.87	657.33	8.70	9.63	100	of
5	22	4	2	1	1	83.19	657.33	15.00	9.63	100	the
5	22	4	2	1	2	101.81	657.33	34.50	9.63	100	defence
5	22	4	2	1	3	139.94	657.33	17.40	9.63	100	and
5	22	4	2	1	4	160.97	657.33	15.60	9.63	100	not
5	22	4	2	1	5	180.19	657.33	11.40	9.63	100	by
5	22	4	2	1	6	195.21	657.33	11.46	9.63	100	its
5	22	4	2	1	7	210.30	657.33	18.90	9.63	100	own
5	22	4	2	1	8	232.82	657.33	58.26	9.63	100	performance
5	22	4	2	1	9	294.71	657.33	30.63	9.63	100	during
5	22	4	2	1	10	328.97	657.33	62.76	9.63	100	engagements.
5	22	4	2	1	11	396.56	657.33	50.91	9.63	100	Definitions
5	22	4	2	1	12	451.10	657.33	17.40	9.63	100	and
5	22	4	2	1	13	472.13	657.33	39.96	9.63	100	methods
5	22	4	2	1	14	515.71	657.33	8.70	9.63	100	of
4	22	4	2	2	0	70.866000	670.875630	131.392473	9.632735	-1	###LINE###
5	22	4	2	2	0	70.87	670.88	51.52	9.63	100	calculation
5	22	4	2	2	1	126.01	670.88	14.58	9.63	100	are
5	22	4	2	2	2	144.24	670.88	9.70	9.63	100	at
5	22	4	2	2	3	157.56	670.88	30.91	9.63	100	Annex
5	22	4	2	2	4	192.11	670.88	10.15	9.63	100	F.
3	22	5	0	0	0	70.866000	699.427643	55.144556	10.496666	-1	###FLOW###
4	22	5	0	0	0	70.866000	699.427643	55.144556	10.496666	-1	###LINE###
5	22	5	0	0	0	70.87	699.43	55.14	10.50	100	Measures
3	22	5	1	0	0	70.866000	720.682630	253.186029	9.632735	-1	###FLOW###
4	22	5	1	0	0	70.866000	720.682630	253.186029	9.632735	-1	###LINE###
5	22	5	1	0	0	70.87	720.68	13.94	9.63	100	9.2
5	22	5	1	0	1	88.44	720.68	18.79	9.63	100	The
5	22	5	1	0	2	110.87	720.68	42.42	9.63	100	following
5	22	5	1	0	3	156.92	720.68	14.58	9.63	100	are
5	22	5	1	0	4	175.13	720.68	40.67	9.63	100	recorded
5	22	5	1	0	5	219.44	720.68	13.06	9.63	100	for
5	22	5	1	0	6	236.14	720.68	25.18	9.63	100	every
5	22	5	1	0	7	264.95	720.68	59.10	9.63	100	engagement.
3	22	6	0	0	0	257.623000	793.912520	80.030500	8.015962	-1	###FLOW###
4	22	6	0	0	0	257.623000	793.912520	80.030500	8.015962	-1	###LINE###
5	22	6	0	0	0	257.62	793.91	80.03	8.02	100	UNCLASSIFIED
3	22	6	1	0	0	287.052000	808.605601	21.172571	7.037598	-1	###FLOW###
4	22	6	1	0	0	287.052000	808.605601	21.172571	7.037598	-1	###LINE###
5	22	6	1	0	0	287.05	808.61	21.17	7.04	100	22/29
1	23	0	0	0	0	287.052000	808.605601	595.276000	841.890000	-1	###PAGE###
3	23	0	0	0	0	257.623000	39.603520	80.030500	8.015962	-1	###FLOW###
4	23	0	0	0	0	257.623000	39.603520	80.030500	8.015962	-1	###LINE###
5	23	0	0	0	0	257.62	39.60	80.03	8.02	100	UNCLASSIFIED
3	23	1	0	0	0	70.866000	81.687630	43.364763	9.632735	-1	###FLOW###
4	23	1	0	0	0	70.866000	81.687630	43.364763	9.632735	-1	###LINE###
5	23	1	0	0	0	70.87	81.69	43.36	9.63	100	Category
3	23	2	0	0	0	184.385000	81.687630	44.091309	9.632735	-1	###FLOW###
4	23	2	0	0	0	184.385000	81.687630	44.091309	9.632735	-1	###LINE###
5	23	2	0	0	0	184.39	81.69	44.09	9.63	100	Measures
3	23	3	0	0	0	70.866000	102.064630	34.544756	9.632735	-1	###FLOW###
4	23	3	0	0	0	70.866000	102.064630	34.544756	9.632735	-1	###LINE###
5	23	3	0	0	0	70.87	102.06	34.54	9.63	100	Timing
3	23	4	0	0	0	184.385000	102.064630	340.025372	136.995735	-1	###FLOW###
4	23	4	0	0	0	184.385000	102.064630	312.542442	9.632735	-1	###LINE###
5	23	4	0	0	0	184.39	102.06	24.85	9.63	100	Time
5	23	4	0	0	1	212.87	102.06	9.70	9.63	100	to
5	23	4	0	0	2	226.21	102.06	47.30	9.63	100	telemetry,
5	23	4	0	0	3	277.14	102.06	24.88	9.63	100	alert,
5	23	4	0	0	4	305.66	102.06	61.52	9.63	100	examination,
5	23	4	0	0	5	370.81	102.06	58.78	9.63	100	containment
5	23	4	0	0	6	433.24	102.06	17.57	9.63	100	and
5	23	4	0	0	7	454.44	102.06	42.48	9.63	100	recovery;
4	23	4	0	1	0	184.385000	115.614630	82.147705	9.632735	-1	###LINE###
5	23	4	0	1	0	184.39	115.61	38.42	9.63	100	assessed
5	23	4	0	1	1	226.44	115.61	40.09	9.63	100	presence
4	23	4	0	2	0	184.385000	130.518630	340.025372	9.632735	-1	###LINE###
5	23	4	0	2	0	184.39	130.52	38.43	9.63	100	Planned
5	23	4	0	2	1	226.43	130.52	32.96	9.63	100	actions
5	23	4	0	2	2	263.01	130.52	51.44	9.63	100	attempted,
5	23	4	0	2	3	318.07	130.52	55.75	9.63	100	substituted,
5	23	4	0	2	4	377.44	130.52	35.29	9.63	100	blocked
5	23	4	0	2	5	416.35	130.52	9.60	9.63	100	or
5	23	4	0	2	6	429.57	130.52	43.97	9.63	100	executed;
5	23	4	0	2	7	477.15	130.52	47.26	9.63	100	applicable
4	23	4	0	3	0	184.385000	144.067630	314.755899	9.632735	-1	###LINE###
5	23	4	0	3	0	184.39	144.07	33.39	9.63	100	actions
5	23	4	0	3	1	221.41	144.07	47.61	9.63	100	producing
5	23	4	0	3	2	272.66	144.07	47.30	9.63	100	telemetry,
5	23	4	0	3	3	323.59	144.07	24.88	9.63	100	alert,
5	23	4	0	3	4	352.11	144.07	63.40	9.63	100	investigation,
5	23	4	0	3	5	419.14	144.07	58.79	9.63	100	containment
5	23	4	0	3	6	481.57	144.07	17.57	9.63	100	and
4	23	4	0	4	0	184.385000	157.616630	39.452760	9.632735	-1	###LINE###
5	23	4	0	4	0	184.39	157.62	39.45	9.63	100	recovery
4	23	4	0	5	0	184.385000	172.520630	333.271914	9.632735	-1	###LINE###
5	23	4	0	5	0	184.39	172.52	49.76	9.63	100	Objectives
5	23	4	0	5	1	237.78	172.52	40.31	9.63	100	achieved
5	23	4	0	5	2	281.72	172.52	17.57	9.63	100	and
5	23	4	0	5	3	302.93	172.52	49.43	9.63	100	prevented;
5	23	4	0	5	4	355.99	172.52	37.36	9.63	100	controls
5	23	4	0	5	5	397.00	172.52	20.00	9.63	100	that
5	23	4	0	5	6	420.63	172.52	41.21	9.63	100	engaged;
5	23	4	0	5	7	465.47	172.52	37.04	9.63	100	findings
5	23	4	0	5	8	506.14	172.52	11.51	9.63	100	by
4	23	4	0	6	0	184.385000	186.070630	36.451667	9.632735	-1	###LINE###
5	23	4	0	6	0	184.39	186.07	36.45	9.63	100	severity
4	23	4	0	7	0	184.385004	200.974630	287.245330	9.632735	-1	###LINE###
5	23	4	0	7	0	184.39	200.97	41.12	9.63	100	Findings
5	23	4	0	7	1	229.14	200.97	28.55	9.63	100	closed
5	23	4	0	7	2	261.33	200.97	11.51	9.63	100	by
5	23	4	0	7	3	276.47	200.97	29.79	9.63	100	retest;
5	23	4	0	7	4	309.91	200.97	21.21	9.63	100	time
5	23	4	0	7	5	334.75	200.97	9.70	9.63	100	to
5	23	4	0	7	6	348.08	200.97	35.85	9.63	100	closure;
5	23	4	0	7	7	387.56	200.97	18.82	9.63	100	rate
5	23	4	0	7	8	410.03	200.97	8.79	9.63	100	of
5	23	4	0	7	9	422.45	200.97	49.18	9.63	100	recurrence
4	23	4	0	8	0	184.385000	215.878630	318.028629	9.632735	-1	###LINE###
5	23	4	0	8	0	184.39	215.88	22.58	9.63	100	Rate
5	23	4	0	8	1	210.59	215.88	8.79	9.63	100	of
5	23	4	0	8	2	223.03	215.88	43.99	9.63	100	reporting
5	23	4	0	8	3	270.66	215.88	11.51	9.63	100	by
5	23	4	0	8	4	285.81	215.88	45.24	9.63	100	personnel
5	23	4	0	8	5	334.68	215.88	17.57	9.63	100	and
5	23	4	0	8	6	355.90	215.88	21.21	9.63	100	time
5	23	4	0	8	7	380.75	215.88	9.70	9.63	100	to
5	23	4	0	8	8	394.08	215.88	18.89	9.63	100	first
5	23	4	0	8	9	416.60	215.88	32.49	9.63	100	report.
5	23	4	0	8	10	453.93	215.88	48.48	9.63	100	Individual
4	23	4	0	9	0	184.385000	229.427630	116.001915	9.632735	-1	###LINE###
5	23	4	0	9	0	184.39	229.43	31.06	9.63	100	results
5	23	4	0	9	1	219.08	229.43	14.58	9.63	100	are
5	23	4	0	9	2	237.30	229.43	15.76	9.63	100	not
5	23	4	0	9	3	256.69	229.43	43.70	9.63	100	recorded.
3	23	5	0	0	0	70.866000	130.518630	43.360400	9.632735	-1	###FLOW###
4	23	5	0	0	0	70.866000	130.518630	43.360400	9.632735	-1	###LINE###
5	23	5	0	0	0	70.87	130.52	43.36	9.63	100	Coverage
3	23	6	0	0	0	70.866000	172.520630	43.030945	9.632735	-1	###FLOW###
4	23	6	0	0	0	70.866000	172.520630	43.030945	9.632735	-1	###LINE###
5	23	6	0	0	0	70.87	172.52	43.03	9.63	100	Outcome
3	23	6	1	0	0	70.866000	200.974630	85.788071	24.536735	-1	###FLOW###
4	23	6	1	0	0	70.866000	200.974630	60.151686	9.632735	-1	###LINE###
5	23	6	1	0	0	70.87	200.97	60.15	9.63	100	Remediation
4	23	6	1	1	0	70.866000	215.878630	85.788071	9.632735	-1	###LINE###
5	23	6	1	1	0	70.87	215.88	28.18	9.63	100	Social
5	23	6	1	1	1	102.68	215.88	53.97	9.63	100	engineering
3	23	7	0	0	0	70.462000	268.923630	456.066962	63.829735	-1	###FLOW###
4	23	7	0	0	0	70.866000	268.923630	453.842298	9.632735	-1	###LINE###
5	23	7	0	0	0	70.87	268.92	22.20	9.63	100	9.2.1
5	23	7	0	0	1	96.70	268.92	27.48	9.63	100	Every
5	23	7	0	0	2	127.79	268.92	39.96	9.63	100	reported
5	23	7	0	0	3	171.38	268.92	38.49	9.63	100	measure
5	23	7	0	0	4	213.49	268.92	21.66	9.63	100	shall
5	23	7	0	0	5	238.78	268.92	22.86	9.63	100	state
5	23	7	0	0	6	265.27	268.92	11.46	9.63	100	its
5	23	7	0	0	7	280.35	268.92	40.00	9.63	100	purpose,
5	23	7	0	0	8	323.97	268.92	24.90	9.63	100	exact
5	23	7	0	0	9	352.50	268.92	48.96	9.63	100	numerator
5	23	7	0	0	10	405.08	268.92	17.40	9.63	100	and
5	23	7	0	0	11	426.10	268.92	59.43	9.63	100	denominator
5	23	7	0	0	12	489.16	268.92	9.63	9.63	100	or
5	23	7	0	0	13	502.42	268.92	22.29	9.63	100	start
4	23	7	0	1	0	70.866000	282.473630	455.662962	9.632735	-1	###LINE###
5	23	7	0	1	0	70.87	282.47	17.22	9.63	100	and
5	23	7	0	1	1	91.19	282.47	16.63	9.63	100	end
5	23	7	0	1	2	110.91	282.47	31.83	9.63	100	events,
5	23	7	0	1	3	145.94	282.47	20.79	9.63	100	data
5	23	7	0	1	4	169.82	282.47	32.16	9.63	100	source,
5	23	7	0	1	5	205.18	282.47	30.62	9.63	100	owner,
5	23	7	0	1	6	239.01	282.47	49.71	9.63	100	exclusions,
5	23	7	0	1	7	291.92	282.47	32.13	9.63	100	sample
5	23	7	0	1	8	327.15	282.47	19.66	9.63	100	size,
5	23	7	0	1	9	350.00	282.47	34.58	9.63	100	missing
5	23	7	0	1	10	387.67	282.47	20.79	9.63	100	data
5	23	7	0	1	11	411.56	282.47	17.22	9.63	100	and
5	23	7	0	1	12	431.87	282.47	38.64	9.63	100	material
5	23	7	0	1	13	473.61	282.47	52.92	9.63	100	limitations.
4	23	7	0	2	0	70.462000	296.022630	453.942898	9.632735	-1	###LINE###
5	23	7	0	2	0	70.46	296.02	14.47	9.63	100	An
5	23	7	0	2	1	88.56	296.02	29.56	9.63	100	action
5	23	7	0	2	2	121.75	296.02	20.32	9.63	100	that
5	23	7	0	2	3	145.69	296.02	17.62	9.63	100	was
5	23	7	0	2	4	166.94	296.02	16.01	9.63	100	not
5	23	7	0	2	5	186.57	296.02	43.72	9.63	100	detected,
5	23	7	0	2	6	233.92	296.02	57.64	9.63	100	investigated
5	23	7	0	2	7	295.19	296.02	9.88	9.63	100	or
5	23	7	0	2	8	308.70	296.02	46.50	9.63	100	contained
5	23	7	0	2	9	358.82	296.02	7.45	9.63	100	is
5	23	7	0	2	10	369.91	296.02	41.31	9.63	100	recorded
5	23	7	0	2	11	414.85	296.02	9.91	9.63	100	as
5	23	7	0	2	12	428.39	296.02	16.01	9.63	100	not
5	23	7	0	2	13	448.02	296.02	41.97	9.63	100	observed
5	23	7	0	2	14	493.62	296.02	30.79	9.63	100	within
4	23	7	0	3	0	70.866000	309.571630	453.548014	9.632735	-1	###LINE###
5	23	7	0	3	0	70.87	309.57	15.45	9.63	100	the
5	23	7	0	3	1	90.01	309.57	17.99	9.63	100	test
5	23	7	0	3	2	111.70	309.57	39.88	9.63	100	window;
5	23	7	0	3	3	155.30	309.57	7.42	9.63	100	it
5	23	7	0	3	4	166.41	309.57	7.48	9.63	100	is
5	23	7	0	3	5	177.58	309.57	16.07	9.63	100	not
5	23	7	0	3	6	197.35	309.57	40.30	9.63	100	assigned
5	23	7	0	3	7	241.35	309.57	5.56	9.63	100	a
5	23	7	0	3	8	250.60	309.57	41.45	9.63	100	duration
5	23	7	0	3	9	295.75	309.57	8.96	9.63	100	of
5	23	7	0	3	10	308.40	309.57	22.91	9.63	100	zero.
5	23	7	0	3	11	336.33	309.57	31.28	9.63	100	Means
5	23	7	0	3	12	371.30	309.57	14.87	9.63	100	are
5	23	7	0	3	13	389.87	309.57	21.70	9.63	100	used
5	23	7	0	3	14	415.26	309.57	20.71	9.63	100	only
5	23	7	0	3	15	439.66	309.57	28.47	9.63	100	where
5	23	7	0	3	16	471.82	309.57	15.45	9.63	100	the
5	23	7	0	3	17	490.97	309.57	33.44	9.63	100	sample
4	23	7	0	4	0	70.866000	323.120630	453.630923	9.632735	-1	###LINE###
5	23	7	0	4	0	70.87	323.12	41.06	9.63	100	supports
5	23	7	0	4	1	115.56	323.12	27.27	9.63	100	them.
5	23	7	0	4	2	147.69	323.12	52.57	9.63	100	Event-level
5	23	7	0	4	3	203.90	323.12	31.87	9.63	100	values,
5	23	7	0	4	4	239.41	323.12	41.89	9.63	100	medians,
5	23	7	0	4	5	284.93	323.12	30.39	9.63	100	ranges
5	23	7	0	4	6	318.96	323.12	17.57	9.63	100	and
5	23	7	0	4	7	340.17	323.12	30.66	9.63	100	counts
5	23	7	0	4	8	374.47	323.12	14.58	9.63	100	are
5	23	7	0	4	9	392.69	323.12	42.81	9.63	100	preferred
5	23	7	0	4	10	439.14	323.12	13.06	9.63	100	for
5	23	7	0	4	11	455.84	323.12	24.91	9.63	100	small
5	23	7	0	4	12	484.38	323.12	40.12	9.63	100	samples.
3	23	7	1	0	0	70.866000	343.444630	453.541338	23.181735	-1	###FLOW###
4	23	7	1	0	0	70.866000	343.444630	453.541338	9.632735	-1	###LINE###
5	23	7	1	0	0	70.87	343.44	14.22	9.63	100	9.3
5	23	7	1	0	1	90.30	343.44	44.24	9.63	100	Coverage
5	23	7	1	0	2	139.76	343.44	21.70	9.63	100	gaps
5	23	7	1	0	3	166.68	343.44	22.32	9.63	100	shall
5	23	7	1	0	4	194.21	343.44	11.43	9.63	100	be
5	23	7	1	0	5	210.86	343.44	41.16	9.63	100	reported
5	23	7	1	0	6	257.24	343.44	9.27	9.63	100	in
5	23	7	1	0	7	271.73	343.44	24.76	9.63	100	three
5	23	7	1	0	8	301.71	343.44	50.79	9.63	100	categories.
5	23	7	1	0	9	362.09	343.44	25.04	9.63	100	They
5	23	7	1	0	10	392.34	343.44	25.10	9.63	100	carry
5	23	7	1	0	11	422.66	343.44	40.22	9.63	100	different
5	23	7	1	0	12	468.09	343.44	33.17	9.63	100	owners
5	23	7	1	0	13	506.48	343.44	17.93	9.63	100	and
4	23	7	1	1	0	70.866000	356.993630	430.634541	9.632735	-1	###LINE###
5	23	7	1	1	0	70.87	356.99	56.39	9.63	100	remediation
5	23	7	1	1	1	130.89	356.99	29.15	9.63	100	paths;
5	23	7	1	1	2	163.69	356.99	5.45	9.63	100	a
5	23	7	1	1	3	172.77	356.99	26.73	9.63	100	single
5	23	7	1	1	4	203.13	356.99	26.70	9.63	100	figure
5	23	7	1	1	5	233.47	356.99	13.06	9.63	100	for
5	23	7	1	1	6	250.17	356.99	43.64	9.63	100	detection
5	23	7	1	1	7	297.44	356.99	40.34	9.63	100	coverage
5	23	7	1	1	8	341.41	356.99	20.97	9.63	100	does
5	23	7	1	1	9	366.02	356.99	15.76	9.63	100	not
5	23	7	1	1	10	385.41	356.99	31.85	9.63	100	permit
5	23	7	1	1	11	420.90	356.99	46.06	9.63	100	command
5	23	7	1	1	12	470.59	356.99	9.70	9.63	100	to
5	23	7	1	1	13	483.92	356.99	17.58	9.63	100	act.
3	23	7	2	0	0	70.866000	385.422630	43.364763	9.632735	-1	###FLOW###
4	23	7	2	0	0	70.866000	385.422630	43.364763	9.632735	-1	###LINE###
5	23	7	2	0	0	70.87	385.42	43.36	9.63	100	Category
3	23	8	0	0	0	219.147000	385.422630	71.145877	9.632735	-1	###FLOW###
4	23	8	0	0	0	219.147000	385.422630	71.145877	9.632735	-1	###LINE###
5	23	8	0	0	0	219.15	385.42	39.30	9.63	100	Primary
5	23	8	0	0	1	262.08	385.42	28.21	9.63	100	owner
3	23	9	0	0	0	361.494000	385.422630	84.178979	9.632735	-1	###FLOW###
4	23	9	0	0	0	361.494000	385.422630	84.178979	9.632735	-1	###LINE###
5	23	9	0	0	0	361.49	385.42	42.91	9.63	100	Required
5	23	9	0	0	1	408.04	385.42	37.64	9.63	100	decision
3	23	10	0	0	0	70.866000	405.799630	95.853898	9.632735	-1	###FLOW###
4	23	10	0	0	0	70.866000	405.799630	95.853898	9.632735	-1	###LINE###
5	23	10	0	0	0	70.87	405.80	13.64	9.63	100	No
5	23	10	0	0	1	88.14	405.80	29.76	9.63	100	usable
5	23	10	0	0	2	121.54	405.80	45.18	9.63	100	telemetry
3	23	11	0	0	0	219.147000	405.799630	103.514268	38.086735	-1	###FLOW###
4	23	11	0	0	0	219.147000	405.799630	98.998992	9.632735	-1	###LINE###
5	23	11	0	0	0	219.15	405.80	45.33	9.63	100	Platform,
5	23	11	0	0	1	268.11	405.80	36.67	9.63	100	identity
5	23	11	0	0	2	308.42	405.80	9.73	9.63	100	or
4	23	11	0	1	0	219.147000	419.349630	99.420083	9.632735	-1	###LINE###
5	23	11	0	1	0	219.15	419.35	41.82	9.63	100	endpoint
5	23	11	0	1	1	264.60	419.35	53.97	9.63	100	engineering
4	23	11	0	2	0	219.147000	434.253630	103.514268	9.632735	-1	###LINE###
5	23	11	0	2	0	219.15	434.25	45.91	9.63	100	Detection
5	23	11	0	2	1	268.69	434.25	53.97	9.63	100	engineering
3	23	12	0	0	0	361.211000	405.799630	162.558044	80.088735	-1	###FLOW###
4	23	12	0	0	0	361.494000	405.799630	162.275044	9.632735	-1	###LINE###
5	23	12	0	0	0	361.49	405.80	43.91	9.63	100	Establish
5	23	12	0	0	1	409.04	405.80	9.73	9.63	100	or
5	23	12	0	0	2	422.40	405.80	27.94	9.63	100	repair
5	23	12	0	0	3	453.98	405.80	15.15	9.63	100	the
5	23	12	0	0	4	472.76	405.80	29.79	9.63	100	source
5	23	12	0	0	5	506.19	405.80	17.57	9.63	100	and
4	23	12	0	1	0	361.211000	419.349630	114.004459	9.632735	-1	###LINE###
5	23	12	0	1	0	361.21	419.35	37.27	9.63	100	validate
5	23	12	0	1	1	402.12	419.35	11.58	9.63	100	its
5	23	12	0	1	2	417.33	419.35	21.21	9.63	100	data
5	23	12	0	1	3	442.18	419.35	33.04	9.63	100	quality
4	23	12	0	2	0	361.497664	434.253630	141.420118	9.632735	-1	###LINE###
5	23	12	0	2	0	361.50	434.25	32.03	9.63	100	Design
5	23	12	0	2	1	397.16	434.25	17.57	9.63	100	and
5	23	12	0	2	2	418.37	434.25	37.28	9.63	100	validate
5	23	12	0	2	3	459.28	434.25	43.64	9.63	100	detection
4	23	12	0	3	0	361.494000	447.802630	66.762601	9.632735	-1	###LINE###
5	23	12	0	3	0	361.49	447.80	34.00	9.63	100	against
5	23	12	0	3	1	399.13	447.80	29.13	9.63	100	replay
4	23	12	0	4	0	361.494000	462.706630	161.669589	9.632735	-1	###LINE###
5	23	12	0	4	0	361.49	462.71	35.82	9.63	100	Correct
5	23	12	0	4	1	400.95	462.71	37.94	9.63	100	priority,
5	23	12	0	4	2	442.52	462.71	37.61	9.63	100	routing,
5	23	12	0	4	3	483.77	462.71	39.39	9.63	100	capacity
4	23	12	0	5	0	361.494000	476.255630	134.763385	9.632735	-1	###LINE###
5	23	12	0	5	0	361.49	476.26	9.73	9.63	100	or
5	23	12	0	5	1	374.85	476.26	47.03	9.63	100	procedure
5	23	12	0	5	2	425.52	476.26	17.57	9.63	100	and
5	23	12	0	5	3	446.74	476.26	49.52	9.63	100	re-exercise
3	23	13	0	0	0	70.473000	434.253630	119.848736	65.184735	-1	###FLOW###
4	23	13	0	0	0	70.866000	434.253630	104.056450	9.632735	-1	###LINE###
5	23	13	0	0	0	70.87	434.25	47.90	9.63	100	Telemetry
5	23	13	0	0	1	122.41	434.25	37.36	9.63	100	present,
5	23	13	0	0	2	163.41	434.25	11.51	9.63	100	no
4	23	13	0	1	0	70.866000	447.802630	85.755344	9.632735	-1	###LINE###
5	23	13	0	1	0	70.87	447.80	38.49	9.63	100	effective
5	23	13	0	1	1	112.98	447.80	43.64	9.63	100	detection
4	23	13	0	2	0	70.866000	462.706630	96.733172	9.632735	-1	###LINE###
5	23	13	0	2	0	70.87	462.71	24.58	9.63	100	Alert
5	23	13	0	2	1	99.08	462.71	49.12	9.63	100	generated,
5	23	13	0	2	2	151.83	462.71	15.77	9.63	100	not
4	23	13	0	3	0	70.866000	476.255630	119.455736	9.632735	-1	###LINE###
5	23	13	0	3	0	70.87	476.26	45.15	9.63	100	examined
5	23	13	0	3	1	119.65	476.26	9.09	9.63	100	in
5	23	13	0	3	2	132.38	476.26	15.15	9.63	100	the
5	23	13	0	3	3	151.17	476.26	39.15	9.63	100	required
4	23	13	0	4	0	70.473000	489.805630	36.056757	9.632735	-1	###LINE###
5	23	13	0	4	0	70.47	489.81	36.06	9.63	100	window
3	23	14	0	0	0	219.147000	462.706630	98.178627	23.181735	-1	###FLOW###
4	23	14	0	0	0	219.147000	462.706630	98.178627	9.632735	-1	###LINE###
5	23	14	0	0	0	219.15	462.71	45.06	9.63	100	Defensive
5	23	14	0	0	1	267.84	462.71	49.49	9.63	100	operations
4	23	14	0	1	0	219.147000	476.255630	60.300050	9.632735	-1	###LINE###
5	23	14	0	1	0	219.15	476.26	60.30	9.63	100	management
3	23	15	0	0	0	70.310000	529.301630	456.213340	50.279735	-1	###FLOW###
4	23	15	0	0	0	70.866000	529.301630	455.657340	9.632735	-1	###LINE###
5	23	15	0	0	0	70.87	529.30	13.70	9.63	100	9.4
5	23	15	0	0	1	88.18	529.30	52.04	9.63	100	Recurrence
5	23	15	0	0	2	143.85	529.30	7.21	9.63	100	is
5	23	15	0	0	3	154.67	529.30	5.36	9.63	100	a
5	23	15	0	0	4	163.65	529.30	41.14	9.63	100	principal
5	23	15	0	0	5	208.41	529.30	53.08	9.63	100	programme
5	23	15	0	0	6	265.10	529.30	38.22	9.63	100	measure
5	23	15	0	0	7	306.94	529.30	27.44	9.63	100	where
5	23	15	0	0	8	338.00	529.30	59.32	9.63	100	engagements
5	23	15	0	0	9	400.95	529.30	14.33	9.63	100	are
5	23	15	0	0	10	418.89	529.30	47.39	9.63	100	materially
5	23	15	0	0	11	469.90	529.30	56.63	9.63	100	comparable.
4	23	15	0	1	0	70.310000	542.850630	454.096742	9.632735	-1	###LINE###
5	23	15	0	1	0	70.31	542.85	30.62	9.63	100	Where
5	23	15	0	1	1	104.48	542.85	5.35	9.63	100	a
5	23	15	0	1	2	113.38	542.85	32.07	9.63	100	finding
5	23	15	0	1	3	149.00	542.85	31.00	9.63	100	recurs,
5	23	15	0	1	4	183.58	542.85	55.27	9.63	100	remediation
5	23	15	0	1	5	242.41	542.85	19.59	9.63	100	may
5	23	15	0	1	6	265.55	542.85	21.07	9.63	100	have
5	23	15	0	1	7	290.18	542.85	21.68	9.63	100	been
5	23	15	0	1	8	315.41	542.85	49.59	9.63	100	ineffective,
5	23	15	0	1	9	368.58	542.85	50.49	9.63	100	incomplete
5	23	15	0	1	10	422.61	542.85	8.91	9.63	100	in
5	23	15	0	1	11	435.08	542.85	28.27	9.63	100	scope,
5	23	15	0	1	12	466.93	542.85	9.53	9.63	100	or
5	23	15	0	1	13	480.01	542.85	44.40	9.63	100	expressed
4	23	15	0	2	0	70.866000	556.399630	453.540614	9.632735	-1	###LINE###
5	23	15	0	2	0	70.87	556.40	9.02	9.63	100	in
5	23	15	0	2	1	83.53	556.40	26.54	9.63	100	terms
5	23	15	0	2	2	113.72	556.40	11.42	9.63	100	on
5	23	15	0	2	3	128.78	556.40	27.35	9.63	100	which
5	23	15	0	2	4	159.78	556.40	11.42	9.63	100	no
5	23	15	0	2	5	174.85	556.40	27.98	9.63	100	owner
5	23	15	0	2	6	206.48	556.40	25.25	9.63	100	could
5	23	15	0	2	7	235.38	556.40	17.44	9.63	100	act.
5	23	15	0	2	8	257.68	556.40	18.64	9.63	100	The
5	23	15	0	2	9	279.97	556.40	25.31	9.63	100	cause
5	23	15	0	2	10	308.91	556.40	21.71	9.63	100	shall
5	23	15	0	2	11	334.26	556.40	11.12	9.63	100	be
5	23	15	0	2	12	349.04	556.40	51.82	9.63	100	established
5	23	15	0	2	13	404.51	556.40	28.92	9.63	100	rather
5	23	15	0	2	14	437.07	556.40	21.64	9.63	100	than
5	23	15	0	2	15	462.36	556.40	36.42	9.63	100	inferred
5	23	15	0	2	16	502.43	556.40	21.97	9.63	100	from
4	23	15	0	3	0	70.866000	569.948630	76.668064	9.632735	-1	###LINE###
5	23	15	0	3	0	70.87	569.95	15.15	9.63	100	the
5	23	15	0	3	1	89.65	569.95	26.37	9.63	100	count
5	23	15	0	3	2	119.65	569.95	27.88	9.63	100	alone.
3	23	16	0	0	0	70.866000	598.500643	136.915732	10.496666	-1	###FLOW###
4	23	16	0	0	0	70.866000	598.500643	136.915732	10.496666	-1	###LINE###
5	23	16	0	0	0	70.87	598.50	59.39	10.50	100	Reporting
5	23	16	0	0	1	134.74	598.50	11.96	10.50	100	to
5	23	16	0	0	2	151.18	598.50	56.60	10.50	100	command
3	23	16	1	0	0	70.310000	619.756630	456.217892	63.828735	-1	###FLOW###
4	23	16	1	0	0	70.866000	619.756630	453.539112	9.632735	-1	###LINE###
5	23	16	1	0	0	70.87	619.76	14.22	9.63	100	9.5
5	23	16	1	0	1	89.60	619.76	8.35	9.63	100	A
5	23	16	1	0	2	102.45	619.76	53.23	9.63	100	single-page
5	23	16	1	0	3	160.20	619.76	30.04	9.63	100	report
5	23	16	1	0	4	194.74	619.76	22.33	9.63	100	shall
5	23	16	1	0	5	221.57	619.76	11.43	9.63	100	be
5	23	16	1	0	6	237.52	619.76	48.90	9.63	100	submitted
5	23	16	1	0	7	290.93	619.76	9.89	9.63	100	to
5	23	16	1	0	8	305.33	619.76	15.45	9.63	100	the
5	23	16	1	0	9	325.30	619.76	51.04	9.63	100	Approving
5	23	16	1	0	10	380.85	619.76	47.65	9.63	100	Authority
5	23	16	1	0	11	433.01	619.76	46.75	9.63	100	quarterly,
5	23	16	1	0	12	484.49	619.76	39.91	9.63	100	covering
4	23	16	1	1	0	70.866000	633.305630	453.819520	9.632735	-1	###LINE###
5	23	16	1	1	0	70.87	633.31	61.58	9.63	100	engagements
5	23	16	1	1	1	137.76	633.31	52.55	9.63	100	conducted,
5	23	16	1	1	2	196.04	633.31	55.67	9.63	100	comparable
5	23	16	1	1	3	257.03	633.31	41.16	9.63	100	coverage
5	23	16	1	1	4	303.51	633.31	34.77	9.63	100	results,
5	23	16	1	1	5	344.01	633.31	15.45	9.63	100	the
5	23	16	1	1	6	364.78	633.31	17.31	9.63	100	gap
5	23	16	1	1	7	387.41	633.31	47.69	9.63	100	categories
5	23	16	1	1	8	440.42	633.31	9.89	9.63	100	at
5	23	16	1	1	9	455.63	633.31	49.52	9.63	100	paragraph
5	23	16	1	1	10	510.47	633.31	14.22	9.63	100	9.3
4	23	16	1	2	0	70.473000	646.854630	453.940807	9.632735	-1	###LINE###
5	23	16	1	2	0	70.47	646.85	21.64	9.63	100	with
5	23	16	1	2	1	97.21	646.85	36.26	9.63	100	owners,
5	23	16	1	2	2	138.93	646.85	37.77	9.63	100	findings
5	23	16	1	2	3	181.81	646.85	31.62	9.63	100	raised,
5	23	16	1	2	4	218.89	646.85	32.21	9.63	100	closed,
5	23	16	1	2	5	256.56	646.85	37.45	9.63	100	overdue
5	23	16	1	2	6	299.11	646.85	17.93	9.63	100	and
5	23	16	1	2	7	322.13	646.85	45.13	9.63	100	accepted,
5	23	16	1	2	8	372.72	646.85	44.22	9.63	100	validated
5	23	16	1	2	9	422.04	646.85	53.26	9.63	100	recurrence,
5	23	16	1	2	10	480.76	646.85	43.65	9.63	100	defensive
4	23	16	1	3	0	70.866000	660.403630	455.661892	9.632735	-1	###LINE###
5	23	16	1	3	0	70.87	660.40	64.81	9.63	100	improvements
5	23	16	1	3	1	139.13	660.40	55.86	9.63	100	attributable
5	23	16	1	3	2	198.44	660.40	9.50	9.63	100	to
5	23	16	1	3	3	211.40	660.40	14.88	9.63	100	red
5	23	16	1	3	4	229.72	660.40	23.16	9.63	100	team
5	23	16	1	3	5	256.34	660.40	37.40	9.63	100	activity,
5	23	16	1	3	6	297.22	660.40	38.64	9.63	100	material
5	23	16	1	3	7	339.31	660.40	20.79	9.63	100	data
5	23	16	1	3	8	363.55	660.40	52.92	9.63	100	limitations,
5	23	16	1	3	9	419.96	660.40	17.22	9.63	100	and
5	23	16	1	3	10	440.63	660.40	41.10	9.63	100	decisions
5	23	16	1	3	11	485.19	660.40	41.34	9.63	100	required.
4	23	16	1	4	0	70.310000	673.952630	396.269785	9.632735	-1	###LINE###
5	23	16	1	4	0	70.31	673.95	31.24	9.63	100	Where
5	23	16	1	4	1	105.19	673.95	23.76	9.63	100	cases
5	23	16	1	4	2	132.59	673.95	14.58	9.63	100	are
5	23	16	1	4	3	150.80	673.95	15.76	9.63	100	not
5	23	16	1	4	4	170.19	673.95	57.61	9.63	100	comparable,
5	23	16	1	4	5	231.43	673.95	20.91	9.63	100	they
5	23	16	1	4	6	255.98	673.95	14.58	9.63	100	are
5	23	16	1	4	7	274.19	673.95	45.24	9.63	100	presented
5	23	16	1	4	8	323.07	673.95	48.27	9.63	100	separately
5	23	16	1	4	9	374.98	673.95	17.57	9.63	100	and
5	23	16	1	4	10	396.19	673.95	15.76	9.63	100	not
5	23	16	1	4	11	415.59	673.95	9.76	9.63	100	as
5	23	16	1	4	12	428.98	673.95	5.45	9.63	100	a
5	23	16	1	4	13	438.06	673.95	28.52	9.63	100	trend.
3	23	17	0	0	0	70.866000	702.504643	53.187489	10.496666	-1	###FLOW###
4	23	17	0	0	0	70.866000	702.504643	53.187489	10.496666	-1	###LINE###
5	23	17	0	0	0	70.87	702.50	53.19	10.50	100	Maturity
3	23	17	1	0	0	70.866000	723.760630	455.062552	23.181735	-1	###FLOW###
4	23	17	1	0	0	70.866000	723.760630	455.062552	9.632735	-1	###LINE###
5	23	17	1	0	0	70.87	723.76	14.01	9.63	100	9.6
5	23	17	1	0	1	88.49	723.76	49.95	9.63	100	Capability
5	23	17	1	0	2	142.07	723.76	42.06	9.63	100	maturity
5	23	17	1	0	3	187.75	723.76	7.37	9.63	100	is
5	23	17	1	0	4	198.74	723.76	38.62	9.63	100	assessed
5	23	17	1	0	5	240.97	723.76	40.82	9.63	100	annually
5	23	17	1	0	6	285.40	723.76	28.78	9.63	100	across
5	23	17	1	0	7	317.81	723.76	19.22	9.63	100	four
5	23	17	1	0	8	340.65	723.76	42.70	9.63	100	domains,
5	23	17	1	0	9	386.97	723.76	25.88	9.63	100	being
5	23	17	1	0	10	416.48	723.76	57.32	9.63	100	programme,
5	23	17	1	0	11	477.41	723.76	48.52	9.63	100	personnel,
4	23	17	1	1	0	70.866000	737.309630	314.391535	9.632735	-1	###LINE###
5	23	17	1	1	0	70.87	737.31	34.40	9.63	100	process
5	23	17	1	1	1	108.90	737.31	17.57	9.63	100	and
5	23	17	1	1	2	130.11	737.31	53.02	9.63	100	technology,
5	23	17	1	1	3	186.78	737.31	9.70	9.63	100	at
5	23	17	1	1	4	200.11	737.31	24.27	9.63	100	three
5	23	17	1	1	5	228.01	737.31	28.54	9.63	100	levels.
5	23	17	1	1	6	261.41	737.31	18.79	9.63	100	The
5	23	17	1	1	7	283.83	737.31	28.79	9.63	100	model
5	23	17	1	1	8	316.26	737.31	7.33	9.63	100	is
5	23	17	1	1	9	327.23	737.31	9.70	9.63	100	at
5	23	17	1	1	10	340.56	737.31	30.91	9.63	100	Annex
5	23	17	1	1	11	375.11	737.31	10.15	9.63	100	F.
3	23	18	0	0	0	257.623000	793.912520	80.030500	8.015962	-1	###FLOW###
4	23	18	0	0	0	257.623000	793.912520	80.030500	8.015962	-1	###LINE###
5	23	18	0	0	0	257.62	793.91	80.03	8.02	100	UNCLASSIFIED
3	23	18	1	0	0	287.052000	808.605601	21.172571	7.037598	-1	###FLOW###
4	23	18	1	0	0	287.052000	808.605601	21.172571	7.037598	-1	###LINE###
5	23	18	1	0	0	287.05	808.61	21.17	7.04	100	23/29
1	24	0	0	0	0	287.052000	808.605601	595.276000	841.890000	-1	###PAGE###
3	24	0	0	0	0	257.623000	39.603520	80.030500	8.015962	-1	###FLOW###
4	24	0	0	0	0	257.623000	39.603520	80.030500	8.015962	-1	###LINE###
5	24	0	0	0	0	257.62	39.60	80.03	8.02	100	UNCLASSIFIED
3	24	1	0	0	0	70.866000	78.293630	453.542952	36.731735	-1	###FLOW###
4	24	1	0	0	0	70.866000	78.293630	453.542952	9.632735	-1	###LINE###
5	24	1	0	0	0	70.87	78.29	13.66	9.63	100	9.7
5	24	1	0	0	1	87.54	78.29	60.73	9.63	100	Development
5	24	1	0	0	2	151.28	78.29	8.61	9.63	100	of
5	24	1	0	0	3	162.92	78.29	33.32	9.63	100	custom
5	24	1	0	0	4	199.25	78.29	32.37	9.63	100	tooling
5	24	1	0	0	5	234.65	78.29	21.44	9.63	100	shall
5	24	1	0	0	6	259.11	78.29	15.44	9.63	100	not
5	24	1	0	0	7	277.57	78.29	10.99	9.63	100	be
5	24	1	0	0	8	291.58	78.29	52.29	9.63	100	undertaken
5	24	1	0	0	9	346.90	78.29	28.54	9.63	100	before
5	24	1	0	0	10	378.46	78.29	14.85	9.63	100	the
5	24	1	0	0	11	396.33	78.29	33.71	9.63	100	process
5	24	1	0	0	12	433.06	78.29	34.45	9.63	100	domain
5	24	1	0	0	13	470.53	78.29	15.50	9.63	100	has
5	24	1	0	0	14	489.05	78.29	35.36	9.63	100	reached
4	24	1	0	1	0	70.866000	91.843630	453.538006	9.632735	-1	###LINE###
5	24	1	0	1	0	70.87	91.84	15.18	9.63	100	the
5	24	1	0	1	1	89.70	91.84	31.64	9.63	100	second
5	24	1	0	1	2	124.99	91.84	24.29	9.63	100	level.
5	24	1	0	1	3	154.17	91.84	35.82	9.63	100	Tooling
5	24	1	0	1	4	193.64	91.84	46.76	9.63	100	capability
5	24	1	0	1	5	244.05	91.84	9.11	9.63	100	in
5	24	1	0	1	6	256.81	91.84	11.54	9.63	100	an
5	24	1	0	1	7	272.00	91.84	58.39	9.63	100	organisation
5	24	1	0	1	8	334.04	91.84	37.04	9.63	100	without
5	24	1	0	1	9	374.73	91.84	11.54	9.63	100	an
5	24	1	0	1	10	389.91	91.84	52.36	9.63	100	established
5	24	1	0	1	11	445.90	91.84	26.81	9.63	100	retest
5	24	1	0	1	12	476.37	91.84	23.38	9.63	100	cycle
5	24	1	0	1	13	503.40	91.84	21.00	9.63	100	does
4	24	1	0	2	0	70.866000	105.392630	154.700856	9.632735	-1	###LINE###
5	24	1	0	2	0	70.87	105.39	15.76	9.63	100	not
5	24	1	0	2	1	90.26	105.39	37.92	9.63	100	improve
5	24	1	0	2	2	131.80	105.39	42.79	9.63	100	defensive
5	24	1	0	2	3	178.23	105.39	47.33	9.63	100	outcomes.
3	24	2	0	0	0	70.866000	157.791199	453.535850	30.528964	-1	###FLOW###
4	24	2	0	0	0	70.866000	157.791199	453.535850	12.595964	-1	###LINE###
5	24	2	0	0	0	70.87	157.79	81.91	12.60	100	CHAPTER
5	24	2	0	0	1	158.17	157.79	16.25	12.60	100	10
5	24	2	0	0	2	179.79	157.79	16.25	12.60	100	—
5	24	2	0	0	3	201.44	157.79	99.63	12.60	100	RESOURCES
5	24	2	0	0	4	306.44	157.79	37.44	12.60	100	AND
5	24	2	0	0	5	349.26	157.79	92.21	12.60	100	COMMAND
5	24	2	0	0	6	446.85	157.79	77.55	12.60	100	COMMIT-
4	24	2	0	1	0	70.866000	175.724199	58.713258	12.595964	-1	###LINE###
5	24	2	0	1	0	70.87	175.72	58.71	12.60	100	MENTS
3	24	2	1	0	0	70.866000	202.110643	58.582871	10.496666	-1	###FLOW###
4	24	2	1	0	0	70.866000	202.110643	58.582871	10.496666	-1	###LINE###
5	24	2	1	0	0	70.87	202.11	58.58	10.50	100	Resources
3	24	2	2	0	0	70.321000	223.365630	201.030713	9.632735	-1	###FLOW###
4	24	2	2	0	0	70.321000	223.365630	201.030713	9.632735	-1	###LINE###
5	24	2	2	0	0	70.32	223.37	19.39	9.63	100	10.1
5	24	2	2	0	1	93.35	223.37	18.79	9.63	100	The
5	24	2	2	0	2	115.78	223.37	46.66	9.63	100	capability
5	24	2	2	0	3	166.08	223.37	37.40	9.63	100	requires
5	24	2	2	0	4	207.10	223.37	15.15	9.63	100	the
5	24	2	2	0	5	225.90	223.37	45.45	9.63	100	following.
3	24	2	3	0	0	84.200000	243.689630	442.329300	50.280735	-1	###FLOW###
4	24	2	3	0	0	84.200000	243.689630	440.499603	9.632735	-1	###LINE###
5	24	2	3	0	0	84.20	243.69	8.49	9.63	100	a.
5	24	2	3	0	1	97.74	243.69	14.09	9.63	100	An
5	24	2	3	0	2	115.45	243.69	64.55	9.63	100	establishment
5	24	2	3	0	3	183.62	243.69	39.86	9.63	100	matched
5	24	2	3	0	4	227.09	243.69	9.59	9.63	100	to
5	24	2	3	0	5	240.31	243.69	48.01	9.63	100	paragraph
5	24	2	3	0	6	291.94	243.69	16.78	9.63	100	6.7.
5	24	2	3	0	7	313.57	243.69	19.77	9.63	100	Two
5	24	2	3	0	8	336.97	243.69	36.88	9.63	100	delivery
5	24	2	3	0	9	377.47	243.69	44.75	9.63	100	personnel
5	24	2	3	0	10	425.85	243.69	14.42	9.63	100	are
5	24	2	3	0	11	443.89	243.69	41.71	9.63	100	sufficient
5	24	2	3	0	12	489.23	243.69	9.59	9.63	100	to
5	24	2	3	0	13	502.43	243.69	22.27	9.63	100	start
4	24	2	3	1	0	98.139000	257.238630	426.560751	9.632735	-1	###LINE###
5	24	2	3	1	0	98.14	257.24	27.15	9.63	100	safely
5	24	2	3	1	1	128.93	257.24	21.55	9.63	100	with
5	24	2	3	1	2	154.13	257.24	26.16	9.63	100	open,
5	24	2	3	1	3	183.92	257.24	61.92	9.63	100	collaborative
5	24	2	3	1	4	249.48	257.24	39.73	9.63	100	activity;
5	24	2	3	1	5	292.84	257.24	24.66	9.63	100	three
5	24	2	3	1	6	321.14	257.24	14.81	9.63	100	are
5	24	2	3	1	7	339.59	257.24	15.39	9.63	100	the
5	24	2	3	1	8	358.62	257.24	45.88	9.63	100	minimum
5	24	2	3	1	9	408.14	257.24	37.90	9.63	100	delivery
5	24	2	3	1	10	449.68	257.24	16.00	9.63	100	cell
5	24	2	3	1	11	469.33	257.24	13.27	9.63	100	for
5	24	2	3	1	12	486.24	257.24	5.54	9.63	100	a
5	24	2	3	1	13	495.41	257.24	29.29	9.63	100	covert
4	24	2	3	2	0	98.139000	270.787630	428.390300	9.632735	-1	###LINE###
5	24	2	3	2	0	98.14	270.79	16.15	9.63	100	live
5	24	2	3	2	1	117.93	270.79	58.32	9.63	100	engagement;
5	24	2	3	2	2	179.90	270.79	12.92	9.63	100	six
5	24	2	3	2	3	196.46	270.79	9.57	9.63	100	to
5	24	2	3	2	4	209.68	270.79	19.74	9.63	100	nine
5	24	2	3	2	5	233.07	270.79	14.39	9.63	100	are
5	24	2	3	2	6	251.10	270.79	14.95	9.63	100	the
5	24	2	3	2	7	269.69	270.79	28.15	9.63	100	target
5	24	2	3	2	8	301.49	270.79	12.89	9.63	100	for
5	24	2	3	2	9	318.02	270.79	5.38	9.63	100	a
5	24	2	3	2	10	327.05	270.79	52.16	9.63	100	sustainable
5	24	2	3	2	11	382.86	270.79	83.73	9.63	100	multi-engagement
5	24	2	3	2	12	470.24	270.79	56.29	9.63	100	programme.
4	24	2	3	3	0	98.139000	284.337630	332.542095	9.632735	-1	###LINE###
5	24	2	3	3	0	98.14	284.34	36.09	9.63	100	Control
5	24	2	3	3	1	137.87	284.34	17.57	9.63	100	and
5	24	2	3	3	2	159.08	284.34	63.12	9.63	100	authorisation
5	24	2	3	3	3	225.83	284.34	64.61	9.63	100	appointments
5	24	2	3	3	4	294.08	284.34	32.76	9.63	100	remain
5	24	2	3	3	5	330.47	284.34	34.01	9.63	100	outside
5	24	2	3	3	6	368.11	284.34	24.91	9.63	100	those
5	24	2	3	3	7	396.65	284.34	34.03	9.63	100	figures.
3	24	2	4	0	0	83.594000	304.660630	440.816628	23.182735	-1	###FLOW###
4	24	2	4	0	0	83.594000	304.660630	440.816628	9.632735	-1	###LINE###
5	24	2	4	0	0	83.59	304.66	9.09	9.63	100	b.
5	24	2	4	0	1	97.74	304.66	8.35	9.63	100	A
5	24	2	4	0	2	109.87	304.66	50.74	9.63	100	laboratory
5	24	2	4	0	3	164.41	304.66	60.31	9.63	100	environment
5	24	2	4	0	4	228.52	304.66	67.82	9.63	100	representative
5	24	2	4	0	5	300.14	304.66	8.96	9.63	100	of
5	24	2	4	0	6	312.89	304.66	15.45	9.63	100	the
5	24	2	4	0	7	332.14	304.66	52.88	9.63	100	production
5	24	2	4	0	8	388.81	304.66	31.59	9.63	100	estate.
5	24	2	4	0	9	425.72	304.66	21.70	9.63	100	This
5	24	2	4	0	10	451.20	304.66	7.48	9.63	100	is
5	24	2	4	0	11	462.48	304.66	15.45	9.63	100	the
5	24	2	4	0	12	481.73	304.66	42.69	9.63	100	principal
4	24	2	4	1	0	98.139000	318.210630	424.302899	9.632735	-1	###LINE###
5	24	2	4	1	0	98.14	318.21	39.43	9.63	100	material
5	24	2	4	1	1	141.20	318.21	57.03	9.63	100	requirement
5	24	2	4	1	2	201.87	318.21	17.57	9.63	100	and
5	24	2	4	1	3	223.08	318.21	15.15	9.63	100	the
5	24	2	4	1	4	241.86	318.21	59.42	9.63	100	precondition
5	24	2	4	1	5	304.93	318.21	13.06	9.63	100	for
5	24	2	4	1	6	321.62	318.21	15.15	9.63	100	the
5	24	2	4	1	7	340.41	318.21	40.68	9.63	100	standing
5	24	2	4	1	8	384.72	318.21	51.61	9.63	100	instruction
5	24	2	4	1	9	439.95	318.21	9.70	9.63	100	at
5	24	2	4	1	10	453.29	318.21	48.54	9.63	100	paragraph
5	24	2	4	1	11	505.47	318.21	16.97	9.63	100	8.6.
3	24	2	5	0	0	84.806000	338.533630	300.728978	9.632735	-1	###FLOW###
4	24	2	5	0	0	84.806000	338.533630	300.728978	9.632735	-1	###LINE###
5	24	2	5	0	0	84.81	338.53	7.88	9.63	100	c.
5	24	2	5	0	1	98.14	338.53	50.03	9.63	100	Controlled
5	24	2	5	0	2	151.80	338.53	40.37	9.63	100	operator
5	24	2	5	0	3	195.80	338.53	36.85	9.63	100	systems
5	24	2	5	0	4	236.29	338.53	17.57	9.63	100	and
5	24	2	5	0	5	257.50	338.53	56.06	9.63	100	engagement
5	24	2	5	0	6	317.20	338.53	68.33	9.63	100	infrastructure.
3	24	2	6	0	0	70.321000	358.857630	454.092346	36.731735	-1	###FLOW###
4	24	2	6	0	0	70.321000	358.857630	454.083237	9.632735	-1	###LINE###
5	24	2	6	0	0	70.32	358.86	19.78	9.63	100	10.2
5	24	2	6	0	1	94.16	358.86	19.16	9.63	100	The
5	24	2	6	0	2	117.39	358.86	39.19	9.63	100	assessed
5	24	2	6	0	3	160.64	358.86	59.44	9.63	100	organisation
5	24	2	6	0	4	224.14	358.86	7.48	9.63	100	is
5	24	2	6	0	5	235.67	358.86	39.94	9.63	100	required
5	24	2	6	0	6	279.67	358.86	9.89	9.63	100	to
5	24	2	6	0	7	293.62	358.86	35.89	9.63	100	provide
5	24	2	6	0	8	333.58	358.86	69.57	9.63	100	approximately
5	24	2	6	0	9	407.21	358.86	17.33	9.63	100	two
5	24	2	6	0	10	428.60	358.86	21.69	9.63	100	days
5	24	2	6	0	11	454.36	358.86	8.96	9.63	100	of
5	24	2	6	0	12	467.38	358.86	15.45	9.63	100	the
5	24	2	6	0	13	486.90	358.86	37.51	9.63	100	Trusted
4	24	2	6	1	0	70.462000	372.406630	453.951346	9.632735	-1	###LINE###
5	24	2	6	1	0	70.46	372.41	35.10	9.63	100	Agent’s
5	24	2	6	1	1	108.92	372.41	20.79	9.63	100	time
5	24	2	6	1	2	133.05	372.41	15.19	9.63	100	per
5	24	2	6	1	3	151.60	372.41	22.56	9.63	100	week
5	24	2	6	1	4	177.51	372.41	8.61	9.63	100	of
5	24	2	6	1	5	189.48	372.41	47.22	9.63	100	execution,
5	24	2	6	1	6	240.11	372.41	16.04	9.63	100	one
5	24	2	6	1	7	259.51	372.41	16.63	9.63	100	day
5	24	2	6	1	8	279.49	372.41	8.61	9.63	100	of
5	24	2	6	1	9	291.46	372.41	20.48	9.63	100	each
5	24	2	6	1	10	315.29	372.41	31.89	9.63	100	system
5	24	2	6	1	11	350.54	372.41	27.65	9.63	100	owner
5	24	2	6	1	12	381.54	372.41	30.33	9.63	100	during
5	24	2	6	1	13	415.21	372.41	37.49	9.63	100	scoping,
5	24	2	6	1	14	456.11	372.41	17.22	9.63	100	and
5	24	2	6	1	15	476.69	372.41	18.74	9.63	100	four
5	24	2	6	1	16	498.79	372.41	25.63	9.63	100	hours
4	24	2	6	2	0	70.866000	385.956630	188.905248	9.632735	-1	###LINE###
5	24	2	6	2	0	70.87	385.96	8.79	9.63	100	of
5	24	2	6	2	1	83.29	385.96	15.15	9.63	100	the
5	24	2	6	2	2	102.08	385.96	42.79	9.63	100	defensive
5	24	2	6	2	3	148.50	385.96	36.67	9.63	100	element
5	24	2	6	2	4	188.81	385.96	13.06	9.63	100	for
5	24	2	6	2	5	205.50	385.96	15.15	9.63	100	the
5	24	2	6	2	6	224.29	385.96	35.49	9.63	100	debrief.
3	24	2	7	0	0	70.321000	406.279630	454.490430	23.182735	-1	###FLOW###
4	24	2	7	0	0	70.321000	406.279630	454.490430	9.632735	-1	###LINE###
5	24	2	7	0	0	70.32	406.28	19.70	9.63	100	10.3
5	24	2	7	0	1	93.67	406.28	19.09	9.63	100	The
5	24	2	7	0	2	116.41	406.28	42.52	9.63	100	principal
5	24	2	7	0	3	162.57	406.28	19.15	9.63	100	cost
5	24	2	7	0	4	185.37	406.28	8.93	9.63	100	of
5	24	2	7	0	5	197.94	406.28	15.39	9.63	100	the
5	24	2	7	0	6	216.98	406.28	47.42	9.63	100	capability
5	24	2	7	0	7	268.05	406.28	7.45	9.63	100	is
5	24	2	7	0	8	279.15	406.28	60.38	9.63	100	remediation.
5	24	2	7	0	9	344.40	406.28	41.78	9.63	100	Findings
5	24	2	7	0	10	389.83	406.28	28.42	9.63	100	raised
5	24	2	7	0	11	421.89	406.28	33.62	9.63	100	require
5	24	2	7	0	12	459.16	406.28	52.46	9.63	100	resourcing.
5	24	2	7	0	13	516.50	406.28	8.31	9.63	100	A
4	24	2	7	1	0	70.866000	419.829630	377.942497	9.632735	-1	###LINE###
5	24	2	7	1	0	70.87	419.83	46.66	9.63	100	capability
5	24	2	7	1	1	121.17	419.83	47.60	9.63	100	producing
5	24	2	7	1	2	172.41	419.83	37.03	9.63	100	findings
5	24	2	7	1	3	213.07	419.83	20.00	9.63	100	that
5	24	2	7	1	4	236.72	419.83	14.58	9.63	100	are
5	24	2	7	1	5	254.93	419.83	15.76	9.63	100	not
5	24	2	7	1	6	274.32	419.83	44.97	9.63	100	resourced
5	24	2	7	1	7	322.93	419.83	42.20	9.63	100	produces
5	24	2	7	1	8	368.78	419.83	11.51	9.63	100	no
5	24	2	7	1	9	383.93	419.83	64.88	9.63	100	improvement.
3	24	3	0	0	0	70.866000	448.380643	113.958162	10.496666	-1	###FLOW###
4	24	3	0	0	0	70.866000	448.380643	113.958162	10.496666	-1	###LINE###
5	24	3	0	0	0	70.87	448.38	42.48	10.50	100	Annual
5	24	3	0	0	1	117.82	448.38	67.00	10.50	100	programme
3	24	3	1	0	0	70.321000	469.636630	456.197380	23.181735	-1	###FLOW###
4	24	3	1	0	0	70.321000	469.636630	454.088189	9.632735	-1	###LINE###
5	24	3	1	0	0	70.32	469.64	19.01	9.63	100	10.4
5	24	3	1	0	1	92.97	469.64	18.41	9.63	100	The
5	24	3	1	0	2	115.02	469.64	31.18	9.63	100	annual
5	24	3	1	0	3	149.83	469.64	52.92	9.63	100	programme
5	24	3	1	0	4	206.40	469.64	21.44	9.63	100	shall
5	24	3	1	0	5	231.47	469.64	11.00	9.63	100	be
5	24	3	1	0	6	246.11	469.64	30.64	9.63	100	chosen
5	24	3	1	0	7	280.40	469.64	21.71	9.63	100	from
5	24	3	1	0	8	305.74	469.64	14.85	9.63	100	the
5	24	3	1	0	9	324.24	469.64	16.07	9.63	100	tier
5	24	3	1	0	10	343.94	469.64	14.85	9.63	100	the
5	24	3	1	0	11	362.43	469.64	23.16	9.63	100	team
5	24	3	1	0	12	389.23	469.64	16.04	9.63	100	can
5	24	3	1	0	13	408.91	469.64	32.78	9.63	100	sustain
5	24	3	1	0	14	445.34	469.64	24.35	9.63	100	while
5	24	3	1	0	15	473.33	469.64	51.08	9.63	100	completing
4	24	3	1	1	0	70.866000	483.185630	455.652380	9.632735	-1	###LINE###
5	24	3	1	1	0	70.87	483.19	38.70	9.63	100	cleanup,
5	24	3	1	1	1	113.20	483.19	46.56	9.63	100	reporting,
5	24	3	1	1	2	163.40	483.19	55.83	9.63	100	remediation
5	24	3	1	1	3	222.87	483.19	36.39	9.63	100	support
5	24	3	1	1	4	262.90	483.19	17.40	9.63	100	and
5	24	3	1	1	5	283.93	483.19	29.49	9.63	100	retest.
5	24	3	1	1	6	318.26	483.19	18.61	9.63	100	The
5	24	3	1	1	7	340.50	483.19	23.40	9.63	100	table
5	24	3	1	1	8	367.54	483.19	7.26	9.63	100	is
5	24	3	1	1	9	378.44	483.19	5.40	9.63	100	a
5	24	3	1	1	10	387.47	483.19	40.80	9.63	100	planning
5	24	3	1	1	11	431.91	483.19	33.00	9.63	100	ceiling,
5	24	3	1	1	12	468.55	483.19	15.60	9.63	100	not
5	24	3	1	1	13	487.78	483.19	5.40	9.63	100	a
5	24	3	1	1	14	496.82	483.19	29.70	9.63	100	quota.
3	24	3	2	0	0	70.473000	511.614630	20.031289	9.632735	-1	###FLOW###
4	24	3	2	0	0	70.473000	511.614630	20.031289	9.632735	-1	###LINE###
5	24	3	2	0	0	70.47	511.61	20.03	9.63	100	Tier
3	24	4	0	0	0	215.299000	511.614630	112.237184	9.632735	-1	###FLOW###
4	24	4	0	0	0	215.299000	511.614630	112.237184	9.632735	-1	###LINE###
5	24	4	0	0	0	215.30	511.61	54.60	9.63	100	Sustainable
5	24	4	0	0	1	273.54	511.61	54.00	9.63	100	programme
3	24	5	0	0	0	70.866000	531.991630	93.209532	9.632735	-1	###FLOW###
4	24	5	0	0	0	70.866000	531.991630	93.209532	9.632735	-1	###LINE###
5	24	5	0	0	0	70.87	531.99	54.94	9.63	100	Two-person
5	24	5	0	0	1	129.44	531.99	34.64	9.63	100	startup
3	24	6	0	0	0	215.297029	531.991630	309.114570	107.187735	-1	###FLOW###
4	24	6	0	0	0	215.299000	531.991630	242.967475	9.632735	-1	###LINE###
5	24	6	0	0	0	215.30	531.99	19.39	9.63	100	One
5	24	6	0	0	1	238.33	531.99	33.10	9.63	100	narrow
5	24	6	0	0	2	275.06	531.99	30.33	9.63	100	purple
5	24	6	0	0	3	309.02	531.99	36.76	9.63	100	exercise
5	24	6	0	0	4	349.42	531.99	20.91	9.63	100	each
5	24	6	0	0	5	373.97	531.99	37.94	9.63	100	quarter;
5	24	6	0	0	6	415.54	531.99	16.36	9.63	100	one
5	24	6	0	0	7	435.54	531.99	22.73	9.63	100	open
4	24	6	0	1	0	215.299000	545.540630	296.391520	9.632735	-1	###LINE###
5	24	6	0	1	0	215.30	545.54	75.00	9.63	100	assumed-breach
5	24	6	0	1	1	293.94	545.54	51.45	9.63	100	assessment
5	24	6	0	1	2	349.02	545.54	9.09	9.63	100	in
5	24	6	0	1	3	361.76	545.54	15.15	9.63	100	the
5	24	6	0	1	4	380.54	545.54	18.88	9.63	100	first
5	24	6	0	1	5	403.05	545.54	23.07	9.63	100	year;
5	24	6	0	1	6	429.75	545.54	26.76	9.63	100	retest
5	24	6	0	1	7	460.15	545.54	29.12	9.63	100	before
5	24	6	0	1	8	492.90	545.54	18.79	9.63	100	new
4	24	6	0	2	0	215.299000	559.090630	81.632795	9.632735	-1	###LINE###
5	24	6	0	2	0	215.30	559.09	25.82	9.63	100	scope
5	24	6	0	2	1	244.75	559.09	7.33	9.63	100	is
5	24	6	0	2	2	255.72	559.09	41.21	9.63	100	accepted
4	24	6	0	3	0	215.297029	573.994630	295.090064	9.632735	-1	###LINE###
5	24	6	0	3	0	215.30	573.99	22.00	9.63	100	Four
5	24	6	0	3	1	240.93	573.99	9.70	9.63	100	to
5	24	6	0	3	2	254.27	573.99	13.09	9.63	100	six
5	24	6	0	3	3	271.00	573.99	30.33	9.63	100	purple
5	24	6	0	3	4	304.96	573.99	44.09	9.63	100	exercises,
5	24	6	0	3	5	352.69	573.99	16.98	9.63	100	two
5	24	6	0	3	6	373.30	573.99	31.88	9.63	100	scoped
5	24	6	0	3	7	408.81	573.99	60.37	9.63	100	engagements
5	24	6	0	3	8	472.82	573.99	17.57	9.63	100	and
5	24	6	0	3	9	494.02	573.99	16.36	9.63	100	one
4	24	6	0	4	0	215.299000	587.543630	278.096959	9.632735	-1	###LINE###
5	24	6	0	4	0	215.30	587.54	46.70	9.63	100	threat-led
5	24	6	0	4	1	265.63	587.54	56.06	9.63	100	engagement
5	24	6	0	4	2	325.33	587.54	15.49	9.63	100	per
5	24	6	0	4	3	344.45	587.54	23.06	9.63	100	year;
5	24	6	0	4	4	371.14	587.54	43.70	9.63	100	quarterly
5	24	6	0	4	5	418.49	587.54	40.63	9.63	100	portfolio
5	24	6	0	4	6	462.76	587.54	30.64	9.63	100	review
4	24	6	0	5	0	215.299000	602.447630	309.112599	9.632735	-1	###LINE###
5	24	6	0	5	0	215.30	602.45	39.70	9.63	100	Monthly
5	24	6	0	5	1	258.62	602.45	29.88	9.63	100	purple
5	24	6	0	5	2	292.12	602.45	38.49	9.63	100	activity;
5	24	6	0	5	3	334.24	602.45	16.12	9.63	100	one
5	24	6	0	5	4	353.97	602.45	31.41	9.63	100	scoped
5	24	6	0	5	5	388.99	602.45	55.22	9.63	100	engagement
5	24	6	0	5	6	447.83	602.45	15.26	9.63	100	per
5	24	6	0	5	7	466.71	602.45	37.37	9.63	100	quarter;
5	24	6	0	5	8	507.70	602.45	16.71	9.63	100	two
4	24	6	0	6	0	215.299000	615.996630	280.272234	9.632735	-1	###LINE###
5	24	6	0	6	0	215.30	616.00	46.70	9.63	100	threat-led
5	24	6	0	6	1	265.63	616.00	60.36	9.63	100	engagements
5	24	6	0	6	2	329.63	616.00	17.57	9.63	100	and
5	24	6	0	6	3	350.84	616.00	16.36	9.63	100	one
5	24	6	0	6	4	370.85	616.00	38.52	9.63	100	external
5	24	6	0	6	5	413.00	616.00	36.76	9.63	100	exercise
5	24	6	0	6	6	453.39	616.00	15.49	9.63	100	per
5	24	6	0	6	7	472.51	616.00	23.06	9.63	100	year;
4	24	6	0	7	0	215.299000	629.546630	110.061910	9.632735	-1	###LINE###
5	24	6	0	7	0	215.30	629.55	50.33	9.63	100	half-yearly
5	24	6	0	7	1	269.27	629.55	56.09	9.63	100	revalidation
3	24	7	0	0	0	70.866000	573.994630	110.121910	9.632735	-1	###FLOW###
4	24	7	0	0	0	70.866000	573.994630	110.121910	9.632735	-1	###LINE###
5	24	7	0	0	0	70.87	573.99	27.91	9.63	100	Three
5	24	7	0	0	1	102.41	573.99	9.70	9.63	100	to
5	24	7	0	0	2	115.75	573.99	16.36	9.63	100	five
5	24	7	0	0	3	135.74	573.99	45.24	9.63	100	personnel
3	24	7	1	0	0	70.866000	602.447630	100.698629	9.632735	-1	###FLOW###
4	24	7	1	0	0	70.866000	602.447630	100.698629	9.632735	-1	###LINE###
5	24	7	1	0	0	70.87	602.45	14.85	9.63	100	Six
5	24	7	1	0	1	89.35	602.45	9.70	9.63	100	to
5	24	7	1	0	2	102.69	602.45	20.00	9.63	100	nine
5	24	7	1	0	3	126.32	602.45	45.24	9.63	100	personnel
3	24	8	0	0	0	70.866000	669.042630	453.541565	36.730735	-1	###FLOW###
4	24	8	0	0	0	70.866000	669.042630	453.541565	9.632735	-1	###LINE###
5	24	8	0	0	0	70.87	669.04	27.28	9.63	100	Every
5	24	8	0	0	1	101.80	669.04	16.12	9.63	100	tier
5	24	8	0	0	2	121.56	669.04	41.17	9.63	100	conducts
5	24	8	0	0	3	166.37	669.04	14.89	9.63	100	the
5	24	8	0	0	4	184.92	669.04	31.27	9.63	100	annual
5	24	8	0	0	5	219.84	669.04	41.12	9.63	100	maturity
5	24	8	0	0	6	264.62	669.04	50.58	9.63	100	assessment
5	24	8	0	0	7	318.84	669.04	17.28	9.63	100	and
5	24	8	0	0	8	339.77	669.04	30.12	9.63	100	review
5	24	8	0	0	9	373.53	669.04	8.64	9.63	100	of
5	24	8	0	0	10	385.82	669.04	17.34	9.63	100	this
5	24	8	0	0	11	406.81	669.04	55.40	9.63	100	publication.
5	24	8	0	0	12	467.09	669.04	32.17	9.63	100	Tempo
5	24	8	0	0	13	502.90	669.04	21.51	9.63	100	shall
4	24	8	0	1	0	70.866000	682.591630	453.540233	9.632735	-1	###LINE###
5	24	8	0	1	0	70.87	682.59	11.42	9.63	100	be
5	24	8	0	1	1	85.92	682.59	37.70	9.63	100	reduced
5	24	8	0	1	2	127.26	682.59	25.32	9.63	100	when
5	24	8	0	1	3	156.22	682.59	23.15	9.63	100	open
5	24	8	0	1	4	183.01	682.59	60.55	9.63	100	remediation,
5	24	8	0	1	5	247.20	682.59	36.13	9.63	100	fatigue,
5	24	8	0	1	6	286.96	682.59	26.88	9.63	100	leave,
5	24	8	0	1	7	317.48	682.59	38.32	9.63	100	training
5	24	8	0	1	8	359.43	682.59	9.91	9.63	100	or
5	24	8	0	1	9	372.98	682.59	17.41	9.63	100	loss
5	24	8	0	1	10	394.03	682.59	8.95	9.63	100	of
5	24	8	0	1	11	406.62	682.59	5.56	9.63	100	a
5	24	8	0	1	12	415.81	682.59	34.59	9.63	100	backup
5	24	8	0	1	13	454.04	682.59	17.94	9.63	100	role
5	24	8	0	1	14	475.62	682.59	29.71	9.63	100	makes
5	24	8	0	1	15	508.97	682.59	15.44	9.63	100	the
4	24	8	0	2	0	70.866000	696.140630	196.184891	9.632735	-1	###LINE###
5	24	8	0	2	0	70.87	696.14	20.91	9.63	100	next
5	24	8	0	2	1	95.41	696.14	56.07	9.63	100	engagement
5	24	8	0	2	2	155.11	696.14	30.06	9.63	100	unsafe
5	24	8	0	2	3	188.80	696.14	9.73	9.63	100	or
5	24	8	0	2	4	202.17	696.14	64.88	9.63	100	unreviewable.
3	24	9	0	0	0	70.866000	724.692643	143.885614	10.496666	-1	###FLOW###
4	24	9	0	0	0	70.866000	724.692643	143.885614	10.496666	-1	###LINE###
5	24	9	0	0	0	70.87	724.69	60.34	10.50	100	Command
5	24	9	0	0	1	135.69	724.69	79.07	10.50	100	commitments
3	24	9	1	0	0	70.321000	745.947630	374.544312	9.632735	-1	###FLOW###
4	24	9	1	0	0	70.321000	745.947630	374.544312	9.632735	-1	###LINE###
5	24	9	1	0	0	70.32	745.95	19.39	9.63	100	10.5
5	24	9	1	0	1	93.35	745.95	41.06	9.63	100	Effective
5	24	9	1	0	2	138.05	745.95	37.58	9.63	100	conduct
5	24	9	1	0	3	179.26	745.95	8.79	9.63	100	of
5	24	9	1	0	4	191.68	745.95	15.18	9.63	100	red
5	24	9	1	0	5	210.51	745.95	23.64	9.63	100	team
5	24	9	1	0	6	237.77	745.95	36.06	9.63	100	activity
5	24	9	1	0	7	277.48	745.95	37.38	9.63	100	requires
5	24	9	1	0	8	318.51	745.95	15.15	9.63	100	the
5	24	9	1	0	9	337.29	745.95	42.42	9.63	100	following
5	24	9	1	0	10	383.36	745.95	8.79	9.63	100	of
5	24	9	1	0	11	395.78	745.95	49.09	9.63	100	command.
3	24	10	0	0	0	257.623000	793.912520	80.030500	8.015962	-1	###FLOW###
4	24	10	0	0	0	257.623000	793.912520	80.030500	8.015962	-1	###LINE###
5	24	10	0	0	0	257.62	793.91	80.03	8.02	100	UNCLASSIFIED
3	24	10	1	0	0	287.052000	808.605601	21.172571	7.037598	-1	###FLOW###
4	24	10	1	0	0	287.052000	808.605601	21.172571	7.037598	-1	###LINE###
5	24	10	1	0	0	287.05	808.61	21.17	7.04	100	24/29
1	25	0	0	0	0	287.052000	808.605601	595.276000	841.890000	-1	###PAGE###
3	25	0	0	0	0	257.623000	39.603520	80.030500	8.015962	-1	###FLOW###
4	25	0	0	0	0	257.623000	39.603520	80.030500	8.015962	-1	###LINE###
5	25	0	0	0	0	257.62	39.60	80.03	8.02	100	UNCLASSIFIED
3	25	1	0	0	0	84.200000	78.293630	440.209850	23.182735	-1	###FLOW###
4	25	1	0	0	0	84.200000	78.293630	440.209850	9.632735	-1	###LINE###
5	25	1	0	0	0	84.20	78.29	8.49	9.63	100	a.
5	25	1	0	0	1	97.74	78.29	63.86	9.63	100	Appointment
5	25	1	0	0	2	165.22	78.29	8.90	9.63	100	of
5	25	1	0	0	3	177.74	78.29	11.66	9.63	100	an
5	25	1	0	0	4	193.04	78.29	50.68	9.63	100	Approving
5	25	1	0	0	5	247.36	78.29	47.31	9.63	100	Authority
5	25	1	0	0	6	298.29	78.29	35.61	9.63	100	holding
5	25	1	0	0	7	337.52	78.29	36.54	9.63	100	genuine
5	25	1	0	0	8	377.68	78.29	44.86	9.63	100	authority
5	25	1	0	0	9	426.17	78.29	17.80	9.63	100	and
5	25	1	0	0	10	447.60	78.29	38.74	9.63	100	situated
5	25	1	0	0	11	489.97	78.29	34.44	9.63	100	outside
4	25	1	0	1	0	98.139000	91.843630	151.153217	9.632735	-1	###LINE###
5	25	1	0	1	0	98.14	91.84	15.15	9.63	100	the
5	25	1	0	1	1	116.92	91.84	25.16	9.63	100	chain
5	25	1	0	1	2	145.72	91.84	8.79	9.63	100	of
5	25	1	0	1	3	158.14	91.84	46.06	9.63	100	command
5	25	1	0	1	4	207.84	91.84	41.45	9.63	100	assessed.
3	25	1	1	0	0	83.594000	112.166630	440.812330	23.182735	-1	###FLOW###
4	25	1	1	0	0	83.594000	112.166630	440.812330	9.632735	-1	###LINE###
5	25	1	1	0	0	83.59	112.17	9.09	9.63	100	b.
5	25	1	1	0	1	97.74	112.17	52.86	9.63	100	Acceptance
5	25	1	1	0	2	153.41	112.17	19.60	9.63	100	that
5	25	1	1	0	3	175.83	112.17	36.29	9.63	100	findings
5	25	1	1	0	4	214.94	112.17	16.63	9.63	100	will
5	25	1	1	0	5	234.39	112.17	10.99	9.63	100	be
5	25	1	1	0	6	248.20	112.17	53.45	9.63	100	unwelcome,
5	25	1	1	0	7	304.64	112.17	17.22	9.63	100	and
5	25	1	1	0	8	324.68	112.17	19.60	9.63	100	that
5	25	1	1	0	9	347.09	112.17	14.85	9.63	100	the
5	25	1	1	0	10	364.77	112.17	35.96	9.63	100	framing
5	25	1	1	0	11	403.55	112.17	8.61	9.63	100	of
5	25	1	1	0	12	414.98	112.17	59.15	9.63	100	engagements
5	25	1	1	0	13	476.96	112.17	7.18	9.63	100	is
5	25	1	1	0	14	486.96	112.17	37.45	9.63	100	learning
4	25	1	1	1	0	98.139000	125.716630	119.761191	9.632735	-1	###LINE###
5	25	1	1	1	0	98.14	125.72	29.15	9.63	100	rather
5	25	1	1	1	1	130.92	125.72	21.82	9.63	100	than
5	25	1	1	1	2	156.38	125.72	61.52	9.63	100	examination.
3	25	1	2	0	0	84.806000	146.039630	141.186663	9.632735	-1	###FLOW###
4	25	1	2	0	0	84.806000	146.039630	141.186663	9.632735	-1	###LINE###
5	25	1	2	0	0	84.81	146.04	7.88	9.63	100	c.
5	25	1	2	0	1	98.14	146.04	52.36	9.63	100	Resourcing
5	25	1	2	0	2	154.14	146.04	8.79	9.63	100	of
5	25	1	2	0	3	166.57	146.04	59.43	9.63	100	remediation.
3	25	1	3	0	0	83.594000	166.363630	440.815307	23.181735	-1	###FLOW###
4	25	1	3	0	0	83.594000	166.363630	440.815307	9.632735	-1	###LINE###
5	25	1	3	0	0	83.59	166.36	9.09	9.63	100	d.
5	25	1	3	0	1	98.14	166.36	61.28	9.63	100	Maintenance
5	25	1	3	0	2	163.07	166.36	8.88	9.63	100	of
5	25	1	3	0	3	175.61	166.36	15.32	9.63	100	the
5	25	1	3	0	4	194.58	166.36	64.64	9.63	100	independence
5	25	1	3	0	5	262.87	166.36	37.78	9.63	100	controls
5	25	1	3	0	6	304.30	166.36	9.80	9.63	100	at
5	25	1	3	0	7	317.76	166.36	49.08	9.63	100	paragraph
5	25	1	3	0	8	370.50	166.36	17.16	9.63	100	5.9,
5	25	1	3	0	9	391.31	166.36	9.19	9.63	100	in
5	25	1	3	0	10	404.16	166.36	47.24	9.63	100	particular
5	25	1	3	0	11	455.05	166.36	69.36	9.63	100	sub-paragraph
4	25	1	3	1	0	98.139000	179.912630	24.849839	9.632735	-1	###LINE###
5	25	1	3	1	0	98.14	179.91	24.85	9.63	100	5.9.c.
3	25	1	4	0	0	84.806000	200.236630	441.717779	36.730735	-1	###FLOW###
4	25	1	4	0	0	84.806000	200.236630	441.717779	9.632735	-1	###LINE###
5	25	1	4	0	0	84.81	200.24	7.88	9.63	100	e.
5	25	1	4	0	1	98.14	200.24	60.61	9.63	100	Undertaking
5	25	1	4	0	2	162.72	200.24	20.40	9.63	100	that
5	25	1	4	0	3	187.11	200.24	57.18	9.63	100	engagement
5	25	1	4	0	4	248.27	200.24	40.21	9.63	100	material
5	25	1	4	0	5	292.46	200.24	22.32	9.63	100	shall
5	25	1	4	0	6	318.75	200.24	16.07	9.63	100	not
5	25	1	4	0	7	338.80	200.24	11.43	9.63	100	be
5	25	1	4	0	8	354.20	200.24	45.45	9.63	100	employed
5	25	1	4	0	9	403.63	200.24	13.32	9.63	100	for
5	25	1	4	0	10	420.92	200.24	56.05	9.63	100	disciplinary
5	25	1	4	0	11	480.94	200.24	45.58	9.63	100	purposes.
4	25	1	4	1	0	97.583000	213.785630	426.822508	9.632735	-1	###LINE###
5	25	1	4	1	0	97.58	213.79	31.87	9.63	100	Where
5	25	1	4	1	1	133.10	213.79	46.14	9.63	100	personnel
5	25	1	4	1	2	182.89	213.79	33.07	9.63	100	believe
5	25	1	4	1	3	219.61	213.79	20.40	9.63	100	that
5	25	1	4	1	4	243.66	213.79	11.74	9.63	100	an
5	25	1	4	1	5	259.06	213.79	57.19	9.63	100	engagement
5	25	1	4	1	6	319.90	213.79	20.41	9.63	100	may
5	25	1	4	1	7	343.96	213.79	26.27	9.63	100	affect
5	25	1	4	1	8	373.88	213.79	22.90	9.63	100	their
5	25	1	4	1	9	400.43	213.79	41.78	9.63	100	position,
5	25	1	4	1	10	445.86	213.79	15.45	9.63	100	the
5	25	1	4	1	11	464.97	213.79	59.44	9.63	100	organisation
4	25	1	4	2	0	98.139000	227.334630	375.791222	9.632735	-1	###LINE###
5	25	1	4	2	0	98.14	227.33	28.61	9.63	100	ceases
5	25	1	4	2	1	130.38	227.33	9.70	9.63	100	to
5	25	1	4	2	2	143.72	227.33	35.18	9.63	100	provide
5	25	1	4	2	3	182.53	227.33	40.03	9.63	100	accurate
5	25	1	4	2	4	226.20	227.33	55.48	9.63	100	information
5	25	1	4	2	5	285.32	227.33	17.57	9.63	100	and
5	25	1	4	2	6	306.53	227.33	15.15	9.63	100	the
5	25	1	4	2	7	325.33	227.33	46.66	9.63	100	capability
5	25	1	4	2	8	375.62	227.33	28.61	9.63	100	ceases
5	25	1	4	2	9	407.86	227.33	9.70	9.63	100	to
5	25	1	4	2	10	421.20	227.33	21.51	9.63	100	have
5	25	1	4	2	11	446.35	227.33	27.58	9.63	100	value.
3	25	2	0	0	0	70.866000	255.886643	86.901153	10.496666	-1	###FLOW###
4	25	2	0	0	0	70.866000	255.886643	86.901153	10.496666	-1	###LINE###
5	25	2	0	0	0	70.87	255.89	31.48	10.50	100	Risks
5	25	2	0	0	1	106.83	255.89	50.94	10.50	100	accepted
3	25	2	1	0	0	70.321000	277.142630	454.089913	23.181735	-1	###FLOW###
4	25	2	1	0	0	70.321000	277.142630	454.089913	9.632735	-1	###LINE###
5	25	2	1	0	0	70.32	277.14	19.78	9.63	100	10.6
5	25	2	1	0	1	94.88	277.14	19.16	9.63	100	The
5	25	2	1	0	2	118.81	277.14	43.28	9.63	100	following
5	25	2	1	0	3	166.87	277.14	22.10	9.63	100	risks
5	25	2	1	0	4	193.74	277.14	14.87	9.63	100	are
5	25	2	1	0	5	213.38	277.14	42.04	9.63	100	accepted
5	25	2	1	0	6	260.19	277.14	11.75	9.63	100	by
5	25	2	1	0	7	276.72	277.14	46.98	9.63	100	command
5	25	2	1	0	8	328.48	277.14	11.74	9.63	100	on
5	25	2	1	0	9	345.01	277.14	41.46	9.63	100	approval
5	25	2	1	0	10	391.24	277.14	8.96	9.63	100	of
5	25	2	1	0	11	404.98	277.14	11.74	9.63	100	an
5	25	2	1	0	12	421.50	277.14	60.28	9.63	100	engagement,
5	25	2	1	0	13	486.84	277.14	17.93	9.63	100	and
5	25	2	1	0	14	509.54	277.14	14.87	9.63	100	are
4	25	2	1	1	0	70.866000	290.691630	96.512808	9.632735	-1	###LINE###
5	25	2	1	1	0	70.87	290.69	47.00	9.63	100	controlled
5	25	2	1	1	1	121.50	290.69	9.76	9.63	100	as
5	25	2	1	1	2	134.90	290.69	32.48	9.63	100	shown.
3	25	2	2	0	0	70.866000	316.999630	21.121109	9.632735	-1	###FLOW###
4	25	2	2	0	0	70.866000	316.999630	21.121109	9.632735	-1	###LINE###
5	25	2	2	0	0	70.87	317.00	21.12	9.63	100	Risk
3	25	3	0	0	0	224.133000	316.999630	36.088394	9.632735	-1	###FLOW###
4	25	3	0	0	0	224.133000	316.999630	36.088394	9.632735	-1	###LINE###
5	25	3	0	0	0	224.13	317.00	36.09	9.63	100	Control
3	25	4	0	0	0	70.866000	337.376630	107.909544	9.632735	-1	###FLOW###
4	25	4	0	0	0	70.866000	337.376630	107.909544	9.632735	-1	###LINE###
5	25	4	0	0	0	70.87	337.38	50.85	9.63	100	Disruption
5	25	4	0	0	1	125.35	337.38	8.79	9.63	100	of
5	25	4	0	0	2	137.78	337.38	5.45	9.63	100	a
5	25	4	0	0	3	146.86	337.38	31.91	9.63	100	service
3	25	5	0	0	0	224.133000	337.376630	300.168594	66.539735	-1	###FLOW###
4	25	5	0	0	0	224.133000	337.376630	261.095127	9.632735	-1	###LINE###
5	25	5	0	0	0	224.13	337.38	36.76	9.63	100	Trusted
5	25	5	0	0	1	264.53	337.38	28.48	9.63	100	Agent
5	25	5	0	0	2	296.65	337.38	50.79	9.63	100	suspension
5	25	5	0	0	3	351.07	337.38	47.30	9.63	100	authority;
5	25	5	0	0	4	402.02	337.38	42.55	9.63	100	cessation
5	25	5	0	0	5	448.20	337.38	37.03	9.63	100	criteria;
4	25	5	0	1	0	224.133000	350.925630	140.754663	9.632735	-1	###LINE###
5	25	5	0	1	0	224.13	350.93	43.39	9.63	100	exclusion
5	25	5	0	1	1	271.16	350.93	17.64	9.63	100	list;
5	25	5	0	1	2	292.44	350.93	17.36	9.63	100	risk
5	25	5	0	1	3	313.44	350.93	51.45	9.63	100	assessment
4	25	5	0	2	0	224.133000	365.829630	300.168594	9.632735	-1	###LINE###
5	25	5	0	2	0	224.13	365.83	65.49	9.63	100	Minimisation;
5	25	5	0	2	1	293.26	365.83	15.14	9.63	100	use
5	25	5	0	2	2	312.03	365.83	8.74	9.63	100	of
5	25	5	0	2	3	324.41	365.83	37.51	9.63	100	markers
5	25	5	0	2	4	365.55	365.83	9.05	9.63	100	in
5	25	5	0	2	5	378.23	365.83	24.12	9.63	100	place
5	25	5	0	2	6	405.99	365.83	8.74	9.63	100	of
5	25	5	0	2	7	418.37	365.83	16.28	9.63	100	live
5	25	5	0	2	8	438.29	365.83	24.12	9.63	100	data;
5	25	5	0	2	9	466.05	365.83	58.26	9.63	100	specification
4	25	5	0	3	0	224.133000	379.379630	90.064439	9.632735	-1	###LINE###
5	25	5	0	3	0	224.13	379.38	8.79	9.63	100	of
5	25	5	0	3	1	236.55	379.38	49.12	9.63	100	prohibited
5	25	5	0	3	2	289.32	379.38	24.88	9.63	100	proof
4	25	5	0	4	0	224.133000	394.283630	285.819511	9.632735	-1	###LINE###
5	25	5	0	4	0	224.13	394.28	33.67	9.63	100	Agreed
5	25	5	0	4	1	261.43	394.28	58.88	9.63	100	distribution;
5	25	5	0	4	2	323.95	394.28	63.15	9.63	100	classification;
5	25	5	0	4	3	390.74	394.28	30.64	9.63	100	formal
5	25	5	0	4	4	425.01	394.28	51.52	9.63	100	acceptance
5	25	5	0	4	5	480.17	394.28	8.79	9.63	100	of
5	25	5	0	4	6	492.59	394.28	17.36	9.63	100	risk
3	25	6	0	0	0	70.866000	365.829630	134.789567	108.542735	-1	###FLOW###
4	25	6	0	0	0	70.866000	365.829630	126.695015	9.632735	-1	###LINE###
5	25	6	0	0	0	70.87	365.83	8.18	9.63	100	A
5	25	6	0	0	1	82.68	365.83	21.21	9.63	100	data
5	25	6	0	0	2	107.54	365.83	48.52	9.63	100	protection
5	25	6	0	0	3	159.68	365.83	37.88	9.63	100	incident
4	25	6	0	1	0	70.866000	379.379630	120.609919	9.632735	-1	###LINE###
5	25	6	0	1	0	70.87	379.38	31.58	9.63	100	caused
5	25	6	0	1	1	106.07	379.38	11.52	9.63	100	by
5	25	6	0	1	2	121.23	379.38	15.15	9.63	100	the
5	25	6	0	1	3	140.01	379.38	51.46	9.63	100	assessment
4	25	6	0	2	0	70.866000	394.283630	134.789567	9.632735	-1	###LINE###
5	25	6	0	2	0	70.87	394.28	41.12	9.63	100	Findings
5	25	6	0	2	1	115.62	394.28	45.15	9.63	100	becoming
5	25	6	0	2	2	164.42	394.28	5.45	9.63	100	a
5	25	6	0	2	3	173.50	394.28	32.15	9.63	100	matter
4	25	6	0	3	0	70.866000	407.832630	92.850623	9.632735	-1	###LINE###
5	25	6	0	3	0	70.87	407.83	8.79	9.63	100	of
5	25	6	0	3	1	83.29	407.83	38.52	9.63	100	external
5	25	6	0	3	2	125.45	407.83	38.27	9.63	100	scrutiny
4	25	6	0	4	0	70.866000	422.736630	127.479379	9.632735	-1	###LINE###
5	25	6	0	4	0	70.87	422.74	38.64	9.63	100	Damage
5	25	6	0	4	1	113.14	422.74	9.70	9.63	100	to
5	25	6	0	4	2	126.48	422.74	15.15	9.63	100	the
5	25	6	0	4	3	145.26	422.74	40.66	9.63	100	standing
5	25	6	0	4	4	189.56	422.74	8.79	9.63	100	of
4	25	6	0	5	0	70.866000	436.285630	91.662622	9.632735	-1	###LINE###
5	25	6	0	5	0	70.87	436.29	42.79	9.63	100	defensive
5	25	6	0	5	1	117.30	436.29	45.23	9.63	100	personnel
4	25	6	0	6	0	70.866000	451.189630	125.358650	9.632735	-1	###LINE###
5	25	6	0	6	0	70.87	451.19	58.97	9.63	100	Expenditure
5	25	6	0	6	1	133.47	451.19	47.61	9.63	100	producing
5	25	6	0	6	2	184.71	451.19	11.51	9.63	100	no
4	25	6	0	7	0	70.866000	464.739630	61.852415	9.632735	-1	###LINE###
5	25	6	0	7	0	70.87	464.74	61.85	9.63	100	improvement
3	25	7	0	0	0	224.133000	422.736630	300.275007	38.085735	-1	###FLOW###
4	25	7	0	0	0	224.133000	422.736630	291.305697	9.632735	-1	###LINE###
5	25	7	0	0	0	224.13	422.74	54.12	9.63	100	Prohibition
5	25	7	0	0	1	281.89	422.74	11.51	9.63	100	on
5	25	7	0	0	2	297.04	422.74	35.15	9.63	100	naming
5	25	7	0	0	3	335.83	422.74	54.91	9.63	100	individuals;
5	25	7	0	0	4	394.38	422.74	43.99	9.63	100	reporting
5	25	7	0	0	5	442.01	422.74	8.79	9.63	100	of
5	25	7	0	0	6	454.43	422.74	37.36	9.63	100	controls
5	25	7	0	0	7	495.44	422.74	20.00	9.63	100	that
4	25	7	0	1	0	224.133000	436.285630	49.998587	9.632735	-1	###LINE###
5	25	7	0	1	0	224.13	436.29	50.00	9.63	100	functioned
4	25	7	0	2	0	224.133000	451.189630	300.275007	9.632735	-1	###LINE###
5	25	7	0	2	0	224.13	451.19	59.43	9.63	100	Remediation
5	25	7	0	2	1	287.17	451.19	41.35	9.63	100	tracking;
5	25	7	0	2	2	332.14	451.19	29.43	9.63	100	retest;
5	25	7	0	2	3	365.18	451.19	29.97	9.63	100	purple
5	25	7	0	2	4	398.76	451.19	31.76	9.63	100	replay;
5	25	7	0	2	5	434.15	451.19	43.17	9.63	100	quarterly
5	25	7	0	2	6	480.93	451.19	43.47	9.63	100	reporting
3	25	8	0	0	0	70.321000	504.235630	404.302155	9.632735	-1	###FLOW###
4	25	8	0	0	0	70.321000	504.235630	404.302155	9.632735	-1	###LINE###
5	25	8	0	0	0	70.32	504.24	19.39	9.63	100	10.7
5	25	8	0	0	1	93.35	504.24	23.48	9.63	100	Each
5	25	8	0	0	2	120.47	504.24	8.79	9.63	100	of
5	25	8	0	0	3	132.89	504.24	24.30	9.63	100	these
5	25	8	0	0	4	160.84	504.24	21.67	9.63	100	risks
5	25	8	0	0	5	186.14	504.24	7.33	9.63	100	is
5	25	8	0	0	6	197.11	504.24	47.00	9.63	100	controlled
5	25	8	0	0	7	247.75	504.24	11.51	9.63	100	by
5	25	8	0	0	8	262.89	504.24	47.03	9.63	100	procedure
5	25	8	0	0	9	313.56	504.24	29.15	9.63	100	rather
5	25	8	0	0	10	346.36	504.24	21.82	9.63	100	than
5	25	8	0	0	11	371.80	504.24	11.51	9.63	100	by
5	25	8	0	0	12	386.96	504.24	42.12	9.63	100	technical
5	25	8	0	0	13	432.71	504.24	41.91	9.63	100	measure.
3	25	9	0	0	0	70.866000	556.635199	248.618211	12.595964	-1	###FLOW###
4	25	9	0	0	0	70.866000	556.635199	248.618211	12.595964	-1	###LINE###
5	25	9	0	0	0	70.87	556.64	81.34	12.60	100	CHAPTER
5	25	9	0	0	1	157.59	556.64	16.14	12.60	100	11
5	25	9	0	0	2	179.11	556.64	16.14	12.60	100	—
5	25	9	0	0	3	200.63	556.64	118.86	12.60	100	GOVERNANCE
3	25	9	1	0	0	70.866000	583.020643	164.668534	10.496666	-1	###FLOW###
4	25	9	1	0	0	70.866000	583.020643	164.668534	10.496666	-1	###LINE###
5	25	9	1	0	0	70.87	583.02	55.98	10.50	100	Structure
5	25	9	1	0	1	131.33	583.02	10.83	10.50	100	of
5	25	9	1	0	2	146.65	583.02	18.84	10.50	100	the
5	25	9	1	0	3	169.97	583.02	65.57	10.50	100	publication
3	25	9	2	0	0	70.321000	604.276630	202.697623	9.632735	-1	###FLOW###
4	25	9	2	0	0	70.321000	604.276630	202.697623	9.632735	-1	###LINE###
5	25	9	2	0	0	70.32	604.28	19.39	9.63	100	11.1
5	25	9	2	0	1	93.35	604.28	18.79	9.63	100	The
5	25	9	2	0	2	115.78	604.28	53.33	9.63	100	publication
5	25	9	2	0	3	172.74	604.28	7.33	9.63	100	is
5	25	9	2	0	4	183.71	604.28	28.60	9.63	100	issued
5	25	9	2	0	5	215.96	604.28	9.09	9.63	100	in
5	25	9	2	0	6	228.68	604.28	16.98	9.63	100	two
5	25	9	2	0	7	249.29	604.28	23.73	9.63	100	tiers.
3	25	9	3	0	0	70.473000	632.705630	20.031289	9.632735	-1	###FLOW###
4	25	9	3	0	0	70.473000	632.705630	20.031289	9.632735	-1	###LINE###
5	25	9	3	0	0	70.47	632.71	20.03	9.63	100	Tier
3	25	10	0	0	0	146.860000	632.705630	58.178230	9.632735	-1	###FLOW###
4	25	10	0	0	0	146.860000	632.705630	58.178230	9.632735	-1	###LINE###
5	25	10	0	0	0	146.86	632.71	58.18	9.63	100	Amendment
3	25	11	0	0	0	373.632000	632.705630	46.692039	9.632735	-1	###FLOW###
4	25	11	0	0	0	373.632000	632.705630	46.692039	9.632735	-1	###LINE###
5	25	11	0	0	0	373.63	632.71	46.69	9.63	100	Authority
3	25	12	0	0	0	70.866000	653.082630	61.267687	51.635735	-1	###FLOW###
4	25	12	0	0	0	70.866000	653.082630	21.271654	9.632735	-1	###LINE###
5	25	12	0	0	0	70.87	653.08	21.27	9.63	100	This
4	25	12	0	1	0	70.866000	666.631630	53.332408	9.632735	-1	###LINE###
5	25	12	0	1	0	70.87	666.63	53.33	9.63	100	publication
4	25	12	0	2	0	70.866000	681.535630	61.267687	9.632735	-1	###LINE###
5	25	12	0	2	0	70.87	681.54	40.06	9.63	100	Annexes
5	25	12	0	2	1	114.56	681.54	17.57	9.63	100	and
4	25	12	0	3	0	70.866000	695.085630	51.328406	9.632735	-1	###LINE###
5	25	12	0	3	0	70.87	695.09	15.79	9.63	100	pro
5	25	12	0	3	1	90.29	695.09	31.91	9.63	100	formas
3	25	13	0	0	0	145.715000	653.082630	213.824813	38.085735	-1	###FLOW###
4	25	13	0	0	0	147.264000	653.082630	203.605261	9.632735	-1	###LINE###
5	25	13	0	0	0	147.26	653.08	58.18	9.63	100	Amendment
5	25	13	0	0	1	209.09	653.08	9.70	9.63	100	to
5	25	13	0	0	2	222.42	653.08	5.45	9.63	100	a
5	25	13	0	0	3	231.50	653.08	57.03	9.63	100	requirement
5	25	13	0	0	4	292.18	653.08	45.30	9.63	100	expressed
5	25	13	0	0	5	341.11	653.08	9.76	9.63	100	as
4	25	13	0	1	0	145.715000	666.631630	133.333202	9.632735	-1	###LINE###
5	25	13	0	1	0	145.71	666.63	32.18	9.63	100	“shall”
5	25	13	0	1	1	181.52	666.63	37.40	9.63	100	requires
5	25	13	0	1	2	222.56	666.63	56.49	9.63	100	re-signature
4	25	13	0	2	0	147.264000	681.535630	212.275813	9.632735	-1	###LINE###
5	25	13	0	2	0	147.26	681.54	45.15	9.63	100	Amended
5	25	13	0	2	1	196.05	681.54	9.76	9.63	100	as
5	25	13	0	2	2	209.45	681.54	37.61	9.63	100	practice
5	25	13	0	2	3	250.69	681.54	17.57	9.63	100	and
5	25	13	0	2	4	271.90	681.54	50.92	9.63	100	technology
5	25	13	0	2	5	326.45	681.54	33.09	9.63	100	require
3	25	14	0	0	0	374.035000	653.082630	100.362629	9.632735	-1	###FLOW###
4	25	14	0	0	0	374.035000	653.082630	100.362629	9.632735	-1	###LINE###
5	25	14	0	0	0	374.04	653.08	50.03	9.63	100	Approving
5	25	14	0	0	1	427.71	653.08	46.69	9.63	100	Authority
3	25	14	1	0	0	374.035000	681.535630	145.301310	23.182735	-1	###FLOW###
4	25	14	1	0	0	374.038007	681.535630	145.298303	9.632735	-1	###LINE###
5	25	14	1	0	0	374.04	681.54	24.55	9.63	100	Head
5	25	14	1	0	1	402.22	681.54	8.79	9.63	100	of
5	25	14	1	0	2	414.64	681.54	18.94	9.63	100	Red
5	25	14	1	0	3	437.22	681.54	29.39	9.63	100	Team,
5	25	14	1	0	4	470.25	681.54	35.76	9.63	100	notified
5	25	14	1	0	5	509.64	681.54	9.70	9.63	100	to
4	25	14	1	1	0	374.035000	695.085630	119.147008	9.632735	-1	###LINE###
5	25	14	1	1	0	374.03	695.09	15.15	9.63	100	the
5	25	14	1	1	1	392.82	695.09	50.04	9.63	100	Approving
5	25	14	1	1	2	446.49	695.09	46.69	9.63	100	Authority
3	25	15	0	0	0	70.321000	734.581630	455.600954	23.181735	-1	###FLOW###
4	25	15	0	0	0	70.321000	734.581630	455.600954	9.632735	-1	###LINE###
5	25	15	0	0	0	70.32	734.58	19.01	9.63	100	11.2
5	25	15	0	0	1	92.55	734.58	37.41	9.63	100	Content
5	25	15	0	0	2	133.18	734.58	33.32	9.63	100	subject
5	25	15	0	0	3	169.73	734.58	9.50	9.63	100	to
5	25	15	0	0	4	182.45	734.58	34.73	9.63	100	change,
5	25	15	0	0	5	220.48	734.58	42.77	9.63	100	including
5	25	15	0	0	6	266.47	734.58	35.34	9.63	100	tooling,
5	25	15	0	0	7	305.12	734.58	51.73	9.63	100	techniques,
5	25	15	0	0	8	360.15	734.58	64.00	9.63	100	infrastructure
5	25	15	0	0	9	427.37	734.58	17.22	9.63	100	and
5	25	15	0	0	10	447.82	734.58	44.53	9.63	100	technique
5	25	15	0	0	11	495.57	734.58	30.35	9.63	100	tables,
4	25	15	0	1	0	70.866000	748.130630	452.056740	9.632735	-1	###LINE###
5	25	15	0	1	0	70.87	748.13	7.33	9.63	100	is
5	25	15	0	1	1	81.83	748.13	20.00	9.63	100	held
5	25	15	0	1	2	105.48	748.13	9.09	9.63	100	in
5	25	15	0	1	3	118.20	748.13	15.15	9.63	100	the
5	25	15	0	1	4	136.98	748.13	37.33	9.63	100	annexes
5	25	15	0	1	5	177.96	748.13	9.76	9.63	100	so
5	25	15	0	1	6	191.35	748.13	20.00	9.63	100	that
5	25	15	0	1	7	214.99	748.13	17.64	9.63	100	this
5	25	15	0	1	8	236.26	748.13	53.33	9.63	100	publication
5	25	15	0	1	9	293.23	748.13	20.97	9.63	100	does
5	25	15	0	1	10	317.84	748.13	15.76	9.63	100	not
5	25	15	0	1	11	337.23	748.13	33.09	9.63	100	require
5	25	15	0	1	12	373.96	748.13	56.49	9.63	100	re-signature
5	25	15	0	1	13	434.07	748.13	11.51	9.63	100	on
5	25	15	0	1	14	449.23	748.13	11.58	9.63	100	its
5	25	15	0	1	15	464.44	748.13	58.48	9.63	100	amendment.
3	25	16	0	0	0	257.623000	793.912520	80.030500	8.015962	-1	###FLOW###
4	25	16	0	0	0	257.623000	793.912520	80.030500	8.015962	-1	###LINE###
5	25	16	0	0	0	257.62	793.91	80.03	8.02	100	UNCLASSIFIED
3	25	16	1	0	0	287.052000	808.605601	21.172571	7.037598	-1	###FLOW###
4	25	16	1	0	0	287.052000	808.605601	21.172571	7.037598	-1	###LINE###
5	25	16	1	0	0	287.05	808.61	21.17	7.04	100	25/29
1	26	0	0	0	0	287.052000	808.605601	595.276000	841.890000	-1	###PAGE###
3	26	0	0	0	0	257.623000	39.603520	80.030500	8.015962	-1	###FLOW###
4	26	0	0	0	0	257.623000	39.603520	80.030500	8.015962	-1	###LINE###
5	26	0	0	0	0	257.62	39.60	80.03	8.02	100	UNCLASSIFIED
3	26	1	0	0	0	70.866000	77.632643	42.854610	10.496666	-1	###FLOW###
4	26	1	0	0	0	70.866000	77.632643	42.854610	10.496666	-1	###LINE###
5	26	1	0	0	0	70.87	77.63	42.85	10.50	100	Review
3	26	1	1	0	0	70.321000	98.888630	431.967633	9.632735	-1	###FLOW###
4	26	1	1	0	0	70.321000	98.888630	431.967633	9.632735	-1	###LINE###
5	26	1	1	0	0	70.32	98.89	19.39	9.63	100	11.3
5	26	1	1	0	1	93.35	98.89	21.27	9.63	100	This
5	26	1	1	0	2	118.26	98.89	53.33	9.63	100	publication
5	26	1	1	0	3	175.23	98.89	7.33	9.63	100	is
5	26	1	1	0	4	186.19	98.89	41.24	9.63	100	reviewed
5	26	1	1	0	5	231.08	98.89	42.73	9.63	100	annually,
5	26	1	1	0	6	277.44	98.89	17.57	9.63	100	and
5	26	1	1	0	7	298.66	98.89	56.67	9.63	100	additionally
5	26	1	1	0	8	358.96	98.89	42.42	9.63	100	following
5	26	1	1	0	9	405.02	98.89	16.97	9.63	100	any
5	26	1	1	0	10	425.62	98.89	8.79	9.63	100	of
5	26	1	1	0	11	438.05	98.89	15.15	9.63	100	the
5	26	1	1	0	12	456.84	98.89	45.45	9.63	100	following.
3	26	1	2	0	0	84.200000	119.212630	407.559612	9.632735	-1	###FLOW###
4	26	1	2	0	0	84.200000	119.212630	407.559612	9.632735	-1	###LINE###
5	26	1	2	0	0	84.20	119.21	8.49	9.63	100	a.
5	26	1	2	0	1	97.74	119.21	14.24	9.63	100	An
5	26	1	2	0	2	115.61	119.21	56.06	9.63	100	engagement
5	26	1	2	0	3	175.31	119.21	47.61	9.63	100	producing
5	26	1	2	0	4	226.55	119.21	5.45	9.63	100	a
5	26	1	2	0	5	235.64	119.21	70.51	9.63	100	lessons-learned
5	26	1	2	0	6	309.80	119.21	21.21	9.63	100	item
5	26	1	2	0	7	334.64	119.21	35.18	9.63	100	marked
5	26	1	2	0	8	373.47	119.21	9.76	9.63	100	as
5	26	1	2	0	9	386.86	119.21	42.79	9.63	100	requiring
5	26	1	2	0	10	433.28	119.21	58.48	9.63	100	amendment.
3	26	1	3	0	0	83.594000	139.535630	441.218585	23.182735	-1	###FLOW###
4	26	1	3	0	0	83.594000	139.535630	441.218585	9.632735	-1	###LINE###
5	26	1	3	0	0	83.59	139.54	9.09	9.63	100	b.
5	26	1	3	0	1	97.74	139.54	13.96	9.63	100	An
5	26	1	3	0	2	114.95	139.54	37.12	9.63	100	incident
5	26	1	3	0	3	155.33	139.54	8.91	9.63	100	in
5	26	1	3	0	4	167.50	139.54	27.01	9.63	100	which
5	26	1	3	0	5	197.77	139.54	14.88	9.63	100	red
5	26	1	3	0	6	215.91	139.54	23.16	9.63	100	team
5	26	1	3	0	7	242.34	139.54	35.34	9.63	100	activity
5	26	1	3	0	8	280.94	139.54	30.94	9.63	100	caused
5	26	1	3	0	9	315.14	139.54	51.97	9.63	100	unintended
5	26	1	3	0	10	370.37	139.54	35.04	9.63	100	impact,
5	26	1	3	0	11	408.75	139.54	9.53	9.63	100	or
5	26	1	3	0	12	421.54	139.54	27.41	9.63	100	raised
5	26	1	3	0	13	452.21	139.54	5.35	9.63	100	a
5	26	1	3	0	14	460.82	139.54	24.34	9.63	100	legal,
5	26	1	3	0	15	488.49	139.54	36.32	9.63	100	security
4	26	1	3	1	0	98.139000	153.085630	119.912827	9.632735	-1	###LINE###
5	26	1	3	1	0	98.14	153.09	9.73	9.63	100	or
5	26	1	3	1	1	111.50	153.09	60.12	9.63	100	classification
5	26	1	3	1	2	175.26	153.09	42.79	9.63	100	question.
3	26	1	4	0	0	84.806000	173.408630	413.881436	9.632735	-1	###FLOW###
4	26	1	4	0	0	84.806000	173.408630	413.881436	9.632735	-1	###LINE###
5	26	1	4	0	0	84.81	173.41	7.88	9.63	100	c.
5	26	1	4	0	1	98.14	173.41	40.34	9.63	100	Material
5	26	1	4	0	2	142.11	173.41	32.42	9.63	100	change
5	26	1	4	0	3	178.17	173.41	9.70	9.63	100	to
5	26	1	4	0	4	191.50	173.41	15.15	9.63	100	the
5	26	1	4	0	5	210.29	173.41	21.82	9.63	100	legal
5	26	1	4	0	6	235.75	173.41	62.15	9.63	100	environment,
5	26	1	4	0	7	301.53	173.41	15.15	9.63	100	the
5	26	1	4	0	8	320.33	173.41	44.24	9.63	100	mandate,
5	26	1	4	0	9	368.20	173.41	9.73	9.63	100	or
5	26	1	4	0	10	381.56	173.41	15.15	9.63	100	the
5	26	1	4	0	11	400.36	173.41	60.12	9.63	100	classification
5	26	1	4	0	12	464.11	173.41	34.58	9.63	100	regime.
3	26	2	0	0	0	70.866000	201.960643	63.980644	10.496666	-1	###FLOW###
4	26	2	0	0	0	70.866000	201.960643	63.980644	10.496666	-1	###LINE###
5	26	2	0	0	0	70.87	201.96	63.98	10.50	100	Exceptions
3	26	2	1	0	0	70.321000	223.216630	454.093298	90.927735	-1	###FLOW###
4	26	2	1	0	0	70.321000	223.216630	454.084982	9.632735	-1	###LINE###
5	26	2	1	0	0	70.32	223.22	19.01	9.63	100	11.4
5	26	2	1	0	1	92.34	223.22	13.96	9.63	100	An
5	26	2	1	0	2	109.31	223.22	44.24	9.63	100	exception
5	26	2	1	0	3	156.57	223.22	9.50	9.63	100	to
5	26	2	1	0	4	169.09	223.22	5.35	9.63	100	a
5	26	2	1	0	5	177.45	223.22	55.88	9.63	100	requirement
5	26	2	1	0	6	236.34	223.22	44.40	9.63	100	expressed
5	26	2	1	0	7	283.75	223.22	9.56	9.63	100	as
5	26	2	1	0	8	296.33	223.22	31.53	9.63	100	“shall”
5	26	2	1	0	9	330.87	223.22	36.65	9.63	100	requires
5	26	2	1	0	10	370.53	223.22	36.85	9.63	100	written,
5	26	2	1	0	11	410.53	223.22	33.62	9.63	100	specific
5	26	2	1	0	12	447.16	223.22	17.22	9.63	100	and
5	26	2	1	0	13	467.39	223.22	57.02	9.63	100	time-limited
4	26	2	1	1	0	70.866000	236.765630	453.540814	9.632735	-1	###LINE###
5	26	2	1	1	0	70.87	236.77	39.81	9.63	100	approval
5	26	2	1	1	1	114.14	236.77	21.71	9.63	100	from
5	26	2	1	1	2	139.31	236.77	14.85	9.63	100	the
5	26	2	1	1	3	157.63	236.77	49.02	9.63	100	Approving
5	26	2	1	1	4	210.11	236.77	47.82	9.63	100	Authority,
5	26	2	1	1	5	261.43	236.77	34.45	9.63	100	naming
5	26	2	1	1	6	299.34	236.77	14.85	9.63	100	the
5	26	2	1	1	7	317.66	236.77	63.91	9.63	100	compensating
5	26	2	1	1	8	385.03	236.77	32.40	9.63	100	control
5	26	2	1	1	9	420.89	236.77	8.91	9.63	100	in
5	26	2	1	1	10	433.27	236.77	25.27	9.63	100	force.
5	26	2	1	1	11	463.33	236.77	13.36	9.63	100	No
5	26	2	1	1	12	480.16	236.77	44.25	9.63	100	exception
4	26	2	1	2	0	70.866000	250.314630	453.548298	9.632735	-1	###LINE###
5	26	2	1	2	0	70.87	250.31	19.60	9.63	100	may
5	26	2	1	2	1	94.07	250.31	27.95	9.63	100	create
5	26	2	1	2	2	125.62	250.31	83.61	9.63	100	self-authorisation,
5	26	2	1	2	3	212.84	250.31	32.98	9.63	100	remove
5	26	2	1	2	4	249.42	250.31	63.10	9.63	100	system-owner
5	26	2	1	2	5	316.12	250.31	37.77	9.63	100	consent,
5	26	2	1	2	6	357.51	250.31	33.56	9.63	100	expand
5	26	2	1	2	7	394.68	250.31	11.28	9.63	100	an
5	26	2	1	2	8	409.57	250.31	41.04	9.63	100	unsigned
5	26	2	1	2	9	454.22	250.31	28.27	9.63	100	scope,
5	26	2	1	2	10	486.11	250.31	38.31	9.63	100	combine
4	26	2	1	3	0	70.866000	263.863630	453.544562	9.632735	-1	###LINE###
5	26	2	1	3	0	70.87	263.86	15.14	9.63	100	the
5	26	2	1	3	1	89.64	263.86	18.92	9.63	100	Red
5	26	2	1	3	2	112.19	263.86	26.34	9.63	100	Team
5	26	2	1	3	3	142.16	263.86	23.16	9.63	100	Lead
5	26	2	1	3	4	168.96	263.86	17.56	9.63	100	and
5	26	2	1	3	5	190.15	263.86	36.72	9.63	100	Trusted
5	26	2	1	3	6	230.51	263.86	31.48	9.63	100	Agent,
5	26	2	1	3	7	265.62	263.86	33.64	9.63	100	remove
5	26	2	1	3	8	302.89	263.86	58.12	9.63	100	independent
5	26	2	1	3	9	364.65	263.86	29.43	9.63	100	report
5	26	2	1	3	10	397.71	263.86	33.64	9.63	100	review,
5	26	2	1	3	11	434.97	263.86	34.21	9.63	100	weaken
5	26	2	1	3	12	472.82	263.86	5.45	9.63	100	a
5	26	2	1	3	13	481.91	263.86	42.50	9.63	100	cessation
4	26	2	1	4	0	70.866000	277.412630	453.539348	9.632735	-1	###LINE###
5	26	2	1	4	0	70.87	277.41	43.70	9.63	100	criterion,
5	26	2	1	4	1	118.19	277.41	38.48	9.63	100	override
5	26	2	1	4	2	160.31	277.41	5.53	9.63	100	a
5	26	2	1	4	3	169.47	277.41	25.20	9.63	100	legal,
5	26	2	1	4	4	198.29	277.41	28.03	9.63	100	safety
5	26	2	1	4	5	229.95	277.41	9.86	9.63	100	or
5	26	2	1	4	6	243.46	277.41	31.95	9.63	100	ethical
5	26	2	1	4	7	279.04	277.41	34.81	9.63	100	refusal,
5	26	2	1	4	8	317.49	277.41	9.86	9.63	100	or
5	26	2	1	4	9	330.99	277.41	32.29	9.63	100	permit
5	26	2	1	4	10	366.90	277.41	36.58	9.63	100	activity
5	26	2	1	4	11	407.11	277.41	49.81	9.63	100	prohibited
5	26	2	1	4	12	460.54	277.41	11.68	9.63	100	by
5	26	2	1	4	13	475.86	277.41	48.55	9.63	100	applicable
4	26	2	1	5	0	70.866000	290.962630	453.539112	9.632735	-1	###LINE###
5	26	2	1	5	0	70.87	290.96	19.48	9.63	100	law,
5	26	2	1	5	1	94.50	290.96	39.91	9.63	100	contract
5	26	2	1	5	2	138.46	290.96	9.92	9.63	100	or
5	26	2	1	5	3	152.43	290.96	40.25	9.63	100	provider
5	26	2	1	5	4	196.74	290.96	31.24	9.63	100	policy.
5	26	2	1	5	5	234.06	290.96	18.27	9.63	100	Nor
5	26	2	1	5	6	256.38	290.96	20.41	9.63	100	may
5	26	2	1	5	7	280.84	290.96	11.74	9.63	100	an
5	26	2	1	5	8	296.64	290.96	46.04	9.63	100	exception
5	26	2	1	5	9	346.75	290.96	26.90	9.63	100	waive
5	26	2	1	5	10	377.70	290.96	5.56	9.63	100	a
5	26	2	1	5	11	387.31	290.96	17.96	9.63	100	role
5	26	2	1	5	12	409.32	290.96	59.66	9.63	100	combination
5	26	2	1	5	13	473.03	290.96	51.37	9.63	100	designated
4	26	2	1	6	0	70.866000	304.511630	335.177734	9.632735	-1	###LINE###
5	26	2	1	6	0	70.87	304.51	61.82	9.63	100	non-waivable
5	26	2	1	6	1	136.32	304.51	9.70	9.63	100	at
5	26	2	1	6	2	149.65	304.51	48.54	9.63	100	paragraph
5	26	2	1	6	3	201.84	304.51	13.94	9.63	100	6.5
5	26	2	1	6	4	219.41	304.51	9.73	9.63	100	or
5	26	2	1	6	5	232.77	304.51	11.51	9.63	100	an
5	26	2	1	6	6	247.93	304.51	39.45	9.63	100	absolute
5	26	2	1	6	7	291.01	304.51	52.76	9.63	100	prohibition
5	26	2	1	6	8	347.41	304.51	9.70	9.63	100	at
5	26	2	1	6	9	360.74	304.51	30.91	9.63	100	Annex
5	26	2	1	6	10	395.29	304.51	10.76	9.63	100	B.
3	26	2	2	0	0	70.321000	324.835630	454.087334	23.181735	-1	###FLOW###
4	26	2	2	0	0	70.321000	324.835630	454.087334	9.632735	-1	###LINE###
5	26	2	2	0	0	70.32	324.84	19.16	9.63	100	11.5
5	26	2	2	0	1	93.13	324.84	51.41	9.63	100	Exceptions
5	26	2	2	0	2	148.16	324.84	14.40	9.63	100	are
5	26	2	2	0	3	166.21	324.84	40.18	9.63	100	recorded
5	26	2	2	0	4	210.03	324.84	8.98	9.63	100	in
5	26	2	2	0	5	222.66	324.84	14.97	9.63	100	the
5	26	2	2	0	6	241.26	324.84	25.66	9.63	100	Rules
5	26	2	2	0	7	270.56	324.84	8.68	9.63	100	of
5	26	2	2	0	8	282.88	324.84	57.93	9.63	100	Engagement
5	26	2	2	0	9	344.44	324.84	12.90	9.63	100	for
5	26	2	2	0	10	360.99	324.84	14.97	9.63	100	the
5	26	2	2	0	11	379.60	324.84	55.39	9.63	100	engagement
5	26	2	2	0	12	438.63	324.84	46.73	9.63	100	concerned
5	26	2	2	0	13	489.00	324.84	17.36	9.63	100	and
5	26	2	2	0	14	510.01	324.84	14.40	9.63	100	are
4	26	2	2	1	0	70.866000	338.384630	412.913799	9.632735	-1	###LINE###
5	26	2	2	1	0	70.87	338.38	45.15	9.63	100	examined
5	26	2	2	1	1	119.65	338.38	9.70	9.63	100	at
5	26	2	2	1	2	132.99	338.38	15.15	9.63	100	the
5	26	2	2	1	3	151.78	338.38	31.81	9.63	100	annual
5	26	2	2	1	4	187.23	338.38	33.66	9.63	100	review.
5	26	2	2	1	5	225.75	338.38	42.42	9.63	100	Standing
5	26	2	2	1	6	271.80	338.38	9.73	9.63	100	or
5	26	2	2	1	7	285.17	338.38	54.24	9.63	100	open-ended
5	26	2	2	1	8	343.05	338.38	49.46	9.63	100	exceptions
5	26	2	2	1	9	396.14	338.38	14.58	9.63	100	are
5	26	2	2	1	10	414.36	338.38	15.76	9.63	100	not
5	26	2	2	1	11	433.75	338.38	50.03	9.63	100	permitted.
3	26	3	0	0	0	70.866000	366.935643	60.085640	10.496666	-1	###FLOW###
4	26	3	0	0	0	70.866000	366.935643	60.085640	10.496666	-1	###LINE###
5	26	3	0	0	0	70.87	366.94	60.09	10.50	100	Escalation
3	26	3	1	0	0	70.321000	388.191630	176.574693	9.632735	-1	###FLOW###
4	26	3	1	0	0	70.321000	388.191630	176.574693	9.632735	-1	###LINE###
5	26	3	1	0	0	70.32	388.19	19.39	9.63	100	11.6
5	26	3	1	0	1	93.35	388.19	41.18	9.63	100	Disputes
5	26	3	1	0	2	138.17	388.19	14.58	9.63	100	are
5	26	3	1	0	3	156.38	388.19	38.27	9.63	100	resolved
5	26	3	1	0	4	198.29	388.19	9.76	9.63	100	as
5	26	3	1	0	5	211.69	388.19	35.21	9.63	100	follows.
3	26	3	2	0	0	70.866000	416.620630	33.062209	9.632735	-1	###FLOW###
4	26	3	2	0	0	70.866000	416.620630	33.062209	9.632735	-1	###LINE###
5	26	3	2	0	0	70.87	416.62	33.06	9.63	100	Matter
3	26	4	0	0	0	215.299000	416.620630	50.514588	9.632735	-1	###FLOW###
4	26	4	0	0	0	215.299000	416.620630	50.514588	9.632735	-1	###LINE###
5	26	4	0	0	0	215.30	416.62	50.51	9.63	100	Resolution
3	26	5	0	0	0	70.866000	436.997630	132.476510	94.992735	-1	###FLOW###
4	26	5	0	0	0	70.866000	436.997630	111.211729	9.632735	-1	###LINE###
5	26	5	0	0	0	70.87	437.00	39.84	9.63	100	Between
5	26	5	0	0	1	114.35	437.00	15.15	9.63	100	the
5	26	5	0	0	2	133.14	437.00	18.94	9.63	100	Red
5	26	5	0	0	3	155.71	437.00	26.37	9.63	100	Team
4	26	5	0	1	0	70.866000	450.546630	132.476510	9.632735	-1	###LINE###
5	26	5	0	1	0	70.87	450.55	22.72	9.63	100	Lead
5	26	5	0	1	1	97.03	450.55	17.22	9.63	100	and
5	26	5	0	1	2	117.69	450.55	14.85	9.63	100	the
5	26	5	0	1	3	135.98	450.55	36.00	9.63	100	Trusted
5	26	5	0	1	4	175.43	450.55	27.91	9.63	100	Agent
4	26	5	0	2	0	70.866000	465.451630	96.096080	9.632735	-1	###LINE###
5	26	5	0	2	0	70.87	465.45	38.21	9.63	100	Severity
5	26	5	0	2	1	112.72	465.45	8.79	9.63	100	of
5	26	5	0	2	2	125.14	465.45	5.45	9.63	100	a
5	26	5	0	2	3	134.23	465.45	32.74	9.63	100	finding
4	26	5	0	3	0	70.866000	480.355630	128.661925	9.632735	-1	###LINE###
5	26	5	0	3	0	70.87	480.36	60.15	9.63	100	Remediation
5	26	5	0	3	1	134.65	480.36	9.73	9.63	100	or
5	26	5	0	3	2	148.02	480.36	51.51	9.63	100	acceptance
4	26	5	0	4	0	70.866000	493.904630	29.784025	9.632735	-1	###LINE###
5	26	5	0	4	0	70.87	493.90	8.79	9.63	100	of
5	26	5	0	4	1	83.29	493.90	17.36	9.63	100	risk
4	26	5	0	5	0	70.866000	508.808630	123.338285	9.632735	-1	###LINE###
5	26	5	0	5	0	70.87	508.81	35.06	9.63	100	Refusal
5	26	5	0	5	1	109.56	508.81	11.51	9.63	100	on
5	26	5	0	5	2	124.72	508.81	24.85	9.63	100	legal,
5	26	5	0	5	3	153.20	508.81	27.63	9.63	100	safety
5	26	5	0	5	4	184.48	508.81	9.73	9.63	100	or
4	26	5	0	6	0	70.866000	522.357630	72.813879	9.632735	-1	###LINE###
5	26	5	0	6	0	70.87	522.36	31.52	9.63	100	ethical
5	26	5	0	6	1	106.02	522.36	37.66	9.63	100	grounds
3	26	6	0	0	0	215.299000	436.997630	100.362629	9.632735	-1	###FLOW###
4	26	6	0	0	0	215.299000	436.997630	100.362629	9.632735	-1	###LINE###
5	26	6	0	0	0	215.30	437.00	50.03	9.63	100	Approving
5	26	6	0	0	1	268.97	437.00	46.69	9.63	100	Authority
3	26	6	1	0	0	215.299000	465.451630	302.062281	24.536735	-1	###FLOW###
4	26	6	1	0	0	215.300302	465.451630	302.060979	9.632735	-1	###LINE###
5	26	6	1	0	0	215.30	465.45	44.43	9.63	100	Recorded
5	26	6	1	0	1	263.36	465.45	9.76	9.63	100	as
5	26	6	1	0	2	276.76	465.45	5.45	9.63	100	a
5	26	6	1	0	3	285.85	465.45	37.64	9.63	100	dispute,
5	26	6	1	0	4	327.11	465.45	21.21	9.63	100	with
5	26	6	1	0	5	351.97	465.45	22.11	9.63	100	both
5	26	6	1	0	6	377.72	465.45	42.24	9.63	100	positions
5	26	6	1	0	7	423.60	465.45	29.15	9.63	100	stated
5	26	6	1	0	8	456.38	465.45	9.09	9.63	100	in
5	26	6	1	0	9	469.12	465.45	15.15	9.63	100	the
5	26	6	1	0	10	487.90	465.45	29.46	9.63	100	report
4	26	6	1	1	0	215.299000	480.355630	248.307480	9.632735	-1	###LINE###
5	26	6	1	1	0	215.30	480.36	50.03	9.63	100	Approving
5	26	6	1	1	1	268.97	480.36	48.82	9.63	100	Authority,
5	26	6	1	1	2	321.42	480.36	9.09	9.63	100	in
5	26	6	1	1	3	334.14	480.36	37.00	9.63	100	writing,
5	26	6	1	1	4	374.79	480.36	21.21	9.63	100	with
5	26	6	1	1	5	399.63	480.36	5.45	9.63	100	a
5	26	6	1	1	6	408.72	480.36	30.64	9.63	100	review
5	26	6	1	1	7	443.00	480.36	20.61	9.63	100	date
3	26	6	2	0	0	215.299000	508.808630	300.095159	23.181735	-1	###FLOW###
4	26	6	2	0	0	215.299000	508.808630	300.095159	9.632735	-1	###LINE###
5	26	6	2	0	0	215.30	508.81	17.88	9.63	100	Not
5	26	6	2	0	1	236.81	508.81	34.00	9.63	100	subject
5	26	6	2	0	2	274.46	508.81	9.70	9.63	100	to
5	26	6	2	0	3	287.79	508.81	40.97	9.63	100	override.
5	26	6	2	0	4	333.61	508.81	45.67	9.63	100	Escalated
5	26	6	2	0	5	382.91	508.81	9.70	9.63	100	to
5	26	6	2	0	6	396.24	508.81	15.15	9.63	100	the
5	26	6	2	0	7	415.03	508.81	50.03	9.63	100	Approving
5	26	6	2	0	8	468.69	508.81	46.70	9.63	100	Authority
4	26	6	2	1	0	215.299000	522.357630	64.905872	9.632735	-1	###LINE###
5	26	6	2	1	0	215.30	522.36	17.57	9.63	100	and
5	26	6	2	1	1	236.51	522.36	43.70	9.63	100	recorded.
3	26	7	0	0	0	70.866000	561.591643	134.201902	10.496666	-1	###FLOW###
4	26	7	0	0	0	70.866000	561.591643	134.201902	10.496666	-1	###LINE###
5	26	7	0	0	0	70.87	561.59	73.48	10.50	100	Independent
5	26	7	0	0	1	148.83	561.59	56.24	10.50	100	assurance
3	26	7	1	0	0	70.321000	582.847630	455.604336	63.828735	-1	###FLOW###
4	26	7	1	0	0	70.321000	582.847630	455.604336	9.632735	-1	###LINE###
5	26	7	1	0	0	70.32	582.85	19.78	9.63	100	11.7
5	26	7	1	0	1	94.13	582.85	25.38	9.63	100	After
5	26	7	1	0	2	123.54	582.85	15.45	9.63	100	the
5	26	7	1	0	3	143.01	582.85	19.26	9.63	100	first
5	26	7	1	0	4	166.29	582.85	29.41	9.63	100	covert
5	26	7	1	0	5	199.72	582.85	16.70	9.63	100	live
5	26	7	1	0	6	220.45	582.85	60.28	9.63	100	engagement,
5	26	7	1	0	7	284.85	582.85	17.93	9.63	100	and
5	26	7	1	0	8	306.80	582.85	9.89	9.63	100	at
5	26	7	1	0	9	320.72	582.85	22.32	9.63	100	least
5	26	7	1	0	10	347.07	582.85	41.43	9.63	100	annually
5	26	7	1	0	11	392.51	582.85	25.35	9.63	100	while
5	26	7	1	0	12	421.89	582.85	20.40	9.63	100	that
5	26	7	1	0	13	446.31	582.85	32.55	9.63	100	service
5	26	7	1	0	14	482.89	582.85	7.48	9.63	100	is
5	26	7	1	0	15	494.39	582.85	31.54	9.63	100	active,
4	26	7	1	1	0	70.866000	596.396630	453.543563	9.632735	-1	###LINE###
5	26	7	1	1	0	70.87	596.40	5.56	9.63	100	a
5	26	7	1	1	1	80.90	596.40	41.11	9.63	100	qualified
5	26	7	1	1	2	126.50	596.40	31.92	9.63	100	person
5	26	7	1	1	3	162.90	596.40	34.68	9.63	100	outside
5	26	7	1	1	4	202.05	596.40	15.45	9.63	100	the
5	26	7	1	1	5	221.98	596.40	38.06	9.63	100	delivery
5	26	7	1	1	6	264.52	596.40	16.06	9.63	100	cell
5	26	7	1	1	7	285.07	596.40	22.32	9.63	100	shall
5	26	7	1	1	8	311.86	596.40	33.44	9.63	100	sample
5	26	7	1	1	9	349.79	596.40	16.69	9.63	100	one
5	26	7	1	1	10	370.95	596.40	49.46	9.63	100	completed
5	26	7	1	1	11	424.88	596.40	57.19	9.63	100	engagement
5	26	7	1	1	12	486.56	596.40	17.93	9.63	100	and
5	26	7	1	1	13	508.95	596.40	15.45	9.63	100	the
4	26	7	1	2	0	70.866000	609.945630	455.059099	9.632735	-1	###LINE###
5	26	7	1	2	0	70.87	609.95	55.08	9.63	100	programme
5	26	7	1	2	1	129.92	609.95	41.21	9.63	100	controls.
5	26	7	1	2	2	177.00	609.95	16.27	9.63	100	For
5	26	7	1	2	3	197.26	609.95	5.56	9.63	100	a
5	26	7	1	2	4	206.80	609.95	25.41	9.63	100	small
5	26	7	1	2	5	236.19	609.95	24.11	9.63	100	team
5	26	7	1	2	6	264.27	609.95	17.99	9.63	100	this
5	26	7	1	2	7	286.24	609.95	31.92	9.63	100	person
5	26	7	1	2	8	322.13	609.95	20.41	9.63	100	may
5	26	7	1	2	9	346.53	609.95	24.73	9.63	100	come
5	26	7	1	2	10	375.23	609.95	22.59	9.63	100	from
5	26	7	1	2	11	401.80	609.95	37.43	9.63	100	internal
5	26	7	1	2	12	443.22	609.95	28.44	9.63	100	audit,
5	26	7	1	2	13	475.71	609.95	25.35	9.63	100	legal,
5	26	7	1	2	14	505.12	609.95	20.80	9.63	100	risk,
4	26	7	1	3	0	70.866000	623.494630	453.545396	9.632735	-1	###LINE###
5	26	7	1	3	0	70.87	623.49	37.36	9.63	100	security
5	26	7	1	3	1	111.87	623.49	45.97	9.63	100	assurance
5	26	7	1	3	2	161.48	623.49	9.81	9.63	100	or
5	26	7	1	3	3	174.93	623.49	11.61	9.63	100	an
5	26	7	1	3	4	190.17	623.49	38.82	9.63	100	external
5	26	7	1	3	5	232.64	623.49	46.86	9.63	100	specialist,
5	26	7	1	3	6	283.14	623.49	41.57	9.63	100	provided
5	26	7	1	3	7	328.35	623.49	58.96	9.63	100	competence,
5	26	7	1	3	8	390.95	623.49	44.02	9.63	100	clearance
5	26	7	1	3	9	438.60	623.49	17.72	9.63	100	and
5	26	7	1	3	10	459.96	623.49	64.45	9.63	100	independence
4	26	7	1	4	0	70.866000	637.043630	61.908052	9.632735	-1	###LINE###
5	26	7	1	4	0	70.87	637.04	14.58	9.63	100	are
5	26	7	1	4	1	89.08	637.04	43.70	9.63	100	recorded.
3	26	7	2	0	0	70.321000	657.367630	455.603449	77.378735	-1	###FLOW###
4	26	7	2	0	0	70.321000	657.367630	454.091397	9.632735	-1	###LINE###
5	26	7	2	0	0	70.32	657.37	19.01	9.63	100	11.8
5	26	7	2	0	1	92.52	657.37	18.41	9.63	100	The
5	26	7	2	0	2	114.13	657.37	30.03	9.63	100	review
5	26	7	2	0	3	147.37	657.37	20.55	9.63	100	does
5	26	7	2	0	4	171.11	657.37	15.44	9.63	100	not
5	26	7	2	0	5	189.75	657.37	29.44	9.63	100	repeat
5	26	7	2	0	6	222.39	657.37	39.55	9.63	100	offensive
5	26	7	2	0	7	265.14	657.37	37.39	9.63	100	activity.
5	26	7	2	0	8	307.24	657.37	8.02	9.63	100	It
5	26	7	2	0	9	318.45	657.37	35.13	9.63	100	verifies,
5	26	7	2	0	10	356.86	657.37	9.50	9.63	100	at
5	26	7	2	0	11	369.57	657.37	47.20	9.63	100	minimum:
5	26	7	2	0	12	421.41	657.37	43.38	9.63	100	authority
5	26	7	2	0	13	467.99	657.37	17.22	9.63	100	and
5	26	7	2	0	14	488.42	657.37	35.99	9.63	100	positive
4	26	7	2	1	0	70.866000	670.916630	453.542451	9.632735	-1	###LINE###
5	26	7	2	1	0	70.87	670.92	29.42	9.63	100	scope;
5	26	7	2	1	1	104.96	670.92	17.96	9.63	100	role
5	26	7	2	1	2	127.24	670.92	53.26	9.63	100	separation;
5	26	7	2	1	3	185.19	670.92	40.24	9.63	100	provider
5	26	7	2	1	4	229.76	670.92	17.93	9.63	100	and
5	26	7	2	1	5	252.02	670.92	53.84	9.63	100	third-party
5	26	7	2	1	6	310.20	670.92	59.24	9.63	100	permissions;
5	26	7	2	1	7	374.12	670.92	20.40	9.63	100	gate
5	26	7	2	1	8	398.85	670.92	44.20	9.63	100	evidence;
5	26	7	2	1	9	447.72	670.92	76.69	9.63	100	threat-to-action
4	26	7	2	2	0	70.866000	684.466630	455.058449	9.632735	-1	###LINE###
5	26	7	2	2	0	70.87	684.47	56.32	9.63	100	traceability;
5	26	7	2	2	1	130.81	684.47	39.88	9.63	100	operator
5	26	7	2	2	2	174.33	684.47	17.37	9.63	100	and
5	26	7	2	2	3	195.34	684.47	39.82	9.63	100	evidence
5	26	7	2	2	4	238.79	684.47	36.65	9.63	100	records;
5	26	7	2	2	5	279.07	684.47	42.03	9.63	100	cessation
5	26	7	2	2	6	324.75	684.47	17.36	9.63	100	and
5	26	7	2	2	7	345.74	684.47	62.27	9.63	100	deconfliction;
5	26	7	2	2	8	411.66	684.47	35.61	9.63	100	cleanup
5	26	7	2	2	9	450.92	684.47	17.36	9.63	100	and
5	26	7	2	2	10	471.91	684.47	54.01	9.63	100	restoration;
4	26	7	2	3	0	70.866000	698.015630	453.945062	9.632735	-1	###LINE###
5	26	7	2	3	0	70.87	698.02	29.10	9.63	100	report
5	26	7	2	3	1	103.59	698.02	32.39	9.63	100	claims;
5	26	7	2	3	2	139.61	698.02	38.41	9.63	100	measure
5	26	7	2	3	3	181.64	698.02	35.63	9.63	100	quality;
5	26	7	2	3	4	220.89	698.02	32.33	9.63	100	finding
5	26	7	2	3	5	256.84	698.02	50.09	9.63	100	ownership;
5	26	7	2	3	6	310.56	698.02	17.16	9.63	100	risk
5	26	7	2	3	7	331.33	698.02	53.89	9.63	100	acceptance;
5	26	7	2	3	8	388.85	698.02	29.43	9.63	100	retest;
5	26	7	2	3	9	421.91	698.02	51.86	9.63	100	exceptions;
5	26	7	2	3	10	477.38	698.02	47.43	9.63	100	repository
4	26	7	2	4	0	70.866000	711.564630	453.949409	9.632735	-1	###LINE###
5	26	7	2	4	0	70.87	711.56	28.46	9.63	100	access
5	26	7	2	4	1	102.98	711.56	17.49	9.63	100	and
5	26	7	2	4	2	124.10	711.56	56.17	9.63	100	destruction.
5	26	7	2	4	3	185.15	711.56	34.64	9.63	100	Results
5	26	7	2	4	4	223.44	711.56	17.49	9.63	100	and
5	26	7	2	4	5	244.56	711.56	45.89	9.63	100	corrective
5	26	7	2	4	6	294.10	711.56	33.23	9.63	100	actions
5	26	7	2	4	7	330.96	711.56	14.50	9.63	100	are
5	26	7	2	4	8	349.11	711.56	40.17	9.63	100	reported
5	26	7	2	4	9	392.92	711.56	9.65	9.63	100	to
5	26	7	2	4	10	406.21	711.56	15.08	9.63	100	the
5	26	7	2	4	11	424.93	711.56	49.78	9.63	100	Approving
5	26	7	2	4	12	478.36	711.56	46.46	9.63	100	Authority
4	26	7	2	5	0	70.866000	725.113630	147.123395	9.632735	-1	###LINE###
5	26	7	2	5	0	70.87	725.11	17.57	9.63	100	and
5	26	7	2	5	1	92.07	725.11	34.89	9.63	100	tracked
5	26	7	2	5	2	130.59	725.11	9.70	9.63	100	to
5	26	7	2	5	3	143.92	725.11	34.59	9.63	100	verified
5	26	7	2	5	4	182.14	725.11	35.85	9.63	100	closure.
3	26	8	0	0	0	257.623000	793.912520	80.030500	8.015962	-1	###FLOW###
4	26	8	0	0	0	257.623000	793.912520	80.030500	8.015962	-1	###LINE###
5	26	8	0	0	0	257.62	793.91	80.03	8.02	100	UNCLASSIFIED
3	26	8	1	0	0	287.052000	808.605601	21.172571	7.037598	-1	###FLOW###
4	26	8	1	0	0	287.052000	808.605601	21.172571	7.037598	-1	###LINE###
5	26	8	1	0	0	287.05	808.61	21.17	7.04	100	26/29
1	27	0	0	0	0	287.052000	808.605601	595.276000	841.890000	-1	###PAGE###
3	27	0	0	0	0	257.623000	39.603520	80.030500	8.015962	-1	###FLOW###
4	27	0	0	0	0	257.623000	39.603520	80.030500	8.015962	-1	###LINE###
5	27	0	0	0	0	257.62	39.60	80.03	8.02	100	UNCLASSIFIED
3	27	1	0	0	0	70.866000	75.997199	74.884295	12.595964	-1	###FLOW###
4	27	1	0	0	0	70.866000	75.997199	74.884295	12.595964	-1	###LINE###
5	27	1	0	0	0	70.87	76.00	74.88	12.60	100	LEXICON
3	27	1	1	0	0	70.866000	102.383643	82.570980	10.496666	-1	###FLOW###
4	27	1	1	0	0	70.866000	102.383643	82.570980	10.496666	-1	###LINE###
5	27	1	1	0	0	70.87	102.38	82.57	10.50	100	Abbreviations
3	27	1	2	0	0	70.866000	129.623630	47.882222	9.632735	-1	###FLOW###
4	27	1	2	0	0	70.866000	129.623630	47.882222	9.632735	-1	###LINE###
5	27	1	2	0	0	70.87	129.62	47.88	9.63	100	ATT&CK
3	27	1	3	0	0	70.866000	158.076630	54.240045	158.674735	-1	###FLOW###
4	27	1	3	0	0	70.866000	158.076630	13.333102	9.632735	-1	###LINE###
5	27	1	3	0	0	70.87	158.08	13.33	9.63	100	C2
4	27	1	3	1	0	70.866000	172.980630	36.967667	9.632735	-1	###LINE###
5	27	1	3	1	0	70.87	172.98	36.97	9.63	100	CBEST
4	27	1	3	2	0	70.866000	187.884630	19.696380	9.632735	-1	###LINE###
5	27	1	3	2	0	70.87	187.88	19.70	9.63	100	CTI
4	27	1	3	3	0	70.866000	202.789630	33.030573	9.632735	-1	###LINE###
5	27	1	3	3	0	70.87	202.79	33.03	9.63	100	DORA
4	27	1	3	4	0	70.866000	217.693630	32.347663	9.632735	-1	###LINE###
5	27	1	3	4	0	70.87	217.69	32.35	9.63	100	GDPR
4	27	1	3	5	0	70.866000	232.597630	20.454563	9.632735	-1	###LINE###
5	27	1	3	5	0	70.87	232.60	20.45	9.63	100	LoA
4	27	1	3	6	0	70.866000	247.501630	29.998934	9.632735	-1	###LINE###
5	27	1	3	6	0	70.87	247.50	30.00	9.63	100	NCSC
4	27	1	3	7	0	70.866000	262.405630	26.059658	9.632735	-1	###LINE###
5	27	1	3	7	0	70.87	262.41	26.06	9.63	100	NIST
4	27	1	3	8	0	70.866000	277.309630	23.633474	9.632735	-1	###LINE###
5	27	1	3	8	0	70.87	277.31	23.63	9.63	100	ROE
4	27	1	3	9	0	70.866000	292.214630	40.755307	9.632735	-1	###LINE###
5	27	1	3	9	0	70.87	292.21	40.76	9.63	100	SITREP
4	27	1	3	10	0	70.866000	307.118630	54.240045	9.632735	-1	###LINE###
5	27	1	3	10	0	70.87	307.12	54.24	9.63	100	TIBER-EU
3	27	1	4	0	0	70.866000	335.571630	29.998934	39.440735	-1	###FLOW###
4	27	1	4	0	0	70.866000	335.571630	29.998934	9.632735	-1	###LINE###
5	27	1	4	0	0	70.87	335.57	30.00	9.63	100	TLPT
4	27	1	4	1	0	70.866000	350.475630	23.180747	9.632735	-1	###LINE###
5	27	1	4	1	0	70.87	350.48	23.18	9.63	100	TTP
4	27	1	4	2	0	70.866000	365.379630	23.938929	9.632735	-1	###LINE###
5	27	1	4	2	0	70.87	365.38	23.94	9.63	100	UTC
3	27	2	0	0	0	214.023000	129.623630	310.383293	245.388735	-1	###FLOW###
4	27	2	0	0	0	215.299000	129.623630	273.879501	9.632735	-1	###LINE###
5	27	2	0	0	0	215.30	129.62	54.06	9.63	100	Adversarial
5	27	2	0	0	1	273.00	129.62	36.72	9.63	100	Tactics,
5	27	2	0	0	2	313.36	129.62	52.47	9.63	100	Techniques
5	27	2	0	0	3	369.48	129.62	17.57	9.63	100	and
5	27	2	0	0	4	390.69	129.62	43.03	9.63	100	Common
5	27	2	0	0	5	437.36	129.62	51.82	9.63	100	Knowledge
4	27	2	0	1	0	214.023000	143.172630	45.757129	9.632735	-1	###LINE###
5	27	2	0	1	0	214.02	143.17	45.76	9.63	100	(MITRE)
4	27	2	0	2	0	215.304666	158.076630	106.998635	9.632735	-1	###LINE###
5	27	2	0	2	0	215.30	158.08	49.09	9.63	100	Command
5	27	2	0	2	1	268.03	158.08	17.57	9.63	100	and
5	27	2	0	2	2	289.23	158.08	33.07	9.63	100	control
4	27	2	0	3	0	215.299000	172.980630	285.064601	9.632735	-1	###LINE###
5	27	2	0	3	0	215.30	172.98	25.00	9.63	100	Bank
5	27	2	0	3	1	243.93	172.98	8.79	9.63	100	of
5	27	2	0	3	2	256.36	172.98	39.54	9.63	100	England
5	27	2	0	3	3	299.54	172.98	70.61	9.63	100	intelligence-led
5	27	2	0	3	4	373.79	172.98	37.06	9.63	100	security
5	27	2	0	3	5	414.48	172.98	32.18	9.63	100	testing
5	27	2	0	3	6	450.29	172.98	50.07	9.63	100	framework
4	27	2	0	4	0	215.297029	187.884630	118.552462	9.632735	-1	###LINE###
5	27	2	0	4	0	215.30	187.88	29.12	9.63	100	Cyber
5	27	2	0	4	1	248.05	187.88	29.12	9.63	100	threat
5	27	2	0	4	2	280.82	187.88	53.03	9.63	100	intelligence
4	27	2	0	5	0	215.299000	202.789630	302.822434	9.632735	-1	###LINE###
5	27	2	0	5	0	215.30	202.79	32.58	9.63	100	Digital
5	27	2	0	5	1	251.51	202.79	56.70	9.63	100	Operational
5	27	2	0	5	2	311.84	202.79	46.88	9.63	100	Resilience
5	27	2	0	5	3	362.37	202.79	20.00	9.63	100	Act,
5	27	2	0	5	4	386.00	202.79	51.67	9.63	100	Regulation
5	27	2	0	5	5	441.30	202.79	24.09	9.63	100	(EU)
5	27	2	0	5	6	469.03	202.79	49.09	9.63	100	2022/2554
4	27	2	0	6	0	215.304666	217.693630	306.339528	9.632735	-1	###LINE###
5	27	2	0	6	0	215.30	217.69	37.07	9.63	100	General
5	27	2	0	6	1	256.01	217.69	23.49	9.63	100	Data
5	27	2	0	6	2	283.13	217.69	49.88	9.63	100	Protection
5	27	2	0	6	3	336.64	217.69	54.70	9.63	100	Regulation,
5	27	2	0	6	4	394.99	217.69	51.67	9.63	100	Regulation
5	27	2	0	6	5	450.28	217.69	24.09	9.63	100	(EU)
5	27	2	0	6	6	478.01	217.69	43.64	9.63	100	2016/679
4	27	2	0	7	0	215.299000	232.597630	110.880092	9.632735	-1	###LINE###
5	27	2	0	7	0	215.30	232.60	29.27	9.63	100	Letter
5	27	2	0	7	1	248.21	232.60	8.79	9.63	100	of
5	27	2	0	7	2	260.64	232.60	65.54	9.63	100	Authorisation
4	27	2	0	8	0	215.301393	247.501630	234.941650	9.632735	-1	###LINE###
5	27	2	0	8	0	215.30	247.50	32.42	9.63	100	United
5	27	2	0	8	1	251.36	247.50	43.64	9.63	100	Kingdom
5	27	2	0	8	2	298.64	247.50	40.91	9.63	100	National
5	27	2	0	8	3	343.18	247.50	29.12	9.63	100	Cyber
5	27	2	0	8	4	375.94	247.50	38.82	9.63	100	Security
5	27	2	0	8	5	418.39	247.50	31.86	9.63	100	Centre
4	27	2	0	9	0	215.299000	262.405630	296.882429	9.632735	-1	###LINE###
5	27	2	0	9	0	215.30	262.41	32.42	9.63	100	United
5	27	2	0	9	1	251.36	262.41	29.15	9.63	100	States
5	27	2	0	9	2	284.15	262.41	40.91	9.63	100	National
5	27	2	0	9	3	328.69	262.41	40.97	9.63	100	Institute
5	27	2	0	9	4	373.29	262.41	8.79	9.63	100	of
5	27	2	0	9	5	385.73	262.41	47.97	9.63	100	Standards
5	27	2	0	9	6	437.33	262.41	17.57	9.63	100	and
5	27	2	0	9	7	458.54	262.41	53.64	9.63	100	Technology
4	27	2	0	10	0	215.295939	277.309630	100.674629	9.632735	-1	###LINE###
5	27	2	0	10	0	215.30	277.31	25.97	9.63	100	Rules
5	27	2	0	10	1	244.91	277.31	8.79	9.63	100	of
5	27	2	0	10	2	257.33	277.31	58.64	9.63	100	Engagement
4	27	2	0	11	0	215.299000	292.214630	76.725882	9.632735	-1	###LINE###
5	27	2	0	11	0	215.30	292.21	43.64	9.63	100	Situation
5	27	2	0	11	1	262.57	292.21	29.46	9.63	100	report
4	27	2	0	12	0	215.299000	307.118630	309.107293	9.632735	-1	###LINE###
5	27	2	0	12	0	215.30	307.12	32.14	9.63	100	Threat
5	27	2	0	12	1	251.06	307.12	82.69	9.63	100	Intelligence-based
5	27	2	0	12	2	337.38	307.12	33.44	9.63	100	Ethical
5	27	2	0	12	3	374.44	307.12	18.58	9.63	100	Red
5	27	2	0	12	4	396.65	307.12	40.11	9.63	100	Teaming
5	27	2	0	12	5	440.39	307.12	49.10	9.63	100	framework
5	27	2	0	12	6	493.11	307.12	12.81	9.63	100	for
5	27	2	0	12	7	509.54	307.12	14.86	9.63	100	the
4	27	2	0	13	0	215.299000	320.667630	78.360065	9.632735	-1	###LINE###
5	27	2	0	13	0	215.30	320.67	45.94	9.63	100	European
5	27	2	0	13	1	264.87	320.67	28.79	9.63	100	Union
4	27	2	0	14	0	215.299000	335.571630	144.662302	9.632735	-1	###LINE###
5	27	2	0	14	0	215.30	335.57	50.33	9.63	100	Threat-led
5	27	2	0	14	1	269.27	335.57	54.88	9.63	100	penetration
5	27	2	0	14	2	327.78	335.57	32.18	9.63	100	testing
4	27	2	0	15	0	215.301393	350.475630	166.296139	9.632735	-1	###LINE###
5	27	2	0	15	0	215.30	350.48	36.72	9.63	100	Tactics,
5	27	2	0	15	1	255.67	350.48	49.76	9.63	100	techniques
5	27	2	0	15	2	309.05	350.48	17.57	9.63	100	and
5	27	2	0	15	3	330.27	350.48	51.33	9.63	100	procedures
4	27	2	0	16	0	215.299000	365.379630	135.882659	9.632735	-1	###LINE###
5	27	2	0	16	0	215.30	365.38	59.12	9.63	100	Coordinated
5	27	2	0	16	1	278.05	365.38	44.63	9.63	100	Universal
5	27	2	0	16	2	326.33	365.38	24.85	9.63	100	Time
3	27	3	0	0	0	70.866000	404.613643	127.577526	10.496666	-1	###FLOW###
4	27	3	0	0	0	70.866000	404.613643	127.577526	10.496666	-1	###LINE###
5	27	3	0	0	0	70.87	404.61	36.37	10.50	100	Terms
5	27	3	0	0	1	111.72	404.61	21.48	10.50	100	and
5	27	3	0	0	2	137.69	404.61	60.76	10.50	100	definitions
3	27	3	1	0	0	70.866000	425.760539	453.947484	36.839826	-1	###FLOW###
4	27	3	1	0	0	70.866000	425.760539	453.947484	9.741826	-1	###LINE###
5	27	3	1	0	0	70.87	425.76	42.13	9.74	100	activity
5	27	3	1	0	1	117.82	425.76	39.15	9.74	100	record.
5	27	3	1	0	2	163.47	425.87	19.16	9.63	100	The
5	27	3	1	0	3	186.83	425.87	63.12	9.63	100	consolidated,
5	27	3	1	0	4	254.27	425.87	61.87	9.63	100	time-ordered
5	27	3	1	0	5	320.34	425.87	37.41	9.63	100	account
5	27	3	1	0	6	361.93	425.87	8.96	9.63	100	of
5	27	3	1	0	7	375.09	425.87	15.47	9.63	100	red
5	27	3	1	0	8	394.76	425.87	24.11	9.63	100	team
5	27	3	1	0	9	423.05	425.87	36.79	9.63	100	activity
5	27	3	1	0	10	464.03	425.87	44.85	9.63	100	produced
5	27	3	1	0	11	513.06	425.87	11.75	9.63	100	by
4	27	3	1	1	0	70.866000	439.418630	453.545091	9.632735	-1	###LINE###
5	27	3	1	1	0	70.87	439.42	49.92	9.63	100	reconciling
5	27	3	1	1	1	124.03	439.42	42.53	9.63	100	operator,
5	27	3	1	1	2	169.87	439.42	66.97	9.63	100	infrastructure,
5	27	3	1	1	3	240.15	439.42	31.67	9.63	100	session
5	27	3	1	1	4	275.05	439.42	17.22	9.63	100	and
5	27	3	1	1	5	295.51	439.42	18.13	9.63	100	tool
5	27	3	1	1	6	316.87	439.42	36.35	9.63	100	records.
5	27	3	1	1	7	357.93	439.42	8.02	9.63	100	It
5	27	3	1	1	8	369.19	439.42	37.48	9.63	100	includes
5	27	3	1	1	9	409.91	439.42	32.16	9.63	100	source,
5	27	3	1	1	10	445.38	439.42	27.95	9.63	100	target
5	27	3	1	1	11	476.57	439.42	17.22	9.63	100	and
5	27	3	1	1	12	497.03	439.42	27.38	9.63	100	stable
4	27	3	1	2	0	70.866000	452.967630	243.329657	9.632735	-1	###LINE###
5	27	3	1	2	0	70.87	452.97	29.09	9.63	100	action
5	27	3	1	2	1	103.59	452.97	46.46	9.63	100	identifiers
5	27	3	1	2	2	153.69	452.97	17.57	9.63	100	and
5	27	3	1	2	3	174.89	452.97	7.33	9.63	100	is
5	27	3	1	2	4	185.87	452.97	51.97	9.63	100	transferred
5	27	3	1	2	5	241.47	452.97	9.70	9.63	100	at
5	27	3	1	2	6	254.80	452.97	59.39	9.63	100	culmination.
3	27	3	2	0	0	70.866000	473.182539	455.055761	23.290826	-1	###FLOW###
4	27	3	2	0	0	70.866000	473.182539	455.055761	9.741826	-1	###LINE###
5	27	3	2	0	0	70.87	473.18	54.17	9.74	100	adversary
5	27	3	2	0	1	129.84	473.18	58.66	9.74	100	emulation.
5	27	3	2	0	2	194.98	473.29	55.17	9.63	100	Replication
5	27	3	2	0	3	254.33	473.29	8.96	9.63	100	of
5	27	3	2	0	4	267.48	473.29	15.45	9.63	100	the
5	27	3	2	0	5	287.12	473.29	58.73	9.63	100	documented
5	27	3	2	0	6	350.03	473.29	50.76	9.63	100	techniques
5	27	3	2	0	7	404.97	473.29	8.96	9.63	100	of
5	27	3	2	0	8	418.12	473.29	5.56	9.63	100	a
5	27	3	2	0	9	427.87	473.29	32.14	9.63	100	named
5	27	3	2	0	10	464.19	473.29	29.70	9.63	100	threat
5	27	3	2	0	11	498.07	473.29	27.85	9.63	100	actor,
4	27	3	2	1	0	70.866000	486.840630	289.491514	9.632735	-1	###LINE###
5	27	3	2	1	0	70.87	486.84	47.64	9.63	100	sequenced
5	27	3	2	1	1	122.14	486.84	55.89	9.63	100	consistently
5	27	3	2	1	2	181.66	486.84	21.21	9.63	100	with
5	27	3	2	1	3	206.50	486.84	20.00	9.63	100	that
5	27	3	2	1	4	230.14	486.84	31.61	9.63	100	actor’s
5	27	3	2	1	5	265.38	486.84	41.30	9.63	100	observed
5	27	3	2	1	6	310.33	486.84	50.03	9.63	100	behaviour.
3	27	3	3	0	0	70.866000	507.055539	453.547347	23.290826	-1	###FLOW###
4	27	3	3	0	0	70.866000	507.055539	453.547347	9.741826	-1	###LINE###
5	27	3	3	0	0	70.87	507.06	57.17	9.74	100	Approving
5	27	3	3	0	1	132.19	507.06	55.78	9.74	100	Authority.
5	27	3	3	0	2	192.81	507.16	18.56	9.63	100	The
5	27	3	3	0	3	215.01	507.16	59.58	9.63	100	appointment
5	27	3	3	0	4	278.20	507.16	44.31	9.63	100	accepting
5	27	3	3	0	5	326.14	507.16	14.97	9.63	100	the
5	27	3	3	0	6	344.74	507.16	17.16	9.63	100	risk
5	27	3	3	0	7	365.51	507.16	8.68	9.63	100	of
5	27	3	3	0	8	377.82	507.16	11.38	9.63	100	an
5	27	3	3	0	9	392.83	507.16	55.38	9.63	100	engagement
5	27	3	3	0	10	451.83	507.16	17.36	9.63	100	and
5	27	3	3	0	11	472.82	507.16	32.99	9.63	100	signing
5	27	3	3	0	12	509.44	507.16	14.97	9.63	100	the
4	27	3	3	1	0	70.866000	520.713630	113.910640	9.632735	-1	###LINE###
5	27	3	3	1	0	70.87	520.71	29.27	9.63	100	Letter
5	27	3	3	1	1	103.77	520.71	8.79	9.63	100	of
5	27	3	3	1	2	116.20	520.71	68.57	9.63	100	Authorisation.
3	27	3	4	0	0	70.866000	540.928539	455.063976	36.839826	-1	###FLOW###
4	27	3	4	0	0	70.866000	540.928539	455.063976	9.741826	-1	###LINE###
5	27	3	4	0	0	70.87	540.93	58.81	9.74	100	assessment
5	27	3	4	0	1	133.86	540.93	52.15	9.74	100	objective.
5	27	3	4	0	2	190.86	541.04	19.22	9.63	100	One
5	27	3	4	0	3	213.71	541.04	9.64	9.63	100	or
5	27	3	4	0	4	226.99	541.04	23.45	9.63	100	more
5	27	3	4	0	5	254.09	541.04	8.71	9.63	100	of
5	27	3	4	0	6	266.43	541.04	15.02	9.63	100	the
5	27	3	4	0	7	285.08	541.04	18.95	9.63	100	four
5	27	3	4	0	8	307.67	541.04	42.40	9.63	100	defensive
5	27	3	4	0	9	353.71	541.04	43.90	9.63	100	outcomes
5	27	3	4	0	10	401.25	541.04	9.61	9.63	100	at
5	27	3	4	0	11	414.50	541.04	48.11	9.63	100	paragraph
5	27	3	4	0	12	466.24	541.04	16.82	9.63	100	3.3:
5	27	3	4	0	13	487.91	541.04	38.02	9.63	100	Protect,
4	27	3	4	1	0	70.866000	554.586630	453.841460	9.632735	-1	###LINE###
5	27	3	4	1	0	70.87	554.59	34.12	9.63	100	Detect,
5	27	3	4	1	1	108.61	554.59	40.79	9.63	100	Respond
5	27	3	4	1	2	153.03	554.59	17.43	9.63	100	and
5	27	3	4	1	3	174.09	554.59	38.72	9.63	100	Restore.
5	27	3	4	1	4	217.66	554.59	8.12	9.63	100	It
5	27	3	4	1	5	229.40	554.59	27.17	9.63	100	states
5	27	3	4	1	6	260.20	554.59	23.45	9.63	100	what
5	27	3	4	1	7	287.27	554.59	15.03	9.63	100	the
5	27	3	4	1	8	305.93	554.59	55.60	9.63	100	engagement
5	27	3	4	1	9	365.15	554.59	7.27	9.63	100	is
5	27	3	4	1	10	376.05	554.59	40.58	9.63	100	intended
5	27	3	4	1	11	420.26	554.59	9.62	9.63	100	to
5	27	3	4	1	12	433.50	554.59	30.31	9.63	100	assess;
5	27	3	4	1	13	467.44	554.59	7.21	9.63	100	it
5	27	3	4	1	14	478.28	554.59	7.27	9.63	100	is
5	27	3	4	1	15	489.18	554.59	35.53	9.63	100	distinct
4	27	3	4	2	0	70.866000	568.135630	359.578118	9.632735	-1	###LINE###
5	27	3	4	2	0	70.87	568.14	22.15	9.63	100	from
5	27	3	4	2	1	96.65	568.14	15.15	9.63	100	the
5	27	3	4	2	2	115.44	568.14	56.06	9.63	100	engagement
5	27	3	4	2	3	175.14	568.14	42.43	9.63	100	objective
5	27	3	4	2	4	221.19	568.14	20.00	9.63	100	that
5	27	3	4	2	5	244.84	568.14	27.39	9.63	100	states
5	27	3	4	2	6	275.86	568.14	15.15	9.63	100	the
5	27	3	4	2	7	294.66	568.14	16.97	9.63	100	end
5	27	3	4	2	8	315.26	568.14	44.24	9.63	100	condition
5	27	3	4	2	9	363.14	568.14	9.70	9.63	100	to
5	27	3	4	2	10	376.48	568.14	11.20	9.63	100	be
5	27	3	4	2	11	391.32	568.14	39.12	9.63	100	reached.
3	27	3	5	0	0	70.866000	588.350539	455.457107	23.290826	-1	###FLOW###
4	27	3	5	0	0	70.866000	588.350539	453.841530	9.741826	-1	###LINE###
5	27	3	5	0	0	70.87	588.35	46.69	9.74	100	assumed
5	27	3	5	0	1	121.74	588.35	40.15	9.74	100	breach.
5	27	3	5	0	2	166.76	588.46	8.28	9.63	100	A
5	27	3	5	0	3	178.69	588.46	37.51	9.63	100	starting
5	27	3	5	0	4	219.84	588.46	35.97	9.63	100	posture
5	27	3	5	0	5	259.44	588.46	9.20	9.63	100	in
5	27	3	5	0	6	272.30	588.46	27.90	9.63	100	which
5	27	3	5	0	7	303.84	588.46	28.21	9.63	100	initial
5	27	3	5	0	8	335.70	588.46	28.95	9.63	100	access
5	27	3	5	0	9	368.29	588.46	7.42	9.63	100	is
5	27	3	5	0	10	379.36	588.46	36.52	9.63	100	granted
5	27	3	5	0	11	419.53	588.46	11.65	9.63	100	by
5	27	3	5	0	12	434.83	588.46	52.48	9.63	100	agreement,
5	27	3	5	0	13	490.95	588.46	9.87	9.63	100	so
5	27	3	5	0	14	504.47	588.46	20.24	9.63	100	that
4	27	3	5	1	0	70.866000	602.008630	455.457107	9.632735	-1	###LINE###
5	27	3	5	1	0	70.87	602.01	15.15	9.63	100	the
5	27	3	5	1	1	89.65	602.01	56.07	9.63	100	engagement
5	27	3	5	1	2	149.35	602.01	36.67	9.63	100	assesses
5	27	3	5	1	3	189.65	602.01	29.46	9.63	100	events
5	27	3	5	1	4	222.74	602.01	42.42	9.63	100	following
5	27	3	5	1	5	268.81	602.01	56.45	9.63	100	compromise
5	27	3	5	1	6	328.90	602.01	29.15	9.63	100	rather
5	27	3	5	1	7	361.68	602.01	21.82	9.63	100	than
5	27	3	5	1	8	387.14	602.01	15.15	9.63	100	the
5	27	3	5	1	9	405.93	602.01	44.85	9.63	100	obtaining
5	27	3	5	1	10	454.41	602.01	8.79	9.63	100	of
5	27	3	5	1	11	466.84	602.01	59.49	9.63	100	compromise.
3	27	3	6	0	0	70.866000	622.223539	453.950298	23.290826	-1	###FLOW###
4	27	3	6	0	0	70.866000	622.223539	453.950298	9.741826	-1	###LINE###
5	27	3	6	0	0	70.87	622.22	33.46	9.74	100	attack
5	27	3	6	0	1	108.51	622.22	28.12	9.74	100	path.
5	27	3	6	0	2	141.48	622.33	14.10	9.63	100	An
5	27	3	6	0	3	159.21	622.33	35.45	9.63	100	ordered
5	27	3	6	0	4	198.30	622.33	9.63	9.63	100	or
5	27	3	6	0	5	211.57	622.33	46.53	9.63	100	branching
5	27	3	6	0	6	261.73	622.33	41.16	9.63	100	sequence
5	27	3	6	0	7	306.53	622.33	8.70	9.63	100	of
5	27	3	6	0	8	318.87	622.33	49.29	9.63	100	authorised
5	27	3	6	0	9	371.80	622.33	33.06	9.63	100	actions
5	27	3	6	0	10	408.49	622.33	11.40	9.63	100	by
5	27	3	6	0	11	423.52	622.33	27.30	9.63	100	which
5	27	3	6	0	12	454.46	622.33	5.40	9.63	100	a
5	27	3	6	0	13	463.49	622.33	37.89	9.63	100	scenario
5	27	3	6	0	14	505.02	622.33	19.80	9.63	100	may
4	27	3	6	1	0	70.866000	635.881630	237.422380	9.632735	-1	###LINE###
5	27	3	6	1	0	70.87	635.88	38.97	9.63	100	progress
5	27	3	6	1	1	113.47	635.88	22.15	9.63	100	from
5	27	3	6	1	2	139.26	635.88	11.58	9.63	100	its
5	27	3	6	1	3	154.47	635.88	37.06	9.63	100	starting
5	27	3	6	1	4	195.16	635.88	35.55	9.63	100	posture
5	27	3	6	1	5	234.36	635.88	9.70	9.63	100	to
5	27	3	6	1	6	247.69	635.88	11.51	9.63	100	an
5	27	3	6	1	7	262.83	635.88	45.46	9.63	100	objective.
3	27	3	7	0	0	70.866000	656.096539	455.058822	36.839826	-1	###FLOW###
4	27	3	7	0	0	70.866000	656.096539	453.539757	9.741826	-1	###LINE###
5	27	3	7	0	0	70.87	656.10	58.14	9.74	100	authorised
5	27	3	7	0	1	133.20	656.10	33.41	9.74	100	target
5	27	3	7	0	2	170.79	656.10	33.19	9.74	100	space.
5	27	3	7	0	3	208.84	656.21	18.99	9.63	100	The
5	27	3	7	0	4	231.46	656.21	40.33	9.63	100	systems,
5	27	3	7	0	5	275.43	656.21	45.75	9.63	100	networks,
5	27	3	7	0	6	324.81	656.21	46.93	9.63	100	identities,
5	27	3	7	0	7	375.39	656.21	45.74	9.63	100	personnel
5	27	3	7	0	8	424.77	656.21	31.95	9.63	100	groups
5	27	3	7	0	9	460.36	656.21	17.77	9.63	100	and
5	27	3	7	0	10	481.77	656.21	42.64	9.63	100	locations
4	27	3	7	1	0	70.866000	669.754630	455.058822	9.632735	-1	###LINE###
5	27	3	7	1	0	70.87	669.75	33.39	9.63	100	against
5	27	3	7	1	1	107.87	669.75	27.08	9.63	100	which
5	27	3	7	1	2	138.57	669.75	35.41	9.63	100	activity
5	27	3	7	1	3	177.60	669.75	7.20	9.63	100	is
5	27	3	7	1	4	188.44	669.75	49.13	9.63	100	permitted,
5	27	3	7	1	5	241.19	669.75	33.33	9.63	100	defined
5	27	3	7	1	6	278.15	669.75	8.93	9.63	100	in
5	27	3	7	1	7	290.70	669.75	14.88	9.63	100	the
5	27	3	7	1	8	309.20	669.75	25.50	9.63	100	Rules
5	27	3	7	1	9	338.32	669.75	8.63	9.63	100	of
5	27	3	7	1	10	350.58	669.75	60.54	9.63	100	Engagement.
5	27	3	7	1	11	415.96	669.75	43.74	9.63	100	Anything
5	27	3	7	1	12	463.33	669.75	15.47	9.63	100	not
5	27	3	7	1	13	482.43	669.75	29.76	9.63	100	within
5	27	3	7	1	14	515.81	669.75	10.12	9.63	100	it,
4	27	3	7	2	0	70.866000	683.303630	240.336200	9.632735	-1	###LINE###
5	27	3	7	2	0	70.87	683.30	17.57	9.63	100	and
5	27	3	7	2	1	92.07	683.30	41.83	9.63	100	anything
5	27	3	7	2	2	137.53	683.30	8.79	9.63	100	of
5	27	3	7	2	3	149.95	683.30	44.88	9.63	100	uncertain
5	27	3	7	2	4	198.47	683.30	31.64	9.63	100	status,
5	27	3	7	2	5	233.74	683.30	7.33	9.63	100	is
5	27	3	7	2	6	244.72	683.30	34.00	9.63	100	outside
5	27	3	7	2	7	282.35	683.30	28.85	9.63	100	scope.
3	27	3	8	0	0	70.866000	703.518539	453.841855	23.290826	-1	###FLOW###
4	27	3	8	0	0	70.866000	703.518539	453.841855	9.741826	-1	###LINE###
5	27	3	8	0	0	70.87	703.52	52.36	9.74	100	capability
5	27	3	8	0	1	127.39	703.52	27.71	9.74	100	level.
5	27	3	8	0	2	159.95	703.63	18.45	9.63	100	The
5	27	3	8	0	3	182.02	703.63	20.83	9.63	100	level
5	27	3	8	0	4	206.47	703.63	8.63	9.63	100	of
5	27	3	8	0	5	218.73	703.63	45.04	9.63	100	adversary
5	27	3	8	0	6	267.40	703.63	45.82	9.63	100	capability
5	27	3	8	0	7	316.85	703.63	42.55	9.63	100	emulated
5	27	3	8	0	8	363.02	703.63	26.81	9.63	100	under
5	27	3	8	0	9	393.46	703.63	30.35	9.63	100	Annex
5	27	3	8	0	10	427.44	703.63	10.56	9.63	100	B,
5	27	3	8	0	11	441.63	703.63	47.67	9.63	100	paragraph
5	27	3	8	0	12	492.92	703.63	18.90	9.63	100	B.7.
5	27	3	8	0	13	516.67	703.63	8.03	9.63	100	It
4	27	3	8	1	0	70.866000	717.176630	372.362492	9.632735	-1	###LINE###
5	27	3	8	1	0	70.87	717.18	42.88	9.63	100	describes
5	27	3	8	1	1	117.38	717.18	15.15	9.63	100	the
5	27	3	8	1	2	136.16	717.18	45.89	9.63	100	adversary
5	27	3	8	1	3	185.69	717.18	57.39	9.63	100	represented,
5	27	3	8	1	4	246.71	717.18	15.76	9.63	100	not
5	27	3	8	1	5	266.11	717.18	15.15	9.63	100	the
5	27	3	8	1	6	284.90	717.18	41.85	9.63	100	maturity
5	27	3	8	1	7	330.39	717.18	9.73	9.63	100	or
5	27	3	8	1	8	343.75	717.18	19.15	9.63	100	skill
5	27	3	8	1	9	366.53	717.18	8.79	9.63	100	of
5	27	3	8	1	10	378.96	717.18	15.15	9.63	100	the
5	27	3	8	1	11	397.75	717.18	15.18	9.63	100	red
5	27	3	8	1	12	416.56	717.18	26.67	9.63	100	team.
3	27	3	9	0	0	70.866000	737.391539	455.056874	36.840826	-1	###FLOW###
4	27	3	9	0	0	70.866000	737.391539	455.056874	9.741826	-1	###LINE###
5	27	3	9	0	0	70.87	737.39	42.31	9.74	100	cleanup
5	27	3	9	0	1	118.19	737.39	45.80	9.74	100	register.
5	27	3	9	0	2	171.03	737.50	19.16	9.63	100	The
5	27	3	9	0	3	194.55	737.50	47.95	9.63	100	controlled
5	27	3	9	0	4	246.86	737.50	30.35	9.63	100	record
5	27	3	9	0	5	281.59	737.50	8.96	9.63	100	of
5	27	3	9	0	6	294.91	737.50	25.70	9.63	100	every
5	27	3	9	0	7	324.97	737.50	33.20	9.63	100	system
5	27	3	9	0	8	362.53	737.50	63.35	9.63	100	modification,
5	27	3	9	0	9	430.44	737.50	40.52	9.63	100	artefact,
5	27	3	9	0	10	475.51	737.50	50.41	9.63	100	credential,
4	27	3	9	1	0	70.866000	751.049630	453.833248	9.632735	-1	###LINE###
5	27	3	9	1	0	70.87	751.05	35.44	9.63	100	channel
5	27	3	9	1	1	109.94	751.05	17.28	9.63	100	and
5	27	3	9	1	2	130.85	751.05	122.87	9.63	100	engagement-infrastructure
5	27	3	9	1	3	257.34	751.05	20.85	9.63	100	item
5	27	3	9	1	4	281.82	751.05	42.06	9.63	100	requiring
5	27	3	9	1	5	327.52	751.05	39.33	9.63	100	removal,
5	27	3	9	1	6	370.49	751.05	36.16	9.63	100	transfer
5	27	3	9	1	7	410.27	751.05	9.56	9.63	100	or
5	27	3	9	1	8	423.46	751.05	33.99	9.63	100	verified
5	27	3	9	1	9	461.08	751.05	50.46	9.63	100	disposition
5	27	3	9	1	10	515.17	751.05	9.53	9.63	100	at
4	27	3	9	2	0	70.866000	764.599630	173.969600	9.632735	-1	###LINE###
5	27	3	9	2	0	70.87	764.60	59.39	9.63	100	culmination.
5	27	3	9	2	1	135.10	764.60	17.15	9.63	100	Pro
5	27	3	9	2	2	155.90	764.60	27.61	9.63	100	forma
5	27	3	9	2	3	187.14	764.60	18.79	9.63	100	T12
5	27	3	9	2	4	209.56	764.60	7.33	9.63	100	is
5	27	3	9	2	5	220.53	764.60	24.30	9.63	100	used.
3	27	3	10	0	0	257.623000	793.912520	80.030500	8.015962	-1	###FLOW###
4	27	3	10	0	0	257.623000	793.912520	80.030500	8.015962	-1	###LINE###
5	27	3	10	0	0	257.62	793.91	80.03	8.02	100	UNCLASSIFIED
3	27	3	11	0	0	287.052000	808.605601	21.172571	7.037598	-1	###FLOW###
4	27	3	11	0	0	287.052000	808.605601	21.172571	7.037598	-1	###LINE###
5	27	3	11	0	0	287.05	808.61	21.17	7.04	100	27/29
1	28	0	0	0	0	287.052000	808.605601	595.276000	841.890000	-1	###PAGE###
3	28	0	0	0	0	257.623000	39.603520	80.030500	8.015962	-1	###FLOW###
4	28	0	0	0	0	257.623000	39.603520	80.030500	8.015962	-1	###LINE###
5	28	0	0	0	0	257.62	39.60	80.03	8.02	100	UNCLASSIFIED
3	28	1	0	0	0	70.473000	78.184539	455.456668	36.840826	-1	###FLOW###
4	28	1	0	0	0	70.866000	78.184539	455.063668	9.741826	-1	###LINE###
5	28	1	0	0	0	70.87	78.18	42.35	9.74	100	Control
5	28	1	0	0	1	117.40	78.18	33.96	9.74	100	Team.
5	28	1	0	0	2	156.22	78.29	19.05	9.63	100	The
5	28	1	0	0	3	178.91	78.29	25.26	9.63	100	small
5	28	1	0	0	4	207.81	78.29	27.68	9.63	100	group
5	28	1	0	0	5	239.15	78.29	30.73	9.63	100	within
5	28	1	0	0	6	273.51	78.29	15.36	9.63	100	the
5	28	1	0	0	7	292.52	78.29	38.97	9.63	100	assessed
5	28	1	0	0	8	335.13	78.29	62.16	9.63	100	organisation,
5	28	1	0	0	9	400.93	78.29	14.13	9.63	100	led
5	28	1	0	0	10	418.71	78.29	11.67	9.63	100	by
5	28	1	0	0	11	434.04	78.29	15.36	9.63	100	the
5	28	1	0	0	12	453.04	78.29	37.29	9.63	100	Trusted
5	28	1	0	0	13	493.96	78.29	31.97	9.63	100	Agent,
4	28	1	0	1	0	70.866000	91.843630	453.543177	9.632735	-1	###LINE###
5	28	1	0	1	0	70.87	91.84	20.34	9.63	100	that
5	28	1	0	1	1	94.83	91.84	29.65	9.63	100	knows
5	28	1	0	1	2	128.12	91.84	8.94	9.63	100	of
5	28	1	0	1	3	140.69	91.84	17.87	9.63	100	and
5	28	1	0	1	4	162.19	91.84	38.01	9.63	100	controls
5	28	1	0	1	5	203.83	91.84	5.55	9.63	100	a
5	28	1	0	1	6	213.00	91.84	29.32	9.63	100	covert
5	28	1	0	1	7	245.96	91.84	60.09	9.63	100	engagement.
5	28	1	0	1	8	310.90	91.84	32.88	9.63	100	Earlier
5	28	1	0	1	9	347.41	91.84	58.61	9.63	100	publications
5	28	1	0	1	10	409.66	91.84	20.35	9.63	100	may
5	28	1	0	1	11	433.63	91.84	16.64	9.63	100	call
5	28	1	0	1	12	453.91	91.84	17.94	9.63	100	this
5	28	1	0	1	13	475.48	91.84	15.41	9.63	100	the
5	28	1	0	1	14	494.51	91.84	29.89	9.63	100	White
4	28	1	0	2	0	70.473000	105.392630	29.397843	9.632735	-1	###LINE###
5	28	1	0	2	0	70.47	105.39	29.40	9.63	100	Team.
3	28	1	1	0	0	70.866000	125.607539	455.659527	23.290826	-1	###FLOW###
4	28	1	1	0	0	70.866000	125.607539	453.546203	9.741826	-1	###LINE###
5	28	1	1	0	0	70.87	125.61	33.91	9.74	100	covert
5	28	1	1	0	1	108.96	125.61	68.98	9.74	100	engagement.
5	28	1	1	0	2	182.79	125.72	14.38	9.63	100	An
5	28	1	1	0	3	200.81	125.72	56.62	9.63	100	engagement
5	28	1	1	0	4	261.06	125.72	48.97	9.63	100	conducted
5	28	1	1	0	5	313.67	125.72	37.34	9.63	100	without
5	28	1	1	0	6	354.63	125.72	38.26	9.63	100	advance
5	28	1	1	0	7	396.53	125.72	49.58	9.63	100	knowledge
5	28	1	1	0	8	449.75	125.72	8.88	9.63	100	of
5	28	1	1	0	9	462.26	125.72	15.30	9.63	100	the
5	28	1	1	0	10	481.19	125.72	43.22	9.63	100	defensive
4	28	1	1	1	0	70.866000	139.265630	455.659527	9.632735	-1	###LINE###
5	28	1	1	1	0	70.87	139.27	36.37	9.63	100	element
5	28	1	1	1	1	110.87	139.27	25.55	9.63	100	being
5	28	1	1	1	2	140.06	139.27	41.12	9.63	100	assessed.
5	28	1	1	1	3	186.03	139.27	18.64	9.63	100	The
5	28	1	1	1	4	208.31	139.27	36.46	9.63	100	Trusted
5	28	1	1	1	5	248.40	139.27	28.25	9.63	100	Agent
5	28	1	1	1	6	280.29	139.27	17.43	9.63	100	and
5	28	1	1	1	7	301.36	139.27	16.83	9.63	100	any
5	28	1	1	1	8	321.83	139.27	50.89	9.63	100	supporting
5	28	1	1	1	9	376.36	139.27	35.80	9.63	100	Control
5	28	1	1	1	10	415.79	139.27	26.15	9.63	100	Team
5	28	1	1	1	11	445.57	139.27	32.50	9.63	100	remain
5	28	1	1	1	12	481.71	139.27	44.82	9.63	100	informed.
3	28	1	2	0	0	70.866000	159.480539	453.548014	23.290826	-1	###FLOW###
4	28	1	2	0	0	70.866000	159.480539	453.548014	9.741826	-1	###LINE###
5	28	1	2	0	0	70.87	159.48	74.04	9.74	100	deconfliction.
5	28	1	2	0	1	149.75	159.59	19.14	9.63	100	The
5	28	1	2	0	2	172.52	159.59	35.05	9.63	100	process
5	28	1	2	0	3	211.19	159.59	8.95	9.63	100	of
5	28	1	2	0	4	223.78	159.59	56.94	9.63	100	establishing
5	28	1	2	0	5	284.35	159.59	38.94	9.63	100	whether
5	28	1	2	0	6	326.91	159.59	42.10	9.63	100	observed
5	28	1	2	0	7	372.64	159.59	36.75	9.63	100	activity
5	28	1	2	0	8	413.02	159.59	47.02	9.63	100	originates
5	28	1	2	0	9	463.67	159.59	22.57	9.63	100	from
5	28	1	2	0	10	489.87	159.59	15.44	9.63	100	the
5	28	1	2	0	11	508.94	159.59	15.47	9.63	100	red
4	28	1	2	1	0	70.866000	173.138630	163.215409	9.632735	-1	###LINE###
5	28	1	2	1	0	70.87	173.14	23.64	9.63	100	team
5	28	1	2	1	1	98.14	173.14	9.73	9.63	100	or
5	28	1	2	1	2	111.51	173.14	22.15	9.63	100	from
5	28	1	2	1	3	137.29	173.14	5.45	9.63	100	a
5	28	1	2	1	4	146.38	173.14	36.07	9.63	100	genuine
5	28	1	2	1	5	186.08	173.14	48.00	9.63	100	adversary.
3	28	1	3	0	0	70.866000	193.353539	453.538833	23.290826	-1	###FLOW###
4	28	1	3	0	0	70.866000	193.353539	453.538833	9.741826	-1	###LINE###
5	28	1	3	0	0	70.87	193.35	50.03	9.74	100	defensive
5	28	1	3	0	1	125.07	193.35	46.45	9.74	100	element.
5	28	1	3	0	2	176.38	193.46	18.90	9.63	100	The
5	28	1	3	0	3	198.91	193.46	45.52	9.63	100	personnel
5	28	1	3	0	4	248.06	193.46	17.68	9.63	100	and
5	28	1	3	0	5	269.37	193.46	43.65	9.63	100	functions
5	28	1	3	0	6	316.65	193.46	52.89	9.63	100	responsible
5	28	1	3	0	7	373.18	193.46	13.14	9.63	100	for
5	28	1	3	0	8	389.95	193.46	43.90	9.63	100	detecting
5	28	1	3	0	9	437.48	193.46	17.68	9.63	100	and
5	28	1	3	0	10	458.81	193.46	52.21	9.63	100	responding
5	28	1	3	0	11	514.65	193.46	9.76	9.63	100	to
4	28	1	3	1	0	70.866000	207.011630	238.642017	9.632735	-1	###LINE###
5	28	1	3	1	0	70.87	207.01	45.24	9.63	100	intrusion.
5	28	1	3	1	1	120.96	207.01	40.52	9.63	100	Referred
5	28	1	3	1	2	165.11	207.01	9.70	9.63	100	to
5	28	1	3	1	3	178.44	207.01	44.94	9.63	100	elsewhere
5	28	1	3	1	4	227.01	207.01	9.76	9.63	100	as
5	28	1	3	1	5	240.41	207.01	15.15	9.63	100	the
5	28	1	3	1	6	259.20	207.01	20.00	9.63	100	blue
5	28	1	3	1	7	282.84	207.01	26.67	9.63	100	team.
3	28	1	4	0	0	70.866000	227.225539	453.843247	23.291826	-1	###FLOW###
4	28	1	4	0	0	70.866000	227.225539	453.843247	9.741826	-1	###LINE###
5	28	1	4	0	0	70.87	227.23	67.28	9.74	100	engagement.
5	28	1	4	0	1	142.99	227.33	8.06	9.63	100	A
5	28	1	4	0	2	154.69	227.33	26.33	9.63	100	single
5	28	1	4	0	3	184.65	227.33	49.05	9.63	100	authorised
5	28	1	4	0	4	237.33	227.33	53.66	9.63	100	assessment,
5	28	1	4	0	5	294.64	227.33	47.76	9.63	100	conducted
5	28	1	4	0	6	346.03	227.33	26.89	9.63	100	under
5	28	1	4	0	7	376.56	227.33	16.12	9.63	100	one
5	28	1	4	0	8	396.31	227.33	13.19	9.63	100	set
5	28	1	4	0	9	413.15	227.33	8.66	9.63	100	of
5	28	1	4	0	10	425.45	227.33	25.57	9.63	100	Rules
5	28	1	4	0	11	454.66	227.33	8.66	9.63	100	of
5	28	1	4	0	12	466.96	227.33	57.75	9.63	100	Engagement
4	28	1	4	1	0	70.866000	240.884630	317.728628	9.632735	-1	###LINE###
5	28	1	4	1	0	70.87	240.88	17.57	9.63	100	and
5	28	1	4	1	1	92.07	240.88	16.36	9.63	100	one
5	28	1	4	1	2	112.08	240.88	29.27	9.63	100	Letter
5	28	1	4	1	3	144.99	240.88	8.79	9.63	100	of
5	28	1	4	1	4	157.41	240.88	68.58	9.63	100	Authorisation,
5	28	1	4	1	5	229.62	240.88	37.60	9.63	100	through
5	28	1	4	1	6	270.86	240.88	15.15	9.63	100	the
5	28	1	4	1	7	289.66	240.88	31.03	9.63	100	phases
5	28	1	4	1	8	324.32	240.88	9.70	9.63	100	at
5	28	1	4	1	9	337.66	240.88	38.82	9.63	100	Chapter
5	28	1	4	1	10	380.11	240.88	8.49	9.63	100	7.
3	28	1	5	0	0	70.866000	261.098539	453.838436	36.840826	-1	###FLOW###
4	28	1	5	0	0	70.866000	261.098539	453.838436	9.741826	-1	###LINE###
5	28	1	5	0	0	70.87	261.10	51.36	9.74	100	evidence.
5	28	1	5	0	1	127.19	261.21	14.53	9.63	100	An
5	28	1	5	0	2	145.39	261.21	37.43	9.63	100	artefact
5	28	1	5	0	3	186.51	261.21	9.92	9.63	100	or
5	28	1	5	0	4	200.10	261.21	30.35	9.63	100	record
5	28	1	5	0	5	234.13	261.21	39.60	9.63	100	retained
5	28	1	5	0	6	277.39	261.21	21.64	9.63	100	with
5	28	1	5	0	7	302.70	261.21	43.03	9.63	100	sufficient
5	28	1	5	0	8	349.42	261.21	54.13	9.63	100	provenance
5	28	1	5	0	9	407.22	261.21	17.93	9.63	100	and
5	28	1	5	0	10	428.83	261.21	41.15	9.63	100	integrity
5	28	1	5	0	11	473.65	261.21	9.89	9.63	100	to
5	28	1	5	0	12	487.22	261.21	37.48	9.63	100	support
4	28	1	5	1	0	70.866000	274.757630	453.539633	9.632735	-1	###LINE###
5	28	1	5	1	0	70.87	274.76	11.66	9.63	100	an
5	28	1	5	1	1	86.18	274.76	56.79	9.63	100	engagement
5	28	1	5	1	2	146.61	274.76	28.86	9.63	100	claim.
5	28	1	5	1	3	180.34	274.76	8.29	9.63	100	It
5	28	1	5	1	4	192.28	274.76	7.43	9.63	100	is
5	28	1	5	1	5	203.34	274.76	15.96	9.63	100	not
5	28	1	5	1	6	222.95	274.76	55.08	9.63	100	represented
5	28	1	5	1	7	281.66	274.76	9.88	9.63	100	as
5	28	1	5	1	8	295.20	274.76	36.62	9.63	100	forensic
5	28	1	5	1	9	335.46	274.76	40.83	9.63	100	evidence
5	28	1	5	1	10	379.94	274.76	9.85	9.63	100	or
5	28	1	5	1	11	393.43	274.76	9.88	9.63	100	as
5	28	1	5	1	12	406.96	274.76	31.93	9.63	100	having
5	28	1	5	1	13	442.53	274.76	5.53	9.63	100	a
5	28	1	5	1	14	451.70	274.76	31.03	9.63	100	formal
5	28	1	5	1	15	486.38	274.76	25.49	9.63	100	chain
5	28	1	5	1	16	515.50	274.76	8.90	9.63	100	of
4	28	1	5	2	0	70.866000	288.306630	238.240562	9.632735	-1	###LINE###
5	28	1	5	2	0	70.87	288.31	37.03	9.63	100	custody
5	28	1	5	2	1	111.53	288.31	28.60	9.63	100	unless
5	28	1	5	2	2	143.78	288.31	15.15	9.63	100	the
5	28	1	5	2	3	162.56	288.31	39.15	9.63	100	required
5	28	1	5	2	4	205.35	288.31	37.36	9.63	100	controls
5	28	1	5	2	5	246.35	288.31	21.54	9.63	100	were
5	28	1	5	2	6	271.53	288.31	37.58	9.63	100	applied.
3	28	1	6	0	0	70.866000	308.521539	455.060212	36.839826	-1	###FLOW###
4	28	1	6	0	0	70.866000	308.521539	455.056806	9.741826	-1	###LINE###
5	28	1	6	0	0	70.87	308.52	41.04	9.74	100	finding.
5	28	1	6	0	1	116.75	308.63	14.21	9.63	100	An
5	28	1	6	0	2	134.60	308.63	46.27	9.63	100	evidenced
5	28	1	6	0	3	184.51	308.63	43.06	9.63	100	weakness
5	28	1	6	0	4	231.21	308.63	9.71	9.63	100	or
5	28	1	6	0	5	244.54	308.63	32.99	9.63	100	control
5	28	1	6	0	6	281.17	308.63	19.96	9.63	100	gap,
5	28	1	6	0	7	304.77	308.63	29.09	9.63	100	stated
5	28	1	6	0	8	337.49	308.63	21.17	9.63	100	with
5	28	1	6	0	9	362.29	308.63	11.55	9.63	100	its
5	28	1	6	0	10	377.48	308.63	19.69	9.63	100	root
5	28	1	6	0	11	400.79	308.63	28.49	9.63	100	cause,
5	28	1	6	0	12	432.92	308.63	20.35	9.63	100	risk,
5	28	1	6	0	13	456.91	308.63	36.59	9.63	100	affected
5	28	1	6	0	14	497.14	308.63	28.78	9.63	100	scope,
4	28	1	6	1	0	70.866000	322.179630	455.060212	9.632735	-1	###LINE###
5	28	1	6	1	0	70.87	322.18	66.79	9.63	100	recommended
5	28	1	6	1	1	141.53	322.18	36.82	9.63	100	control,
5	28	1	6	1	2	182.28	322.18	28.79	9.63	100	owner
5	28	1	6	1	3	214.94	322.18	17.93	9.63	100	and
5	28	1	6	1	4	236.74	322.18	36.77	9.63	100	method
5	28	1	6	1	5	277.38	322.18	8.96	9.63	100	of
5	28	1	6	1	6	290.23	322.18	30.39	9.63	100	retest.
5	28	1	6	1	7	326.17	322.18	21.54	9.63	100	Risk
5	28	1	6	1	8	351.58	322.18	52.55	9.63	100	acceptance
5	28	1	6	1	9	408.00	322.18	21.38	9.63	100	does
5	28	1	6	1	10	433.27	322.18	16.07	9.63	100	not
5	28	1	6	1	11	453.21	322.18	22.94	9.63	100	close
5	28	1	6	1	12	480.02	322.18	5.56	9.63	100	a
5	28	1	6	1	13	489.46	322.18	36.47	9.63	100	finding;
4	28	1	6	2	0	70.866000	335.728630	151.028853	9.632735	-1	###LINE###
5	28	1	6	2	0	70.87	335.73	32.82	9.63	100	closure
5	28	1	6	2	1	107.32	335.73	37.40	9.63	100	requires
5	28	1	6	2	2	148.36	335.73	5.45	9.63	100	a
5	28	1	6	2	3	157.44	335.73	31.03	9.63	100	passed
5	28	1	6	2	4	192.11	335.73	29.79	9.63	100	retest.
3	28	1	7	0	0	70.866000	355.943539	453.548014	23.290826	-1	###FLOW###
4	28	1	7	0	0	70.866000	355.943539	453.548014	9.741826	-1	###LINE###
5	28	1	7	0	0	70.87	355.94	23.28	9.74	100	flag.
5	28	1	7	0	1	101.48	356.05	8.35	9.63	100	A
5	28	1	7	0	2	114.29	356.05	34.06	9.63	100	marker
5	28	1	7	0	3	152.81	356.05	8.96	9.63	100	of
5	28	1	7	0	4	166.25	356.05	11.74	9.63	100	no
5	28	1	7	0	5	182.45	356.05	39.36	9.63	100	intrinsic
5	28	1	7	0	6	226.27	356.05	28.13	9.63	100	value,
5	28	1	7	0	7	259.08	356.05	30.91	9.63	100	placed
5	28	1	7	0	8	294.45	356.05	9.27	9.63	100	in
5	28	1	7	0	9	308.19	356.05	5.56	9.63	100	a
5	28	1	7	0	10	318.21	356.05	29.09	9.63	100	target
5	28	1	7	0	11	351.76	356.05	38.63	9.63	100	location
5	28	1	7	0	12	394.85	356.05	11.75	9.63	100	by
5	28	1	7	0	13	411.07	356.05	15.45	9.63	100	the
5	28	1	7	0	14	430.98	356.05	37.52	9.63	100	Trusted
5	28	1	7	0	15	472.96	356.05	29.05	9.63	100	Agent
5	28	1	7	0	16	506.49	356.05	17.93	9.63	100	and
4	28	1	7	1	0	70.866000	369.601630	284.033691	9.632735	-1	###LINE###
5	28	1	7	1	0	70.87	369.60	41.88	9.63	100	retrieved
5	28	1	7	1	1	116.38	369.60	9.70	9.63	100	to
5	28	1	7	1	2	129.72	369.60	58.88	9.63	100	demonstrate
5	28	1	7	1	3	192.23	369.60	28.61	9.63	100	access
5	28	1	7	1	4	224.47	369.60	36.97	9.63	100	without
5	28	1	7	1	5	265.08	369.60	28.61	9.63	100	access
5	28	1	7	1	6	297.32	369.60	9.70	9.63	100	to
5	28	1	7	1	7	310.65	369.60	16.37	9.63	100	live
5	28	1	7	1	8	330.66	369.60	24.24	9.63	100	data.
3	28	1	8	0	0	70.866000	389.816539	455.064763	23.290826	-1	###FLOW###
4	28	1	8	0	0	70.866000	389.816539	455.064763	9.741826	-1	###LINE###
5	28	1	8	0	0	70.87	389.82	26.80	9.74	100	gate.
5	28	1	8	0	1	102.51	389.93	19.01	9.63	100	The
5	28	1	8	0	2	125.15	389.93	31.89	9.63	100	named
5	28	1	8	0	3	160.67	389.93	38.09	9.63	100	decision
5	28	1	8	0	4	202.38	389.93	9.81	9.63	100	at
5	28	1	8	0	5	215.82	389.93	15.33	9.63	100	the
5	28	1	8	0	6	234.78	389.93	17.17	9.63	100	end
5	28	1	8	0	7	255.58	389.93	8.89	9.63	100	of
5	28	1	8	0	8	268.09	389.93	5.52	9.63	100	a
5	28	1	8	0	9	277.24	389.93	38.02	9.63	100	lifecycle
5	28	1	8	0	10	318.89	389.93	27.05	9.63	100	phase
5	28	1	8	0	11	349.56	389.93	20.24	9.63	100	that
5	28	1	8	0	12	373.42	389.93	29.63	9.63	100	passes
5	28	1	8	0	13	406.68	389.93	15.33	9.63	100	the
5	28	1	8	0	14	425.63	389.93	56.74	9.63	100	engagement
5	28	1	8	0	15	485.99	389.93	39.94	9.63	100	forward,
4	28	1	8	1	0	70.866000	403.474630	317.760265	9.632735	-1	###LINE###
5	28	1	8	1	0	70.87	403.47	34.06	9.63	100	returns
5	28	1	8	1	1	108.56	403.47	7.27	9.63	100	it
5	28	1	8	1	2	119.48	403.47	13.06	9.63	100	for
5	28	1	8	1	3	136.17	403.47	50.37	9.63	100	correction,
5	28	1	8	1	4	190.17	403.47	9.73	9.63	100	or
5	28	1	8	1	5	203.53	403.47	24.37	9.63	100	stops
5	28	1	8	1	6	231.53	403.47	10.30	9.63	100	it,
5	28	1	8	1	7	245.47	403.47	24.91	9.63	100	using
5	28	1	8	1	8	274.02	403.47	15.15	9.63	100	the
5	28	1	8	1	9	292.81	403.47	34.00	9.63	100	criteria
5	28	1	8	1	10	330.44	403.47	9.09	9.63	100	in
5	28	1	8	1	11	343.16	403.47	30.92	9.63	100	Annex
5	28	1	8	1	12	377.72	403.47	10.91	9.63	100	C.
3	28	1	9	0	0	70.866000	423.689539	383.639229	9.741826	-1	###FLOW###
4	28	1	9	0	0	70.866000	423.689539	383.639229	9.741826	-1	###LINE###
5	28	1	9	0	0	70.87	423.69	20.49	9.74	100	Get
5	28	1	9	0	1	95.54	423.69	15.21	9.74	100	In,
5	28	1	9	0	2	114.94	423.69	24.22	9.74	100	Stay
5	28	1	9	0	3	143.34	423.69	15.21	9.74	100	In,
5	28	1	9	0	4	162.72	423.69	23.07	9.74	100	Act.
5	28	1	9	0	5	190.65	423.80	18.79	9.63	100	The
5	28	1	9	0	6	213.07	423.80	24.27	9.63	100	three
5	28	1	9	0	7	240.99	423.80	28.61	9.63	100	stages
5	28	1	9	0	8	273.23	423.80	8.79	9.63	100	of
5	28	1	9	0	9	285.65	423.80	45.15	9.63	100	execution
5	28	1	9	0	10	334.45	423.80	33.94	9.63	100	defined
5	28	1	9	0	11	372.02	423.80	9.70	9.63	100	at
5	28	1	9	0	12	385.35	423.80	48.54	9.63	100	paragraph
5	28	1	9	0	13	437.54	423.80	16.97	9.63	100	7.8.
3	28	1	10	0	0	70.866000	444.013539	453.546902	23.290826	-1	###FLOW###
4	28	1	10	0	0	70.866000	444.013539	453.546902	9.741826	-1	###LINE###
5	28	1	10	0	0	70.87	444.01	36.43	9.74	100	golden
5	28	1	10	0	1	112.05	444.01	40.10	9.74	100	thread.
5	28	1	10	0	2	158.49	444.12	30.29	9.63	100	Stable
5	28	1	10	0	3	192.92	444.12	55.05	9.63	100	traceability
5	28	1	10	0	4	252.09	444.12	22.59	9.63	100	from
5	28	1	10	0	5	278.83	444.12	15.45	9.63	100	the
5	28	1	10	0	6	298.41	444.12	32.55	9.63	100	service
5	28	1	10	0	7	335.09	444.12	9.89	9.63	100	at
5	28	1	10	0	8	349.11	444.12	17.71	9.63	100	risk
5	28	1	10	0	9	370.96	444.12	17.93	9.63	100	and
5	28	1	10	0	10	393.01	444.12	52.32	9.63	100	supporting
5	28	1	10	0	11	449.47	444.12	29.70	9.63	100	threat
5	28	1	10	0	12	483.30	444.12	41.11	9.63	100	evidence
4	28	1	10	1	0	70.866000	457.671630	428.883630	9.632735	-1	###LINE###
5	28	1	10	1	0	70.87	457.67	37.60	9.63	100	through
5	28	1	10	1	1	112.10	457.67	41.30	9.63	100	scenario,
5	28	1	10	1	2	157.05	457.67	45.46	9.63	100	objective,
5	28	1	10	1	3	206.14	457.67	32.12	9.63	100	action,
5	28	1	10	1	4	241.89	457.67	42.80	9.63	100	defensive
5	28	1	10	1	5	288.32	457.67	57.36	9.63	100	observation,
5	28	1	10	1	6	349.33	457.67	35.76	9.63	100	finding,
5	28	1	10	1	7	388.71	457.67	56.39	9.63	100	remediation
5	28	1	10	1	8	448.74	457.67	17.57	9.63	100	and
5	28	1	10	1	9	469.96	457.67	29.79	9.63	100	retest.
3	28	1	11	0	0	70.866000	477.886539	453.545091	23.290826	-1	###FLOW###
4	28	1	11	0	0	70.866000	477.886539	453.545091	9.741826	-1	###LINE###
5	28	1	11	0	0	70.87	477.89	28.06	9.74	100	Head
5	28	1	11	0	1	102.89	477.89	9.90	9.74	100	of
5	28	1	11	0	2	116.73	477.89	21.69	9.74	100	Red
5	28	1	11	0	3	142.38	477.89	32.78	9.74	100	Team.
5	28	1	11	0	4	179.94	478.00	18.41	9.63	100	The
5	28	1	11	0	5	201.79	478.00	39.85	9.63	100	standing
5	28	1	11	0	6	245.08	478.00	59.09	9.63	100	appointment
5	28	1	11	0	7	307.60	478.00	32.96	9.63	100	owning
5	28	1	11	0	8	344.00	478.00	14.85	9.63	100	the
5	28	1	11	0	9	362.29	478.00	47.78	9.63	100	capability,
5	28	1	11	0	10	413.55	478.00	11.34	9.63	100	its
5	28	1	11	0	11	428.33	478.00	47.31	9.63	100	personnel,
5	28	1	11	0	12	479.13	478.00	45.29	9.63	100	standards
4	28	1	11	1	0	70.866000	491.544630	61.570960	9.632735	-1	###LINE###
5	28	1	11	1	0	70.87	491.54	17.57	9.63	100	and
5	28	1	11	1	1	92.07	491.54	40.36	9.63	100	annexes.
3	28	1	12	0	0	70.866000	511.759539	453.836211	36.839826	-1	###FLOW###
4	28	1	12	0	0	70.866000	511.759539	453.544022	9.741826	-1	###LINE###
5	28	1	12	0	0	70.87	511.76	28.57	9.74	100	Legal
5	28	1	12	0	1	102.79	511.76	44.64	9.74	100	Adviser.
5	28	1	12	0	2	152.04	511.87	8.02	9.63	100	A
5	28	1	12	0	3	162.97	511.87	39.50	9.63	100	qualified
5	28	1	12	0	4	205.39	511.87	33.05	9.63	100	adviser
5	28	1	12	0	5	241.36	511.87	51.54	9.63	100	responsible
5	28	1	12	0	6	295.82	511.87	12.80	9.63	100	for
5	28	1	12	0	7	311.52	511.87	55.86	9.63	100	determining
5	28	1	12	0	8	370.30	511.87	14.85	9.63	100	the
5	28	1	12	0	9	388.07	511.87	21.38	9.63	100	legal
5	28	1	12	0	10	412.37	511.87	58.05	9.63	100	instruments,
5	28	1	12	0	11	473.48	511.87	50.93	9.63	100	constraints
4	28	1	12	1	0	70.866000	525.417630	453.836211	9.632735	-1	###LINE###
5	28	1	12	1	0	70.87	525.42	17.93	9.63	100	and
5	28	1	12	1	1	93.01	525.42	35.64	9.63	100	reviews
5	28	1	12	1	2	132.87	525.42	48.84	9.63	100	applicable
5	28	1	12	1	3	185.92	525.42	9.89	9.63	100	to
5	28	1	12	1	4	200.04	525.42	15.45	9.63	100	the
5	28	1	12	1	5	219.71	525.42	59.44	9.63	100	organisation
5	28	1	12	1	6	283.37	525.42	17.93	9.63	100	and
5	28	1	12	1	7	305.51	525.42	60.28	9.63	100	engagement.
5	28	1	12	1	8	372.39	525.42	33.07	9.63	100	Advice
5	28	1	12	1	9	409.69	525.42	21.38	9.63	100	does
5	28	1	12	1	10	435.29	525.42	16.07	9.63	100	not
5	28	1	12	1	11	455.58	525.42	11.75	9.63	100	by
5	28	1	12	1	12	471.55	525.42	23.24	9.63	100	itself
5	28	1	12	1	13	499.01	525.42	25.69	9.63	100	grant
4	28	1	12	2	0	70.866000	538.966630	134.117566	9.632735	-1	###LINE###
5	28	1	12	2	0	70.87	538.97	44.27	9.63	100	authority
5	28	1	12	2	1	118.78	538.97	9.70	9.63	100	to
5	28	1	12	2	2	132.11	538.97	28.61	9.63	100	access
5	28	1	12	2	3	164.35	538.97	5.45	9.63	100	a
5	28	1	12	2	4	173.45	538.97	31.54	9.63	100	target.
3	28	1	13	0	0	70.866000	559.181539	453.541338	36.839826	-1	###FLOW###
4	28	1	13	0	0	70.866000	559.181539	453.540225	9.741826	-1	###LINE###
5	28	1	13	0	0	70.87	559.18	34.65	9.74	100	Letter
5	28	1	13	0	1	110.61	559.18	10.31	9.74	100	of
5	28	1	13	0	2	126.02	559.18	80.60	9.74	100	Authorisation.
5	28	1	13	0	3	213.86	559.29	19.16	9.63	100	The
5	28	1	13	0	4	237.46	559.29	24.82	9.63	100	short
5	28	1	13	0	5	266.72	559.29	52.94	9.63	100	instrument
5	28	1	13	0	6	324.10	559.29	45.19	9.63	100	recording
5	28	1	13	0	7	373.72	559.29	67.78	9.63	100	target-specific
5	28	1	13	0	8	445.93	559.29	36.22	9.63	100	consent
5	28	1	13	0	9	486.60	559.29	17.93	9.63	100	and
5	28	1	13	0	10	508.95	559.29	15.45	9.63	100	the
4	28	1	13	1	0	70.866000	572.839630	453.541338	9.632735	-1	###LINE###
5	28	1	13	1	0	70.87	572.84	45.17	9.63	100	authority
5	28	1	13	1	1	120.71	572.84	27.85	9.63	100	under
5	28	1	13	1	2	153.22	572.84	28.14	9.63	100	which
5	28	1	13	1	3	186.03	572.84	36.78	9.63	100	activity
5	28	1	13	1	4	227.48	572.84	7.48	9.63	100	is
5	28	1	13	1	5	239.63	572.84	52.55	9.63	100	conducted,
5	28	1	13	1	6	297.11	572.84	20.40	9.63	100	held
5	28	1	13	1	7	322.18	572.84	11.74	9.63	100	by
5	28	1	13	1	8	338.60	572.84	25.70	9.63	100	every
5	28	1	13	1	9	368.96	572.84	41.17	9.63	100	operator
5	28	1	13	1	10	414.79	572.84	13.32	9.63	100	for
5	28	1	13	1	11	432.79	572.84	15.45	9.63	100	the
5	28	1	13	1	12	452.92	572.84	41.45	9.63	100	duration
5	28	1	13	1	13	499.03	572.84	8.96	9.63	100	of
5	28	1	13	1	14	512.66	572.84	11.74	9.63	100	an
4	28	1	13	2	0	70.866000	586.388630	391.884327	9.632735	-1	###LINE###
5	28	1	13	2	0	70.87	586.39	59.09	9.63	100	engagement.
5	28	1	13	2	1	134.81	586.39	8.18	9.63	100	It
5	28	1	13	2	2	146.62	586.39	20.97	9.63	100	does
5	28	1	13	2	3	171.23	586.39	15.76	9.63	100	not
5	28	1	13	2	4	190.62	586.39	33.37	9.63	100	replace
5	28	1	13	2	5	227.63	586.39	24.88	9.63	100	other
5	28	1	13	2	6	256.14	586.39	24.85	9.63	100	legal,
5	28	1	13	2	7	284.62	586.39	53.67	9.63	100	contractual
5	28	1	13	2	8	341.93	586.39	9.73	9.63	100	or
5	28	1	13	2	9	355.29	586.39	39.45	9.63	100	provider
5	28	1	13	2	10	398.38	586.39	64.37	9.63	100	requirements.
3	28	1	14	0	0	70.866000	606.603539	368.988307	9.741826	-1	###FLOW###
4	28	1	14	0	0	70.866000	606.603539	368.988307	9.741826	-1	###LINE###
5	28	1	14	0	0	70.87	606.60	52.62	9.74	100	objective.
5	28	1	14	0	1	128.34	606.71	8.18	9.63	100	A
5	28	1	14	0	2	140.16	606.71	33.94	9.63	100	defined
5	28	1	14	0	3	177.73	606.71	17.57	9.63	100	and
5	28	1	14	0	4	198.95	606.71	43.06	9.63	100	verifiable
5	28	1	14	0	5	245.64	606.71	16.97	9.63	100	end
5	28	1	14	0	6	266.25	606.71	23.09	9.63	100	state
5	28	1	14	0	7	292.97	606.71	68.57	9.63	100	demonstrating
5	28	1	14	0	8	365.18	606.71	35.27	9.63	100	mission
5	28	1	14	0	9	404.10	606.71	35.76	9.63	100	impact.
3	28	1	15	0	0	70.866000	626.927539	453.539745	36.839826	-1	###FLOW###
4	28	1	15	0	0	70.866000	626.927539	453.539745	9.741826	-1	###LINE###
5	28	1	15	0	0	70.87	626.93	60.57	9.74	100	operational
5	28	1	15	0	1	135.21	626.93	19.82	9.74	100	risk
5	28	1	15	0	2	158.79	626.93	52.34	9.74	100	authority.
5	28	1	15	0	3	215.86	627.04	18.41	9.63	100	The
5	28	1	15	0	4	237.55	627.04	30.69	9.63	100	person
5	28	1	15	0	5	271.52	627.04	9.53	9.63	100	or
5	28	1	15	0	6	284.32	627.04	23.48	9.63	100	body
5	28	1	15	0	7	311.08	627.04	48.70	9.63	100	competent
5	28	1	15	0	8	363.07	627.04	9.50	9.63	100	to
5	28	1	15	0	9	375.85	627.04	29.70	9.63	100	accept
5	28	1	15	0	10	408.82	627.04	14.85	9.63	100	the
5	28	1	15	0	11	426.95	627.04	41.58	9.63	100	potential
5	28	1	15	0	12	471.81	627.04	52.60	9.63	100	operational
4	28	1	15	1	0	70.866000	640.585630	453.538676	9.632735	-1	###LINE###
5	28	1	15	1	0	70.87	640.59	61.00	9.63	100	consequences
5	28	1	15	1	1	135.46	640.59	17.22	9.63	100	and
5	28	1	15	1	2	156.28	640.59	36.32	9.63	100	residual
5	28	1	15	1	3	196.19	640.59	17.02	9.63	100	risk
5	28	1	15	1	4	216.81	640.59	8.61	9.63	100	of
5	28	1	15	1	5	229.02	640.59	11.28	9.63	100	an
5	28	1	15	1	6	243.90	640.59	57.90	9.63	100	engagement.
5	28	1	15	1	7	306.64	640.59	20.85	9.63	100	This
5	28	1	15	1	8	331.08	640.59	7.19	9.63	100	is
5	28	1	15	1	9	341.87	640.59	41.31	9.63	100	normally
5	28	1	15	1	10	386.77	640.59	14.85	9.63	100	the
5	28	1	15	1	11	405.21	640.59	49.03	9.63	100	Approving
5	28	1	15	1	12	457.84	640.59	45.75	9.63	100	Authority
5	28	1	15	1	13	507.18	640.59	17.22	9.63	100	and
4	28	1	15	2	0	70.866000	654.134630	209.270356	9.632735	-1	###LINE###
5	28	1	15	2	0	70.87	654.13	20.00	9.63	100	may
5	28	1	15	2	1	94.51	654.13	11.20	9.63	100	be
5	28	1	15	2	2	109.35	654.13	35.82	9.63	100	distinct
5	28	1	15	2	3	148.80	654.13	22.15	9.63	100	from
5	28	1	15	2	4	174.59	654.13	15.15	9.63	100	the
5	28	1	15	2	5	193.38	654.13	34.30	9.63	100	System
5	28	1	15	2	6	231.32	654.13	48.82	9.63	100	Authority.
3	28	1	16	0	0	70.866000	674.349539	453.541338	23.290826	-1	###FLOW###
4	28	1	16	0	0	70.866000	674.349539	453.541338	9.741826	-1	###LINE###
5	28	1	16	0	0	70.87	674.35	51.41	9.74	100	operator.
5	28	1	16	0	1	130.96	674.46	8.35	9.63	100	A
5	28	1	16	0	2	144.23	674.46	15.49	9.63	100	red
5	28	1	16	0	3	164.63	674.46	24.11	9.63	100	team
5	28	1	16	0	4	193.66	674.46	38.98	9.63	100	member
5	28	1	16	0	5	237.54	674.46	40.30	9.63	100	assigned
5	28	1	16	0	6	282.76	674.46	9.89	9.63	100	to
5	28	1	16	0	7	297.57	674.46	38.33	9.63	100	conduct
5	28	1	16	0	8	340.82	674.46	50.78	9.63	100	authorised
5	28	1	16	0	9	396.52	674.46	36.79	9.63	100	activity
5	28	1	16	0	10	438.23	674.46	17.93	9.63	100	and
5	28	1	16	0	11	461.07	674.46	42.96	9.63	100	maintain
5	28	1	16	0	12	508.95	674.46	15.45	9.63	100	the
4	28	1	16	1	0	70.866000	688.007630	284.003146	9.632735	-1	###LINE###
5	28	1	16	1	0	70.87	688.01	82.51	9.63	100	contemporaneous
5	28	1	16	1	1	157.01	688.01	29.76	9.63	100	record
5	28	1	16	1	2	190.42	688.01	8.79	9.63	100	of
5	28	1	16	1	3	202.84	688.01	22.46	9.63	100	their
5	28	1	16	1	4	228.92	688.01	19.09	9.63	100	own
5	28	1	16	1	5	251.65	688.01	33.39	9.63	100	actions
5	28	1	16	1	6	288.68	688.01	17.57	9.63	100	and
5	28	1	16	1	7	309.90	688.01	44.97	9.63	100	decisions.
3	28	1	17	0	0	70.473000	708.222539	453.941474	36.839826	-1	###FLOW###
4	28	1	17	0	0	70.866000	708.222539	453.548474	9.741826	-1	###LINE###
5	28	1	17	0	0	70.87	708.22	47.53	9.74	100	operator
5	28	1	17	0	1	122.58	708.22	38.88	9.74	100	record.
5	28	1	17	0	2	166.31	708.33	19.03	9.63	100	The
5	28	1	17	0	3	188.98	708.33	83.59	9.63	100	contemporaneous
5	28	1	17	0	4	276.20	708.33	37.15	9.63	100	account
5	28	1	17	0	5	316.99	708.33	8.90	9.63	100	of
5	28	1	17	0	6	329.53	708.33	11.66	9.63	100	an
5	28	1	17	0	7	344.83	708.33	48.31	9.63	100	operator’s
5	28	1	17	0	8	396.77	708.33	32.54	9.63	100	action,
5	28	1	17	0	9	432.95	708.33	45.46	9.63	100	rationale,
5	28	1	17	0	10	482.05	708.33	42.37	9.63	100	expected
4	28	1	17	1	0	70.866000	721.880630	453.538818	9.632735	-1	###LINE###
5	28	1	17	1	0	70.87	721.88	17.40	9.63	100	and
5	28	1	17	1	1	91.92	721.88	28.80	9.63	100	actual
5	28	1	17	1	2	124.36	721.88	29.49	9.63	100	result,
5	28	1	17	1	3	157.50	721.88	29.49	9.63	100	source
5	28	1	17	1	4	190.64	721.88	17.40	9.63	100	and
5	28	1	17	1	5	211.68	721.88	31.23	9.63	100	target,
5	28	1	17	1	6	246.56	721.88	39.90	9.63	100	evidence
5	28	1	17	1	7	290.11	721.88	45.99	9.63	100	identifiers
5	28	1	17	1	8	339.74	721.88	17.40	9.63	100	and
5	28	1	17	1	9	360.79	721.88	16.80	9.63	100	any
5	28	1	17	1	10	381.22	721.88	58.51	9.63	100	modification
5	28	1	17	1	11	443.37	721.88	28.20	9.63	100	made.
5	28	1	17	1	12	476.46	721.88	16.98	9.63	100	Pro
5	28	1	17	1	13	497.08	721.88	27.33	9.63	100	forma
4	28	1	17	2	0	70.473000	735.429630	57.699321	9.632735	-1	###LINE###
5	28	1	17	2	0	70.47	735.43	18.79	9.63	100	T05
5	28	1	17	2	1	92.89	735.43	7.33	9.63	100	is
5	28	1	17	2	2	103.87	735.43	24.30	9.63	100	used.
3	28	2	0	0	0	257.623000	793.912520	80.030500	8.015962	-1	###FLOW###
4	28	2	0	0	0	257.623000	793.912520	80.030500	8.015962	-1	###LINE###
5	28	2	0	0	0	257.62	793.91	80.03	8.02	100	UNCLASSIFIED
3	28	2	1	0	0	287.052000	808.605601	21.172571	7.037598	-1	###FLOW###
4	28	2	1	0	0	287.052000	808.605601	21.172571	7.037598	-1	###LINE###
5	28	2	1	0	0	287.05	808.61	21.17	7.04	100	28/29
1	29	0	0	0	0	287.052000	808.605601	595.276000	841.890000	-1	###PAGE###
3	29	0	0	0	0	257.623000	39.603520	80.030500	8.015962	-1	###FLOW###
4	29	0	0	0	0	257.623000	39.603520	80.030500	8.015962	-1	###LINE###
5	29	0	0	0	0	257.62	39.60	80.03	8.02	100	UNCLASSIFIED
3	29	1	0	0	0	70.866000	78.184539	455.065776	23.291826	-1	###FLOW###
4	29	1	0	0	0	70.866000	78.184539	455.065776	9.741826	-1	###LINE###
5	29	1	0	0	0	70.87	78.18	36.02	9.74	100	purple
5	29	1	0	0	1	112.59	78.18	27.72	9.74	100	team
5	29	1	0	0	2	146.02	78.18	47.46	9.74	100	exercise.
5	29	1	0	0	3	202.33	78.29	65.25	9.63	100	Collaborative
5	29	1	0	0	4	272.55	78.29	36.78	9.63	100	activity
5	29	1	0	0	5	314.30	78.29	49.45	9.63	100	conducted
5	29	1	0	0	6	368.72	78.29	32.14	9.63	100	openly
5	29	1	0	0	7	405.83	78.29	21.62	9.63	100	with
5	29	1	0	0	8	432.43	78.29	43.65	9.63	100	defensive
5	29	1	0	0	9	481.04	78.29	44.89	9.63	100	elements,
4	29	1	0	1	0	70.866000	91.843630	287.764603	9.632735	-1	###LINE###
5	29	1	0	1	0	70.87	91.84	45.45	9.63	100	technique
5	29	1	0	1	1	119.96	91.84	11.51	9.63	100	by
5	29	1	0	1	2	135.11	91.84	48.48	9.63	100	technique,
5	29	1	0	1	3	187.23	91.84	9.70	9.63	100	to
5	29	1	0	1	4	200.56	91.84	41.33	9.63	100	establish
5	29	1	0	1	5	245.53	91.84	17.57	9.63	100	and
5	29	1	0	1	6	266.75	91.84	37.27	9.63	100	validate
5	29	1	0	1	7	307.66	91.84	50.97	9.63	100	detections.
3	29	1	1	0	0	70.866000	112.057539	453.539217	23.291826	-1	###FLOW###
4	29	1	1	0	0	70.866000	112.057539	453.539217	9.741826	-1	###LINE###
5	29	1	1	0	0	70.87	112.06	63.63	9.74	100	read-across.
5	29	1	1	0	1	139.34	112.17	8.05	9.63	100	A
5	29	1	1	0	2	151.02	112.17	48.42	9.63	100	structured
5	29	1	1	0	3	203.08	112.17	50.63	9.63	100	assessment
5	29	1	1	0	4	257.33	112.17	8.65	9.63	100	of
5	29	1	1	0	5	269.61	112.17	37.60	9.63	100	whether
5	29	1	1	0	6	310.85	112.17	5.37	9.63	100	a
5	29	1	1	0	7	319.84	112.17	32.20	9.63	100	finding
5	29	1	1	0	8	355.67	112.17	9.57	9.63	100	or
5	29	1	1	0	9	368.87	112.17	27.55	9.63	100	lesson
5	29	1	1	0	10	400.06	112.17	17.95	9.63	100	also
5	29	1	1	0	11	421.64	112.17	32.26	9.63	100	applies
5	29	1	1	0	12	457.53	112.17	9.54	9.63	100	to
5	29	1	1	0	13	470.70	112.17	53.70	9.63	100	comparable
4	29	1	1	1	0	70.866000	125.716630	333.063550	9.632735	-1	###LINE###
5	29	1	1	1	0	70.87	125.72	39.24	9.63	100	services,
5	29	1	1	1	1	113.74	125.72	36.85	9.63	100	systems
5	29	1	1	1	2	154.23	125.72	9.73	9.63	100	or
5	29	1	1	1	3	167.59	125.72	33.06	9.63	100	control
5	29	1	1	1	4	204.29	125.72	78.55	9.63	100	implementations
5	29	1	1	1	5	286.47	125.72	34.00	9.63	100	outside
5	29	1	1	1	6	324.10	125.72	15.15	9.63	100	the
5	29	1	1	1	7	342.90	125.72	28.55	9.63	100	tested
5	29	1	1	1	8	375.08	125.72	28.85	9.63	100	scope.
3	29	1	2	0	0	70.866000	145.930539	453.545789	36.840826	-1	###FLOW###
4	29	1	2	0	0	70.866000	145.930539	453.541469	9.741826	-1	###LINE###
5	29	1	2	0	0	70.87	145.93	17.89	9.74	100	red
5	29	1	2	0	1	92.94	145.93	30.67	9.74	100	team.
5	29	1	2	0	2	128.46	146.04	14.24	9.63	100	An
5	29	1	2	0	3	146.35	146.04	36.67	9.63	100	element
5	29	1	2	0	4	186.66	146.04	21.21	9.63	100	with
5	29	1	2	0	5	211.51	146.04	42.18	9.63	100	sufficient
5	29	1	2	0	6	257.33	146.04	66.76	9.63	100	organisational
5	29	1	2	0	7	327.72	146.04	17.57	9.63	100	and
5	29	1	2	0	8	348.94	146.04	47.57	9.63	100	functional
5	29	1	2	0	9	400.16	146.04	63.94	9.63	100	independence
5	29	1	2	0	10	467.73	146.04	9.70	9.63	100	to
5	29	1	2	0	11	481.08	146.04	43.33	9.63	100	challenge
4	29	1	2	1	0	70.866000	159.589630	453.545789	9.632735	-1	###LINE###
5	29	1	2	1	0	70.87	159.59	11.74	9.63	100	an
5	29	1	2	1	1	86.59	159.59	59.44	9.63	100	organisation
5	29	1	2	1	2	150.02	159.59	22.59	9.63	100	from
5	29	1	2	1	3	176.58	159.59	15.45	9.63	100	the
5	29	1	2	1	4	196.02	159.59	54.49	9.63	100	perspective
5	29	1	2	1	5	254.49	159.59	8.96	9.63	100	of
5	29	1	2	1	6	267.44	159.59	11.74	9.63	100	an
5	29	1	2	1	7	283.15	159.59	46.81	9.63	100	adversary
5	29	1	2	1	8	333.94	159.59	9.27	9.63	100	in
5	29	1	2	1	9	347.19	159.59	25.41	9.63	100	order
5	29	1	2	1	10	376.58	159.59	9.89	9.63	100	to
5	29	1	2	1	11	390.45	159.59	38.67	9.63	100	improve
5	29	1	2	1	12	433.11	159.59	20.40	9.63	100	that
5	29	1	2	1	13	457.49	159.59	66.92	9.63	100	organisation’s
4	29	1	2	2	0	70.866000	173.138630	61.029869	9.632735	-1	###LINE###
5	29	1	2	2	0	70.87	173.14	61.03	9.63	100	effectiveness.
3	29	1	3	0	0	70.866000	193.353539	405.957066	9.741826	-1	###FLOW###
4	29	1	3	0	0	70.866000	193.353539	405.957066	9.741826	-1	###LINE###
5	29	1	3	0	0	70.87	193.35	22.13	9.74	100	Red
5	29	1	3	0	1	97.17	193.35	29.99	9.74	100	Team
5	29	1	3	0	2	131.34	193.35	29.85	9.74	100	Lead.
5	29	1	3	0	3	166.04	193.46	18.79	9.63	100	The
5	29	1	3	0	4	188.47	193.46	60.30	9.63	100	appointment
5	29	1	3	0	5	252.40	193.46	52.58	9.63	100	responsible
5	29	1	3	0	6	308.62	193.46	13.06	9.63	100	for
5	29	1	3	0	7	325.31	193.46	15.15	9.63	100	the
5	29	1	3	0	8	344.10	193.46	37.58	9.63	100	conduct
5	29	1	3	0	9	385.32	193.46	8.79	9.63	100	of
5	29	1	3	0	10	397.74	193.46	16.36	9.63	100	one
5	29	1	3	0	11	417.73	193.46	59.09	9.63	100	engagement.
3	29	1	4	0	0	70.473000	213.676539	453.935126	23.290826	-1	###FLOW###
4	29	1	4	0	0	70.866000	213.676539	453.542126	9.741826	-1	###LINE###
5	29	1	4	0	0	70.87	213.68	35.07	9.74	100	retest.
5	29	1	4	0	1	110.79	213.79	52.53	9.63	100	Authorised
5	29	1	4	0	2	166.96	213.79	46.68	9.63	100	repetition
5	29	1	4	0	3	217.28	213.79	8.84	9.63	100	of
5	29	1	4	0	4	229.76	213.79	15.24	9.63	100	the
5	29	1	4	0	5	248.64	213.79	37.84	9.63	100	relevant
5	29	1	4	0	6	290.12	213.79	50.36	9.63	100	procedure,
5	29	1	4	0	7	344.13	213.79	9.78	9.63	100	or
5	29	1	4	0	8	357.54	213.79	48.48	9.63	100	equivalent
5	29	1	4	0	9	409.66	213.79	56.12	9.63	100	verification,
5	29	1	4	0	10	469.43	213.79	9.76	9.63	100	to
5	29	1	4	0	11	482.83	213.79	41.58	9.63	100	establish
4	29	1	4	1	0	70.473000	227.334630	377.489769	9.632735	-1	###LINE###
5	29	1	4	1	0	70.47	227.33	38.21	9.63	100	whether
5	29	1	4	1	1	112.32	227.33	56.39	9.63	100	remediation
5	29	1	4	1	2	172.36	227.33	43.69	9.63	100	corrected
5	29	1	4	1	3	219.69	227.33	15.15	9.63	100	the
5	29	1	4	1	4	238.47	227.33	32.73	9.63	100	finding
5	29	1	4	1	5	274.84	227.33	36.97	9.63	100	without
5	29	1	4	1	6	315.44	227.33	61.82	9.63	100	unacceptable
5	29	1	4	1	7	380.89	227.33	35.24	9.63	100	adverse
5	29	1	4	1	8	419.78	227.33	28.18	9.63	100	effect.
3	29	1	5	0	0	70.866000	247.549539	453.838022	23.290826	-1	###FLOW###
4	29	1	5	0	0	70.866000	247.549539	453.838022	9.741826	-1	###LINE###
5	29	1	5	0	0	70.87	247.55	55.67	9.74	100	Reviewing
5	29	1	5	0	1	130.18	247.55	39.06	9.74	100	Officer.
5	29	1	5	0	2	173.94	247.66	8.02	9.63	100	A
5	29	1	5	0	3	185.12	247.66	39.50	9.63	100	qualified
5	29	1	5	0	4	227.80	247.66	30.69	9.63	100	person
5	29	1	5	0	5	261.65	247.66	19.02	9.63	100	who
5	29	1	5	0	6	283.83	247.66	14.85	9.63	100	did
5	29	1	5	0	7	301.85	247.66	15.44	9.63	100	not
5	29	1	5	0	8	320.47	247.66	34.75	9.63	100	execute
5	29	1	5	0	9	358.39	247.66	14.85	9.63	100	the
5	29	1	5	0	10	376.42	247.66	54.93	9.63	100	engagement
5	29	1	5	0	11	434.52	247.66	9.53	9.63	100	or
5	29	1	5	0	12	447.23	247.66	30.91	9.63	100	author
5	29	1	5	0	13	481.32	247.66	11.34	9.63	100	its
5	29	1	5	0	14	495.84	247.66	28.87	9.63	100	report
4	29	1	5	1	0	70.866000	261.207630	270.576225	9.632735	-1	###LINE###
5	29	1	5	1	0	70.87	261.21	17.57	9.63	100	and
5	29	1	5	1	1	92.07	261.21	19.39	9.63	100	who
5	29	1	5	1	2	115.11	261.21	66.97	9.63	100	independently
5	29	1	5	1	3	185.71	261.21	32.82	9.63	100	verifies
5	29	1	5	1	4	222.17	261.21	15.15	9.63	100	the
5	29	1	5	1	5	240.96	261.21	29.46	9.63	100	report
5	29	1	5	1	6	274.05	261.21	29.12	9.63	100	before
5	29	1	5	1	7	306.80	261.21	34.64	9.63	100	release.
3	29	1	6	0	0	70.866000	281.422539	417.450893	9.741826	-1	###FLOW###
4	29	1	6	0	0	70.866000	281.422539	417.450893	9.741826	-1	###LINE###
5	29	1	6	0	0	70.87	281.42	30.21	9.74	100	Rules
5	29	1	6	0	1	105.26	281.42	10.11	9.74	100	of
5	29	1	6	0	2	119.55	281.42	70.79	9.74	100	Engagement.
5	29	1	6	0	3	195.19	281.53	18.79	9.63	100	The
5	29	1	6	0	4	217.62	281.53	46.67	9.63	100	document
5	29	1	6	0	5	267.92	281.53	45.79	9.63	100	governing
5	29	1	6	0	6	317.35	281.53	15.15	9.63	100	the
5	29	1	6	0	7	336.13	281.53	37.58	9.63	100	conduct
5	29	1	6	0	8	377.35	281.53	8.79	9.63	100	of
5	29	1	6	0	9	389.77	281.53	5.45	9.63	100	a
5	29	1	6	0	10	398.86	281.53	26.73	9.63	100	single
5	29	1	6	0	11	429.23	281.53	59.09	9.63	100	engagement.
3	29	1	7	0	0	70.866000	301.746539	455.063201	23.290826	-1	###FLOW###
4	29	1	7	0	0	70.866000	301.746539	455.063201	9.741826	-1	###LINE###
5	29	1	7	0	0	70.87	301.75	46.80	9.74	100	scenario.
5	29	1	7	0	1	122.30	301.86	8.02	9.63	100	A
5	29	1	7	0	2	133.33	301.86	73.41	9.63	100	threat-informed
5	29	1	7	0	3	209.77	301.86	29.16	9.63	100	design
5	29	1	7	0	4	241.95	301.86	47.81	9.63	100	combining
5	29	1	7	0	5	292.77	301.86	11.28	9.63	100	an
5	29	1	7	0	6	307.07	301.86	44.96	9.63	100	adversary
5	29	1	7	0	7	355.04	301.86	38.70	9.63	100	premise,
5	29	1	7	0	8	396.87	301.86	36.32	9.63	100	starting
5	29	1	7	0	9	436.22	301.86	37.81	9.63	100	posture,
5	29	1	7	0	10	477.17	301.86	48.76	9.63	100	objectives,
4	29	1	7	1	0	70.866000	315.404630	297.511884	9.632735	-1	###LINE###
5	29	1	7	1	0	70.87	315.40	29.70	9.63	100	attack
5	29	1	7	1	1	104.21	315.40	29.15	9.63	100	paths,
5	29	1	7	1	2	136.99	315.40	37.64	9.63	100	decision
5	29	1	7	1	3	178.26	315.40	32.18	9.63	100	points,
5	29	1	7	1	4	214.08	315.40	51.97	9.63	100	constraints
5	29	1	7	1	5	269.68	315.40	17.57	9.63	100	and
5	29	1	7	1	6	290.90	315.40	27.63	9.63	100	safety
5	29	1	7	1	7	322.17	315.40	46.21	9.63	100	measures.
3	29	1	8	0	0	70.866000	335.619539	453.764909	23.290826	-1	###FLOW###
4	29	1	8	0	0	70.866000	335.619539	453.764909	9.741826	-1	###LINE###
5	29	1	8	0	0	70.87	335.62	45.34	9.74	100	Security
5	29	1	8	0	1	120.40	335.62	56.82	9.74	100	Authority.
5	29	1	8	0	2	182.08	335.73	18.90	9.63	100	The
5	29	1	8	0	3	204.63	335.73	60.67	9.63	100	appointment
5	29	1	8	0	4	268.93	335.73	52.89	9.63	100	responsible
5	29	1	8	0	5	325.47	335.73	27.47	9.63	100	under
5	29	1	8	0	6	356.58	335.73	48.17	9.63	100	applicable
5	29	1	8	0	7	408.39	335.73	67.16	9.63	100	organisational
5	29	1	8	0	8	479.19	335.73	28.66	9.63	100	policy
5	29	1	8	0	9	511.49	335.73	13.14	9.63	100	for
4	29	1	8	1	0	70.866000	349.277630	400.642152	9.632735	-1	###LINE###
5	29	1	8	1	0	70.87	349.28	63.15	9.63	100	classification,
5	29	1	8	1	1	137.65	349.28	37.07	9.63	100	security
5	29	1	8	1	2	178.35	349.28	41.21	9.63	100	handling
5	29	1	8	1	3	223.20	349.28	17.57	9.63	100	and
5	29	1	8	1	4	244.41	349.28	31.61	9.63	100	release
5	29	1	8	1	5	279.66	349.28	30.64	9.63	100	review
5	29	1	8	1	6	313.93	349.28	8.79	9.63	100	of
5	29	1	8	1	7	326.35	349.28	40.13	9.63	100	sensitive
5	29	1	8	1	8	370.11	349.28	9.73	9.63	100	or
5	29	1	8	1	9	383.47	349.28	41.94	9.63	100	classified
5	29	1	8	1	10	429.05	349.28	42.46	9.63	100	material.
3	29	1	9	0	0	70.866000	369.492539	455.056786	36.839826	-1	###FLOW###
4	29	1	9	0	0	70.866000	369.492539	455.056786	9.741826	-1	###LINE###
5	29	1	9	0	0	70.87	369.49	38.83	9.74	100	System
5	29	1	9	0	1	113.89	369.49	55.30	9.74	100	Authority.
5	29	1	9	0	2	174.06	369.60	18.41	9.63	100	The
5	29	1	9	0	3	196.11	369.60	30.68	9.63	100	person
5	29	1	9	0	4	230.44	369.60	9.53	9.63	100	or
5	29	1	9	0	5	243.62	369.60	23.48	9.63	100	body
5	29	1	9	0	6	270.74	369.60	48.70	9.63	100	competent
5	29	1	9	0	7	323.08	369.60	9.50	9.63	100	to
5	29	1	9	0	8	336.22	369.60	34.80	9.63	100	consent
5	29	1	9	0	9	374.67	369.60	9.50	9.63	100	to
5	29	1	9	0	10	387.81	369.60	28.03	9.63	100	access
5	29	1	9	0	11	419.49	369.60	9.50	9.63	100	to
5	29	1	9	0	12	432.64	369.60	5.35	9.63	100	a
5	29	1	9	0	13	441.63	369.60	45.79	9.63	100	particular
5	29	1	9	0	14	491.06	369.60	34.86	9.63	100	system,
4	29	1	9	1	0	70.866000	383.150630	453.543773	9.632735	-1	###LINE###
5	29	1	9	1	0	70.87	383.15	39.35	9.63	100	identity,
5	29	1	9	1	1	113.85	383.15	41.52	9.63	100	network,
5	29	1	9	1	2	158.99	383.15	32.88	9.63	100	facility
5	29	1	9	1	3	195.50	383.15	9.86	9.63	100	or
5	29	1	9	1	4	208.98	383.15	25.23	9.63	100	other
5	29	1	9	1	5	237.84	383.15	31.99	9.63	100	target.
5	29	1	9	1	6	274.67	383.15	47.36	9.63	100	Authority
5	29	1	9	1	7	325.64	383.15	9.83	9.63	100	to
5	29	1	9	1	8	339.11	383.15	27.69	9.63	100	direct
5	29	1	9	1	9	370.41	383.15	11.68	9.63	100	an
5	29	1	9	1	10	385.71	383.15	52.18	9.63	100	assessment
5	29	1	9	1	11	441.51	383.15	21.27	9.63	100	does
5	29	1	9	1	12	466.39	383.15	15.98	9.63	100	not
5	29	1	9	1	13	486.00	383.15	11.67	9.63	100	by
5	29	1	9	1	14	501.30	383.15	23.11	9.63	100	itself
4	29	1	9	2	0	70.866000	396.699630	119.214645	9.632735	-1	###LINE###
5	29	1	9	2	0	70.87	396.70	28.82	9.63	100	confer
5	29	1	9	2	1	103.32	396.70	34.30	9.63	100	System
5	29	1	9	2	2	141.26	396.70	48.82	9.63	100	Authority.
3	29	1	10	0	0	70.462000	416.914539	453.943898	36.840826	-1	###FLOW###
4	29	1	10	0	0	70.866000	416.914539	453.539898	9.741826	-1	###LINE###
5	29	1	10	0	0	70.87	416.91	37.90	9.74	100	system
5	29	1	10	0	1	112.96	416.91	36.65	9.74	100	owner.
5	29	1	10	0	2	154.46	417.02	18.94	9.63	100	The
5	29	1	10	0	3	177.03	417.02	17.75	9.63	100	role
5	29	1	10	0	4	198.42	417.02	56.52	9.63	100	accountable
5	29	1	10	0	5	258.58	417.02	13.16	9.63	100	for
5	29	1	10	0	6	275.38	417.02	15.27	9.63	100	the
5	29	1	10	0	7	294.28	417.02	45.55	9.63	100	operation
5	29	1	10	0	8	343.47	417.02	17.72	9.63	100	and
5	29	1	10	0	9	364.82	417.02	48.90	9.63	100	protection
5	29	1	10	0	10	417.37	417.02	8.86	9.63	100	of
5	29	1	10	0	11	429.87	417.02	5.50	9.63	100	a
5	29	1	10	0	12	439.00	417.02	35.86	9.63	100	system.
5	29	1	10	0	13	479.71	417.02	8.25	9.63	100	A
5	29	1	10	0	14	491.60	417.02	32.81	9.63	100	system
4	29	1	10	1	0	70.866000	430.572630	453.539745	9.632735	-1	###LINE###
5	29	1	10	1	0	70.87	430.57	27.65	9.63	100	owner
5	29	1	10	1	1	101.99	430.57	7.19	9.63	100	is
5	29	1	10	1	2	112.66	430.57	15.44	9.63	100	not
5	29	1	10	1	3	131.59	430.57	39.32	9.63	100	assumed
5	29	1	10	1	4	174.39	430.57	9.50	9.63	100	to
5	29	1	10	1	5	187.38	430.57	20.19	9.63	100	hold
5	29	1	10	1	6	211.05	430.57	43.38	9.63	100	authority
5	29	1	10	1	7	257.92	430.57	9.50	9.63	100	to
5	29	1	10	1	8	270.91	430.57	34.79	9.63	100	consent
5	29	1	10	1	9	309.19	430.57	9.50	9.63	100	to
5	29	1	10	1	10	322.18	430.57	28.03	9.63	100	access
5	29	1	10	1	11	353.70	430.57	28.03	9.63	100	unless
5	29	1	10	1	12	385.22	430.57	17.88	9.63	100	also
5	29	1	10	1	13	406.58	430.57	49.36	9.63	100	designated
5	29	1	10	1	14	459.42	430.57	9.56	9.63	100	as
5	29	1	10	1	15	472.46	430.57	14.86	9.63	100	the
5	29	1	10	1	16	490.79	430.57	33.62	9.63	100	System
4	29	1	10	2	0	70.462000	444.122630	48.817132	9.632735	-1	###LINE###
5	29	1	10	2	0	70.46	444.12	48.82	9.63	100	Authority.
3	29	1	11	0	0	70.866000	464.336539	437.905456	9.741826	-1	###FLOW###
4	29	1	11	0	0	70.866000	464.336539	437.905456	9.741826	-1	###LINE###
5	29	1	11	0	0	70.87	464.34	33.74	9.74	100	threat
5	29	1	11	0	1	108.79	464.34	38.10	9.74	100	profile.
5	29	1	11	0	2	151.74	464.45	8.18	9.63	100	A
5	29	1	11	0	3	163.55	464.45	49.21	9.63	100	structured
5	29	1	11	0	4	216.41	464.45	52.21	9.63	100	description
5	29	1	11	0	5	272.25	464.45	8.79	9.63	100	of
5	29	1	11	0	6	284.67	464.45	15.15	9.63	100	the
5	29	1	11	0	7	303.47	464.45	45.88	9.63	100	adversary
5	29	1	11	0	8	352.98	464.45	43.33	9.63	100	emulated
5	29	1	11	0	9	399.95	464.45	30.94	9.63	100	during
5	29	1	11	0	10	434.52	464.45	11.51	9.63	100	an
5	29	1	11	0	11	449.67	464.45	59.10	9.63	100	engagement.
3	29	1	12	0	0	70.866000	484.660539	453.549127	23.290826	-1	###FLOW###
4	29	1	12	0	0	70.866000	484.660539	453.549127	9.741826	-1	###LINE###
5	29	1	12	0	0	70.87	484.66	43.23	9.74	100	Trusted
5	29	1	12	0	1	119.11	484.66	37.23	9.74	100	Agent.
5	29	1	12	0	2	163.33	484.77	19.16	9.63	100	The
5	29	1	12	0	3	186.84	484.77	36.82	9.63	100	Control
5	29	1	12	0	4	228.01	484.77	26.92	9.63	100	Team
5	29	1	12	0	5	259.28	484.77	23.65	9.63	100	Lead
5	29	1	12	0	6	287.28	484.77	30.91	9.63	100	within
5	29	1	12	0	7	322.54	484.77	15.45	9.63	100	the
5	29	1	12	0	8	342.34	484.77	39.19	9.63	100	assessed
5	29	1	12	0	9	385.88	484.77	62.53	9.63	100	organisation,
5	29	1	12	0	10	452.95	484.77	51.65	9.63	100	controlling
5	29	1	12	0	11	508.96	484.77	15.45	9.63	100	the
4	29	1	12	1	0	70.866000	498.318630	345.086469	9.632735	-1	###LINE###
5	29	1	12	1	0	70.87	498.32	56.06	9.63	100	engagement
5	29	1	12	1	1	130.57	498.32	17.57	9.63	100	and
5	29	1	12	1	2	151.78	498.32	35.15	9.63	100	holding
5	29	1	12	1	3	190.56	498.32	45.49	9.63	100	unilateral
5	29	1	12	1	4	239.69	498.32	44.27	9.63	100	authority
5	29	1	12	1	5	287.59	498.32	9.70	9.63	100	to
5	29	1	12	1	6	300.93	498.32	38.00	9.63	100	suspend
5	29	1	12	1	7	342.56	498.32	9.73	9.63	100	or
5	29	1	12	1	8	355.92	498.32	46.09	9.63	100	terminate
5	29	1	12	1	9	405.65	498.32	10.30	9.63	100	it.
3	29	2	0	0	0	257.623000	793.912520	80.030500	8.015962	-1	###FLOW###
4	29	2	0	0	0	257.623000	793.912520	80.030500	8.015962	-1	###LINE###
5	29	2	0	0	0	257.62	793.91	80.03	8.02	100	UNCLASSIFIED
3	29	2	1	0	0	287.052000	808.605601	21.172571	7.037598	-1	###FLOW###
4	29	2	1	0	0	287.052000	808.605601	21.172571	7.037598	-1	###LINE###
5	29	2	1	0	0	287.05	808.61	21.17	7.04	100	29/29
