level	page_num	par_num	block_num	line_num	word_num	left	top	width	height	conf	text
1	1	0	0	0	0	0.000000	0.000000	595.276000	841.890000	-1	###PAGE###
3	1	0	0	0	0	260.882000	40.770960	73.512217	7.133240	-1	###FLOW###
4	1	0	0	0	0	260.882000	40.770960	73.512217	7.133240	-1	###LINE###
5	1	0	0	0	0	260.88	40.77	73.51	7.13	100	UNCLASSIFIED
3	1	1	0	0	0	70.866000	75.001199	203.317216	12.595964	-1	###FLOW###
4	1	1	0	0	0	70.866000	75.001199	203.317216	12.595964	-1	###LINE###
5	1	1	0	0	0	70.87	75.00	27.36	12.60	100	T02
5	1	1	0	0	1	103.61	75.00	16.14	12.60	100	—
5	1	1	0	0	2	125.13	75.00	38.77	12.60	100	Rules
5	1	1	0	0	3	169.28	75.00	13.00	12.60	100	of
5	1	1	0	0	4	187.66	75.00	86.52	12.60	100	Engagement
3	1	1	1	0	0	70.866000	100.449643	270.347720	10.496666	-1	###FLOW###
4	1	1	1	0	0	70.866000	100.449643	270.347720	10.496666	-1	###LINE###
5	1	1	1	0	0	70.87	100.45	104.29	10.50	100	[ENGAGEMENT
5	1	1	1	0	1	179.64	100.45	45.99	10.50	100	NAME]
5	1	1	1	0	2	230.12	100.45	13.45	10.50	100	—
5	1	1	1	0	3	248.05	100.45	42.69	10.50	100	[CODE
5	1	1	1	0	4	295.22	100.45	45.99	10.50	100	NAME]
3	1	2	0	0	0	70.866000	142.665769	95.392891	8.796976	-1	###FLOW###
4	1	2	0	0	0	70.866000	142.665769	95.392891	8.796976	-1	###LINE###
5	1	2	0	0	0	70.87	142.67	53.55	8.80	100	Engagement
5	1	2	0	0	1	127.73	142.67	38.53	8.80	100	reference
3	1	3	0	0	0	345.082000	142.665769	78.181503	8.796976	-1	###FLOW###
4	1	3	0	0	0	345.082000	142.665769	78.181503	8.796976	-1	###LINE###
5	1	3	0	0	0	345.08	142.67	78.18	8.80	100	[RT-YYYY-NNN]
3	1	4	0	0	0	70.866000	168.958769	48.983115	8.796976	-1	###FLOW###
4	1	4	0	0	0	70.866000	168.958769	48.983115	8.796976	-1	###LINE###
5	1	4	0	0	0	70.87	168.96	22.42	8.80	100	Code
5	1	4	0	0	1	96.60	168.96	23.25	8.80	100	name
3	1	4	1	0	0	70.866000	195.252769	57.675484	8.796976	-1	###FLOW###
4	1	4	1	0	0	70.866000	195.252769	57.675484	8.796976	-1	###LINE###
5	1	4	1	0	0	70.87	195.25	57.68	8.80	100	Classification
3	1	4	2	0	0	70.866000	221.545769	32.190157	8.796976	-1	###FLOW###
4	1	4	2	0	0	70.866000	221.545769	32.190157	8.796976	-1	###LINE###
5	1	4	2	0	0	70.87	221.55	32.19	8.80	100	Version
3	1	4	3	0	0	70.866000	247.839769	94.121664	8.796976	-1	###FLOW###
4	1	4	3	0	0	70.866000	247.839769	94.121664	8.796976	-1	###LINE###
5	1	4	3	0	0	70.87	247.84	37.58	8.80	100	Assessed
5	1	4	3	0	1	111.77	247.84	53.22	8.80	100	organisation
3	1	4	4	0	0	70.866000	274.132769	97.442198	8.796976	-1	###FLOW###
4	1	4	4	0	0	70.866000	274.132769	97.442198	8.796976	-1	###LINE###
5	1	4	4	0	0	70.87	274.13	40.91	8.80	100	Assessing
5	1	4	4	0	1	115.09	274.13	53.22	8.80	100	organisation
3	1	4	5	0	0	70.866000	300.425769	168.866070	8.796976	-1	###FLOW###
4	1	4	5	0	0	70.866000	300.425769	168.866070	8.796976	-1	###LINE###
5	1	4	5	0	0	70.87	300.43	47.32	8.80	100	Mandating
5	1	4	5	0	1	121.51	300.43	42.37	8.80	100	authority,
5	1	4	5	0	2	167.20	300.43	25.49	8.80	100	where
5	1	4	5	0	3	196.00	300.43	43.73	8.80	100	applicable
3	1	4	6	0	0	70.866000	326.719769	74.614893	8.796976	-1	###FLOW###
4	1	4	6	0	0	70.866000	326.719769	74.614893	8.796976	-1	###LINE###
5	1	4	6	0	0	70.87	326.72	43.59	8.80	100	Execution
5	1	4	6	0	1	117.77	326.72	27.71	8.80	100	period
3	1	5	0	0	0	345.081584	326.719769	146.287830	8.796976	-1	###FLOW###
4	1	5	0	0	0	345.081584	326.719769	146.287830	8.796976	-1	###LINE###
5	1	5	0	0	0	345.08	326.72	22.86	8.80	100	From
5	1	5	0	0	1	371.26	326.72	52.30	8.80	100	_______
5	1	5	0	0	2	426.88	326.72	8.86	8.80	100	to
5	1	5	0	0	3	439.07	326.72	52.30	8.80	100	_______
3	1	6	0	0	0	70.866000	353.012769	56.147221	8.796976	-1	###FLOW###
4	1	6	0	0	0	70.866000	353.012769	56.147221	8.796976	-1	###LINE###
5	1	6	0	0	0	70.87	353.01	20.89	8.80	100	Date
5	1	6	0	0	1	95.08	353.01	8.03	8.80	100	of
5	1	6	0	0	2	106.43	353.01	20.58	8.80	100	issue
3	1	6	1	0	0	95.414000	383.810769	404.354394	56.617976	-1	###FLOW###
4	1	6	1	0	0	95.414000	383.810769	404.354394	8.796976	-1	###LINE###
5	1	6	1	0	0	95.41	383.81	25.70	8.80	100	These
5	1	6	1	0	1	124.43	383.81	23.88	8.80	100	Rules
5	1	6	1	0	2	151.62	383.81	8.08	8.80	100	of
5	1	6	1	0	3	163.03	383.81	53.92	8.80	100	Engagement
5	1	6	1	0	4	220.27	383.81	28.74	8.80	100	govern
5	1	6	1	0	5	252.32	383.81	13.93	8.80	100	the
5	1	6	1	0	6	269.58	383.81	25.08	8.80	100	whole
5	1	6	1	0	7	297.97	383.81	51.57	8.80	100	engagement
5	1	6	1	0	8	352.84	383.81	16.16	8.80	100	and
5	1	6	1	0	9	372.33	383.81	20.12	8.80	100	shall
5	1	6	1	0	10	395.77	383.81	10.30	8.80	100	be
5	1	6	1	0	11	409.40	383.81	37.98	8.80	100	observed
5	1	6	1	0	12	450.70	383.81	49.07	8.80	100	throughout
4	1	6	1	1	0	95.773000	395.766769	403.732014	8.796976	-1	###LINE###
5	1	6	1	1	0	95.77	395.77	43.12	8.80	100	execution.
5	1	6	1	1	1	143.10	395.77	7.32	8.80	100	A
5	1	6	1	1	2	153.07	395.77	46.21	8.80	100	restriction,
5	1	6	1	1	3	202.06	395.77	45.46	8.80	100	suspension
5	1	6	1	1	4	250.18	395.77	8.71	8.80	100	or
5	1	6	1	1	5	261.53	395.77	17.95	8.80	100	stop
5	1	6	1	1	6	282.13	395.77	46.19	8.80	100	instruction
5	1	6	1	1	7	330.97	395.77	21.75	8.80	100	takes
5	1	6	1	1	8	355.36	395.77	22.51	8.80	100	effect
5	1	6	1	1	9	380.52	395.77	52.34	8.80	100	immediately
5	1	6	1	1	10	435.51	395.77	15.73	8.80	100	and
5	1	6	1	1	11	453.90	395.77	6.56	8.80	100	is
5	1	6	1	1	12	463.11	395.77	36.40	8.80	100	recorded
4	1	6	1	2	0	95.773000	407.721769	403.984426	8.796976	-1	###LINE###
5	1	6	1	2	0	95.77	407.72	9.09	8.80	100	as
5	1	6	1	2	1	108.53	407.72	20.10	8.80	100	soon
5	1	6	1	2	2	132.30	407.72	9.09	8.80	100	as
5	1	6	1	2	3	145.07	407.72	51.40	8.80	100	practicable.
5	1	6	1	2	4	201.95	407.72	18.36	8.80	100	Any
5	1	6	1	2	5	223.99	407.72	43.80	8.80	100	expansion
5	1	6	1	2	6	271.47	407.72	8.19	8.80	100	of
5	1	6	1	2	7	283.32	407.72	26.56	8.80	100	target
5	1	6	1	2	8	313.56	407.72	26.59	8.80	100	space,
5	1	6	1	2	9	343.92	407.72	29.92	8.80	100	action,
5	1	6	1	2	10	377.60	407.72	42.34	8.80	100	objective,
5	1	6	1	2	11	423.70	407.72	43.47	8.80	100	capability
5	1	6	1	2	12	470.85	407.72	9.06	8.80	100	or
5	1	6	1	2	13	483.58	407.72	16.18	8.80	100	risk
4	1	6	1	3	0	95.773000	419.676769	403.733249	8.796976	-1	###LINE###
5	1	6	1	3	0	95.77	419.68	34.22	8.80	100	requires
5	1	6	1	3	1	133.31	419.68	21.13	8.80	100	prior
5	1	6	1	3	2	157.76	419.68	31.64	8.80	100	written
5	1	6	1	3	3	192.73	419.68	37.18	8.80	100	approval
5	1	6	1	3	4	233.23	419.68	20.27	8.80	100	from
5	1	6	1	3	5	256.83	419.68	23.04	8.80	100	every
5	1	6	1	3	6	283.19	419.68	40.51	8.80	100	authority
5	1	6	1	3	7	327.03	419.68	36.33	8.80	100	affected.
5	1	6	1	3	8	367.78	419.68	25.57	8.80	100	These
5	1	6	1	3	9	396.67	419.68	23.76	8.80	100	Rules
5	1	6	1	3	10	423.76	419.68	20.02	8.80	100	shall
5	1	6	1	3	11	447.10	419.68	10.26	8.80	100	be
5	1	6	1	3	12	460.68	419.68	38.82	8.80	100	amended
4	1	6	1	4	0	95.414000	431.631769	187.551923	8.796976	-1	###LINE###
5	1	6	1	4	0	95.41	431.63	40.43	8.80	100	whenever
5	1	6	1	4	1	139.16	431.63	10.52	8.80	100	an
5	1	6	1	4	2	153.01	431.63	45.46	8.80	100	authorised
5	1	6	1	4	3	201.80	431.63	41.53	8.80	100	boundary
5	1	6	1	4	4	246.66	431.63	36.31	8.80	100	changes.
3	1	6	2	0	0	95.773000	449.564769	304.936257	8.796976	-1	###FLOW###
4	1	6	2	0	0	95.773000	449.564769	304.936257	8.796976	-1	###LINE###
5	1	6	2	0	0	95.77	449.56	41.40	8.80	100	Produced
5	1	6	2	0	1	140.50	449.56	8.86	8.80	100	to
5	1	6	2	0	2	152.67	449.56	13.84	8.80	100	the
5	1	6	2	0	3	169.83	449.56	38.28	8.80	100	standard
5	1	6	2	0	4	211.42	449.56	8.86	8.80	100	at
5	1	6	2	0	5	223.60	449.56	28.23	8.80	100	Annex
5	1	6	2	0	6	255.15	449.56	7.06	8.80	100	B
5	1	6	2	0	7	265.52	449.56	8.03	8.80	100	of
5	1	6	2	0	8	276.88	449.56	13.84	8.80	100	the
5	1	6	2	0	9	294.03	449.56	17.30	8.80	100	Red
5	1	6	2	0	10	314.65	449.56	24.08	8.80	100	Team
5	1	6	2	0	11	342.04	449.56	58.67	8.80	100	Methodology.
3	1	7	0	0	0	70.866000	494.072643	56.489516	10.496666	-1	###FLOW###
4	1	7	0	0	0	70.866000	494.072643	56.489516	10.496666	-1	###LINE###
5	1	7	0	0	0	70.87	494.07	56.49	10.50	100	Summary
3	1	7	1	0	0	70.866000	513.675143	52.271770	8.896602	-1	###FLOW###
4	1	7	1	0	0	70.866000	513.675143	52.271770	8.896602	-1	###LINE###
5	1	7	1	0	0	70.87	513.68	52.27	8.90	100	Objectives
3	1	7	2	0	0	70.866000	542.676769	56.039625	8.796976	-1	###FLOW###
4	1	7	2	0	0	70.866000	542.676769	56.039625	8.796976	-1	###LINE###
5	1	7	2	0	0	70.87	542.68	41.51	8.80	100	Objective
5	1	7	2	0	1	115.70	542.68	11.21	8.80	100	ID
3	1	8	0	0	0	320.791000	542.676769	41.514154	8.796976	-1	###FLOW###
4	1	8	0	0	0	320.791000	542.676769	41.514154	8.796976	-1	###LINE###
5	1	8	0	0	0	320.79	542.68	41.51	8.80	100	Objective
3	1	9	0	0	0	70.866000	573.970769	21.032045	8.796976	-1	###FLOW###
4	1	9	0	0	0	70.866000	573.970769	21.032045	8.796976	-1	###LINE###
5	1	9	0	0	0	70.87	573.97	21.03	8.80	100	O-01
3	1	9	1	0	0	70.866000	600.263769	21.032045	8.796976	-1	###FLOW###
4	1	9	1	0	0	70.866000	600.263769	21.032045	8.796976	-1	###LINE###
5	1	9	1	0	0	70.87	600.26	21.03	8.80	100	O-02
3	1	9	2	0	0	70.866000	626.557769	21.032045	8.796976	-1	###FLOW###
4	1	9	2	0	0	70.866000	626.557769	21.032045	8.796976	-1	###LINE###
5	1	9	2	0	0	70.87	626.56	21.03	8.80	100	O-03
3	1	10	0	0	0	70.866000	663.234143	105.493971	8.896602	-1	###FLOW###
4	1	10	0	0	0	70.866000	663.234143	105.493971	8.896602	-1	###LINE###
5	1	10	0	0	0	70.87	663.23	45.49	8.90	100	Principal
5	1	10	0	0	1	120.17	663.23	56.19	8.90	100	restrictions
3	1	10	1	0	0	70.866000	692.234769	47.823469	8.796976	-1	###FLOW###
4	1	10	1	0	0	70.866000	692.234769	47.823469	8.796976	-1	###LINE###
5	1	10	1	0	0	70.87	692.23	47.82	8.80	100	Restriction
3	1	11	0	0	0	260.882000	794.933960	73.512217	7.133239	-1	###FLOW###
4	1	11	0	0	0	260.882000	794.933960	73.512217	7.133239	-1	###LINE###
5	1	11	0	0	0	260.88	794.93	73.51	7.13	100	UNCLASSIFIED
3	1	11	1	0	0	289.696000	810.521052	15.883527	6.157865	-1	###FLOW###
4	1	11	1	0	0	289.696000	810.521052	15.883527	6.157865	-1	###LINE###
5	1	11	1	0	0	289.70	810.52	15.88	6.16	100	1/16
1	2	0	0	0	0	289.696000	810.521052	595.276000	841.890000	-1	###PAGE###
3	2	0	0	0	0	260.882000	40.770960	73.512217	7.133240	-1	###FLOW###
4	2	0	0	0	0	260.882000	40.770960	73.512217	7.133240	-1	###LINE###
5	2	0	0	0	0	260.88	40.77	73.51	7.13	100	UNCLASSIFIED
3	2	1	0	0	0	70.866000	82.996769	47.823469	8.796976	-1	###FLOW###
4	2	1	0	0	0	70.866000	82.996769	47.823469	8.796976	-1	###LINE###
5	2	1	0	0	0	70.87	83.00	47.82	8.80	100	Restriction
3	2	2	0	0	0	70.866000	150.967143	186.584554	8.896602	-1	###FLOW###
4	2	2	0	0	0	70.866000	150.967143	186.584554	8.896602	-1	###LINE###
5	2	2	0	0	0	70.87	150.97	55.29	8.90	100	Authorised
5	2	2	0	0	1	129.98	150.97	30.18	8.90	100	target
5	2	2	0	0	2	163.98	150.97	29.98	8.90	100	space,
5	2	2	0	0	3	197.77	150.97	9.55	8.90	100	in
5	2	2	0	0	4	211.14	150.97	46.31	8.90	100	summary
3	2	2	1	0	0	70.507000	179.967769	98.688519	8.796976	-1	###FLOW###
4	2	2	1	0	0	70.507000	179.967769	98.688519	8.796976	-1	###LINE###
5	2	2	1	0	0	70.51	179.97	55.16	8.80	100	Target-space
5	2	2	1	0	1	128.98	179.97	40.21	8.80	100	summary
3	2	3	0	0	0	70.866000	300.525143	422.773890	9.175555	-1	###FLOW###
4	2	3	0	0	0	70.866000	300.525143	422.773890	9.175555	-1	###LINE###
5	2	3	0	0	0	70.87	300.53	51.05	8.90	100	Cessation.
5	2	3	0	0	1	126.34	300.62	34.59	8.80	100	Contact
5	2	3	0	0	2	164.26	300.62	51.61	8.80	100	[TRUSTED
5	2	3	0	0	3	219.18	300.62	39.23	8.80	100	AGENT]
5	2	3	0	0	4	261.74	300.62	10.52	8.80	100	on
5	2	3	0	0	5	275.57	300.62	46.08	8.80	100	[24-HOUR
5	2	3	0	0	6	324.97	300.62	50.78	8.80	100	NUMBER].
5	2	3	0	0	7	379.08	300.62	22.41	8.80	100	Code
5	2	3	0	0	8	404.81	300.62	24.10	8.80	100	word:
5	2	3	0	0	9	433.34	301.52	26.15	8.18	100	[CODE
5	2	3	0	0	10	464.72	301.52	28.92	8.18	100	WORD].
3	2	4	0	0	0	70.866000	348.555199	108.543349	12.595964	-1	###FLOW###
4	2	4	0	0	0	70.866000	348.555199	108.543349	12.595964	-1	###LINE###
5	2	4	0	0	0	70.87	348.56	12.55	12.60	100	1.
5	2	4	0	0	1	90.59	348.56	88.82	12.60	100	Introduction
3	2	4	1	0	0	70.866000	374.003643	69.830323	10.496666	-1	###FLOW###
4	2	4	1	0	0	70.866000	374.003643	69.830323	10.496666	-1	###LINE###
5	2	4	1	0	0	70.87	374.00	17.19	10.50	100	1.1
5	2	4	1	0	1	92.53	374.00	48.16	10.50	100	Purpose
3	2	4	2	0	0	70.507000	393.705769	453.898049	20.751976	-1	###FLOW###
4	2	4	2	0	0	70.507000	393.705769	453.898049	8.796976	-1	###LINE###
5	2	4	2	0	0	70.51	393.71	25.52	8.80	100	These
5	2	4	2	0	1	99.35	393.71	23.72	8.80	100	Rules
5	2	4	2	0	2	126.40	393.71	8.03	8.80	100	of
5	2	4	2	0	3	137.75	393.71	53.55	8.80	100	Engagement
5	2	4	2	0	4	194.63	393.71	37.75	8.80	100	establish
5	2	4	2	0	5	235.70	393.71	13.84	8.80	100	the
5	2	4	2	0	6	252.87	393.71	51.01	8.80	100	relationship
5	2	4	2	0	7	307.20	393.71	16.05	8.80	100	and
5	2	4	2	0	8	326.58	393.71	47.09	8.80	100	obligations
5	2	4	2	0	9	377.00	393.71	35.15	8.80	100	between
5	2	4	2	0	10	415.49	393.71	13.83	8.80	100	the
5	2	4	2	0	11	432.64	393.71	13.87	8.80	100	red
5	2	4	2	0	12	449.83	393.71	24.35	8.80	100	team,
5	2	4	2	0	13	477.53	393.71	13.84	8.80	100	the
5	2	4	2	0	14	494.69	393.71	29.71	8.80	100	system
4	2	4	2	1	0	70.866000	405.660769	307.262524	8.796976	-1	###LINE###
5	2	4	2	1	0	70.87	405.66	25.76	8.80	100	owner
5	2	4	2	1	1	99.95	405.66	16.05	8.80	100	and
5	2	4	2	1	2	119.33	405.66	13.84	8.80	100	the
5	2	4	2	1	3	136.48	405.66	35.09	8.80	100	assessed
5	2	4	2	1	4	174.89	405.66	53.22	8.80	100	organisation
5	2	4	2	1	5	231.43	405.66	11.93	8.80	100	for
5	2	4	2	1	6	246.68	405.66	13.84	8.80	100	the
5	2	4	2	1	7	263.84	405.66	51.20	8.80	100	engagement
5	2	4	2	1	8	318.36	405.66	28.78	8.80	100	named
5	2	4	2	1	9	350.46	405.66	27.67	8.80	100	above.
3	2	5	0	0	0	70.866000	432.236643	84.604559	10.496666	-1	###FLOW###
4	2	5	0	0	0	70.866000	432.236643	84.604559	10.496666	-1	###LINE###
5	2	5	0	0	0	70.87	432.24	17.19	10.50	100	1.2
5	2	5	0	0	1	92.53	432.24	62.94	10.50	100	References
3	2	5	1	0	0	83.043000	451.938769	182.592540	8.796976	-1	###FLOW###
4	2	5	1	0	0	83.043000	451.938769	182.592540	8.796976	-1	###LINE###
5	2	5	1	0	0	83.04	451.94	7.75	8.80	100	a.
5	2	5	1	0	1	95.77	451.94	17.30	8.80	100	Red
5	2	5	1	0	2	116.39	451.94	24.08	8.80	100	Team
5	2	5	1	0	3	143.78	451.94	58.67	8.80	100	Methodology,
5	2	5	1	0	4	205.78	451.94	30.52	8.80	100	version
5	2	5	1	0	5	239.62	451.94	26.01	8.80	100	[X.Y].
3	2	5	2	0	0	82.489000	469.871769	181.793540	8.796976	-1	###FLOW###
4	2	5	2	0	0	82.489000	469.871769	181.793540	8.796976	-1	###LINE###
5	2	5	2	0	0	82.49	469.87	8.30	8.80	100	b.
5	2	5	2	0	1	95.77	469.87	26.73	8.80	100	Letter
5	2	5	2	0	2	125.83	469.87	8.03	8.80	100	of
5	2	5	2	0	3	137.17	469.87	59.86	8.80	100	Authorisation
5	2	5	2	0	4	200.36	469.87	24.35	8.80	100	dated
5	2	5	2	0	5	228.03	469.87	36.25	8.80	100	[DATE].
3	2	5	3	0	0	83.596000	487.804769	126.054785	8.796976	-1	###FLOW###
4	2	5	3	0	0	83.596000	487.804769	126.054785	8.796976	-1	###LINE###
5	2	5	3	0	0	83.60	487.80	7.20	8.80	100	c.
5	2	5	3	0	1	95.77	487.80	39.30	8.80	100	[OTHER
5	2	5	3	0	2	138.39	487.80	71.26	8.80	100	REFERENCES]
3	2	6	0	0	0	70.866000	514.379643	159.542144	10.496666	-1	###FLOW###
4	2	6	0	0	0	70.866000	514.379643	159.542144	10.496666	-1	###LINE###
5	2	6	0	0	0	70.87	514.38	17.19	10.50	100	1.3
5	2	6	0	0	1	92.53	514.38	34.15	10.50	100	Scope
5	2	6	0	0	2	131.17	514.38	10.83	10.50	100	of
5	2	6	0	0	3	146.49	514.38	21.74	10.50	100	this
5	2	6	0	0	4	172.71	514.38	57.69	10.50	100	document
3	2	6	1	0	0	70.488000	534.081769	454.194137	20.751976	-1	###FLOW###
4	2	6	1	0	0	70.488000	534.081769	454.194137	8.796976	-1	###LINE###
5	2	6	1	0	0	70.49	534.08	33.08	8.80	100	Applies
5	2	6	1	0	1	107.56	534.08	9.03	8.80	100	to
5	2	6	1	0	2	120.58	534.08	10.73	8.80	100	all
5	2	6	1	0	3	135.29	534.08	33.60	8.80	100	activity
5	2	6	1	0	4	172.88	534.08	45.17	8.80	100	conducted
5	2	6	1	0	5	222.03	534.08	10.73	8.80	100	by
5	2	6	1	0	6	236.75	534.08	14.11	8.80	100	the
5	2	6	1	0	7	254.85	534.08	42.13	8.80	100	personnel
5	2	6	1	0	8	300.98	534.08	29.36	8.80	100	named
5	2	6	1	0	9	334.32	534.08	9.03	8.80	100	at
5	2	6	1	0	10	347.34	534.08	43.18	8.80	100	Appendix
5	2	6	1	0	11	394.51	534.08	5.08	8.80	100	2
5	2	6	1	0	12	403.58	534.08	31.67	8.80	100	against
5	2	6	1	0	13	439.24	534.08	14.11	8.80	100	the
5	2	6	1	0	14	457.34	534.08	26.56	8.80	100	target
5	2	6	1	0	15	487.89	534.08	23.77	8.80	100	space
5	2	6	1	0	16	515.65	534.08	9.03	8.80	100	at
4	2	6	1	1	0	70.488000	546.036769	177.722821	8.796976	-1	###LINE###
5	2	6	1	1	0	70.49	546.04	42.34	8.80	100	Appendix
5	2	6	1	1	1	116.15	546.04	4.98	8.80	100	3
5	2	6	1	1	2	124.45	546.04	28.26	8.80	100	during
5	2	6	1	1	3	156.02	546.04	13.84	8.80	100	the
5	2	6	1	1	4	173.19	546.04	41.23	8.80	100	execution
5	2	6	1	1	5	217.75	546.04	30.47	8.80	100	period.
3	2	7	0	0	0	70.866000	572.612643	85.262095	10.496666	-1	###FLOW###
4	2	7	0	0	0	70.866000	572.612643	85.262095	10.496666	-1	###LINE###
5	2	7	0	0	0	70.87	572.61	17.19	10.50	100	1.4
5	2	7	0	0	1	92.53	572.61	63.59	10.50	100	Definitions
3	2	7	1	0	0	70.488000	592.314769	249.735483	8.796976	-1	###FLOW###
4	2	7	1	0	0	70.488000	592.314769	249.735483	8.796976	-1	###LINE###
5	2	7	1	0	0	70.49	592.31	11.40	8.80	100	As
5	2	7	1	0	1	85.21	592.31	12.23	8.80	100	set
5	2	7	1	0	2	100.76	592.31	14.39	8.80	100	out
5	2	7	1	0	3	118.48	592.31	8.30	8.80	100	in
5	2	7	1	0	4	130.10	592.31	13.84	8.80	100	the
5	2	7	1	0	5	147.25	592.31	33.63	8.80	100	Lexicon
5	2	7	1	0	6	184.20	592.31	8.86	8.80	100	to
5	2	7	1	0	7	196.38	592.31	13.84	8.80	100	the
5	2	7	1	0	8	213.53	592.31	17.30	8.80	100	Red
5	2	7	1	0	9	234.15	592.31	24.08	8.80	100	Team
5	2	7	1	0	10	261.55	592.31	58.68	8.80	100	Methodology.
3	2	8	0	0	0	70.866000	640.244199	135.951764	12.595964	-1	###FLOW###
4	2	8	0	0	0	70.866000	640.244199	135.951764	12.595964	-1	###LINE###
5	2	8	0	0	0	70.87	640.24	12.55	12.60	100	2.
5	2	8	0	0	1	90.59	640.24	27.55	12.60	100	The
5	2	8	0	0	2	123.53	640.24	83.29	12.60	100	engagement
3	2	8	1	0	0	70.866000	665.693643	75.328520	10.496666	-1	###FLOW###
4	2	8	1	0	0	70.866000	665.693643	75.328520	10.496666	-1	###LINE###
5	2	8	1	0	0	70.87	665.69	17.19	10.50	100	2.1
5	2	8	1	0	1	92.53	665.69	53.66	10.50	100	Category
3	2	8	2	0	0	70.866000	685.365881	420.730561	10.381029	-1	###FLOW###
4	2	8	2	0	0	70.866000	685.365881	420.730561	10.381029	-1	###LINE###
5	2	8	2	0	0	70.87	685.37	7.75	10.38	100	□
5	2	8	2	0	1	81.93	685.40	20.06	8.80	100	SL-1
5	2	8	2	0	2	105.32	685.40	34.34	8.80	100	Internal
5	2	8	2	0	3	142.98	685.40	46.99	8.80	100	assessment
5	2	8	2	0	4	193.29	685.37	7.75	10.38	100	□
5	2	8	2	0	5	204.37	685.40	20.06	8.80	100	SL-2
5	2	8	2	0	6	227.75	685.40	44.00	8.80	100	Mandated
5	2	8	2	0	7	275.07	685.40	51.20	8.80	100	engagement
5	2	8	2	0	8	329.59	685.37	7.75	10.38	100	□
5	2	8	2	0	9	340.66	685.40	20.06	8.80	100	SL-3
5	2	8	2	0	10	364.04	685.40	35.92	8.80	100	Exercise
5	2	8	2	0	11	403.29	685.37	7.75	10.38	100	□
5	2	8	2	0	12	414.35	685.40	20.06	8.80	100	SL-4
5	2	8	2	0	13	437.74	685.40	28.94	8.80	100	Purple
5	2	8	2	0	14	470.01	685.40	21.59	8.80	100	team
3	2	9	0	0	0	70.866000	711.970643	82.759872	10.496666	-1	###FLOW###
4	2	9	0	0	0	70.866000	711.970643	82.759872	10.496666	-1	###LINE###
5	2	9	0	0	0	70.87	711.97	17.19	10.50	100	2.2
5	2	9	0	0	1	92.53	711.97	61.09	10.50	100	Attributes
3	2	10	0	0	0	260.882000	794.933960	73.512217	7.133239	-1	###FLOW###
4	2	10	0	0	0	260.882000	794.933960	73.512217	7.133239	-1	###LINE###
5	2	10	0	0	0	260.88	794.93	73.51	7.13	100	UNCLASSIFIED
3	2	10	1	0	0	289.696000	810.521052	15.883527	6.157865	-1	###FLOW###
4	2	10	1	0	0	289.696000	810.521052	15.883527	6.157865	-1	###LINE###
5	2	10	1	0	0	289.70	810.52	15.88	6.16	100	2/16
1	3	0	0	0	0	289.696000	810.521052	595.276000	841.890000	-1	###PAGE###
3	3	0	0	0	0	260.882000	40.770960	73.512217	7.133240	-1	###FLOW###
4	3	0	0	0	0	260.882000	40.770960	73.512217	7.133240	-1	###LINE###
5	3	0	0	0	0	260.88	40.77	73.51	7.13	100	UNCLASSIFIED
3	3	1	0	0	0	70.488000	82.996769	40.985140	8.796976	-1	###FLOW###
4	3	1	0	0	0	70.488000	82.996769	40.985140	8.796976	-1	###LINE###
5	3	1	0	0	0	70.49	83.00	40.99	8.80	100	Attribute
3	3	2	0	0	0	214.921000	82.996769	24.357561	8.796976	-1	###FLOW###
4	3	2	0	0	0	214.921000	82.996769	24.357561	8.796976	-1	###LINE###
5	3	2	0	0	0	214.92	83.00	24.36	8.80	100	Value
3	3	3	0	0	0	70.866000	114.290769	65.369600	8.796976	-1	###FLOW###
4	3	3	0	0	0	70.866000	114.290769	65.369600	8.796976	-1	###LINE###
5	3	3	0	0	0	70.87	114.29	29.08	8.80	100	Covert
5	3	3	0	0	1	103.28	114.29	8.88	8.80	100	or
5	3	3	0	0	2	115.48	114.29	20.76	8.80	100	open
3	3	4	0	0	0	215.299000	114.260881	162.665348	10.381029	-1	###FLOW###
4	3	4	0	0	0	215.299000	114.260881	162.665348	10.381029	-1	###LINE###
5	3	4	0	0	0	215.30	114.26	7.75	10.38	100	□
5	3	4	0	0	1	226.37	114.29	29.09	8.80	100	Covert
5	3	4	0	0	2	258.77	114.26	7.75	10.38	100	□
5	3	4	0	0	3	269.84	114.29	23.53	8.80	100	Open
5	3	4	0	0	4	296.69	114.26	7.75	10.38	100	□
5	3	4	0	0	5	307.76	114.29	37.80	8.80	100	Partially
5	3	4	0	0	6	348.88	114.29	29.08	8.80	100	covert:
3	3	5	0	0	0	70.866000	140.583769	71.235579	8.796976	-1	###FLOW###
4	3	5	0	0	0	70.866000	140.583769	71.235579	8.796976	-1	###LINE###
5	3	5	0	0	0	70.87	140.58	35.45	8.80	100	Starting
5	3	5	0	0	1	109.64	140.58	32.47	8.80	100	posture
3	3	6	0	0	0	215.296801	140.553881	285.961489	22.337029	-1	###FLOW###
4	3	6	0	0	0	215.296801	140.553881	285.961489	10.381029	-1	###LINE###
5	3	6	0	0	0	215.30	140.55	7.75	10.38	100	□
5	3	6	0	0	1	226.37	140.58	37.52	8.80	100	External
5	3	6	0	0	2	267.22	140.55	7.75	10.38	100	□
5	3	6	0	0	3	278.29	140.58	39.13	8.80	100	Assumed
5	3	6	0	0	4	320.74	140.58	31.30	8.80	100	breach,
5	3	6	0	0	5	355.35	140.58	17.80	8.80	100	user
5	3	6	0	0	6	376.48	140.55	7.75	10.38	100	□
5	3	6	0	0	7	387.54	140.58	39.13	8.80	100	Assumed
5	3	6	0	0	8	429.99	140.58	31.30	8.80	100	breach,
5	3	6	0	0	9	464.61	140.58	25.57	8.80	100	server
5	3	6	0	0	10	493.51	140.55	7.75	10.38	100	□
4	3	6	0	1	0	215.299000	152.509881	100.543555	10.381029	-1	###LINE###
5	3	6	0	1	0	215.30	152.54	29.70	8.80	100	Insider
5	3	6	0	1	1	248.31	152.51	7.75	10.38	100	□
5	3	6	0	1	2	259.38	152.54	30.17	8.80	100	Supply
5	3	6	0	1	3	292.87	152.54	22.97	8.80	100	chain
3	3	7	0	0	0	70.866000	178.832769	110.974398	8.796976	-1	###FLOW###
4	3	7	0	0	0	70.866000	178.832769	110.974398	8.796976	-1	###LINE###
5	3	7	0	0	0	70.87	178.83	45.38	8.80	100	Capability
5	3	7	0	0	1	119.57	178.83	19.38	8.80	100	level
5	3	7	0	0	2	142.27	178.83	39.57	8.80	100	emulated
3	3	8	0	0	0	215.299000	178.802881	279.091280	20.781864	-1	###FLOW###
4	3	8	0	0	0	215.299000	178.802881	279.091280	10.381029	-1	###LINE###
5	3	8	0	0	0	215.30	178.80	7.75	10.38	100	□
5	3	8	0	0	1	226.37	178.83	4.98	8.80	100	1
5	3	8	0	0	2	234.67	178.83	60.69	8.80	100	Opportunistic
5	3	8	0	0	3	298.68	178.80	7.75	10.38	100	□
5	3	8	0	0	4	309.75	178.83	4.98	8.80	100	2
5	3	8	0	0	5	318.05	178.83	38.50	8.80	100	Targeted
5	3	8	0	0	6	359.87	178.83	35.45	8.80	100	criminal
5	3	8	0	0	7	398.64	178.80	7.75	10.38	100	□
5	3	8	0	0	8	409.71	178.83	4.98	8.80	100	3
5	3	8	0	0	9	418.01	178.83	57.01	8.80	100	State-aligned
5	3	8	0	0	10	478.34	178.80	7.75	10.38	100	□
5	3	8	0	0	11	489.41	178.83	4.98	8.80	100	4
4	3	8	0	1	0	215.299000	190.787769	66.228376	8.796976	-1	###LINE###
5	3	8	0	1	0	215.30	190.79	66.23	8.80	100	Insider-enabled
3	3	9	0	0	0	70.866000	217.081769	127.137720	8.796976	-1	###FLOW###
4	3	9	0	0	0	70.866000	217.081769	127.137720	8.796976	-1	###LINE###
5	3	9	0	0	0	70.87	217.08	25.74	8.80	100	Social
5	3	9	0	0	1	99.92	217.08	49.29	8.80	100	engineering
5	3	9	0	0	2	152.53	217.08	45.47	8.80	100	authorised
3	3	10	0	0	0	215.298794	217.051881	52.917346	10.381029	-1	###FLOW###
4	3	10	0	0	0	215.298794	217.051881	52.917346	10.381029	-1	###LINE###
5	3	10	0	0	0	215.30	217.05	7.75	10.38	100	□
5	3	10	0	0	1	226.37	217.08	15.00	8.80	100	Yes
5	3	10	0	0	2	244.69	217.05	7.75	10.38	100	□
5	3	10	0	0	3	255.76	217.08	12.45	8.80	100	No
3	3	11	0	0	0	70.866000	243.374769	111.006278	8.796976	-1	###FLOW###
4	3	11	0	0	0	70.866000	243.374769	111.006278	8.796976	-1	###LINE###
5	3	11	0	0	0	70.87	243.37	36.17	8.80	100	Physical
5	3	11	0	0	1	110.35	243.37	22.72	8.80	100	entry
5	3	11	0	0	2	136.40	243.37	45.47	8.80	100	authorised
3	3	12	0	0	0	215.299000	243.344881	52.917346	10.381029	-1	###FLOW###
4	3	12	0	0	0	215.299000	243.344881	52.917346	10.381029	-1	###LINE###
5	3	12	0	0	0	215.30	243.34	7.75	10.38	100	□
5	3	12	0	0	1	226.37	243.37	15.00	8.80	100	Yes
5	3	12	0	0	2	244.69	243.34	7.75	10.38	100	□
5	3	12	0	0	3	255.76	243.37	12.45	8.80	100	No
3	3	13	0	0	0	70.866000	269.667769	74.604930	8.796976	-1	###FLOW###
4	3	13	0	0	0	70.866000	269.667769	74.604930	8.796976	-1	###LINE###
5	3	13	0	0	0	70.87	269.67	43.59	8.80	100	Execution
5	3	13	0	0	1	117.77	269.67	27.70	8.80	100	period
3	3	14	0	0	0	215.298794	269.667769	105.244906	8.796976	-1	###FLOW###
4	3	14	0	0	0	215.298794	269.667769	105.244906	8.796976	-1	###LINE###
5	3	14	0	0	0	215.30	269.67	44.83	8.80	100	______
5	3	14	0	0	1	263.45	269.67	34.34	8.80	100	working
5	3	14	0	0	2	301.12	269.67	19.43	8.80	100	days
3	3	15	0	0	0	70.866000	307.123643	82.970284	10.496666	-1	###FLOW###
4	3	15	0	0	0	70.866000	307.123643	82.970284	10.496666	-1	###LINE###
5	3	15	0	0	0	70.87	307.12	17.19	10.50	100	2.3
5	3	15	0	0	1	92.53	307.12	61.30	10.50	100	Objectives
3	3	15	1	0	0	70.890000	345.574769	56.039625	8.796976	-1	###FLOW###
4	3	15	1	0	0	70.890000	345.574769	56.039625	8.796976	-1	###LINE###
5	3	15	1	0	0	70.89	345.57	41.51	8.80	100	Objective
5	3	15	1	0	1	115.72	345.57	11.21	8.80	100	ID
3	3	16	0	0	0	153.210000	345.574769	41.514154	8.796976	-1	###FLOW###
4	3	16	0	0	0	153.210000	345.574769	41.514154	8.796976	-1	###LINE###
5	3	16	0	0	0	153.21	345.57	41.51	8.80	100	Objective
3	3	17	0	0	0	224.991000	333.619769	49.482242	20.751976	-1	###FLOW###
4	3	17	0	0	0	224.991000	333.619769	49.482242	8.796976	-1	###LINE###
5	3	17	0	0	0	224.99	333.62	49.48	8.80	100	Assessment
4	3	17	0	1	0	225.369000	345.574769	38.746544	8.796976	-1	###LINE###
5	3	17	0	1	0	225.37	345.57	38.75	8.80	100	objective
3	3	18	0	0	0	304.751000	345.574769	49.836910	8.796976	-1	###FLOW###
4	3	18	0	0	0	304.751000	345.574769	49.836910	8.796976	-1	###LINE###
5	3	18	0	0	0	304.75	345.57	49.84	8.80	100	Verification
3	3	19	0	0	0	379.458000	333.619769	51.223704	20.751976	-1	###FLOW###
4	3	19	0	0	0	379.458000	333.619769	51.223704	8.796976	-1	###LINE###
5	3	19	0	0	0	379.46	333.62	39.88	8.80	100	Standard
5	3	19	0	0	1	422.66	333.62	8.03	8.80	100	of
4	3	19	0	1	0	379.458000	345.574769	36.809814	8.796976	-1	###LINE###
5	3	19	0	1	0	379.46	345.57	36.81	8.80	100	evidence
3	3	20	0	0	0	459.218000	333.619769	46.107909	20.751976	-1	###FLOW###
4	3	20	0	0	0	459.218000	333.619769	46.107909	8.796976	-1	###LINE###
5	3	20	0	0	0	459.22	333.62	46.11	8.80	100	Prohibited
4	3	20	0	1	0	459.218000	345.574769	22.723694	8.796976	-1	###LINE###
5	3	20	0	1	0	459.22	345.57	22.72	8.80	100	proof
3	3	21	0	0	0	70.890000	376.869769	21.032045	8.796976	-1	###FLOW###
4	3	21	0	0	0	70.890000	376.869769	21.032045	8.796976	-1	###LINE###
5	3	21	0	0	0	70.89	376.87	21.03	8.80	100	O-01
3	3	21	1	0	0	70.890000	403.162769	21.032045	8.796976	-1	###FLOW###
4	3	21	1	0	0	70.890000	403.162769	21.032045	8.796976	-1	###LINE###
5	3	21	1	0	0	70.89	403.16	21.03	8.80	100	O-02
3	3	21	2	0	0	70.890000	429.455769	21.032045	8.796976	-1	###FLOW###
4	3	21	2	0	0	70.890000	429.455769	21.032045	8.796976	-1	###LINE###
5	3	21	2	0	0	70.89	429.46	21.03	8.80	100	O-03
3	3	22	0	0	0	70.866000	466.911643	98.842007	10.496666	-1	###FLOW###
4	3	22	0	0	0	70.866000	466.911643	98.842007	10.496666	-1	###LINE###
5	3	22	0	0	0	70.87	466.91	17.19	10.50	100	2.4
5	3	22	0	0	1	92.53	466.91	77.17	10.50	100	Methodology
3	3	22	1	0	0	70.866000	486.613769	453.540802	20.751976	-1	###FLOW###
4	3	22	1	0	0	70.866000	486.613769	453.540802	8.796976	-1	###LINE###
5	3	22	1	0	0	70.87	486.61	47.71	8.80	100	Conducted
5	3	22	1	0	1	121.89	486.61	8.42	8.80	100	in
5	3	22	1	0	2	133.62	486.61	48.30	8.80	100	accordance
5	3	22	1	0	3	185.24	486.61	19.64	8.80	100	with
5	3	22	1	0	4	208.20	486.61	14.03	8.80	100	the
5	3	22	1	0	5	225.54	486.61	17.54	8.80	100	Red
5	3	22	1	0	6	246.40	486.61	24.42	8.80	100	Team
5	3	22	1	0	7	274.15	486.61	59.50	8.80	100	Methodology,
5	3	22	1	0	8	336.96	486.61	23.07	8.80	100	using
5	3	22	1	0	9	363.34	486.61	14.03	8.80	100	the
5	3	22	1	0	10	380.69	486.61	16.35	8.80	100	Get
5	3	22	1	0	11	400.35	486.61	12.07	8.80	100	In,
5	3	22	1	0	12	415.73	486.61	19.65	8.80	100	Stay
5	3	22	1	0	13	438.70	486.61	12.07	8.80	100	In,
5	3	22	1	0	14	454.09	486.61	15.71	8.80	100	Act
5	3	22	1	0	15	473.13	486.61	29.46	8.80	100	model.
5	3	22	1	0	16	507.01	486.61	17.40	8.80	100	The
4	3	22	1	1	0	70.866000	498.568769	258.973802	8.796976	-1	###LINE###
5	3	22	1	1	0	70.87	498.57	26.13	8.80	100	stages
5	3	22	1	1	1	100.31	498.57	13.31	8.80	100	are
5	3	22	1	1	2	116.94	498.57	8.86	8.80	100	at
5	3	22	1	1	3	129.12	498.57	35.45	8.80	100	Chapter
5	3	22	1	1	4	167.89	498.57	7.75	8.80	100	7,
5	3	22	1	1	5	178.96	498.57	44.34	8.80	100	paragraph
5	3	22	1	1	6	226.61	498.57	15.50	8.80	100	7.8,
5	3	22	1	1	7	245.44	498.57	8.03	8.80	100	of
5	3	22	1	1	8	256.78	498.57	18.27	8.80	100	that
5	3	22	1	1	9	278.36	498.57	51.48	8.80	100	publication.
3	3	23	0	0	0	70.866000	525.143643	104.914053	10.496666	-1	###FLOW###
4	3	23	0	0	0	70.866000	525.143643	104.914053	10.496666	-1	###LINE###
5	3	23	0	0	0	70.87	525.14	17.19	10.50	100	2.5
5	3	23	0	0	1	92.53	525.14	47.52	10.50	100	Activity
5	3	23	0	0	2	144.54	525.14	31.24	10.50	100	types
3	3	23	1	0	0	70.507000	544.846769	371.411706	8.796976	-1	###FLOW###
4	3	23	1	0	0	70.507000	544.846769	371.411706	8.796976	-1	###LINE###
5	3	23	1	0	0	70.51	544.85	17.16	8.80	100	The
5	3	23	1	0	1	90.98	544.85	38.74	8.80	100	following
5	3	23	1	0	2	133.05	544.85	42.69	8.80	100	categories
5	3	23	1	0	3	179.07	544.85	8.03	8.80	100	of
5	3	23	1	0	4	190.42	544.85	32.93	8.80	100	activity
5	3	23	1	0	5	226.68	544.85	13.31	8.80	100	are
5	3	23	1	0	6	243.31	544.85	42.92	8.80	100	permitted
5	3	23	1	0	7	289.55	544.85	27.68	8.80	100	within
5	3	23	1	0	8	320.54	544.85	13.84	8.80	100	the
5	3	23	1	0	9	337.70	544.85	45.47	8.80	100	authorised
5	3	23	1	0	10	386.49	544.85	26.04	8.80	100	target
5	3	23	1	0	11	415.85	544.85	26.07	8.80	100	space.
3	3	23	2	0	0	70.866000	562.748881	453.635036	34.292029	-1	###FLOW###
4	3	23	2	0	0	70.866000	562.748881	453.543485	10.381029	-1	###LINE###
5	3	23	2	0	0	70.87	562.75	7.75	10.38	100	□
5	3	23	2	0	1	81.95	562.78	31.14	8.80	100	Passive
5	3	23	2	0	2	116.41	562.78	63.03	8.80	100	reconnaissance
5	3	23	2	0	3	182.77	562.75	7.75	10.38	100	□
5	3	23	2	0	4	193.85	562.78	27.34	8.80	100	Active
5	3	23	2	0	5	224.51	562.78	53.34	8.80	100	enumeration
5	3	23	2	0	6	281.19	562.75	7.75	10.38	100	□
5	3	23	2	0	7	292.27	562.78	56.87	8.80	100	Identification
5	3	23	2	0	8	352.47	562.78	15.86	8.80	100	and
5	3	23	2	0	9	371.65	562.78	51.13	8.80	100	exploitation
5	3	23	2	0	10	426.12	562.78	7.93	8.80	100	of
5	3	23	2	0	11	437.38	562.78	47.19	8.80	100	weaknesses
5	3	23	2	0	12	487.90	562.75	7.75	10.38	100	□
5	3	23	2	0	13	498.98	562.78	25.43	8.80	100	Social
4	3	23	2	1	0	70.866000	574.704881	453.543910	10.381029	-1	###LINE###
5	3	23	2	1	0	70.87	574.73	49.98	8.80	100	engineering
5	3	23	2	1	1	124.17	574.70	7.75	10.38	100	□
5	3	23	2	1	2	135.24	574.73	45.77	8.80	100	Credential
5	3	23	2	1	3	184.33	574.73	26.49	8.80	100	access
5	3	23	2	1	4	214.15	574.73	16.28	8.80	100	and
5	3	23	2	1	5	233.75	574.73	22.54	8.80	100	reuse
5	3	23	2	1	6	259.61	574.70	7.75	10.38	100	□
5	3	23	2	1	7	270.68	574.73	38.62	8.80	100	Privilege
5	3	23	2	1	8	312.62	574.73	43.27	8.80	100	escalation
5	3	23	2	1	9	359.21	574.70	7.75	10.38	100	□
5	3	23	2	1	10	370.28	574.73	31.60	8.80	100	Lateral
5	3	23	2	1	11	405.20	574.73	44.91	8.80	100	movement
5	3	23	2	1	12	453.43	574.70	7.75	10.38	100	□
5	3	23	2	1	13	464.51	574.73	48.83	8.80	100	Persistence
5	3	23	2	1	14	516.66	574.70	7.75	10.38	100	□
4	3	23	2	2	0	70.866000	586.659881	453.635036	10.381029	-1	###LINE###
5	3	23	2	2	0	70.87	586.69	44.83	8.80	100	Command
5	3	23	2	2	1	119.02	586.69	16.05	8.80	100	and
5	3	23	2	2	2	138.39	586.69	30.19	8.80	100	control
5	3	23	2	2	3	171.90	586.66	7.75	10.38	100	□
5	3	23	2	2	4	182.97	586.69	64.70	8.80	100	Demonstration
5	3	23	2	2	5	250.99	586.69	8.03	8.80	100	of
5	3	23	2	2	6	262.35	586.69	19.37	8.80	100	data
5	3	23	2	2	7	285.04	586.69	26.13	8.80	100	access
5	3	23	2	2	8	314.48	586.66	7.75	10.38	100	□
5	3	23	2	2	9	325.55	586.69	36.17	8.80	100	Physical
5	3	23	2	2	10	365.04	586.69	22.72	8.80	100	entry
5	3	23	2	2	11	391.08	586.66	7.75	10.38	100	□
5	3	23	2	2	12	402.15	586.69	28.26	8.80	100	Other:
5	3	23	2	2	13	434.84	586.69	89.66	8.80	100	____________
3	3	24	0	0	0	70.866000	613.264643	164.896878	10.496666	-1	###FLOW###
4	3	24	0	0	0	70.866000	613.264643	164.896878	10.496666	-1	###LINE###
5	3	24	0	0	0	70.87	613.26	17.19	10.50	100	2.6
5	3	24	0	0	1	92.53	613.26	64.28	10.50	100	Equipment
5	3	24	0	0	2	161.30	613.26	21.48	10.50	100	and
5	3	24	0	0	3	187.27	613.26	48.50	10.50	100	software
3	3	25	0	0	0	70.866000	654.815769	146.754079	8.796976	-1	###FLOW###
4	3	25	0	0	0	70.866000	654.815769	146.754079	8.796976	-1	###LINE###
5	3	25	0	0	0	70.87	654.82	44.83	8.80	100	Command
5	3	25	0	0	1	119.02	654.82	16.05	8.80	100	and
5	3	25	0	0	2	138.39	654.82	30.19	8.80	100	control
5	3	25	0	0	3	171.90	654.82	45.72	8.80	100	framework
3	3	25	1	0	0	70.866000	681.109769	42.564212	8.796976	-1	###FLOW###
4	3	25	1	0	0	70.866000	681.109769	42.564212	8.796976	-1	###LINE###
5	3	25	1	0	0	70.87	681.11	42.56	8.80	100	Platforms
3	3	25	2	0	0	70.866000	707.402769	72.951139	8.796976	-1	###FLOW###
4	3	25	2	0	0	70.866000	707.402769	72.951139	8.796976	-1	###LINE###
5	3	25	2	0	0	70.87	707.40	39.47	8.80	100	Principal
5	3	25	2	0	1	113.65	707.40	30.17	8.80	100	tooling
3	3	25	3	0	0	70.866000	733.696769	103.751513	8.796976	-1	###FLOW###
4	3	25	3	0	0	70.866000	733.696769	103.751513	8.796976	-1	###LINE###
5	3	25	3	0	0	70.87	733.70	60.47	8.80	100	Infrastructure
5	3	25	3	0	1	134.66	733.70	39.96	8.80	100	providers
3	3	25	4	0	0	70.866000	759.989769	72.729969	8.796976	-1	###FLOW###
4	3	25	4	0	0	70.866000	759.989769	72.729969	8.796976	-1	###LINE###
5	3	25	4	0	0	70.87	759.99	28.81	8.80	100	Source
5	3	25	4	0	1	102.99	759.99	40.60	8.80	100	addresses
3	3	26	0	0	0	353.336000	759.989769	68.354395	8.796976	-1	###FLOW###
4	3	26	0	0	0	353.336000	759.989769	68.354395	8.796976	-1	###LINE###
5	3	26	0	0	0	353.34	759.99	14.39	8.80	100	See
5	3	26	0	0	1	371.05	759.99	42.35	8.80	100	Appendix
5	3	26	0	0	2	416.71	759.99	4.98	8.80	100	3
3	3	27	0	0	0	260.882000	794.933960	73.512217	7.133239	-1	###FLOW###
4	3	27	0	0	0	260.882000	794.933960	73.512217	7.133239	-1	###LINE###
5	3	27	0	0	0	260.88	794.93	73.51	7.13	100	UNCLASSIFIED
3	3	27	1	0	0	289.696000	810.521052	15.883527	6.157865	-1	###FLOW###
4	3	27	1	0	0	289.696000	810.521052	15.883527	6.157865	-1	###LINE###
5	3	27	1	0	0	289.70	810.52	15.88	6.16	100	3/16
1	4	0	0	0	0	289.696000	810.521052	595.276000	841.890000	-1	###PAGE###
3	4	0	0	0	0	260.882000	40.770960	73.512217	7.133240	-1	###FLOW###
4	4	0	0	0	0	260.882000	40.770960	73.512217	7.133240	-1	###LINE###
5	4	0	0	0	0	260.88	40.77	73.51	7.13	100	UNCLASSIFIED
3	4	1	0	0	0	70.866000	76.636643	103.411284	10.496666	-1	###FLOW###
4	4	1	0	0	0	70.866000	76.636643	103.411284	10.496666	-1	###LINE###
5	4	1	0	0	0	70.87	76.64	17.19	10.50	100	2.7
5	4	1	0	0	1	92.53	76.64	40.22	10.50	100	Threat
5	4	1	0	0	2	137.24	76.64	37.03	10.50	100	profile
3	4	2	0	0	0	70.866000	118.187769	87.011356	8.796976	-1	###FLOW###
4	4	2	0	0	0	70.866000	118.187769	87.011356	8.796976	-1	###LINE###
5	4	2	0	0	0	70.87	118.19	44.11	8.80	100	Adversary
5	4	2	0	0	1	118.30	118.19	39.57	8.80	100	emulated
3	4	2	1	0	0	312.230906	144.451881	130.696361	10.381029	-1	###FLOW###
4	4	2	1	0	0	312.230906	144.451881	130.696361	10.381029	-1	###LINE###
5	4	2	1	0	0	312.23	144.45	7.75	10.38	100	□
5	4	2	1	0	1	323.30	144.48	30.72	8.80	100	Named
5	4	2	1	0	2	357.33	144.48	24.94	8.80	100	group
5	4	2	1	0	3	385.59	144.45	7.75	10.38	100	□
5	4	2	1	0	4	396.66	144.48	46.26	8.80	100	Composite
3	4	3	0	0	0	70.866000	144.481769	22.665911	8.796976	-1	###FLOW###
4	4	3	0	0	0	70.866000	144.481769	22.665911	8.796976	-1	###LINE###
5	4	3	0	0	0	70.87	144.48	22.67	8.80	100	Basis
3	4	3	1	0	0	70.866000	170.774769	68.083412	8.796976	-1	###FLOW###
4	4	3	1	0	0	70.866000	170.774769	68.083412	8.796976	-1	###LINE###
5	4	3	1	0	0	70.87	170.77	45.38	8.80	100	Capability
5	4	3	1	0	1	119.57	170.77	19.38	8.80	100	level
3	4	3	2	0	0	70.866000	197.068769	47.214754	8.796976	-1	###FLOW###
4	4	3	2	0	0	70.866000	197.068769	47.214754	8.796976	-1	###LINE###
5	4	3	2	0	0	70.87	197.07	16.75	8.80	100	Full
5	4	3	2	0	1	90.93	197.07	27.15	8.80	100	profile
3	4	4	0	0	0	312.221940	197.068769	50.644877	8.796976	-1	###FLOW###
4	4	4	0	0	0	312.221940	197.068769	50.644877	8.796976	-1	###LINE###
5	4	4	0	0	0	312.22	197.07	42.35	8.80	100	Appendix
5	4	4	0	0	1	357.89	197.07	4.98	8.80	100	8
3	4	5	0	0	0	70.866000	257.863199	119.618616	12.595964	-1	###FLOW###
4	4	5	0	0	0	70.866000	257.863199	119.618616	12.595964	-1	###LINE###
5	4	5	0	0	0	70.87	257.86	12.55	12.60	100	3.
5	4	5	0	0	1	90.59	257.86	99.89	12.60	100	Appointments
3	4	5	1	0	0	70.510000	294.454769	57.561910	8.796976	-1	###FLOW###
4	4	5	1	0	0	70.510000	294.454769	57.561910	8.796976	-1	###LINE###
5	4	5	1	0	0	70.51	294.45	57.56	8.80	100	Appointment
3	4	6	0	0	0	186.301000	294.454769	25.183460	8.796976	-1	###FLOW###
4	4	6	0	0	0	186.301000	294.454769	25.183460	8.796976	-1	###LINE###
5	4	6	0	0	0	186.30	294.45	25.18	8.80	100	Name
3	4	7	0	0	0	263.703000	294.454769	55.986823	8.796976	-1	###FLOW###
4	4	7	0	0	0	263.703000	294.454769	55.986823	8.796976	-1	###LINE###
5	4	7	0	0	0	263.70	294.45	55.99	8.80	100	Organisation
3	4	8	0	0	0	344.448000	294.454769	42.642917	8.796976	-1	###FLOW###
4	4	8	0	0	0	344.448000	294.454769	42.642917	8.796976	-1	###LINE###
5	4	8	0	0	0	344.45	294.45	42.64	8.80	100	Authority
3	4	9	0	0	0	70.888000	325.748769	91.659905	8.796976	-1	###FLOW###
4	4	9	0	0	0	70.888000	325.748769	91.659905	8.796976	-1	###LINE###
5	4	9	0	0	0	70.89	325.75	45.69	8.80	100	Approving
5	4	9	0	0	1	119.90	325.75	42.65	8.80	100	Authority
3	4	10	0	0	0	344.827000	325.748769	179.563183	32.706976	-1	###FLOW###
4	4	10	0	0	0	344.827000	325.748769	179.563183	8.796976	-1	###LINE###
5	4	10	0	0	0	344.83	325.75	33.31	8.80	100	Accepts
5	4	10	0	0	1	381.44	325.75	48.28	8.80	100	operational
5	4	10	0	0	2	433.04	325.75	18.35	8.80	100	risk;
5	4	10	0	0	3	454.70	325.75	52.74	8.80	100	countersigns
5	4	10	0	0	4	510.76	325.75	13.63	8.80	100	the
4	4	10	0	1	0	344.827000	337.703769	169.393092	8.796976	-1	###LINE###
5	4	10	0	1	0	344.83	337.70	26.73	8.80	100	Letter
5	4	10	0	1	1	374.88	337.70	8.03	8.80	100	of
5	4	10	0	1	2	386.22	337.70	59.87	8.80	100	Authorisation
5	4	10	0	1	3	449.41	337.70	25.49	8.80	100	where
5	4	10	0	1	4	478.22	337.70	36.00	8.80	100	different
4	4	10	0	2	0	344.827000	349.658769	118.002016	8.796976	-1	###LINE###
5	4	10	0	2	0	344.83	349.66	20.23	8.80	100	from
5	4	10	0	2	1	368.37	349.66	13.84	8.80	100	the
5	4	10	0	2	2	385.53	349.66	31.33	8.80	100	System
5	4	10	0	2	3	420.19	349.66	42.64	8.80	100	Authority
3	4	11	0	0	0	70.888000	375.952769	77.298817	8.796976	-1	###FLOW###
4	4	11	0	0	0	70.888000	375.952769	77.298817	8.796976	-1	###LINE###
5	4	11	0	0	0	70.89	375.95	31.33	8.80	100	System
5	4	11	0	0	1	105.53	375.95	42.65	8.80	100	Authority
3	4	12	0	0	0	344.827000	375.952769	166.429838	20.751976	-1	###FLOW###
4	4	12	0	0	0	344.828616	375.952769	166.428222	8.796976	-1	###LINE###
5	4	12	0	0	0	344.83	375.95	39.13	8.80	100	Consents
5	4	12	0	0	1	387.28	375.95	8.86	8.80	100	to
5	4	12	0	0	2	399.45	375.95	26.13	8.80	100	access
5	4	12	0	0	3	428.90	375.95	8.86	8.80	100	to
5	4	12	0	0	4	441.08	375.95	13.84	8.80	100	the
5	4	12	0	0	5	458.23	375.95	33.65	8.80	100	systems
5	4	12	0	0	6	495.21	375.95	16.05	8.80	100	and
4	4	12	0	1	0	344.827000	387.907769	144.786466	8.796976	-1	###LINE###
5	4	12	0	1	0	344.83	387.91	35.76	8.80	100	facilities
5	4	12	0	1	1	383.90	387.91	40.13	8.80	100	identified
5	4	12	0	1	2	427.35	387.91	8.30	8.80	100	in
5	4	12	0	1	3	438.98	387.91	42.34	8.80	100	Appendix
5	4	12	0	1	4	484.63	387.91	4.98	8.80	100	3
3	4	13	0	0	0	70.888000	414.200769	62.903856	8.796976	-1	###FLOW###
4	4	13	0	0	0	70.888000	414.200769	62.903856	8.796976	-1	###LINE###
5	4	13	0	0	0	70.89	414.20	33.57	8.80	100	Trusted
5	4	13	0	0	1	107.78	414.20	26.01	8.80	100	Agent
3	4	14	0	0	0	344.827000	414.200769	149.637256	20.751976	-1	###FLOW###
4	4	14	0	0	0	344.827000	414.200769	149.637256	8.796976	-1	###LINE###
5	4	14	0	0	0	344.83	414.20	43.48	8.80	100	Unilateral
5	4	14	0	0	1	391.62	414.20	40.43	8.80	100	authority
5	4	14	0	0	2	435.38	414.20	8.86	8.80	100	to
5	4	14	0	0	3	447.55	414.20	34.70	8.80	100	suspend
5	4	14	0	0	4	485.58	414.20	8.88	8.80	100	or
4	4	14	0	1	0	344.827000	426.155769	95.780436	8.796976	-1	###LINE###
5	4	14	0	1	0	344.83	426.16	42.09	8.80	100	terminate
5	4	14	0	1	1	390.24	426.16	8.86	8.80	100	at
5	4	14	0	1	2	402.41	426.16	15.51	8.80	100	any
5	4	14	0	1	3	421.24	426.16	19.37	8.80	100	time
3	4	15	0	0	0	70.888000	452.449769	60.355423	8.796976	-1	###FLOW###
4	4	15	0	0	0	70.888000	452.449769	60.355423	8.796976	-1	###LINE###
5	4	15	0	0	0	70.89	452.45	32.96	8.80	100	Control
5	4	15	0	0	1	107.17	452.45	24.07	8.80	100	Team
3	4	16	0	0	0	344.827000	452.449769	168.257975	20.751976	-1	###FLOW###
4	4	16	0	0	0	344.831605	452.449769	168.253370	8.796976	-1	###LINE###
5	4	16	0	0	0	344.83	452.45	39.10	8.80	100	Supports
5	4	16	0	0	1	387.25	452.45	13.84	8.80	100	the
5	4	16	0	0	2	404.41	452.45	33.56	8.80	100	Trusted
5	4	16	0	0	3	441.29	452.45	28.79	8.80	100	Agent;
5	4	16	0	0	4	473.40	452.45	22.53	8.80	100	staffs
5	4	16	0	0	5	499.25	452.45	13.84	8.80	100	the
4	4	16	0	1	0	344.827000	464.404769	73.614648	8.796976	-1	###LINE###
5	4	16	0	1	0	344.83	464.40	54.80	8.80	100	deconfliction
5	4	16	0	1	1	402.94	464.40	15.50	8.80	100	line
3	4	17	0	0	0	70.888000	490.697769	69.183283	8.796976	-1	###FLOW###
4	4	17	0	0	0	70.888000	490.697769	69.183283	8.796976	-1	###LINE###
5	4	17	0	0	0	70.89	490.70	17.30	8.80	100	Red
5	4	17	0	0	1	91.50	490.70	24.08	8.80	100	Team
5	4	17	0	0	2	118.90	490.70	21.17	8.80	100	Lead
3	4	18	0	0	0	344.827000	490.697769	170.800807	20.752976	-1	###FLOW###
4	4	18	0	0	0	344.827000	490.697769	170.800807	8.796976	-1	###LINE###
5	4	18	0	0	0	344.83	490.70	37.08	8.80	100	Conduct
5	4	18	0	0	1	385.23	490.70	16.05	8.80	100	and
5	4	18	0	0	2	404.60	490.70	25.24	8.80	100	safety
5	4	18	0	0	3	433.16	490.70	8.03	8.80	100	of
5	4	18	0	0	4	444.51	490.70	13.84	8.80	100	the
5	4	18	0	0	5	461.66	490.70	53.96	8.80	100	engagement;
4	4	18	0	1	0	344.827000	502.653769	109.975149	8.796976	-1	###LINE###
5	4	18	0	1	0	344.83	502.65	18.26	8.80	100	may
5	4	18	0	1	1	366.42	502.65	34.70	8.80	100	suspend
5	4	18	0	1	2	404.43	502.65	8.86	8.80	100	at
5	4	18	0	1	3	416.62	502.65	15.50	8.80	100	any
5	4	18	0	1	4	435.43	502.65	19.37	8.80	100	time
3	4	19	0	0	0	70.888000	528.946769	43.563461	8.796976	-1	###FLOW###
4	4	19	0	0	0	70.888000	528.946769	43.563461	8.796976	-1	###LINE###
5	4	19	0	0	0	70.89	528.95	43.56	8.80	100	Operators
3	4	20	0	0	0	344.826623	528.946769	129.627374	20.751976	-1	###FLOW###
4	4	20	0	0	0	344.826623	528.946769	129.627374	8.796976	-1	###LINE###
5	4	20	0	0	0	344.83	528.95	34.73	8.80	100	Execute
5	4	20	0	0	1	382.88	528.95	27.68	8.80	100	within
5	4	20	0	0	2	413.87	528.95	22.20	8.80	100	these
5	4	20	0	0	3	439.38	528.95	23.73	8.80	100	Rules
5	4	20	0	0	4	466.43	528.95	8.03	8.80	100	of
4	4	20	0	1	0	344.827000	540.901769	53.548975	8.796976	-1	###LINE###
5	4	20	0	1	0	344.83	540.90	53.55	8.80	100	Engagement
3	4	21	0	0	0	70.888000	567.195769	57.506120	8.796976	-1	###FLOW###
4	4	21	0	0	0	70.888000	567.195769	57.506120	8.796976	-1	###LINE###
5	4	21	0	0	0	70.89	567.20	23.39	8.80	100	Legal
5	4	21	0	0	1	97.59	567.20	30.80	8.80	100	adviser
3	4	22	0	0	0	344.827000	567.195769	149.911227	20.751976	-1	###FLOW###
4	4	22	0	0	0	344.827000	567.195769	149.911227	8.796976	-1	###LINE###
5	4	22	0	0	0	344.83	567.20	33.04	8.80	100	Advises
5	4	22	0	0	1	381.19	567.20	10.52	8.80	100	on
5	4	22	0	0	2	395.03	567.20	57.64	8.80	100	authorisation
5	4	22	0	0	3	456.00	567.20	16.05	8.80	100	and
5	4	22	0	0	4	475.37	567.20	19.37	8.80	100	data
4	4	22	0	1	0	344.827000	579.150769	44.308664	8.796976	-1	###LINE###
5	4	22	0	1	0	344.83	579.15	44.31	8.80	100	protection
3	4	23	0	0	0	70.866000	615.925769	135.106804	8.796976	-1	###FLOW###
4	4	23	0	0	0	70.866000	615.925769	135.106804	8.796976	-1	###LINE###
5	4	23	0	0	0	70.87	615.93	34.59	8.80	100	Contact
5	4	23	0	0	1	108.77	615.93	28.28	8.80	100	details
5	4	23	0	0	2	140.39	615.93	8.86	8.80	100	at
5	4	23	0	0	3	152.56	615.93	42.34	8.80	100	Appendix
5	4	23	0	0	4	198.22	615.93	7.75	8.80	100	2.
3	4	24	0	0	0	70.866000	642.501643	253.296018	10.496666	-1	###FLOW###
4	4	24	0	0	0	70.866000	642.501643	253.296018	10.496666	-1	###LINE###
5	4	24	0	0	0	70.87	642.50	17.19	10.50	100	3.1
5	4	24	0	0	1	92.53	642.50	80.74	10.50	100	Independence
5	4	24	0	0	2	177.75	642.50	21.48	10.50	100	and
5	4	24	0	0	3	203.72	642.50	54.87	10.50	100	reporting
5	4	24	0	0	4	263.07	642.50	61.09	10.50	100	safeguards
3	4	24	1	0	0	70.866000	673.559769	42.924858	8.796976	-1	###FLOW###
4	4	24	1	0	0	70.866000	673.559769	42.924858	8.796976	-1	###LINE###
5	4	24	1	0	0	70.87	673.56	42.92	8.80	100	Safeguard
3	4	25	0	0	0	391.932000	673.559769	118.697405	8.796976	-1	###FLOW###
4	4	25	0	0	0	391.932000	673.559769	118.697405	8.796976	-1	###LINE###
5	4	25	0	0	0	391.93	673.56	88.20	8.80	100	Engagement-specific
5	4	25	0	0	1	483.45	673.56	27.18	8.80	100	record
3	4	26	0	0	0	70.866000	704.854769	205.981736	8.796976	-1	###FLOW###
4	4	26	0	0	0	70.866000	704.854769	205.981736	8.796976	-1	###LINE###
5	4	26	0	0	0	70.87	704.85	38.33	8.80	100	Function
5	4	26	0	0	1	112.52	704.85	16.05	8.80	100	and
5	4	26	0	0	2	131.89	704.85	22.97	8.80	100	chain
5	4	26	0	0	3	158.17	704.85	8.03	8.80	100	of
5	4	26	0	0	4	169.53	704.85	42.07	8.80	100	command
5	4	26	0	0	5	214.91	704.85	23.53	8.80	100	being
5	4	26	0	0	6	241.75	704.85	35.09	8.80	100	assessed
3	4	26	1	0	0	70.866000	731.147769	265.752355	8.796976	-1	###FLOW###
4	4	26	1	0	0	70.866000	731.147769	265.752355	8.796976	-1	###LINE###
5	4	26	1	0	0	70.87	731.15	45.69	8.80	100	Approving
5	4	26	1	0	1	119.87	731.15	42.65	8.80	100	Authority
5	4	26	1	0	2	165.84	731.15	58.39	8.80	100	independence
5	4	26	1	0	3	227.56	731.15	16.05	8.80	100	and
5	4	26	1	0	4	246.93	731.15	15.50	8.80	100	any
5	4	26	1	0	5	265.74	731.15	36.01	8.80	100	declared
5	4	26	1	0	6	305.07	731.15	31.55	8.80	100	conflict
3	4	26	2	0	0	70.866000	757.440769	297.995314	8.796976	-1	###FLOW###
4	4	26	2	0	0	70.866000	757.440769	297.995314	8.796976	-1	###LINE###
5	4	26	2	0	0	70.87	757.44	17.30	8.80	100	Red
5	4	26	2	0	1	91.48	757.44	24.08	8.80	100	Team
5	4	26	2	0	2	118.88	757.44	27.87	8.80	100	Lead’s
5	4	26	2	0	3	150.06	757.44	24.94	8.80	100	direct
5	4	26	2	0	4	178.33	757.44	40.18	8.80	100	reporting
5	4	26	2	0	5	221.82	757.44	22.72	8.80	100	route
5	4	26	2	0	6	247.87	757.44	8.86	8.80	100	to
5	4	26	2	0	7	260.05	757.44	13.84	8.80	100	the
5	4	26	2	0	8	277.20	757.44	45.69	8.80	100	Approving
5	4	26	2	0	9	326.22	757.44	42.64	8.80	100	Authority
3	4	27	0	0	0	260.882000	794.933960	73.512217	7.133239	-1	###FLOW###
4	4	27	0	0	0	260.882000	794.933960	73.512217	7.133239	-1	###LINE###
5	4	27	0	0	0	260.88	794.93	73.51	7.13	100	UNCLASSIFIED
3	4	27	1	0	0	289.696000	810.521052	15.883527	6.157865	-1	###FLOW###
4	4	27	1	0	0	289.696000	810.521052	15.883527	6.157865	-1	###LINE###
5	4	27	1	0	0	289.70	810.52	15.88	6.16	100	4/16
1	5	0	0	0	0	289.696000	810.521052	595.276000	841.890000	-1	###PAGE###
3	5	0	0	0	0	260.882000	40.770960	73.512217	7.133240	-1	###FLOW###
4	5	0	0	0	0	260.882000	40.770960	73.512217	7.133240	-1	###LINE###
5	5	0	0	0	0	260.88	40.77	73.51	7.13	100	UNCLASSIFIED
3	5	1	0	0	0	70.866000	82.996769	42.924858	8.796976	-1	###FLOW###
4	5	1	0	0	0	70.866000	82.996769	42.924858	8.796976	-1	###LINE###
5	5	1	0	0	0	70.87	83.00	42.92	8.80	100	Safeguard
3	5	2	0	0	0	391.932000	82.996769	118.697405	8.796976	-1	###FLOW###
4	5	2	0	0	0	391.932000	82.996769	118.697405	8.796976	-1	###LINE###
5	5	2	0	0	0	391.93	83.00	88.20	8.80	100	Engagement-specific
5	5	2	0	0	1	483.45	83.00	27.18	8.80	100	record
3	5	3	0	0	0	70.866000	114.290769	222.997857	8.796976	-1	###FLOW###
4	5	3	0	0	0	70.866000	114.290769	222.997857	8.796976	-1	###LINE###
5	5	3	0	0	0	70.87	114.29	22.56	8.80	100	Final
5	5	3	0	0	1	96.74	114.29	26.90	8.80	100	report
5	5	3	0	0	2	126.96	114.29	41.32	8.80	100	recipients
5	5	3	0	0	3	171.60	114.29	16.05	8.80	100	and
5	5	3	0	0	4	190.98	114.29	56.29	8.80	100	simultaneous
5	5	3	0	0	5	250.58	114.29	20.59	8.80	100	issue
5	5	3	0	0	6	274.49	114.29	19.37	8.80	100	time
3	5	3	1	0	0	70.866000	140.583769	309.114432	8.796976	-1	###FLOW###
4	5	3	1	0	0	70.866000	140.583769	309.114432	8.796976	-1	###LINE###
5	5	3	1	0	0	70.87	140.58	72.02	8.80	100	Factual-accuracy
5	5	3	1	0	1	145.96	140.58	33.50	8.80	100	process;
5	5	3	1	0	2	182.62	140.58	10.30	8.80	100	no
5	5	3	1	0	3	196.00	140.58	20.36	8.80	100	right
5	5	3	1	0	4	219.45	140.58	8.68	8.80	100	to
5	5	3	1	0	5	231.20	140.58	35.99	8.80	100	suppress
5	5	3	1	0	6	270.27	140.58	8.71	8.80	100	or
5	5	3	1	0	7	282.05	140.58	30.42	8.80	100	silently
5	5	3	1	0	8	315.56	140.58	28.21	8.80	100	amend
5	5	3	1	0	9	346.84	140.58	33.14	8.80	100	findings
3	5	3	2	0	0	70.866000	166.877769	267.000669	8.796976	-1	###FLOW###
4	5	3	2	0	0	70.866000	166.877769	267.000669	8.796976	-1	###LINE###
5	5	3	2	0	0	70.87	166.88	26.15	8.80	100	Route
5	5	3	2	0	1	100.34	166.88	11.93	8.80	100	for
5	5	3	2	0	2	115.59	166.88	4.98	8.80	100	a
5	5	3	2	0	3	123.89	166.88	31.58	8.80	100	written
5	5	3	2	0	4	158.79	166.88	55.07	8.80	100	management
5	5	3	2	0	5	217.17	166.88	36.95	8.80	100	response
5	5	3	2	0	6	257.44	166.88	8.88	8.80	100	or
5	5	3	2	0	7	269.65	166.88	33.29	8.80	100	severity
5	5	3	2	0	8	306.26	166.88	31.61	8.80	100	dispute
3	5	3	3	0	0	70.866000	193.170769	207.222080	8.796976	-1	###FLOW###
4	5	3	3	0	0	70.866000	193.170769	207.222080	8.796976	-1	###LINE###
5	5	3	3	0	0	70.87	193.17	53.97	8.80	100	Independent
5	5	3	3	0	1	128.15	193.17	57.07	8.80	100	threat-profile
5	5	3	3	0	2	188.54	193.17	16.05	8.80	100	and
5	5	3	3	0	3	207.91	193.17	26.90	8.80	100	report
5	5	3	3	0	4	238.13	193.17	39.96	8.80	100	reviewers
3	5	4	0	0	0	70.866000	253.966199	79.800738	12.595964	-1	###FLOW###
4	5	4	0	0	0	70.866000	253.966199	79.800738	12.595964	-1	###LINE###
5	5	4	0	0	0	70.87	253.97	12.55	12.60	100	4.
5	5	4	0	0	1	90.59	253.97	60.07	12.60	100	Conduct
3	5	4	1	0	0	70.866000	279.414643	147.423158	10.496666	-1	###FLOW###
4	5	4	1	0	0	70.866000	279.414643	147.423158	10.496666	-1	###LINE###
5	5	4	1	0	0	70.87	279.41	17.19	10.50	100	4.1
5	5	4	1	0	1	92.53	279.41	52.12	10.50	100	Standing
5	5	4	1	0	2	149.14	279.41	69.15	10.50	100	instructions
3	5	4	2	0	0	70.866000	299.117769	453.540730	20.751976	-1	###FLOW###
4	5	4	2	0	0	70.866000	299.117769	453.540730	8.796976	-1	###LINE###
5	5	4	2	0	0	70.87	299.12	44.42	8.80	100	Operators
5	5	4	2	0	1	119.95	299.12	34.99	8.80	100	conduct
5	5	4	2	0	2	159.61	299.12	33.60	8.80	100	activity
5	5	4	2	0	3	197.87	299.12	8.47	8.80	100	in
5	5	4	2	0	4	211.00	299.12	48.58	8.80	100	accordance
5	5	4	2	0	5	264.24	299.12	19.76	8.80	100	with
5	5	4	2	0	6	288.66	299.12	36.16	8.80	100	Chapter
5	5	4	2	0	7	329.48	299.12	5.08	8.80	100	8
5	5	4	2	0	8	339.22	299.12	8.19	8.80	100	of
5	5	4	2	0	9	352.06	299.12	14.11	8.80	100	the
5	5	4	2	0	10	370.84	299.12	17.64	8.80	100	Red
5	5	4	2	0	11	393.14	299.12	24.58	8.80	100	Team
5	5	4	2	0	12	422.37	299.12	59.86	8.80	100	Methodology,
5	5	4	2	0	13	487.22	299.12	25.70	8.80	100	which
5	5	4	2	0	14	517.57	299.12	6.83	8.80	100	is
4	5	4	2	1	0	70.866000	311.072769	378.308814	8.796976	-1	###LINE###
5	5	4	2	1	0	70.87	311.07	55.13	8.80	100	incorporated
5	5	4	2	1	1	129.32	311.07	10.51	8.80	100	by
5	5	4	2	1	2	143.15	311.07	41.29	8.80	100	reference.
5	5	4	2	1	3	188.87	311.07	44.01	8.80	100	Technique
5	5	4	2	1	4	236.19	311.07	37.12	8.80	100	approval
5	5	4	2	1	5	276.62	311.07	23.30	8.80	100	levels
5	5	4	2	1	6	303.24	311.07	13.31	8.80	100	are
5	5	4	2	1	7	319.88	311.07	8.86	8.80	100	at
5	5	4	2	1	8	332.05	311.07	28.23	8.80	100	Annex
5	5	4	2	1	9	363.60	311.07	9.55	8.80	100	E,
5	5	4	2	1	10	376.48	311.07	44.33	8.80	100	paragraph
5	5	4	2	1	11	424.13	311.07	25.05	8.80	100	E.2.3.
3	5	5	0	0	0	70.866000	337.647643	257.329702	10.496666	-1	###FLOW###
4	5	5	0	0	0	70.866000	337.647643	257.329702	10.496666	-1	###LINE###
5	5	5	0	0	0	70.87	337.65	17.19	10.50	100	4.2
5	5	5	0	0	1	92.53	337.65	56.93	10.50	100	Additions
5	5	5	0	0	2	153.95	337.65	57.69	10.50	100	particular
5	5	5	0	0	3	216.12	337.65	11.96	10.50	100	to
5	5	5	0	0	4	232.56	337.65	21.74	10.50	100	this
5	5	5	0	0	5	258.79	337.65	69.41	10.50	100	engagement
3	5	5	1	0	0	82.489000	357.349769	8.302910	20.752976	-1	###FLOW###
4	5	5	1	0	0	83.043000	357.349769	7.748910	8.796976	-1	###LINE###
5	5	5	1	0	0	83.04	357.35	7.75	8.80	100	a.
4	5	5	1	1	0	82.489000	369.305769	8.302831	8.796976	-1	###LINE###
5	5	5	1	1	0	82.49	369.31	8.30	8.80	100	b.
3	5	6	0	0	0	70.866000	417.235199	112.088295	12.595964	-1	###FLOW###
4	5	6	0	0	0	70.866000	417.235199	112.088295	12.595964	-1	###LINE###
5	5	6	0	0	0	70.87	417.24	12.55	12.60	100	5.
5	5	6	0	0	1	90.59	417.24	92.36	12.60	100	Deconfliction
3	5	6	1	0	0	70.866000	442.683643	82.133420	10.496666	-1	###FLOW###
4	5	6	1	0	0	70.866000	442.683643	82.133420	10.496666	-1	###LINE###
5	5	6	1	0	0	70.87	442.68	17.19	10.50	100	5.1
5	5	6	1	0	1	92.53	442.68	60.46	10.50	100	Procedure
3	5	6	2	0	0	83.043000	462.386769	442.754056	32.706976	-1	###FLOW###
4	5	6	2	0	0	83.043000	462.386769	441.368854	8.796976	-1	###LINE###
5	5	6	2	0	0	83.04	462.39	7.75	8.80	100	a.
5	5	6	2	0	1	95.41	462.39	17.00	8.80	100	The
5	5	6	2	0	2	115.73	462.39	33.26	8.80	100	Trusted
5	5	6	2	0	3	152.29	462.39	28.52	8.80	100	Agent,
5	5	6	2	0	4	184.12	462.39	8.80	8.80	100	or
5	5	6	2	0	5	196.24	462.39	4.94	8.80	100	a
5	5	6	2	0	6	204.49	462.39	34.58	8.80	100	member
5	5	6	2	0	7	242.38	462.39	7.95	8.80	100	of
5	5	6	2	0	8	253.64	462.39	13.71	8.80	100	the
5	5	6	2	0	9	270.66	462.39	38.73	8.80	100	defensive
5	5	6	2	0	10	312.69	462.39	33.18	8.80	100	element
5	5	6	2	0	11	349.19	462.39	34.04	8.80	100	through
5	5	6	2	0	12	386.53	462.39	13.71	8.80	100	the
5	5	6	2	0	13	403.55	462.39	33.26	8.80	100	Trusted
5	5	6	2	0	14	440.12	462.39	28.52	8.80	100	Agent,
5	5	6	2	0	15	471.96	462.39	35.43	8.80	100	contacts
5	5	6	2	0	16	510.70	462.39	13.71	8.80	100	the
4	5	6	2	1	0	95.773000	474.341769	430.024056	8.796976	-1	###LINE###
5	5	6	2	1	0	95.77	474.34	17.40	8.80	100	Red
5	5	6	2	1	1	116.49	474.34	24.22	8.80	100	Team
5	5	6	2	1	2	144.02	474.34	21.30	8.80	100	Lead
5	5	6	2	1	3	168.64	474.34	10.58	8.80	100	on
5	5	6	2	1	4	182.54	474.34	13.92	8.80	100	the
5	5	6	2	1	5	199.76	474.34	55.13	8.80	100	deconfliction
5	5	6	2	1	6	258.21	474.34	18.38	8.80	100	line,
5	5	6	2	1	7	279.89	474.34	30.12	8.80	100	stating
5	5	6	2	1	8	313.33	474.34	13.92	8.80	100	the
5	5	6	2	1	9	330.57	474.34	19.49	8.80	100	time
5	5	6	2	1	10	353.37	474.34	8.35	8.80	100	in
5	5	6	2	1	11	365.04	474.34	24.78	8.80	100	UTC,
5	5	6	2	1	12	393.13	474.34	13.91	8.80	100	the
5	5	6	2	1	13	410.36	474.34	27.37	8.80	100	source
5	5	6	2	1	14	441.05	474.34	35.21	8.80	100	address,
5	5	6	2	1	15	479.58	474.34	13.92	8.80	100	the
5	5	6	2	1	16	496.81	474.34	28.98	8.80	100	target,
4	5	6	2	2	0	95.773000	486.296769	123.265257	8.796976	-1	###LINE###
5	5	6	2	2	0	95.77	486.30	16.05	8.80	100	and
5	5	6	2	2	1	115.14	486.30	13.84	8.80	100	the
5	5	6	2	2	2	132.30	486.30	42.92	8.80	100	behaviour
5	5	6	2	2	3	178.55	486.30	40.49	8.80	100	observed.
3	5	6	3	0	0	82.489000	504.229769	270.759558	8.796976	-1	###FLOW###
4	5	6	3	0	0	82.489000	504.229769	270.759558	8.796976	-1	###LINE###
5	5	6	3	0	0	82.49	504.23	8.30	8.80	100	b.
5	5	6	3	0	1	95.41	504.23	17.16	8.80	100	The
5	5	6	3	0	2	115.89	504.23	17.30	8.80	100	Red
5	5	6	3	0	3	136.51	504.23	24.08	8.80	100	Team
5	5	6	3	0	4	163.90	504.23	21.17	8.80	100	Lead
5	5	6	3	0	5	188.40	504.23	38.63	8.80	100	suspends
5	5	6	3	0	6	230.35	504.23	32.93	8.80	100	activity
5	5	6	3	0	7	266.61	504.23	8.30	8.80	100	in
5	5	6	3	0	8	278.23	504.23	13.84	8.80	100	the
5	5	6	3	0	9	295.38	504.23	33.49	8.80	100	affected
5	5	6	3	0	10	332.19	504.23	21.06	8.80	100	area.
3	5	6	4	0	0	83.596000	522.162769	440.811951	20.751976	-1	###FLOW###
4	5	6	4	0	0	83.596000	522.162769	440.811951	8.796976	-1	###LINE###
5	5	6	4	0	0	83.60	522.16	7.20	8.80	100	c.
5	5	6	4	0	1	95.41	522.16	16.94	8.80	100	The
5	5	6	4	0	2	115.67	522.16	17.07	8.80	100	Red
5	5	6	4	0	3	136.07	522.16	23.75	8.80	100	Team
5	5	6	4	0	4	163.14	522.16	20.90	8.80	100	Lead
5	5	6	4	0	5	187.36	522.16	39.12	8.80	100	examines
5	5	6	4	0	6	229.80	522.16	13.66	8.80	100	the
5	5	6	4	0	7	246.78	522.16	39.12	8.80	100	operator,
5	5	6	4	0	8	289.22	522.16	58.87	8.80	100	infrastructure
5	5	6	4	0	9	351.41	522.16	15.84	8.80	100	and
5	5	6	4	0	10	370.58	522.16	29.12	8.80	100	session
5	5	6	4	0	11	403.02	522.16	30.69	8.80	100	records
5	5	6	4	0	12	437.04	522.16	15.84	8.80	100	and
5	5	6	4	0	13	456.21	522.16	37.56	8.80	100	responds
5	5	6	4	0	14	497.09	522.16	27.32	8.80	100	within
4	5	6	4	1	0	95.773000	534.117769	75.856233	8.796976	-1	###LINE###
5	5	6	4	1	0	95.77	534.12	13.84	8.80	100	the
5	5	6	4	1	1	112.93	534.12	27.71	8.80	100	period
5	5	6	4	1	2	143.95	534.12	27.68	8.80	100	below.
3	5	6	5	0	0	82.489000	552.049769	441.922803	32.707976	-1	###FLOW###
4	5	6	5	0	0	82.489000	552.049769	441.922606	8.796976	-1	###LINE###
5	5	6	5	0	0	82.49	552.05	8.30	8.80	100	d.
5	5	6	5	0	1	95.41	552.05	16.82	8.80	100	The
5	5	6	5	0	2	115.54	552.05	59.70	8.80	100	determination
5	5	6	5	0	3	178.55	552.05	6.56	8.80	100	is
5	5	6	5	0	4	188.43	552.05	41.76	8.80	100	definitive.
5	5	6	5	0	5	234.62	552.05	27.96	8.80	100	Where
5	5	6	5	0	6	265.89	552.05	13.56	8.80	100	the
5	5	6	5	0	7	282.76	552.05	30.49	8.80	100	records
5	5	6	5	0	8	316.57	552.05	10.31	8.80	100	do
5	5	6	5	0	9	330.18	552.05	14.10	8.80	100	not
5	5	6	5	0	10	347.60	552.05	37.00	8.80	100	establish
5	5	6	5	0	11	387.91	552.05	46.68	8.80	100	attribution
5	5	6	5	0	12	437.90	552.05	8.68	8.80	100	to
5	5	6	5	0	13	449.89	552.05	13.56	8.80	100	the
5	5	6	5	0	14	466.77	552.05	13.59	8.80	100	red
5	5	6	5	0	15	483.66	552.05	23.87	8.80	100	team,
5	5	6	5	0	16	510.85	552.05	13.56	8.80	100	the
4	5	6	5	1	0	95.773000	564.005769	428.638803	8.796976	-1	###LINE###
5	5	6	5	1	0	95.77	564.01	60.55	8.80	100	determination
5	5	6	5	1	1	159.64	564.01	6.66	8.80	100	is
5	5	6	5	1	2	169.61	564.01	18.15	8.80	100	that
5	5	6	5	1	3	191.08	564.01	13.76	8.80	100	the
5	5	6	5	1	4	208.15	564.01	32.73	8.80	100	activity
5	5	6	5	1	5	244.20	564.01	6.66	8.80	100	is
5	5	6	5	1	6	254.18	564.01	14.30	8.80	100	not
5	5	6	5	1	7	271.80	564.01	54.50	8.80	100	attributable,
5	5	6	5	1	8	329.61	564.01	15.96	8.80	100	and
5	5	6	5	1	9	348.88	564.01	6.60	8.80	100	it
5	5	6	5	1	10	358.80	564.01	6.66	8.80	100	is
5	5	6	5	1	11	368.78	564.01	34.10	8.80	100	handled
5	5	6	5	1	12	406.20	564.01	8.86	8.80	100	as
5	5	6	5	1	13	418.37	564.01	4.95	8.80	100	a
5	5	6	5	1	14	426.64	564.01	32.73	8.80	100	genuine
5	5	6	5	1	15	462.70	564.01	38.32	8.80	100	intrusion
5	5	6	5	1	16	504.33	564.01	20.08	8.80	100	until
4	5	6	5	2	0	95.773000	575.960769	94.841959	8.796976	-1	###LINE###
5	5	6	5	2	0	95.77	575.96	47.71	8.80	100	established
5	5	6	5	2	1	146.80	575.96	43.81	8.80	100	otherwise.
3	5	6	6	0	0	83.596000	593.893769	205.428812	8.796976	-1	###FLOW###
4	5	6	6	0	0	83.596000	593.893769	205.428812	8.796976	-1	###LINE###
5	5	6	6	0	0	83.60	593.89	7.20	8.80	100	e.
5	5	6	6	0	1	95.41	593.89	17.16	8.80	100	The
5	5	6	6	0	2	115.89	593.89	39.30	8.80	100	exchange
5	5	6	6	0	3	158.52	593.89	6.69	8.80	100	is
5	5	6	6	0	4	168.53	593.89	37.14	8.80	100	recorded
5	5	6	6	0	5	208.99	593.89	10.52	8.80	100	on
5	5	6	6	0	6	222.82	593.89	14.42	8.80	100	pro
5	5	6	6	0	7	240.56	593.89	25.21	8.80	100	forma
5	5	6	6	0	8	269.10	593.89	19.93	8.80	100	T07.
3	5	7	0	0	0	70.866000	620.468643	88.565317	10.496666	-1	###FLOW###
4	5	7	0	0	0	70.866000	620.468643	88.565317	10.496666	-1	###LINE###
5	5	7	0	0	0	70.87	620.47	17.19	10.50	100	5.2
5	5	7	0	0	1	92.53	620.47	66.90	10.50	100	Parameters
3	5	7	1	0	0	70.866000	659.695769	179.331781	8.796976	-1	###FLOW###
4	5	7	1	0	0	70.866000	659.695769	179.331781	8.796976	-1	###LINE###
5	5	7	1	0	0	70.87	659.70	56.87	8.80	100	Deconfliction
5	5	7	1	0	1	131.06	659.70	18.27	8.80	100	line,
5	5	7	1	0	2	152.64	659.70	39.66	8.80	100	answered
5	5	7	1	0	3	195.62	659.70	54.58	8.80	100	continuously
3	5	7	2	0	0	70.866000	685.988769	41.264093	8.796976	-1	###FLOW###
4	5	7	2	0	0	70.866000	685.988769	41.264093	8.796976	-1	###LINE###
5	5	7	2	0	0	70.87	685.99	41.26	8.80	100	Alternate
3	5	7	3	0	0	70.866000	712.281769	71.396973	8.796976	-1	###FLOW###
4	5	7	3	0	0	70.866000	712.281769	71.396973	8.796976	-1	###LINE###
5	5	7	3	0	0	70.87	712.28	40.38	8.80	100	Response
5	5	7	3	0	1	114.56	712.28	27.70	8.80	100	period
3	5	8	0	0	0	324.146000	712.281769	136.766573	8.796976	-1	###FLOW###
4	5	8	0	0	0	324.146000	712.281769	136.766573	8.796976	-1	###LINE###
5	5	8	0	0	0	324.15	712.28	44.83	8.80	100	______
5	5	8	0	0	1	372.30	712.28	34.09	8.80	100	minutes
5	5	8	0	0	2	409.72	712.28	34.04	8.80	100	(default
5	5	8	0	0	3	447.08	712.28	13.84	8.80	100	30)
3	5	9	0	0	0	70.866000	738.575769	47.071292	8.796976	-1	###FLOW###
4	5	9	0	0	0	70.866000	738.575769	47.071292	8.796976	-1	###LINE###
5	5	9	0	0	0	70.87	738.58	22.42	8.80	100	Code
5	5	9	0	0	1	96.60	738.58	21.33	8.80	100	word
3	5	10	0	0	0	324.143187	739.472403	57.534015	8.179295	-1	###FLOW###
4	5	10	0	0	0	324.143187	739.472403	57.534015	8.179295	-1	###LINE###
5	5	10	0	0	0	324.14	739.47	26.15	8.18	100	[CODE
5	5	10	0	0	1	355.53	739.47	26.15	8.18	100	WORD]
3	5	11	0	0	0	260.882000	794.933960	73.512217	7.133239	-1	###FLOW###
4	5	11	0	0	0	260.882000	794.933960	73.512217	7.133239	-1	###LINE###
5	5	11	0	0	0	260.88	794.93	73.51	7.13	100	UNCLASSIFIED
3	5	11	1	0	0	289.696000	810.521052	15.883527	6.157865	-1	###FLOW###
4	5	11	1	0	0	289.696000	810.521052	15.883527	6.157865	-1	###LINE###
5	5	11	1	0	0	289.70	810.52	15.88	6.16	100	5/16
1	6	0	0	0	0	289.696000	810.521052	595.276000	841.890000	-1	###PAGE###
3	6	0	0	0	0	260.882000	40.770960	73.512217	7.133240	-1	###FLOW###
4	6	0	0	0	0	260.882000	40.770960	73.512217	7.133240	-1	###LINE###
5	6	0	0	0	0	260.88	40.77	73.51	7.13	100	UNCLASSIFIED
3	6	1	0	0	0	70.488000	99.867769	229.353417	20.751976	-1	###FLOW###
4	6	1	0	0	0	70.866000	99.867769	228.975417	8.796976	-1	###LINE###
5	6	1	0	0	0	70.87	99.87	44.00	8.80	100	Maximum
5	6	1	0	0	1	118.19	99.87	32.68	8.80	100	interval
5	6	1	0	0	2	154.19	99.87	33.76	8.80	100	without
5	6	1	0	0	3	191.28	99.87	31.82	8.80	100	contact
5	6	1	0	0	4	226.42	99.87	19.37	8.80	100	with
5	6	1	0	0	5	249.11	99.87	13.84	8.80	100	the
5	6	1	0	0	6	266.27	99.87	33.57	8.80	100	Trusted
4	6	1	0	1	0	70.488000	111.822769	26.012349	8.796976	-1	###LINE###
5	6	1	0	1	0	70.49	111.82	26.01	8.80	100	Agent
3	6	2	0	0	0	324.146000	99.867769	121.575600	8.796976	-1	###FLOW###
4	6	2	0	0	0	324.146000	99.867769	121.575600	8.796976	-1	###LINE###
5	6	2	0	0	0	324.15	99.87	44.83	8.80	100	______
5	6	2	0	0	1	372.30	99.87	23.88	8.80	100	hours
5	6	2	0	0	2	399.51	99.87	34.03	8.80	100	(default
5	6	2	0	0	3	436.87	99.87	8.86	8.80	100	4)
3	6	3	0	0	0	70.866000	138.115769	88.670129	8.796976	-1	###FLOW###
4	6	3	0	0	0	70.866000	138.115769	88.670129	8.796976	-1	###LINE###
5	6	3	0	0	0	70.87	138.12	42.64	8.80	100	Authority
5	6	3	0	0	1	116.84	138.12	8.86	8.80	100	to
5	6	3	0	0	2	129.01	138.12	30.53	8.80	100	resume
3	6	4	0	0	0	324.148169	138.115769	111.632926	8.796976	-1	###FLOW###
4	6	4	0	0	0	324.148169	138.115769	111.632926	8.796976	-1	###LINE###
5	6	4	0	0	0	324.15	138.12	33.56	8.80	100	Trusted
5	6	4	0	0	1	361.04	138.12	28.78	8.80	100	Agent,
5	6	4	0	0	2	393.14	138.12	8.30	8.80	100	in
5	6	4	0	0	3	404.76	138.12	31.02	8.80	100	writing
3	6	5	0	0	0	70.866000	175.571643	127.047910	10.496666	-1	###FLOW###
4	6	5	0	0	0	70.866000	175.571643	127.047910	10.496666	-1	###LINE###
5	6	5	0	0	0	70.87	175.57	17.19	10.50	100	5.3
5	6	5	0	0	1	92.53	175.57	48.63	10.50	100	Genuine
5	6	5	0	0	2	145.64	175.57	52.27	10.50	100	intrusion
3	6	5	1	0	0	70.358000	195.273769	455.983547	44.661976	-1	###FLOW###
4	6	5	1	0	0	70.358000	195.273769	454.054920	8.796976	-1	###LINE###
5	6	5	1	0	0	70.36	195.27	29.10	8.80	100	Where
5	6	5	1	0	1	103.39	195.27	37.55	8.80	100	evidence
5	6	5	1	0	2	144.86	195.27	8.19	8.80	100	of
5	6	5	1	0	3	156.97	195.27	5.08	8.80	100	a
5	6	5	1	0	4	165.99	195.27	36.41	8.80	100	genuine,
5	6	5	1	0	5	206.49	195.27	41.80	8.80	100	unrelated
5	6	5	1	0	6	252.22	195.27	39.33	8.80	100	intrusion
5	6	5	1	0	7	295.47	195.27	6.83	8.80	100	is
5	6	5	1	0	8	306.23	195.27	43.75	8.80	100	identified,
5	6	5	1	0	9	354.06	195.27	14.11	8.80	100	the
5	6	5	1	0	10	372.11	195.27	43.80	8.80	100	procedure
5	6	5	1	0	11	419.84	195.27	9.03	8.80	100	at
5	6	5	1	0	12	432.80	195.27	28.79	8.80	100	Annex
5	6	5	1	0	13	465.52	195.27	9.74	8.80	100	E,
5	6	5	1	0	14	479.19	195.27	45.22	8.80	100	paragraph
4	6	5	1	1	0	70.866000	207.228769	453.540552	8.796976	-1	###LINE###
5	6	5	1	1	0	70.87	207.23	24.97	8.80	100	E.5.5,
5	6	5	1	1	1	99.16	207.23	32.62	8.80	100	applies.
5	6	5	1	1	2	136.22	207.23	35.04	8.80	100	Activity
5	6	5	1	1	3	174.58	207.23	28.81	8.80	100	ceases,
5	6	5	1	1	4	206.72	207.23	13.80	8.80	100	the
5	6	5	1	1	5	223.84	207.23	33.46	8.80	100	Trusted
5	6	5	1	1	6	260.63	207.23	25.93	8.80	100	Agent
5	6	5	1	1	7	289.90	207.23	6.68	8.80	100	is
5	6	5	1	1	8	299.90	207.23	32.56	8.80	100	notified
5	6	5	1	1	9	335.79	207.23	10.48	8.80	100	by
5	6	5	1	1	10	349.60	207.23	41.38	8.80	100	telephone
5	6	5	1	1	11	394.31	207.23	22.68	8.80	100	using
5	6	5	1	1	12	420.31	207.23	13.80	8.80	100	the
5	6	5	1	1	13	437.44	207.23	19.59	8.80	100	code
5	6	5	1	1	14	460.35	207.23	24.04	8.80	100	word,
5	6	5	1	1	15	487.72	207.23	36.69	8.80	100	evidence
4	6	5	1	2	0	70.866000	219.183769	455.475547	8.796976	-1	###LINE###
5	6	5	1	2	0	70.87	219.18	6.83	8.80	100	is
5	6	5	1	2	1	81.75	219.18	44.72	8.80	100	preserved,
5	6	5	1	2	2	130.71	219.18	16.37	8.80	100	and
5	6	5	1	2	3	151.14	219.18	14.11	8.80	100	the
5	6	5	1	2	4	169.31	219.18	33.60	8.80	100	activity
5	6	5	1	2	5	206.97	219.18	27.72	8.80	100	record
5	6	5	1	2	6	238.74	219.18	6.83	8.80	100	is
5	6	5	1	2	7	249.63	219.18	51.23	8.80	100	transferred.
5	6	5	1	2	8	307.49	219.18	17.50	8.80	100	The
5	6	5	1	2	9	329.05	219.18	14.14	8.80	100	red
5	6	5	1	2	10	347.25	219.18	22.02	8.80	100	team
5	6	5	1	2	11	373.32	219.18	19.53	8.80	100	does
5	6	5	1	2	12	396.91	219.18	14.68	8.80	100	not
5	6	5	1	2	13	415.64	219.18	47.20	8.80	100	investigate
5	6	5	1	2	14	466.90	219.18	9.06	8.80	100	or
5	6	5	1	2	15	480.02	219.18	46.32	8.80	100	remediate.
4	6	5	1	3	0	70.866000	231.138769	272.699276	8.796976	-1	###LINE###
5	6	5	1	3	0	70.87	231.14	52.22	8.80	100	Resumption
5	6	5	1	3	1	126.41	231.14	34.15	8.80	100	requires
5	6	5	1	3	2	163.88	231.14	13.84	8.80	100	the
5	6	5	1	3	3	181.03	231.14	37.12	8.80	100	approval
5	6	5	1	3	4	221.47	231.14	8.03	8.80	100	of
5	6	5	1	3	5	232.82	231.14	13.83	8.80	100	the
5	6	5	1	3	6	249.97	231.14	45.69	8.80	100	Approving
5	6	5	1	3	7	298.98	231.14	44.58	8.80	100	Authority.
3	6	6	0	0	0	70.866000	279.069199	87.118734	12.595964	-1	###FLOW###
4	6	6	0	0	0	70.866000	279.069199	87.118734	12.595964	-1	###LINE###
5	6	6	0	0	0	70.87	279.07	12.55	12.60	100	6.
5	6	6	0	0	1	90.59	279.07	67.39	12.60	100	Cessation
3	6	6	1	0	0	70.488000	303.838769	454.118960	20.751976	-1	###FLOW###
4	6	6	1	0	0	70.488000	303.838769	454.118960	8.796976	-1	###LINE###
5	6	6	1	0	0	70.49	303.84	34.90	8.80	100	Activity
5	6	6	1	0	1	108.71	303.84	25.94	8.80	100	ceases
5	6	6	1	0	2	137.98	303.84	54.95	8.80	100	immediately,
5	6	6	1	0	3	196.25	303.84	15.94	8.80	100	and
5	6	6	1	0	4	215.51	303.84	13.74	8.80	100	the
5	6	6	1	0	5	232.58	303.84	33.33	8.80	100	Trusted
5	6	6	1	0	6	269.23	303.84	25.83	8.80	100	Agent
5	6	6	1	0	7	298.38	303.84	6.65	8.80	100	is
5	6	6	1	0	8	308.36	303.84	32.42	8.80	100	notified
5	6	6	1	0	9	344.10	303.84	10.44	8.80	100	by
5	6	6	1	0	10	357.87	303.84	43.97	8.80	100	telephone,
5	6	6	1	0	11	405.16	303.84	10.44	8.80	100	on
5	6	6	1	0	12	418.93	303.84	15.39	8.80	100	any
5	6	6	1	0	13	437.64	303.84	36.32	8.80	100	criterion
5	6	6	1	0	14	477.29	303.84	8.79	8.80	100	at
5	6	6	1	0	15	489.40	303.84	35.20	8.80	100	Chapter
4	6	6	1	1	0	70.866000	315.793769	373.132247	8.796976	-1	###LINE###
5	6	6	1	1	0	70.87	315.79	7.75	8.80	100	8,
5	6	6	1	1	1	81.93	315.79	44.34	8.80	100	paragraph
5	6	6	1	1	2	129.59	315.79	20.48	8.80	100	8.15,
5	6	6	1	1	3	153.39	315.79	8.03	8.80	100	of
5	6	6	1	1	4	164.74	315.79	13.84	8.80	100	the
5	6	6	1	1	5	181.89	315.79	17.30	8.80	100	Red
5	6	6	1	1	6	202.52	315.79	24.07	8.80	100	Team
5	6	6	1	1	7	229.90	315.79	58.68	8.80	100	Methodology,
5	6	6	1	1	8	291.90	315.79	25.18	8.80	100	which
5	6	6	1	1	9	320.40	315.79	6.70	8.80	100	is
5	6	6	1	1	10	330.42	315.79	55.12	8.80	100	incorporated
5	6	6	1	1	11	388.87	315.79	10.51	8.80	100	by
5	6	6	1	1	12	402.70	315.79	41.29	8.80	100	reference.
3	6	6	2	0	0	70.488000	333.726769	172.271287	8.796976	-1	###FLOW###
4	6	6	2	0	0	70.488000	333.726769	172.271287	8.796976	-1	###LINE###
5	6	6	2	0	0	70.49	333.73	45.94	8.80	100	Additional
5	6	6	2	0	1	119.74	333.73	31.05	8.80	100	criteria
5	6	6	2	0	2	154.11	333.73	11.93	8.80	100	for
5	6	6	2	0	3	169.37	333.73	16.11	8.80	100	this
5	6	6	2	0	4	188.79	333.73	53.96	8.80	100	engagement:
3	6	6	3	0	0	83.043000	351.658769	7.748910	8.796976	-1	###FLOW###
4	6	6	3	0	0	83.043000	351.658769	7.748910	8.796976	-1	###LINE###
5	6	6	3	0	0	83.04	351.66	7.75	8.80	100	a.
3	6	6	4	0	0	70.488000	369.591769	455.857943	20.751976	-1	###FLOW###
4	6	6	4	0	0	70.488000	369.591769	455.857943	8.796976	-1	###LINE###
5	6	6	4	0	0	70.49	369.59	17.75	8.80	100	Any
5	6	6	4	0	1	91.56	369.59	39.12	8.80	100	operator,
5	6	6	4	0	2	134.01	369.59	13.66	8.80	100	the
5	6	6	4	0	3	151.00	369.59	17.07	8.80	100	Red
5	6	6	4	0	4	171.39	369.59	23.75	8.80	100	Team
5	6	6	4	0	5	198.47	369.59	23.62	8.80	100	Lead,
5	6	6	4	0	6	225.42	369.59	13.66	8.80	100	the
5	6	6	4	0	7	242.41	369.59	33.12	8.80	100	Trusted
5	6	6	4	0	8	278.86	369.59	25.66	8.80	100	Agent
5	6	6	4	0	9	307.86	369.59	8.77	8.80	100	or
5	6	6	4	0	10	319.95	369.59	13.66	8.80	100	the
5	6	6	4	0	11	336.93	369.59	45.10	8.80	100	Approving
5	6	6	4	0	12	385.35	369.59	42.08	8.80	100	Authority
5	6	6	4	0	13	430.76	369.59	18.03	8.80	100	may
5	6	6	4	0	14	452.11	369.59	29.83	8.80	100	require
5	6	6	4	0	15	485.26	369.59	41.08	8.80	100	cessation.
4	6	6	4	1	0	70.866000	381.546769	230.797577	8.796976	-1	###LINE###
5	6	6	4	1	0	70.87	381.55	12.45	8.80	100	No
5	6	6	4	1	1	86.64	381.55	51.26	8.80	100	justification
5	6	6	4	1	2	141.21	381.55	6.70	8.80	100	is
5	6	6	4	1	3	151.24	381.55	35.75	8.80	100	required
5	6	6	4	1	4	190.31	381.55	16.05	8.80	100	and
5	6	6	4	1	5	209.68	381.55	20.48	8.80	100	none
5	6	6	4	1	6	233.48	381.55	19.98	8.80	100	shall
5	6	6	4	1	7	256.78	381.55	10.24	8.80	100	be
5	6	6	4	1	8	270.34	381.55	31.33	8.80	100	sought.
3	6	7	0	0	0	70.866000	429.477199	137.502589	12.595964	-1	###FLOW###
4	6	7	0	0	0	70.866000	429.477199	137.502589	12.595964	-1	###LINE###
5	6	7	0	0	0	70.87	429.48	12.55	12.60	100	7.
5	6	7	0	0	1	90.59	429.48	117.78	12.60	100	Communications
3	6	7	1	0	0	70.866000	463.277769	35.977937	8.796976	-1	###FLOW###
4	6	7	1	0	0	70.866000	463.277769	35.977937	8.796976	-1	###LINE###
5	6	7	1	0	0	70.87	463.28	35.98	8.80	100	Channel
3	6	8	0	0	0	170.619000	463.277769	35.372211	8.796976	-1	###FLOW###
4	6	8	0	0	0	170.619000	463.277769	35.372211	8.796976	-1	###LINE###
5	6	8	0	0	0	170.62	463.28	35.37	8.80	100	Purpose
3	6	9	0	0	0	290.461000	463.277769	30.385930	8.796976	-1	###FLOW###
4	6	9	0	0	0	290.461000	463.277769	30.385930	8.796976	-1	###LINE###
5	6	9	0	0	0	290.46	463.28	30.39	8.80	100	Parties
3	6	10	0	0	0	423.667000	463.277769	44.441166	8.796976	-1	###FLOW###
4	6	10	0	0	0	423.667000	463.277769	44.441166	8.796976	-1	###LINE###
5	6	10	0	0	0	423.67	463.28	44.44	8.80	100	Frequency
3	6	11	0	0	0	70.866000	494.572769	75.689857	8.796976	-1	###FLOW###
4	6	11	0	0	0	70.866000	494.572769	75.689857	8.796976	-1	###LINE###
5	6	11	0	0	0	70.87	494.57	56.87	8.80	100	Deconfliction
5	6	11	0	0	1	131.06	494.57	15.50	8.80	100	line
3	6	12	0	0	0	170.619000	494.572769	60.993030	20.751976	-1	###FLOW###
4	6	12	0	0	0	170.619000	494.572769	60.993030	8.796976	-1	###LINE###
5	6	12	0	0	0	170.62	494.57	41.62	8.80	100	Cessation
5	6	12	0	0	1	215.56	494.57	16.05	8.80	100	and
4	6	12	0	1	0	170.619000	506.527769	54.798285	8.796976	-1	###LINE###
5	6	12	0	1	0	170.62	506.53	54.80	8.80	100	deconfliction
3	6	13	0	0	0	290.102000	494.572769	88.911570	20.751976	-1	###FLOW###
4	6	13	0	0	0	290.461000	494.572769	88.552570	8.796976	-1	###LINE###
5	6	13	0	0	0	290.46	494.57	17.30	8.80	100	Red
5	6	13	0	0	1	311.08	494.57	24.08	8.80	100	Team
5	6	13	0	0	2	338.47	494.57	21.17	8.80	100	Lead
5	6	13	0	0	3	362.96	494.57	16.05	8.80	100	and
4	6	13	0	1	0	290.102000	506.527769	62.903856	8.796976	-1	###LINE###
5	6	13	0	1	0	290.10	506.53	33.57	8.80	100	Trusted
5	6	13	0	1	1	326.99	506.53	26.01	8.80	100	Agent
3	6	14	0	0	0	423.667000	494.572769	88.913216	20.751976	-1	###FLOW###
4	6	14	0	0	0	423.667000	494.572769	88.913216	8.796976	-1	###LINE###
5	6	14	0	0	0	423.67	494.57	57.34	8.80	100	Continuously
5	6	14	0	0	1	484.33	494.57	28.25	8.80	100	during
4	6	14	0	1	0	423.667000	506.527769	41.237194	8.796976	-1	###LINE###
5	6	14	0	1	0	423.67	506.53	41.24	8.80	100	execution
3	6	15	0	0	0	70.866000	532.820769	70.072943	8.796976	-1	###FLOW###
4	6	15	0	0	0	70.866000	532.820769	70.072943	8.796976	-1	###LINE###
5	6	15	0	0	0	70.87	532.82	39.85	8.80	100	Situation
5	6	15	0	0	1	114.04	532.82	26.90	8.80	100	report
3	6	16	0	0	0	170.617529	532.820769	27.730897	8.796976	-1	###FLOW###
4	6	16	0	0	0	170.617529	532.820769	27.730897	8.796976	-1	###LINE###
5	6	16	0	0	0	170.62	532.82	27.73	8.80	100	Status
3	6	17	0	0	0	290.082000	532.820769	118.628717	20.751976	-1	###FLOW###
4	6	17	0	0	0	290.462625	532.820769	118.248092	8.796976	-1	###LINE###
5	6	17	0	0	0	290.46	532.82	17.30	8.80	100	Red
5	6	17	0	0	1	311.08	532.82	24.08	8.80	100	Team
5	6	17	0	0	2	338.47	532.82	21.17	8.80	100	Lead
5	6	17	0	0	3	362.96	532.82	8.86	8.80	100	to
5	6	17	0	0	4	375.15	532.82	33.56	8.80	100	Trusted
4	6	17	0	1	0	290.082000	544.775769	26.012349	8.796976	-1	###LINE###
5	6	17	0	1	0	290.08	544.78	26.01	8.80	100	Agent
3	6	18	0	0	0	423.667000	532.820769	91.519432	8.796976	-1	###FLOW###
4	6	18	0	0	0	423.667000	532.820769	91.519432	8.796976	-1	###LINE###
5	6	18	0	0	0	423.67	532.82	25.33	8.80	100	Daily,
5	6	18	0	0	1	452.31	532.82	8.86	8.80	100	at
5	6	18	0	0	2	464.48	532.82	20.54	8.80	100	close
5	6	18	0	0	3	488.34	532.82	8.03	8.80	100	of
5	6	18	0	0	4	499.69	532.82	15.50	8.80	100	day
3	6	19	0	0	0	70.866000	571.069769	35.452908	8.796976	-1	###FLOW###
4	6	19	0	0	0	70.866000	571.069769	35.452908	8.796976	-1	###LINE###
5	6	19	0	0	0	70.87	571.07	35.45	8.80	100	Steering
3	6	20	0	0	0	170.619000	571.069769	97.827751	8.796976	-1	###FLOW###
4	6	20	0	0	0	170.619000	571.069769	97.827751	8.796976	-1	###LINE###
5	6	20	0	0	0	170.62	571.07	36.84	8.80	100	Progress
5	6	20	0	0	1	210.77	571.07	16.05	8.80	100	and
5	6	20	0	0	2	230.14	571.07	38.30	8.80	100	decisions
3	6	21	0	0	0	290.082000	571.069769	121.627609	20.751976	-1	###FLOW###
4	6	21	0	0	0	290.461000	571.069769	108.842401	8.796976	-1	###LINE###
5	6	21	0	0	0	290.46	571.07	17.30	8.80	100	Red
5	6	21	0	0	1	311.08	571.07	24.08	8.80	100	Team
5	6	21	0	0	2	338.47	571.07	23.94	8.80	100	Lead,
5	6	21	0	0	3	365.73	571.07	33.57	8.80	100	Trusted
4	6	21	0	1	0	290.082000	583.024769	121.627609	8.796976	-1	###LINE###
5	6	21	0	1	0	290.08	583.02	28.26	8.80	100	Agent,
5	6	21	0	1	1	321.66	583.02	44.87	8.80	100	Approving
5	6	21	0	1	2	369.84	583.02	41.87	8.80	100	Authority
3	6	22	0	0	0	423.667000	571.069769	31.553547	8.796976	-1	###FLOW###
4	6	22	0	0	0	423.667000	571.069769	31.553547	8.796976	-1	###LINE###
5	6	22	0	0	0	423.67	571.07	31.55	8.80	100	Weekly
3	6	23	0	0	0	70.866000	609.317769	48.044639	8.796976	-1	###FLOW###
4	6	23	0	0	0	70.866000	609.317769	48.044639	8.796976	-1	###LINE###
5	6	23	0	0	0	70.87	609.32	48.04	8.80	100	Emergency
3	6	24	0	0	0	170.616533	609.317769	106.241166	20.752976	-1	###FLOW###
4	6	24	0	0	0	170.616533	609.317769	106.241166	8.796976	-1	###LINE###
5	6	24	0	0	0	170.62	609.32	43.51	8.80	100	Suspected
5	6	24	0	0	1	217.44	609.32	15.61	8.80	100	loss
5	6	24	0	0	2	236.37	609.32	8.03	8.80	100	of
5	6	24	0	0	3	247.72	609.32	29.13	8.80	100	service
4	6	24	0	1	0	170.619000	621.273769	87.011356	8.796976	-1	###LINE###
5	6	24	0	1	0	170.62	621.27	8.88	8.80	100	or
5	6	24	0	1	1	182.82	621.27	32.93	8.80	100	genuine
5	6	24	0	1	2	219.08	621.27	38.55	8.80	100	intrusion
3	6	25	0	0	0	290.082000	609.317769	111.186026	20.752976	-1	###FLOW###
4	6	25	0	0	0	290.461000	609.317769	110.807026	8.796976	-1	###LINE###
5	6	25	0	0	0	290.46	609.32	17.99	8.80	100	Any
5	6	25	0	0	1	311.77	609.32	23.27	8.80	100	party
5	6	25	0	0	2	338.37	609.32	8.86	8.80	100	to
5	6	25	0	0	3	350.54	609.32	13.84	8.80	100	the
5	6	25	0	0	4	367.70	609.32	33.56	8.80	100	Trusted
4	6	25	0	1	0	290.082000	621.273769	26.012349	8.796976	-1	###LINE###
5	6	25	0	1	0	290.08	621.27	26.01	8.80	100	Agent
3	6	26	0	0	0	423.667000	609.317769	62.816186	20.752976	-1	###FLOW###
4	6	26	0	0	0	423.667000	609.317769	62.816186	8.796976	-1	###LINE###
5	6	26	0	0	0	423.67	609.32	48.98	8.80	100	Immediate,
5	6	26	0	0	1	475.97	609.32	10.51	8.80	100	by
4	6	26	0	1	0	423.667000	621.273769	41.514154	8.796976	-1	###LINE###
5	6	26	0	1	0	423.67	621.27	41.51	8.80	100	telephone
3	6	27	0	0	0	70.358000	658.048769	454.051871	20.751976	-1	###FLOW###
4	6	27	0	0	0	70.358000	658.048769	454.051871	8.796976	-1	###LINE###
5	6	27	0	0	0	70.36	658.05	29.10	8.80	100	Where
5	6	27	0	0	1	103.14	658.05	14.11	8.80	100	the
5	6	27	0	0	2	120.94	658.05	52.22	8.80	100	engagement
5	6	27	0	0	3	176.85	658.05	6.83	8.80	100	is
5	6	27	0	0	4	187.36	658.05	29.67	8.80	100	covert,
5	6	27	0	0	5	220.82	658.05	52.22	8.80	100	engagement
5	6	27	0	0	6	276.73	658.05	71.47	8.80	100	communications
5	6	27	0	0	7	351.88	658.05	14.17	8.80	100	use
5	6	27	0	0	8	369.74	658.05	14.11	8.80	100	the
5	6	27	0	0	9	387.53	658.05	39.53	8.80	100	following
5	6	27	0	0	10	430.74	658.05	40.42	8.80	100	channels,
5	6	27	0	0	11	474.94	658.05	31.67	8.80	100	outside
5	6	27	0	0	12	510.30	658.05	14.11	8.80	100	the
4	6	27	0	1	0	70.866000	670.003769	327.579254	8.796976	-1	###LINE###
5	6	27	0	1	0	70.87	670.00	44.31	8.80	100	monitored
5	6	27	0	1	1	118.49	670.00	59.64	8.80	100	infrastructure
5	6	27	0	1	2	181.45	670.00	8.03	8.80	100	of
5	6	27	0	1	3	192.79	670.00	13.84	8.80	100	the
5	6	27	0	1	4	209.96	670.00	35.08	8.80	100	assessed
5	6	27	0	1	5	248.37	670.00	55.98	8.80	100	organisation:
5	6	27	0	1	6	308.78	670.00	89.66	8.80	100	____________
3	6	28	0	0	0	70.866000	717.934199	120.192464	12.595964	-1	###FLOW###
4	6	28	0	0	0	70.866000	717.934199	120.192464	12.595964	-1	###LINE###
5	6	28	0	0	0	70.87	717.93	12.55	12.60	100	8.
5	6	28	0	0	1	90.59	717.93	34.34	12.60	100	Data
5	6	28	0	0	2	130.31	717.93	60.75	12.60	100	handling
3	6	29	0	0	0	260.882000	794.933960	73.512217	7.133239	-1	###FLOW###
4	6	29	0	0	0	260.882000	794.933960	73.512217	7.133239	-1	###LINE###
5	6	29	0	0	0	260.88	794.93	73.51	7.13	100	UNCLASSIFIED
3	6	29	1	0	0	289.696000	810.521052	15.883527	6.157865	-1	###FLOW###
4	6	29	1	0	0	289.696000	810.521052	15.883527	6.157865	-1	###LINE###
5	6	29	1	0	0	289.70	810.52	15.88	6.16	100	6/16
1	7	0	0	0	0	289.696000	810.521052	595.276000	841.890000	-1	###PAGE###
3	7	0	0	0	0	260.882000	40.770960	73.512217	7.133240	-1	###FLOW###
4	7	0	0	0	0	260.882000	40.770960	73.512217	7.133240	-1	###LINE###
5	7	0	0	0	0	260.88	40.77	73.51	7.13	100	UNCLASSIFIED
3	7	1	0	0	0	70.866000	99.867769	86.319951	8.796976	-1	###FLOW###
4	7	1	0	0	0	70.866000	99.867769	86.319951	8.796976	-1	###LINE###
5	7	1	0	0	0	70.87	99.87	39.16	8.80	100	Evidence
5	7	1	0	0	1	113.35	99.87	43.84	8.80	100	repository
3	7	1	1	0	0	70.866000	126.160769	48.598559	8.796976	-1	###FLOW###
4	7	1	1	0	0	70.866000	126.160769	48.598559	8.796976	-1	###LINE###
5	7	1	1	0	0	70.87	126.16	48.60	8.80	100	Encryption
3	7	1	2	0	0	70.866000	152.454769	61.847821	8.796976	-1	###FLOW###
4	7	1	2	0	0	70.866000	152.454769	61.847821	8.796976	-1	###LINE###
5	7	1	2	0	0	70.87	152.45	28.34	8.80	100	Access
5	7	1	2	0	1	102.52	152.45	30.19	8.80	100	control
3	7	1	3	0	0	70.866000	178.747769	64.285669	8.796976	-1	###FLOW###
4	7	1	3	0	0	70.866000	178.747769	64.285669	8.796976	-1	###LINE###
5	7	1	3	0	0	70.87	178.75	22.69	8.80	100	Time
5	7	1	3	0	1	96.88	178.75	38.28	8.80	100	standard
3	7	2	0	0	0	343.838251	178.747769	124.098131	8.796976	-1	###FLOW###
4	7	2	0	0	0	343.838251	178.747769	124.098131	8.796976	-1	###LINE###
5	7	2	0	0	0	343.84	178.75	54.00	8.80	100	Coordinated
5	7	2	0	0	1	401.15	178.75	40.76	8.80	100	Universal
5	7	2	0	0	2	445.24	178.75	22.69	8.80	100	Time
3	7	3	0	0	0	70.866000	205.041769	157.327387	8.796976	-1	###FLOW###
4	7	3	0	0	0	70.866000	205.041769	157.327387	8.796976	-1	###LINE###
5	7	3	0	0	0	70.87	205.04	42.09	8.80	100	Approved
5	7	3	0	0	1	116.28	205.04	19.37	8.80	100	time
5	7	3	0	0	2	138.97	205.04	27.21	8.80	100	source
5	7	3	0	0	3	169.50	205.04	16.05	8.80	100	and
5	7	3	0	0	4	188.87	205.04	39.33	8.80	100	tolerance
3	7	3	1	0	0	70.866000	231.334769	115.066037	8.796976	-1	###FLOW###
4	7	3	1	0	0	70.866000	231.334769	115.066037	8.796976	-1	###LINE###
5	7	3	1	0	0	70.87	231.33	39.16	8.80	100	Evidence
5	7	3	1	0	1	113.35	231.33	38.50	8.80	100	identifier
5	7	3	1	0	2	155.16	231.33	30.77	8.80	100	scheme
3	7	3	2	0	0	70.866000	257.627769	110.810015	8.796976	-1	###FLOW###
4	7	3	2	0	0	70.866000	257.627769	110.810015	8.796976	-1	###LINE###
5	7	3	2	0	0	70.87	257.63	42.09	8.80	100	Approved
5	7	3	2	0	1	116.28	257.63	19.97	8.80	100	hash
5	7	3	2	0	2	139.58	257.63	42.09	8.80	100	algorithm
3	7	3	3	0	0	70.866000	283.921769	202.799682	8.796976	-1	###FLOW###
4	7	3	3	0	0	70.866000	283.921769	202.799682	8.796976	-1	###LINE###
5	7	3	3	0	0	70.87	283.92	44.00	8.80	100	Maximum
5	7	3	3	0	1	118.19	283.92	36.63	8.80	100	sensitive
5	7	3	3	0	2	158.15	283.92	19.37	8.80	100	data
5	7	3	3	0	3	180.84	283.92	18.27	8.80	100	that
5	7	3	3	0	4	202.43	283.92	18.27	8.80	100	may
5	7	3	3	0	5	224.02	283.92	10.24	8.80	100	be
5	7	3	3	0	6	237.58	283.92	36.09	8.80	100	accessed
3	7	3	4	0	0	70.866000	310.214769	68.797731	8.796976	-1	###FLOW###
4	7	3	4	0	0	70.866000	310.214769	68.797731	8.796976	-1	###LINE###
5	7	3	4	0	0	70.87	310.21	46.11	8.80	100	Prohibited
5	7	3	4	0	1	120.29	310.21	19.37	8.80	100	data
3	7	3	5	0	0	70.866000	336.508769	90.604866	8.796976	-1	###FLOW###
4	7	3	5	0	0	70.866000	336.508769	90.604866	8.796976	-1	###LINE###
5	7	3	5	0	0	70.87	336.51	40.99	8.80	100	Captured
5	7	3	5	0	1	115.17	336.51	46.30	8.80	100	credentials
3	7	4	0	0	0	343.842000	336.508769	170.668541	20.751976	-1	###FLOW###
4	7	4	0	0	0	343.846221	336.508769	170.664319	8.796976	-1	###LINE###
5	7	4	0	0	0	343.85	336.51	20.19	8.80	100	Held
5	7	4	0	0	1	367.37	336.51	29.95	8.80	100	hashed
5	7	4	0	0	2	400.63	336.51	8.88	8.80	100	or
5	7	4	0	0	3	412.83	336.51	44.86	8.80	100	truncated;
5	7	4	0	0	4	461.01	336.51	41.32	8.80	100	destroyed
5	7	4	0	0	5	505.65	336.51	8.86	8.80	100	at
4	7	4	0	1	0	343.842000	348.463769	29.973478	8.796976	-1	###LINE###
5	7	4	0	1	0	343.84	348.46	29.97	8.80	100	closure
3	7	5	0	0	0	70.866000	374.756769	73.505059	8.796976	-1	###FLOW###
4	7	5	0	0	0	70.866000	374.756769	73.505059	8.796976	-1	###LINE###
5	7	5	0	0	0	70.87	374.76	42.48	8.80	100	Retention
5	7	5	0	0	1	116.66	374.76	27.71	8.80	100	period
3	7	6	0	0	0	343.842000	374.756769	80.028570	8.796976	-1	###FLOW###
4	7	6	0	0	0	343.842000	374.756769	80.028570	8.796976	-1	###LINE###
5	7	6	0	0	0	343.84	374.76	44.83	8.80	100	______
5	7	6	0	0	1	391.99	374.76	31.88	8.80	100	months
3	7	7	0	0	0	70.866000	401.050769	97.220032	8.796976	-1	###FLOW###
4	7	7	0	0	0	70.866000	401.050769	97.220032	8.796976	-1	###LINE###
5	7	7	0	0	0	70.87	401.05	33.77	8.80	100	Method
5	7	7	0	0	1	107.95	401.05	8.03	8.80	100	of
5	7	7	0	0	2	119.29	401.05	48.79	8.80	100	destruction
3	7	7	1	0	0	70.866000	427.343769	162.865596	8.796976	-1	###FLOW###
4	7	7	1	0	0	70.866000	427.343769	162.865596	8.796976	-1	###LINE###
5	7	7	1	0	0	70.87	427.34	57.68	8.80	100	Classification
5	7	7	1	0	1	131.86	427.34	8.03	8.80	100	of
5	7	7	1	0	2	143.20	427.34	51.20	8.80	100	engagement
5	7	7	1	0	3	197.73	427.34	36.00	8.80	100	material
3	7	8	0	0	0	70.866000	488.139199	83.605350	12.595964	-1	###FLOW###
4	7	8	0	0	0	70.866000	488.139199	83.605350	12.595964	-1	###LINE###
5	7	8	0	0	0	70.87	488.14	12.55	12.60	100	9.
5	7	8	0	0	1	90.59	488.14	63.88	12.60	100	Products
3	7	8	1	0	0	70.866000	521.939769	35.316421	8.796976	-1	###FLOW###
4	7	8	1	0	0	70.866000	521.939769	35.316421	8.796976	-1	###LINE###
5	7	8	1	0	0	70.87	521.94	35.32	8.80	100	Product
3	7	9	0	0	0	220.779000	521.939769	40.819761	8.796976	-1	###FLOW###
4	7	9	0	0	0	220.779000	521.939769	40.819761	8.796976	-1	###LINE###
5	7	9	0	0	0	220.78	521.94	40.82	8.80	100	Recipient
3	7	10	0	0	0	374.372000	521.939769	31.548565	8.796976	-1	###FLOW###
4	7	10	0	0	0	374.372000	521.939769	31.548565	8.796976	-1	###LINE###
5	7	10	0	0	0	374.37	521.94	31.55	8.80	100	Timing
3	7	11	0	0	0	70.866000	553.234769	70.072943	8.796976	-1	###FLOW###
4	7	11	0	0	0	70.866000	553.234769	70.072943	8.796976	-1	###LINE###
5	7	11	0	0	0	70.87	553.23	39.85	8.80	100	Situation
5	7	11	0	0	1	114.04	553.23	26.90	8.80	100	report
3	7	12	0	0	0	220.779000	553.234769	62.903856	8.796976	-1	###FLOW###
4	7	12	0	0	0	220.779000	553.234769	62.903856	8.796976	-1	###LINE###
5	7	12	0	0	0	220.78	553.23	33.56	8.80	100	Trusted
5	7	12	0	0	1	257.67	553.23	26.01	8.80	100	Agent
3	7	13	0	0	0	374.730000	553.234769	23.385211	8.796976	-1	###FLOW###
4	7	13	0	0	0	374.730000	553.234769	23.385211	8.796976	-1	###LINE###
5	7	13	0	0	0	374.73	553.23	23.39	8.80	100	Daily
3	7	14	0	0	0	70.866000	579.527769	65.648553	8.796976	-1	###FLOW###
4	7	14	0	0	0	70.866000	579.527769	65.648553	8.796976	-1	###LINE###
5	7	14	0	0	0	70.87	579.53	35.14	8.80	100	Activity
5	7	14	0	0	1	109.34	579.53	27.18	8.80	100	record
3	7	15	0	0	0	220.778223	579.527769	62.903856	8.796976	-1	###FLOW###
4	7	15	0	0	0	220.778223	579.527769	62.903856	8.796976	-1	###LINE###
5	7	15	0	0	0	220.78	579.53	33.57	8.80	100	Trusted
5	7	15	0	0	1	257.67	579.53	26.01	8.80	100	Agent
3	7	16	0	0	0	374.730281	579.527769	65.860756	8.796976	-1	###FLOW###
4	7	16	0	0	0	374.730281	579.527769	65.860756	8.796976	-1	###LINE###
5	7	16	0	0	0	374.73	579.53	11.07	8.80	100	At
5	7	16	0	0	1	389.13	579.53	51.47	8.80	100	culmination
3	7	17	0	0	0	70.866000	605.820769	86.119703	8.796976	-1	###FLOW###
4	7	17	0	0	0	70.866000	605.820769	86.119703	8.796976	-1	###LINE###
5	7	17	0	0	0	70.87	605.82	35.70	8.80	100	Cleanup
5	7	17	0	0	1	109.88	605.82	47.10	8.80	100	attestation
3	7	18	0	0	0	220.779000	605.820769	62.903856	8.796976	-1	###FLOW###
4	7	18	0	0	0	220.779000	605.820769	62.903856	8.796976	-1	###LINE###
5	7	18	0	0	0	220.78	605.82	33.56	8.80	100	Trusted
5	7	18	0	0	1	257.67	605.82	26.01	8.80	100	Agent
3	7	19	0	0	0	374.730000	605.820769	65.860756	8.796976	-1	###FLOW###
4	7	19	0	0	0	374.730000	605.820769	65.860756	8.796976	-1	###LINE###
5	7	19	0	0	0	374.73	605.82	11.07	8.80	100	At
5	7	19	0	0	1	389.12	605.82	51.47	8.80	100	culmination
3	7	20	0	0	0	70.866000	632.114769	53.633657	8.796976	-1	###FLOW###
4	7	20	0	0	0	70.866000	632.114769	53.633657	8.796976	-1	###LINE###
5	7	20	0	0	0	70.87	632.11	23.41	8.80	100	Draft
5	7	20	0	0	1	97.60	632.11	26.90	8.80	100	report
3	7	21	0	0	0	220.778223	632.114769	62.903856	8.796976	-1	###FLOW###
4	7	21	0	0	0	220.778223	632.114769	62.903856	8.796976	-1	###LINE###
5	7	21	0	0	0	220.78	632.11	33.57	8.80	100	Trusted
5	7	21	0	0	1	257.67	632.11	26.01	8.80	100	Agent
3	7	22	0	0	0	374.730281	632.114769	135.688619	8.796976	-1	###FLOW###
4	7	22	0	0	0	374.730281	632.114769	135.688619	8.796976	-1	###LINE###
5	7	22	0	0	0	374.73	632.11	44.83	8.80	100	______
5	7	22	0	0	1	422.88	632.11	19.43	8.80	100	days
5	7	22	0	0	2	445.63	632.11	20.23	8.80	100	after
5	7	22	0	0	3	469.18	632.11	41.24	8.80	100	execution
3	7	23	0	0	0	70.866000	658.407769	30.334124	8.796976	-1	###FLOW###
4	7	23	0	0	0	70.866000	658.407769	30.334124	8.796976	-1	###LINE###
5	7	23	0	0	0	70.87	658.41	30.33	8.80	100	Report
3	7	24	0	0	0	220.779000	658.407769	81.306771	8.796976	-1	###FLOW###
4	7	24	0	0	0	220.779000	658.407769	81.306771	8.796976	-1	###LINE###
5	7	24	0	0	0	220.78	658.41	53.08	8.80	100	Distribution
5	7	24	0	0	1	277.18	658.41	24.91	8.80	100	below
3	7	25	0	0	0	374.730000	658.407769	135.688619	8.796976	-1	###FLOW###
4	7	25	0	0	0	374.730000	658.407769	135.688619	8.796976	-1	###LINE###
5	7	25	0	0	0	374.73	658.41	44.83	8.80	100	______
5	7	25	0	0	1	422.88	658.41	19.44	8.80	100	days
5	7	25	0	0	2	445.63	658.41	20.23	8.80	100	after
5	7	25	0	0	3	469.18	658.41	41.24	8.80	100	execution
3	7	26	0	0	0	70.866000	684.701769	67.827373	8.796976	-1	###FLOW###
4	7	26	0	0	0	70.866000	684.701769	67.827373	8.796976	-1	###LINE###
5	7	26	0	0	0	70.87	684.70	44.83	8.80	100	Command
5	7	26	0	0	1	119.02	684.70	19.68	8.80	100	brief
3	7	27	0	0	0	220.775235	684.701769	91.659905	8.796976	-1	###FLOW###
4	7	27	0	0	0	220.775235	684.701769	91.659905	8.796976	-1	###LINE###
5	7	27	0	0	0	220.78	684.70	45.69	8.80	100	Approving
5	7	27	0	0	1	269.79	684.70	42.64	8.80	100	Authority
3	7	28	0	0	0	374.731278	684.701769	69.792994	8.796976	-1	###FLOW###
4	7	28	0	0	0	374.731278	684.701769	69.792994	8.796976	-1	###LINE###
5	7	28	0	0	0	374.73	684.70	22.42	8.80	100	With
5	7	28	0	0	1	400.47	684.70	13.84	8.80	100	the
5	7	28	0	0	2	417.62	684.70	26.90	8.80	100	report
3	7	29	0	0	0	70.866000	710.994769	73.920499	8.796976	-1	###FLOW###
4	7	29	0	0	0	70.866000	710.994769	73.920499	8.796976	-1	###LINE###
5	7	29	0	0	0	70.87	710.99	40.96	8.80	100	Technical
5	7	29	0	0	1	115.14	710.99	29.64	8.80	100	debrief
3	7	30	0	0	0	220.779000	710.994769	77.955352	8.796976	-1	###FLOW###
4	7	30	0	0	0	220.779000	710.994769	77.955352	8.796976	-1	###LINE###
5	7	30	0	0	0	220.78	710.99	41.15	8.80	100	Defensive
5	7	30	0	0	1	265.25	710.99	33.49	8.80	100	element
3	7	31	0	0	0	374.730000	710.994769	114.677496	8.796976	-1	###FLOW###
4	7	31	0	0	0	374.730000	710.994769	114.677496	8.796976	-1	###LINE###
5	7	31	0	0	0	374.73	710.99	27.84	8.80	100	Before
5	7	31	0	0	1	405.89	710.99	13.84	8.80	100	the
5	7	31	0	0	2	423.04	710.99	26.90	8.80	100	report
5	7	31	0	0	3	453.27	710.99	6.70	8.80	100	is
5	7	31	0	0	4	463.29	710.99	26.12	8.80	100	issued
3	7	32	0	0	0	70.866000	747.671143	351.424737	8.896602	-1	###FLOW###
4	7	32	0	0	0	70.866000	747.671143	351.424737	8.896602	-1	###LINE###
5	7	32	0	0	0	70.87	747.67	61.31	8.90	100	Distribution
5	7	32	0	0	1	135.99	747.67	9.23	8.90	100	of
5	7	32	0	0	2	149.04	747.67	16.07	8.90	100	the
5	7	32	0	0	3	168.93	747.67	31.56	8.90	100	report
5	7	32	0	0	4	203.80	747.77	32.66	8.80	100	(named
5	7	32	0	0	5	239.78	747.77	47.38	8.80	100	individuals
5	7	32	0	0	6	290.48	747.77	8.88	8.80	100	or
5	7	32	0	0	7	302.69	747.77	28.78	8.80	100	named
5	7	32	0	0	8	334.79	747.77	59.00	8.80	100	appointments
5	7	32	0	0	9	397.11	747.77	25.18	8.80	100	only):
3	7	33	0	0	0	260.882000	794.933960	73.512217	7.133239	-1	###FLOW###
4	7	33	0	0	0	260.882000	794.933960	73.512217	7.133239	-1	###LINE###
5	7	33	0	0	0	260.88	794.93	73.51	7.13	100	UNCLASSIFIED
3	7	33	1	0	0	289.696000	810.521052	15.883527	6.157865	-1	###FLOW###
4	7	33	1	0	0	289.696000	810.521052	15.883527	6.157865	-1	###LINE###
5	7	33	1	0	0	289.70	810.52	15.88	6.16	100	7/16
1	8	0	0	0	0	289.696000	810.521052	595.276000	841.890000	-1	###PAGE###
3	8	0	0	0	0	260.882000	40.770960	73.512217	7.133240	-1	###FLOW###
4	8	0	0	0	0	260.882000	40.770960	73.512217	7.133240	-1	###LINE###
5	8	0	0	0	0	260.88	40.77	73.51	7.13	100	UNCLASSIFIED
3	8	1	0	0	0	70.866000	75.001199	313.511812	12.595964	-1	###FLOW###
4	8	1	0	0	0	70.866000	75.001199	313.511812	12.595964	-1	###LINE###
5	8	1	0	0	0	70.87	75.00	20.62	12.60	100	10.
5	8	1	0	0	1	98.66	75.00	41.94	12.60	100	Legal,
5	8	1	0	0	2	145.98	75.00	65.55	12.60	100	authority
5	8	1	0	0	3	216.91	75.00	25.78	12.60	100	and
5	8	1	0	0	4	248.07	75.00	59.11	12.60	100	provider
5	8	1	0	0	5	312.56	75.00	71.82	12.60	100	conditions
3	8	1	1	0	0	70.866000	100.449643	230.973268	10.496666	-1	###FLOW###
4	8	1	1	0	0	70.866000	100.449643	230.973268	10.496666	-1	###LINE###
5	8	1	1	0	0	70.87	100.45	23.91	10.50	100	10.1
5	8	1	1	0	1	99.26	100.45	75.73	10.50	100	Applicability
5	8	1	1	0	2	179.47	100.45	21.48	10.50	100	and
5	8	1	1	0	3	205.43	100.45	54.61	10.50	100	authority
5	8	1	1	0	4	264.54	100.45	37.30	10.50	100	record
3	8	1	2	0	0	70.866000	131.508769	20.202160	8.796976	-1	###FLOW###
4	8	1	2	0	0	70.866000	131.508769	20.202160	8.796976	-1	###LINE###
5	8	1	2	0	0	70.87	131.51	20.20	8.80	100	Item
3	8	2	0	0	0	391.932000	131.508769	86.591930	8.796976	-1	###FLOW###
4	8	2	0	0	0	391.932000	131.508769	86.591930	8.796976	-1	###LINE###
5	8	2	0	0	0	391.93	131.51	36.45	8.80	100	Decision
5	8	2	0	0	1	431.70	131.51	4.98	8.80	100	/
5	8	2	0	0	2	440.00	131.51	38.53	8.80	100	reference
3	8	3	0	0	0	70.866000	162.802769	216.187424	8.796976	-1	###FLOW###
4	8	3	0	0	0	70.866000	162.802769	216.187424	8.796976	-1	###LINE###
5	8	3	0	0	0	70.87	162.80	46.22	8.80	100	Applicable
5	8	3	0	0	1	120.40	162.80	17.43	8.80	100	law,
5	8	3	0	0	2	141.16	162.80	46.51	8.80	100	regulation,
5	8	3	0	0	3	191.00	162.80	37.64	8.80	100	mandate
5	8	3	0	0	4	231.96	162.80	16.05	8.80	100	and
5	8	3	0	0	5	251.33	162.80	35.73	8.80	100	contract
3	8	3	1	0	0	70.866000	189.096769	198.699076	8.796976	-1	###FLOW###
4	8	3	1	0	0	70.866000	189.096769	198.699076	8.796976	-1	###LINE###
5	8	3	1	0	0	70.87	189.10	56.18	8.80	100	Applicability
5	8	3	1	0	1	130.36	189.10	34.37	8.80	100	decision
5	8	3	1	0	2	168.05	189.10	16.05	8.80	100	and
5	8	3	1	0	3	187.43	189.10	48.01	8.80	100	responsible
5	8	3	1	0	4	238.76	189.10	30.80	8.80	100	adviser
3	8	3	2	0	0	70.866000	215.389769	176.232416	8.796976	-1	###FLOW###
4	8	3	2	0	0	70.866000	215.389769	176.232416	8.796976	-1	###LINE###
5	8	3	2	0	0	70.87	215.39	31.33	8.80	100	System
5	8	3	2	0	1	105.51	215.39	42.65	8.80	100	Authority
5	8	3	2	0	2	151.48	215.39	16.05	8.80	100	and
5	8	3	2	0	3	170.85	215.39	21.14	8.80	100	basis
5	8	3	2	0	4	195.31	215.39	8.03	8.80	100	of
5	8	3	2	0	5	206.67	215.39	40.43	8.80	100	authority
3	8	3	3	0	0	70.866000	241.683769	173.963932	8.796976	-1	###FLOW###
4	8	3	3	0	0	70.866000	241.683769	173.963932	8.796976	-1	###LINE###
5	8	3	3	0	0	70.87	241.68	45.69	8.80	100	Approving
5	8	3	3	0	1	119.87	241.68	42.65	8.80	100	Authority
5	8	3	3	0	2	165.84	241.68	16.05	8.80	100	and
5	8	3	3	0	3	185.21	241.68	15.86	8.80	100	risk
5	8	3	3	0	4	204.39	241.68	40.44	8.80	100	authority
3	8	3	4	0	0	70.866000	267.976769	179.543985	8.796976	-1	###FLOW###
4	8	3	4	0	0	70.866000	267.976769	179.543985	8.796976	-1	###LINE###
5	8	3	4	0	0	70.87	267.98	29.47	8.80	100	Lawful
5	8	3	4	0	1	103.65	267.98	21.14	8.80	100	basis
5	8	3	4	0	2	128.13	267.98	11.93	8.80	100	for
5	8	3	4	0	3	143.37	267.98	44.69	8.80	100	processing
5	8	3	4	0	4	191.39	267.98	36.33	8.80	100	personal
5	8	3	4	0	5	231.05	267.98	19.36	8.80	100	data
3	8	3	5	0	0	70.866000	294.269769	193.831349	8.796976	-1	###FLOW###
4	8	3	5	0	0	70.866000	294.269769	193.831349	8.796976	-1	###LINE###
5	8	3	5	0	0	70.87	294.27	46.82	8.80	100	Controller,
5	8	3	5	0	1	121.01	294.27	40.30	8.80	100	processor
5	8	3	5	0	2	164.62	294.27	8.88	8.80	100	or
5	8	3	5	0	3	176.83	294.27	64.54	8.80	100	joint-controller
5	8	3	5	0	4	244.69	294.27	20.01	8.80	100	roles
3	8	3	6	0	0	391.932000	320.533881	110.809019	10.381029	-1	###FLOW###
4	8	3	6	0	0	391.932000	320.533881	110.809019	10.381029	-1	###LINE###
5	8	3	6	0	0	391.93	320.53	7.75	10.38	100	□
5	8	3	6	0	1	403.00	320.56	15.00	8.80	100	Yes
5	8	3	6	0	2	421.32	320.53	7.75	10.38	100	□
5	8	3	6	0	3	432.40	320.56	12.45	8.80	100	No
5	8	3	6	0	4	448.17	320.56	9.96	8.80	100	—
5	8	3	6	0	5	461.45	320.56	41.29	8.80	100	reference:
3	8	4	0	0	0	70.866000	320.563769	196.371812	8.796976	-1	###FLOW###
4	8	4	0	0	0	70.866000	320.563769	196.371812	8.796976	-1	###LINE###
5	8	4	0	0	0	70.87	320.56	69.08	8.80	100	Data-protection
5	8	4	0	0	1	143.26	320.56	29.89	8.80	100	impact
5	8	4	0	0	2	176.47	320.56	46.99	8.80	100	assessment
5	8	4	0	0	3	226.79	320.56	40.45	8.80	100	required?
3	8	4	1	0	0	70.866000	346.856769	205.615113	8.796976	-1	###FLOW###
4	8	4	1	0	0	70.866000	346.856769	205.615113	8.796976	-1	###LINE###
5	8	4	1	0	0	70.87	346.86	56.48	8.80	100	International
5	8	4	1	0	1	130.67	346.86	33.60	8.80	100	transfer
5	8	4	1	0	2	167.58	346.86	8.88	8.80	100	or
5	8	4	1	0	3	179.79	346.86	49.03	8.80	100	localisation
5	8	4	1	0	4	232.15	346.86	44.33	8.80	100	conditions
3	8	4	2	0	0	70.866000	373.150769	170.330572	8.796976	-1	###FLOW###
4	8	4	2	0	0	70.866000	373.150769	170.330572	8.796976	-1	###LINE###
5	8	4	2	0	0	70.87	373.15	51.20	8.80	100	Notification
5	8	4	2	0	1	125.38	373.15	8.88	8.80	100	or
5	8	4	2	0	2	137.58	373.15	53.19	8.80	100	consultation
5	8	4	2	0	3	194.10	373.15	47.09	8.80	100	obligations
3	8	4	3	0	0	70.866000	399.443769	174.840641	8.796976	-1	###FLOW###
4	8	4	3	0	0	70.866000	399.443769	174.840641	8.796976	-1	###LINE###
5	8	4	3	0	0	70.87	399.44	20.89	8.80	100	Date
5	8	4	3	0	1	95.08	399.44	16.05	8.80	100	and
5	8	4	3	0	2	114.46	399.44	28.80	8.80	100	author
5	8	4	3	0	3	146.58	399.44	8.03	8.80	100	of
5	8	4	3	0	4	157.93	399.44	56.48	8.80	100	legal/privacy
5	8	4	3	0	5	217.74	399.44	27.97	8.80	100	review
3	8	5	0	0	0	260.882000	794.933960	73.512217	7.133239	-1	###FLOW###
4	8	5	0	0	0	260.882000	794.933960	73.512217	7.133239	-1	###LINE###
5	8	5	0	0	0	260.88	794.93	73.51	7.13	100	UNCLASSIFIED
3	8	5	1	0	0	289.696000	810.521052	15.883527	6.157865	-1	###FLOW###
4	8	5	1	0	0	289.696000	810.521052	15.883527	6.157865	-1	###LINE###
5	8	5	1	0	0	289.70	810.52	15.88	6.16	100	8/16
1	9	0	0	0	0	289.696000	810.521052	595.276000	841.890000	-1	###PAGE###
3	9	0	0	0	0	384.189000	17.129960	73.512217	7.133240	-1	###FLOW###
4	9	0	0	0	0	384.189000	17.129960	73.512217	7.133240	-1	###LINE###
5	9	0	0	0	0	384.19	17.13	73.51	7.13	100	UNCLASSIFIED
3	9	1	0	0	0	66.881000	72.650643	291.342246	10.496666	-1	###FLOW###
4	9	1	0	0	0	66.881000	72.650643	291.342246	10.496666	-1	###LINE###
5	9	1	0	0	0	66.88	72.65	23.91	10.50	100	10.2
5	9	1	0	0	1	95.27	72.65	50.97	10.50	100	Provider
5	9	1	0	0	2	150.73	72.65	21.48	10.50	100	and
5	9	1	0	0	3	176.69	72.65	65.35	10.50	100	third-party
5	9	1	0	0	4	246.53	72.65	62.96	10.50	100	permission
5	9	1	0	0	5	313.97	72.65	44.26	10.50	100	register
3	9	1	1	0	0	91.788000	92.353769	650.343694	20.751976	-1	###FLOW###
4	9	1	1	0	0	91.788000	92.353769	650.343694	8.796976	-1	###LINE###
5	9	1	1	0	0	91.79	92.35	17.45	8.80	100	One
5	9	1	1	0	1	112.55	92.35	15.56	8.80	100	row
5	9	1	1	0	2	131.43	92.35	11.75	8.80	100	for
5	9	1	1	0	3	146.50	92.35	18.81	8.80	100	each
5	9	1	1	0	4	168.62	92.35	30.59	8.80	100	hosted,
5	9	1	1	0	5	202.53	92.35	40.89	8.80	100	managed,
5	9	1	1	0	6	246.73	92.35	30.61	8.80	100	shared,
5	9	1	1	0	7	280.66	92.35	33.89	8.80	100	supplier
5	9	1	1	0	8	317.87	92.35	8.75	8.80	100	or
5	9	1	1	0	9	329.93	92.35	22.38	8.80	100	other
5	9	1	1	0	10	355.63	92.35	47.48	8.80	100	third-party
5	9	1	1	0	11	406.43	92.35	28.70	8.80	100	service
5	9	1	1	0	12	438.46	92.35	17.99	8.80	100	that
5	9	1	1	0	13	459.76	92.35	6.60	8.80	100	is
5	9	1	1	0	14	469.68	92.35	4.91	8.80	100	a
5	9	1	1	0	15	477.90	92.35	29.52	8.80	100	source,
5	9	1	1	0	16	510.74	92.35	25.65	8.80	100	target
5	9	1	1	0	17	539.71	92.35	8.75	8.80	100	or
5	9	1	1	0	18	551.78	92.35	35.46	8.80	100	material
5	9	1	1	0	19	590.56	92.35	52.05	8.80	100	dependency.
5	9	1	1	0	20	647.04	92.35	29.16	8.80	100	Attach
5	9	1	1	0	21	679.52	92.35	13.63	8.80	100	the
5	9	1	1	0	22	696.47	92.35	45.66	8.80	100	permission
4	9	1	1	1	0	91.788000	104.308769	81.113497	8.796976	-1	###LINE###
5	9	1	1	1	0	91.79	104.31	8.88	8.80	100	or
5	9	1	1	1	1	103.99	104.31	26.02	8.80	100	policy
5	9	1	1	1	2	133.32	104.31	39.58	8.80	100	evidence.
3	9	2	0	0	0	66.881000	141.211769	72.176048	20.752976	-1	###FLOW###
4	9	2	0	0	0	66.881000	141.211769	72.176048	8.796976	-1	###LINE###
5	9	2	0	0	0	66.88	141.21	37.28	8.80	100	Provider
5	9	2	0	0	1	107.48	141.21	4.98	8.80	100	/
5	9	2	0	0	2	115.78	141.21	23.27	8.80	100	party
4	9	2	0	1	0	66.881000	153.167769	48.512881	8.796976	-1	###LINE###
5	9	2	0	1	0	66.88	153.17	16.05	8.80	100	and
5	9	2	0	1	1	86.25	153.17	29.14	8.80	100	service
3	9	3	0	0	0	156.931000	141.211769	75.891421	20.752976	-1	###FLOW###
4	9	3	0	0	0	157.549000	141.211769	75.273421	8.796976	-1	###LINE###
5	9	3	0	0	0	157.55	141.21	35.70	8.80	100	Account
5	9	3	0	0	1	196.57	141.21	4.98	8.80	100	/
5	9	3	0	0	2	204.87	141.21	27.95	8.80	100	tenant
4	9	3	0	1	0	156.931000	153.167769	38.772447	8.796976	-1	###LINE###
5	9	3	0	1	0	156.93	153.17	4.98	8.80	100	/
5	9	3	0	1	1	165.23	153.17	30.47	8.80	100	project
3	9	4	0	0	0	248.362000	141.211769	73.139432	20.752976	-1	###FLOW###
4	9	4	0	0	0	248.362000	141.211769	73.139432	8.796976	-1	###LINE###
5	9	4	0	0	0	248.36	141.21	31.58	8.80	100	Source,
5	9	4	0	0	1	283.26	141.21	26.04	8.80	100	target
5	9	4	0	0	2	312.62	141.21	8.88	8.80	100	or
4	9	4	0	1	0	248.362000	153.167769	50.916856	8.796976	-1	###LINE###
5	9	4	0	1	0	248.36	153.17	50.92	8.80	100	dependency
3	9	5	0	0	0	339.149000	129.256769	83.457238	32.707976	-1	###FLOW###
4	9	5	0	0	0	339.408000	129.256769	83.198238	8.796976	-1	###LINE###
5	9	5	0	0	0	339.41	129.26	46.14	8.80	100	Permission
5	9	5	0	0	1	388.87	129.26	4.89	8.80	100	/
5	9	5	0	0	2	397.08	129.26	25.52	8.80	100	policy
4	9	5	0	1	0	339.408000	141.211769	57.895657	8.796976	-1	###LINE###
5	9	5	0	1	0	339.41	141.21	38.53	8.80	100	reference
5	9	5	0	1	1	381.25	141.21	16.05	8.80	100	and
4	9	5	0	2	0	339.149000	153.167769	30.524410	8.796976	-1	###LINE###
5	9	5	0	2	0	339.15	153.17	30.52	8.80	100	version
3	9	6	0	0	0	434.216000	141.211769	55.402019	20.752976	-1	###FLOW###
4	9	6	0	0	0	434.216000	141.211769	55.402019	8.796976	-1	###LINE###
5	9	6	0	0	0	434.22	141.21	47.10	8.80	100	Conditions
5	9	6	0	0	1	484.64	141.21	4.98	8.80	100	/
4	9	6	0	1	0	434.216000	153.167769	26.015337	8.796976	-1	###LINE###
5	9	6	0	1	0	434.22	153.17	26.02	8.80	100	notice
3	9	7	0	0	0	384.189000	572.554960	73.512217	7.133239	-1	###FLOW###
4	9	7	0	0	0	384.189000	572.554960	73.512217	7.133239	-1	###LINE###
5	9	7	0	0	0	384.19	572.55	73.51	7.13	100	UNCLASSIFIED
3	9	7	1	0	0	413.003000	584.244052	15.883527	6.157865	-1	###FLOW###
4	9	7	1	0	0	413.003000	584.244052	15.883527	6.157865	-1	###LINE###
5	9	7	1	0	0	413.00	584.24	15.88	6.16	100	9/16
3	9	8	0	0	0	522.487000	153.167769	28.809847	8.796976	-1	###FLOW###
4	9	8	0	0	0	522.487000	153.167769	28.809847	8.796976	-1	###LINE###
5	9	8	0	0	0	522.49	153.17	28.81	8.80	100	Owner
3	9	9	0	0	0	606.318000	153.167769	29.502247	8.796976	-1	###FLOW###
4	9	9	0	0	0	606.318000	153.167769	29.502247	8.796976	-1	###LINE###
5	9	9	0	0	0	606.32	153.17	29.50	8.80	100	Expiry
3	9	10	0	0	0	689.294000	141.211769	65.042206	20.752976	-1	###FLOW###
4	9	10	0	0	0	690.460000	141.211769	63.876206	8.796976	-1	###LINE###
5	9	10	0	0	0	690.46	141.21	19.01	8.80	100	Last
5	9	10	0	0	1	712.79	141.21	41.55	8.80	100	rechecked
4	9	10	0	1	0	689.294000	153.167769	29.610840	8.796976	-1	###LINE###
5	9	10	0	1	0	689.29	153.17	29.61	8.80	100	(UTC)
1	10	0	0	0	0	689.294000	153.167769	595.276000	841.890000	-1	###PAGE###
3	10	0	0	0	0	260.882000	40.770960	73.512217	7.133240	-1	###FLOW###
4	10	0	0	0	0	260.882000	40.770960	73.512217	7.133240	-1	###LINE###
5	10	0	0	0	0	260.88	40.77	73.51	7.13	100	UNCLASSIFIED
3	10	1	0	0	0	70.866000	107.947199	108.191867	12.595964	-1	###FLOW###
4	10	1	0	0	0	70.866000	107.947199	108.191867	12.595964	-1	###LINE###
5	10	1	0	0	0	70.87	107.95	20.62	12.60	100	11.
5	10	1	0	0	1	98.66	107.95	80.40	12.60	100	Limitations
3	10	1	1	0	0	83.043000	132.716769	441.367809	20.751976	-1	###FLOW###
4	10	1	1	0	0	83.043000	132.716769	441.367809	8.796976	-1	###LINE###
5	10	1	1	0	0	83.04	132.72	7.75	8.80	100	a.
5	10	1	1	0	1	95.41	132.72	19.82	8.80	100	This
5	10	1	1	0	2	119.25	132.72	52.22	8.80	100	engagement
5	10	1	1	0	3	175.50	132.72	36.79	8.80	100	provides
5	10	1	1	0	4	216.30	132.72	42.49	8.80	100	assurance
5	10	1	1	0	5	262.81	132.72	18.91	8.80	100	only
5	10	1	1	0	6	285.75	132.72	8.47	8.80	100	in
5	10	1	1	0	7	298.24	132.72	31.41	8.80	100	respect
5	10	1	1	0	8	333.67	132.72	8.19	8.80	100	of
5	10	1	1	0	9	345.88	132.72	14.11	8.80	100	the
5	10	1	1	0	10	364.02	132.72	26.56	8.80	100	target
5	10	1	1	0	11	394.61	132.72	26.58	8.80	100	space,
5	10	1	1	0	12	425.40	132.72	46.35	8.80	100	techniques
5	10	1	1	0	13	475.77	132.72	16.37	8.80	100	and
5	10	1	1	0	14	496.17	132.72	28.24	8.80	100	period
4	10	1	1	1	0	95.773000	144.671769	364.497661	8.796976	-1	###LINE###
5	10	1	1	1	0	95.77	144.67	31.00	8.80	100	defined
5	10	1	1	1	1	130.09	144.67	29.36	8.80	100	herein.
5	10	1	1	1	2	163.88	144.67	17.16	8.80	100	The
5	10	1	1	1	3	184.35	144.67	33.27	8.80	100	absence
5	10	1	1	1	4	220.94	144.67	8.03	8.80	100	of
5	10	1	1	1	5	232.29	144.67	4.98	8.80	100	a
5	10	1	1	1	6	240.59	144.67	29.89	8.80	100	finding
5	10	1	1	1	7	273.80	144.67	6.70	8.80	100	is
5	10	1	1	1	8	283.82	144.67	14.38	8.80	100	not
5	10	1	1	1	9	301.53	144.67	36.81	8.80	100	evidence
5	10	1	1	1	10	341.66	144.67	8.03	8.80	100	of
5	10	1	1	1	11	353.00	144.67	13.84	8.80	100	the
5	10	1	1	1	12	370.16	144.67	33.27	8.80	100	absence
5	10	1	1	1	13	406.74	144.67	8.03	8.80	100	of
5	10	1	1	1	14	418.09	144.67	42.18	8.80	100	weakness.
3	10	1	2	0	0	82.489000	162.603769	441.916501	20.752976	-1	###FLOW###
4	10	1	2	0	0	82.489000	162.603769	441.916501	8.797976	-1	###LINE###
5	10	1	2	0	0	82.49	162.60	8.30	8.80	100	b.
5	10	1	2	0	1	95.41	162.60	17.36	8.80	100	The
5	10	1	2	0	2	116.11	162.60	51.82	8.80	100	engagement
5	10	1	2	0	3	171.25	162.60	38.43	8.80	100	emulates
5	10	1	2	0	4	213.02	162.60	14.00	8.80	100	the
5	10	1	2	0	5	230.35	162.60	43.14	8.80	100	capability
5	10	1	2	0	6	276.81	162.60	19.60	8.80	100	level
5	10	1	2	0	7	299.75	162.60	26.94	8.80	100	stated
5	10	1	2	0	8	330.02	162.60	8.96	8.80	100	at
5	10	1	2	0	9	342.32	162.60	44.86	8.80	100	paragraph
5	10	1	2	0	10	390.52	162.60	12.88	8.80	100	2.2
5	10	1	2	0	11	406.73	162.60	16.24	8.80	100	and
5	10	1	2	0	12	426.31	162.60	19.37	8.80	100	does
5	10	1	2	0	13	449.01	162.60	14.56	8.80	100	not
5	10	1	2	0	14	466.91	162.60	40.16	8.80	100	represent
5	10	1	2	0	15	510.40	162.60	14.00	8.80	100	the
4	10	1	2	1	0	95.773000	174.559769	127.442575	8.796976	-1	###LINE###
5	10	1	2	1	0	95.77	174.56	42.62	8.80	100	capability
5	10	1	2	1	1	141.71	174.56	8.03	8.80	100	of
5	10	1	2	1	2	153.06	174.56	23.00	8.80	100	every
5	10	1	2	1	3	179.38	174.56	43.84	8.80	100	adversary.
3	10	1	3	0	0	83.596000	192.491769	441.186733	20.752976	-1	###FLOW###
4	10	1	3	0	0	83.596000	192.491769	441.186733	8.796976	-1	###LINE###
5	10	1	3	0	0	83.60	192.49	7.20	8.80	100	c.
5	10	1	3	0	1	95.41	192.49	48.92	8.80	100	Techniques
5	10	1	3	0	2	148.88	192.49	38.66	8.80	100	excluded
5	10	1	3	0	3	192.10	192.49	10.73	8.80	100	on
5	10	1	3	0	4	207.38	192.49	35.09	8.80	100	grounds
5	10	1	3	0	5	247.02	192.49	8.19	8.80	100	of
5	10	1	3	0	6	259.76	192.49	25.75	8.80	100	safety
5	10	1	3	0	7	290.06	192.49	9.06	8.80	100	or
5	10	1	3	0	8	303.68	192.49	32.19	8.80	100	legality
5	10	1	3	0	9	340.42	192.49	13.58	8.80	100	are
5	10	1	3	0	10	358.55	192.49	23.76	8.80	100	listed
5	10	1	3	0	11	386.86	192.49	9.03	8.80	100	at
5	10	1	3	0	12	400.46	192.49	43.17	8.80	100	Appendix
5	10	1	3	0	13	448.19	192.49	7.90	8.80	100	6.
5	10	1	3	0	14	464.22	192.49	13.27	8.80	100	An
5	10	1	3	0	15	482.04	192.49	42.75	8.80	100	adversary
4	10	1	3	1	0	95.773000	204.447769	333.275869	8.796976	-1	###LINE###
5	10	1	3	1	0	95.77	204.45	60.97	8.80	100	unconstrained
5	10	1	3	1	1	160.06	204.45	10.51	8.80	100	by
5	10	1	3	1	2	173.89	204.45	22.75	8.80	100	those
5	10	1	3	1	3	199.97	204.45	24.41	8.80	100	limits
5	10	1	3	1	4	227.70	204.45	18.26	8.80	100	may
5	10	1	3	1	5	249.28	204.45	31.28	8.80	100	achieve
5	10	1	3	1	6	283.87	204.45	40.46	8.80	100	outcomes
5	10	1	3	1	7	327.65	204.45	14.39	8.80	100	not
5	10	1	3	1	8	345.36	204.45	59.31	8.80	100	demonstrated
5	10	1	3	1	9	407.99	204.45	21.06	8.80	100	here.
3	10	2	0	0	0	70.866000	252.377199	135.230150	12.595964	-1	###FLOW###
4	10	2	0	0	0	70.866000	252.377199	135.230150	12.595964	-1	###LINE###
5	10	2	0	0	0	70.87	252.38	20.62	12.60	100	12.
5	10	2	0	0	1	98.66	252.38	52.87	12.60	100	Change
5	10	2	0	0	2	156.91	252.38	49.19	12.60	100	control
3	10	2	1	0	0	70.866000	277.146769	455.473514	56.617976	-1	###FLOW###
4	10	2	1	0	0	70.866000	277.146769	455.473514	8.796976	-1	###LINE###
5	10	2	1	0	0	70.87	277.15	37.32	8.80	100	Changes
5	10	2	1	0	1	112.28	277.15	25.97	8.80	100	follow
5	10	2	1	0	2	142.34	277.15	28.79	8.80	100	Annex
5	10	2	1	0	3	175.23	277.15	10.02	8.80	100	B,
5	10	2	1	0	4	189.34	277.15	45.22	8.80	100	paragraph
5	10	2	1	0	5	238.65	277.15	17.92	8.80	100	B.8.
5	10	2	1	0	6	263.33	277.15	52.78	8.80	100	Restrictions
5	10	2	1	0	7	320.20	277.15	16.37	8.80	100	and
5	10	2	1	0	8	340.67	277.15	18.69	8.80	100	stop
5	10	2	1	0	9	363.45	277.15	52.07	8.80	100	instructions
5	10	2	1	0	10	419.62	277.15	18.64	8.80	100	take
5	10	2	1	0	11	442.35	277.15	23.42	8.80	100	effect
5	10	2	1	0	12	469.87	277.15	56.47	8.80	100	immediately.
4	10	2	1	1	0	70.866000	289.101769	453.739885	8.796976	-1	###LINE###
5	10	2	1	1	0	70.87	289.10	36.70	8.80	100	Changes
5	10	2	1	1	1	110.89	289.10	42.47	8.80	100	extending
5	10	2	1	1	2	156.69	289.10	13.88	8.80	100	the
5	10	2	1	1	3	173.90	289.10	26.12	8.80	100	target
5	10	2	1	1	4	203.34	289.10	26.14	8.80	100	space,
5	10	2	1	1	5	232.82	289.10	48.93	8.80	100	authorising
5	10	2	1	1	6	285.09	289.10	10.55	8.80	100	an
5	10	2	1	1	7	298.96	289.10	26.64	8.80	100	action
5	10	2	1	1	8	328.93	289.10	38.42	8.80	100	classified
5	10	2	1	1	9	370.67	289.10	8.94	8.80	100	as
5	10	2	1	1	10	382.94	289.10	51.08	8.80	100	conditional,
5	10	2	1	1	11	437.34	289.10	28.95	8.80	100	raising
5	10	2	1	1	12	469.62	289.10	42.75	8.80	100	capability
5	10	2	1	1	13	515.70	289.10	8.91	8.80	100	or
4	10	2	1	2	0	70.866000	301.056769	453.907198	8.796976	-1	###LINE###
5	10	2	1	2	0	70.87	301.06	43.43	8.80	100	increasing
5	10	2	1	2	1	117.63	301.06	15.92	8.80	100	risk
5	10	2	1	2	2	136.87	301.06	30.34	8.80	100	require
5	10	2	1	2	3	170.54	301.06	21.17	8.80	100	prior
5	10	2	1	2	4	195.05	301.06	31.70	8.80	100	written
5	10	2	1	2	5	230.08	301.06	37.26	8.80	100	approval
5	10	2	1	2	6	270.68	301.06	20.31	8.80	100	from
5	10	2	1	2	7	294.31	301.06	13.89	8.80	100	the
5	10	2	1	2	8	311.53	301.06	45.87	8.80	100	Approving
5	10	2	1	2	9	360.74	301.06	44.77	8.80	100	Authority,
5	10	2	1	2	10	408.84	301.06	31.45	8.80	100	System
5	10	2	1	2	11	443.62	301.06	42.81	8.80	100	Authority
5	10	2	1	2	12	489.77	301.06	16.12	8.80	100	and
5	10	2	1	2	13	509.22	301.06	15.56	8.80	100	any
4	10	2	1	3	0	70.866000	313.011769	453.541229	8.796976	-1	###LINE###
5	10	2	1	3	0	70.87	313.01	22.29	8.80	100	other
5	10	2	1	3	1	96.49	313.01	32.84	8.80	100	affected
5	10	2	1	3	2	132.66	313.01	41.55	8.80	100	authority.
5	10	2	1	3	3	178.66	313.01	37.79	8.80	100	Absolute
5	10	2	1	3	4	219.78	313.01	51.12	8.80	100	prohibitions
5	10	2	1	3	5	274.23	313.01	28.78	8.80	100	cannot
5	10	2	1	3	6	306.34	313.01	10.05	8.80	100	be
5	10	2	1	3	7	319.72	313.01	34.47	8.80	100	changed
5	10	2	1	3	8	357.52	313.01	27.15	8.80	100	within
5	10	2	1	3	9	388.00	313.01	10.32	8.80	100	an
5	10	2	1	3	10	401.64	313.01	52.94	8.80	100	engagement.
5	10	2	1	3	11	459.03	313.01	12.76	8.80	100	All
5	10	2	1	3	12	475.12	313.01	32.90	8.80	100	changes
5	10	2	1	3	13	511.35	313.01	13.06	8.80	100	are
4	10	2	1	4	0	70.866000	324.967769	106.044903	8.796976	-1	###LINE###
5	10	2	1	4	0	70.87	324.97	37.14	8.80	100	recorded
5	10	2	1	4	1	111.33	324.97	8.86	8.80	100	at
5	10	2	1	4	2	123.50	324.97	42.35	8.80	100	Appendix
5	10	2	1	4	3	169.16	324.97	7.75	8.80	100	9.
3	10	3	0	0	0	70.866000	372.897199	92.075346	12.595964	-1	###FLOW###
4	10	3	0	0	0	70.866000	372.897199	92.075346	12.595964	-1	###LINE###
5	10	3	0	0	0	70.87	372.90	20.62	12.60	100	13.
5	10	3	0	0	1	98.66	372.90	64.28	12.60	100	Approval
3	10	3	1	0	0	95.414000	397.666769	405.477489	44.661976	-1	###FLOW###
4	10	3	1	0	0	95.414000	397.666769	404.290477	8.796976	-1	###LINE###
5	10	3	1	0	0	95.41	397.67	25.01	8.80	100	These
5	10	3	1	0	1	122.78	397.67	42.99	8.80	100	signatures
5	10	3	1	0	2	168.14	397.67	26.62	8.80	100	record
5	10	3	1	0	3	197.12	397.67	13.56	8.80	100	the
5	10	3	1	0	4	213.05	397.67	27.69	8.80	100	agreed
5	10	3	1	0	5	243.10	397.67	41.50	8.80	100	authority,
5	10	3	1	0	6	287.15	397.67	34.50	8.80	100	consent,
5	10	3	1	0	7	324.20	397.67	15.54	8.80	100	risk
5	10	3	1	0	8	342.10	397.67	46.11	8.80	100	acceptance
5	10	3	1	0	9	390.58	397.67	15.73	8.80	100	and
5	10	3	1	0	10	408.67	397.67	49.22	8.80	100	constraints.
5	10	3	1	0	11	461.99	397.67	37.71	8.80	100	Together
4	10	3	1	1	0	95.414000	409.621769	404.090086	8.796976	-1	###LINE###
5	10	3	1	1	0	95.41	409.62	19.29	8.80	100	with
5	10	3	1	1	1	118.03	409.62	13.77	8.80	100	the
5	10	3	1	1	2	135.13	409.62	26.63	8.80	100	Letter
5	10	3	1	1	3	165.07	409.62	7.99	8.80	100	of
5	10	3	1	1	4	176.39	409.62	62.38	8.80	100	Authorisation,
5	10	3	1	1	5	242.08	409.62	19.02	8.80	100	they
5	10	3	1	1	6	264.42	409.62	28.97	8.80	100	permit
5	10	3	1	1	7	296.71	409.62	18.47	8.80	100	only
5	10	3	1	1	8	318.50	409.62	13.78	8.80	100	the
5	10	3	1	1	9	335.60	409.62	28.67	8.80	100	named
5	10	3	1	1	10	367.59	409.62	43.90	8.80	100	personnel,
5	10	3	1	1	11	414.82	409.62	41.39	8.80	100	positively
5	10	3	1	1	12	459.54	409.62	39.97	8.80	100	identified
4	10	3	1	2	0	95.773000	421.576769	405.118489	8.796976	-1	###LINE###
5	10	3	1	2	0	95.77	421.58	26.56	8.80	100	target
5	10	3	1	2	1	125.81	421.58	26.59	8.80	100	space,
5	10	3	1	2	2	155.93	421.58	46.38	8.80	100	authorised
5	10	3	1	2	3	205.79	421.58	31.11	8.80	100	actions
5	10	3	1	2	4	240.38	421.58	16.36	8.80	100	and
5	10	3	1	2	5	260.23	421.58	42.06	8.80	100	execution
5	10	3	1	2	6	305.77	421.58	31.07	8.80	100	period.
5	10	3	1	2	7	341.75	421.58	22.87	8.80	100	They
5	10	3	1	2	8	368.09	421.58	10.73	8.80	100	do
5	10	3	1	2	9	382.30	421.58	14.68	8.80	100	not
5	10	3	1	2	10	400.46	421.58	31.08	8.80	100	replace
5	10	3	1	2	11	435.02	421.58	44.59	8.80	100	applicable
5	10	3	1	2	12	483.10	421.58	17.79	8.80	100	law,
4	10	3	1	3	0	95.773000	433.531769	199.856730	8.796976	-1	###LINE###
5	10	3	1	3	0	95.77	433.53	48.21	8.80	100	third-party
5	10	3	1	3	1	147.30	433.53	46.36	8.80	100	permission
5	10	3	1	3	2	196.98	433.53	8.88	8.80	100	or
5	10	3	1	3	3	209.18	433.53	36.03	8.80	100	provider
5	10	3	1	3	4	248.54	433.53	47.09	8.80	100	conditions.
3	10	3	2	0	0	235.795000	462.433769	67.547424	8.796976	-1	###FLOW###
4	10	3	2	0	0	235.795000	462.433769	67.547424	8.796976	-1	###LINE###
5	10	3	2	0	0	235.80	462.43	25.18	8.80	100	Name
5	10	3	2	0	1	264.30	462.43	16.05	8.80	100	and
5	10	3	2	0	2	283.68	462.43	19.67	8.80	100	rank
3	10	4	0	0	0	339.889000	462.433769	41.541053	8.796976	-1	###FLOW###
4	10	4	0	0	0	339.889000	462.433769	41.541053	8.796976	-1	###LINE###
5	10	4	0	0	0	339.89	462.43	41.54	8.80	100	Signature
3	10	5	0	0	0	440.432000	462.433769	20.894561	8.796976	-1	###FLOW###
4	10	5	0	0	0	440.432000	462.433769	20.894561	8.796976	-1	###LINE###
5	10	5	0	0	0	440.43	462.43	20.89	8.80	100	Date
3	10	6	0	0	0	70.888000	493.727769	69.183283	8.796976	-1	###FLOW###
4	10	6	0	0	0	70.888000	493.727769	69.183283	8.796976	-1	###LINE###
5	10	6	0	0	0	70.89	493.73	17.30	8.80	100	Red
5	10	6	0	0	1	91.50	493.73	24.08	8.80	100	Team
5	10	6	0	0	2	118.90	493.73	21.17	8.80	100	Lead
3	10	6	1	0	0	70.888000	520.021769	62.903856	8.796976	-1	###FLOW###
4	10	6	1	0	0	70.888000	520.021769	62.903856	8.796976	-1	###LINE###
5	10	6	1	0	0	70.89	520.02	33.57	8.80	100	Trusted
5	10	6	1	0	1	107.78	520.02	26.01	8.80	100	Agent
3	10	6	2	0	0	70.888000	546.314769	91.659905	8.796976	-1	###FLOW###
4	10	6	2	0	0	70.888000	546.314769	91.659905	8.796976	-1	###LINE###
5	10	6	2	0	0	70.89	546.31	45.69	8.80	100	Approving
5	10	6	2	0	1	119.90	546.31	42.65	8.80	100	Authority
3	10	6	3	0	0	70.125000	572.607769	150.470129	20.752976	-1	###FLOW###
4	10	6	3	0	0	70.888000	572.607769	122.244091	8.796976	-1	###LINE###
5	10	6	3	0	0	70.89	572.61	31.33	8.80	100	System
5	10	6	3	0	1	105.53	572.61	42.65	8.80	100	Authority
5	10	6	3	0	2	151.50	572.61	41.63	8.80	100	(dual-role
4	10	6	3	1	0	70.125000	584.563769	150.470129	8.796976	-1	###LINE###
5	10	6	3	1	0	70.12	584.56	39.34	8.80	100	authority
5	10	6	3	1	1	113.03	584.56	18.08	8.80	100	may
5	10	6	3	1	2	134.66	584.56	37.68	8.80	100	annotate
5	10	6	3	1	3	175.91	584.56	17.57	8.80	100	both
5	10	6	3	1	4	197.04	584.56	23.55	8.80	100	rows)
3	10	7	0	0	0	70.866000	645.358199	453.550577	30.528964	-1	###FLOW###
4	10	7	0	0	0	70.866000	645.358199	453.550577	12.595964	-1	###LINE###
5	10	7	0	0	0	70.87	645.36	87.23	12.60	100	APPENDIX
5	10	7	0	0	1	163.49	645.36	8.00	12.60	100	1
5	10	7	0	0	2	176.88	645.36	15.99	12.60	100	—
5	10	7	0	0	3	198.28	645.36	138.20	12.60	100	IDENTIFICATION
5	10	7	0	0	4	341.87	645.36	22.07	12.60	100	OF
5	10	7	0	0	5	369.34	645.36	34.13	12.60	100	THE
5	10	7	0	0	6	408.86	645.36	80.88	12.60	100	ASSESSED
5	10	7	0	0	7	495.14	645.36	29.27	12.60	100	OR-
4	10	7	0	1	0	70.866000	663.291199	105.282458	12.595964	-1	###LINE###
5	10	7	0	1	0	70.87	663.29	105.28	12.60	100	GANISATION
3	10	7	1	0	0	70.866000	707.584769	49.949488	8.796976	-1	###FLOW###
4	10	7	1	0	0	70.866000	707.584769	49.949488	8.796976	-1	###LINE###
5	10	7	1	0	0	70.87	707.58	23.39	8.80	100	Legal
5	10	7	1	0	1	97.57	707.58	23.25	8.80	100	name
3	10	7	2	0	0	70.866000	733.878769	78.068926	8.796976	-1	###FLOW###
4	10	7	2	0	0	70.866000	733.878769	78.068926	8.796976	-1	###LINE###
5	10	7	2	0	0	70.87	733.88	39.55	8.80	100	Divisions
5	10	7	2	0	1	113.73	733.88	8.30	8.80	100	in
5	10	7	2	0	2	125.35	733.88	23.58	8.80	100	scope
3	10	7	3	0	0	70.866000	760.171769	75.026348	8.796976	-1	###FLOW###
4	10	7	3	0	0	70.866000	760.171769	75.026348	8.796976	-1	###LINE###
5	10	7	3	0	0	70.87	760.17	39.47	8.80	100	Principal
5	10	7	3	0	1	113.65	760.17	32.24	8.80	100	address
3	10	8	0	0	0	260.882000	794.933960	73.512217	7.133239	-1	###FLOW###
4	10	8	0	0	0	260.882000	794.933960	73.512217	7.133239	-1	###LINE###
5	10	8	0	0	0	260.88	794.93	73.51	7.13	100	UNCLASSIFIED
3	10	8	1	0	0	287.710000	810.521052	19.854409	6.157865	-1	###FLOW###
4	10	8	1	0	0	287.710000	810.521052	19.854409	6.157865	-1	###LINE###
5	10	8	1	0	0	287.71	810.52	19.85	6.16	100	10/16
1	11	0	0	0	0	287.710000	810.521052	595.276000	841.890000	-1	###PAGE###
3	11	0	0	0	0	260.882000	40.770960	73.512217	7.133240	-1	###FLOW###
4	11	0	0	0	0	260.882000	40.770960	73.512217	7.133240	-1	###LINE###
5	11	0	0	0	0	260.88	40.77	73.51	7.13	100	UNCLASSIFIED
3	11	1	0	0	0	70.866000	99.867769	106.707416	8.796976	-1	###FLOW###
4	11	1	0	0	0	70.866000	99.867769	106.707416	8.796976	-1	###LINE###
5	11	1	0	0	0	70.87	99.87	45.94	8.80	100	Additional
5	11	1	0	0	1	120.12	99.87	18.93	8.80	100	sites
5	11	1	0	0	2	142.38	99.87	8.30	8.80	100	in
5	11	1	0	0	3	154.00	99.87	23.57	8.80	100	scope
3	11	1	1	0	0	70.866000	126.160769	213.392914	8.796976	-1	###FLOW###
4	11	1	1	0	0	70.866000	126.160769	213.392914	8.796976	-1	###LINE###
5	11	1	1	0	0	70.87	126.16	46.02	8.80	100	Identifiers:
5	11	1	1	0	1	121.31	126.16	38.80	8.80	100	domains,
5	11	1	1	0	2	163.43	126.16	34.63	8.80	100	network
5	11	1	1	0	3	201.38	126.16	39.66	8.80	100	numbers,
5	11	1	1	0	4	244.35	126.16	39.91	8.80	100	tenancies
3	11	1	2	0	0	70.866000	152.454769	62.292153	8.796976	-1	###FLOW###
4	11	1	2	0	0	70.866000	152.454769	62.292153	8.796976	-1	###LINE###
5	11	1	2	0	0	70.87	152.45	27.15	8.80	100	Senior
5	11	1	2	0	1	101.33	152.45	31.82	8.80	100	contact
3	11	2	0	0	0	70.866000	213.250199	218.228656	12.595964	-1	###FLOW###
4	11	2	0	0	0	70.866000	213.250199	218.228656	12.595964	-1	###LINE###
5	11	2	0	0	0	70.87	213.25	88.02	12.60	100	APPENDIX
5	11	2	0	0	1	164.26	213.25	8.07	12.60	100	2
5	11	2	0	0	2	177.71	213.25	16.14	12.60	100	—
5	11	2	0	0	3	199.23	213.25	89.86	12.60	100	CONTACTS
3	11	2	1	0	0	70.508000	247.050769	57.561910	8.796976	-1	###FLOW###
4	11	2	1	0	0	70.508000	247.050769	57.561910	8.796976	-1	###LINE###
5	11	2	1	0	0	70.51	247.05	57.56	8.80	100	Appointment
3	11	3	0	0	0	162.413000	247.050769	25.183460	8.796976	-1	###FLOW###
4	11	3	0	0	0	162.413000	247.050769	25.183460	8.796976	-1	###LINE###
5	11	3	0	0	0	162.41	247.05	25.18	8.80	100	Name
3	11	4	0	0	0	224.116000	247.050769	29.612832	8.796976	-1	###FLOW###
4	11	4	0	0	0	224.116000	247.050769	29.612832	8.796976	-1	###LINE###
5	11	4	0	0	0	224.12	247.05	29.61	8.80	100	Mobile
3	11	5	0	0	0	286.018000	247.050769	41.264093	8.796976	-1	###FLOW###
4	11	5	0	0	0	286.018000	247.050769	41.264093	8.796976	-1	###LINE###
5	11	5	0	0	0	286.02	247.05	41.26	8.80	100	Alternate
3	11	6	0	0	0	349.551000	247.050769	25.598901	8.796976	-1	###FLOW###
4	11	6	0	0	0	349.551000	247.050769	25.598901	8.796976	-1	###LINE###
5	11	6	0	0	0	349.55	247.05	25.60	8.80	100	Email
3	11	7	0	0	0	411.522000	247.050769	25.821067	8.796976	-1	###FLOW###
4	11	7	0	0	0	411.522000	247.050769	25.821067	8.796976	-1	###LINE###
5	11	7	0	0	0	411.52	247.05	25.82	8.80	100	Hours
3	11	8	0	0	0	473.115000	247.050769	33.232245	8.796976	-1	###FLOW###
4	11	8	0	0	0	473.115000	247.050769	33.232245	8.796976	-1	###LINE###
5	11	8	0	0	0	473.12	247.05	33.23	8.80	100	Verified
3	11	9	0	0	0	70.887000	278.344769	77.288855	8.796976	-1	###FLOW###
4	11	9	0	0	0	70.887000	278.344769	77.288855	8.796976	-1	###LINE###
5	11	9	0	0	0	70.89	278.34	31.33	8.80	100	System
5	11	9	0	0	1	105.53	278.34	42.64	8.80	100	Authority
3	11	9	1	0	0	70.508000	304.638769	46.068480	20.751976	-1	###FLOW###
4	11	9	1	0	0	70.887000	304.638769	45.689480	8.796976	-1	###LINE###
5	11	9	1	0	0	70.89	304.64	45.69	8.80	100	Approving
4	11	9	1	1	0	70.508000	316.593769	42.642917	8.796976	-1	###LINE###
5	11	9	1	1	0	70.51	316.59	42.64	8.80	100	Authority
3	11	9	2	0	0	70.887000	342.886769	41.264093	8.796976	-1	###FLOW###
4	11	9	2	0	0	70.887000	342.886769	41.264093	8.796976	-1	###LINE###
5	11	9	2	0	0	70.89	342.89	41.26	8.80	100	Alternate
3	11	9	3	0	0	70.887000	369.180769	62.903856	8.796976	-1	###FLOW###
4	11	9	3	0	0	70.887000	369.180769	62.903856	8.796976	-1	###LINE###
5	11	9	3	0	0	70.89	369.18	33.56	8.80	100	Trusted
5	11	9	3	0	1	107.78	369.18	26.01	8.80	100	Agent
3	11	9	4	0	0	70.887000	395.473769	41.264093	8.796976	-1	###FLOW###
4	11	9	4	0	0	70.887000	395.473769	41.264093	8.796976	-1	###LINE###
5	11	9	4	0	0	70.89	395.47	41.26	8.80	100	Alternate
3	11	9	5	0	0	70.887000	421.767769	69.183283	8.796976	-1	###FLOW###
4	11	9	5	0	0	70.887000	421.767769	69.183283	8.796976	-1	###LINE###
5	11	9	5	0	0	70.89	421.77	17.30	8.80	100	Red
5	11	9	5	0	1	91.50	421.77	24.08	8.80	100	Team
5	11	9	5	0	2	118.90	421.77	21.17	8.80	100	Lead
3	11	9	6	0	0	70.887000	448.060769	41.264093	8.796976	-1	###FLOW###
4	11	9	6	0	0	70.887000	448.060769	41.264093	8.796976	-1	###LINE###
5	11	9	6	0	0	70.89	448.06	41.26	8.80	100	Alternate
3	11	9	7	0	0	70.887000	474.353769	57.506120	8.796976	-1	###FLOW###
4	11	9	7	0	0	70.887000	474.353769	57.506120	8.796976	-1	###LINE###
5	11	9	7	0	0	70.89	474.35	23.39	8.80	100	Legal
5	11	9	7	0	1	97.59	474.35	30.80	8.80	100	adviser
3	11	9	8	0	0	70.887000	500.647769	55.709863	20.751976	-1	###FLOW###
4	11	9	8	0	0	70.887000	500.647769	55.709863	8.796976	-1	###LINE###
5	11	9	8	0	0	70.89	500.65	55.71	8.80	100	Out-of-hours
4	11	9	8	1	0	70.887000	512.602769	42.675793	8.796976	-1	###LINE###
5	11	9	8	1	0	70.89	512.60	42.68	8.80	100	escalation
3	11	10	0	0	0	70.866000	549.378769	404.980686	8.796976	-1	###FLOW###
4	11	10	0	0	0	70.866000	549.378769	404.980686	8.796976	-1	###LINE###
5	11	10	0	0	0	70.87	549.38	25.35	8.80	100	Every
5	11	10	0	0	1	99.53	549.38	31.83	8.80	100	contact
5	11	10	0	0	2	134.68	549.38	19.98	8.80	100	shall
5	11	10	0	0	3	157.98	549.38	10.24	8.80	100	be
5	11	10	0	0	4	171.54	549.38	31.58	8.80	100	verified
5	11	10	0	0	5	206.44	549.38	10.52	8.80	100	by
5	11	10	0	0	6	220.28	549.38	41.51	8.80	100	telephone
5	11	10	0	0	7	265.11	549.38	27.68	8.80	100	within
5	11	10	0	0	8	296.10	549.38	49.84	8.80	100	twenty-four
5	11	10	0	0	9	349.27	549.38	23.88	8.80	100	hours
5	11	10	0	0	10	376.47	549.38	26.60	8.80	100	before
5	11	10	0	0	11	406.38	549.38	69.46	8.80	100	commencement.
3	11	10	1	0	0	70.488000	567.310769	329.209136	8.796976	-1	###FLOW###
4	11	10	1	0	0	70.488000	567.310769	329.209136	8.796976	-1	###LINE###
5	11	10	1	0	0	70.49	567.31	49.84	8.80	100	Verification
5	11	10	1	0	1	123.65	567.31	44.27	8.80	100	conducted
5	11	10	1	0	2	171.25	567.31	13.28	8.80	100	by:
5	11	10	1	0	3	188.96	567.31	89.66	8.80	100	____________
5	11	10	1	0	4	281.95	567.31	23.66	8.80	100	Date:
5	11	10	1	0	5	310.03	567.31	89.66	8.80	100	____________
3	11	10	2	0	0	70.866000	585.144143	209.706752	8.896602	-1	###FLOW###
4	11	10	2	0	0	70.866000	585.144143	209.706752	8.896602	-1	###LINE###
5	11	10	2	0	0	70.87	585.14	50.25	8.90	100	Operators
5	11	10	2	0	1	124.93	585.14	52.52	8.90	100	authorised
5	11	10	2	0	2	181.28	585.14	13.95	8.90	100	for
5	11	10	2	0	3	199.04	585.14	18.52	8.90	100	this
5	11	10	2	0	4	221.38	585.14	59.19	8.90	100	engagement
3	11	11	0	0	0	70.885000	621.538769	25.183460	8.796976	-1	###FLOW###
4	11	11	0	0	0	70.885000	621.538769	25.183460	8.796976	-1	###LINE###
5	11	11	0	0	0	70.88	621.54	25.18	8.80	100	Name
3	11	12	0	0	0	176.818000	621.538769	57.561910	8.796976	-1	###FLOW###
4	11	12	0	0	0	176.818000	621.538769	57.561910	8.796976	-1	###LINE###
5	11	12	0	0	0	176.82	621.54	57.56	8.80	100	Appointment
3	11	13	0	0	0	292.277000	609.583769	117.721070	20.751976	-1	###FLOW###
4	11	13	0	0	0	292.277000	609.583769	117.721070	8.796976	-1	###LINE###
5	11	13	0	0	0	292.28	609.58	45.41	8.80	100	Confirmed
5	11	13	0	0	1	341.01	609.58	32.13	8.80	100	reading
5	11	13	0	0	2	376.46	609.58	8.03	8.80	100	of
5	11	13	0	0	3	387.81	609.58	22.19	8.80	100	these
4	11	13	0	1	0	292.277000	621.538769	23.715969	8.796976	-1	###LINE###
5	11	13	0	1	0	292.28	621.54	23.72	8.80	100	Rules
3	11	14	0	0	0	260.882000	794.933960	73.512217	7.133239	-1	###FLOW###
4	11	14	0	0	0	260.882000	794.933960	73.512217	7.133239	-1	###LINE###
5	11	14	0	0	0	260.88	794.93	73.51	7.13	100	UNCLASSIFIED
3	11	14	1	0	0	287.710000	810.521052	19.854409	6.157865	-1	###FLOW###
4	11	14	1	0	0	287.710000	810.521052	19.854409	6.157865	-1	###LINE###
5	11	14	1	0	0	287.71	810.52	19.85	6.16	100	11/16
3	11	15	0	0	0	430.034000	621.538769	20.894561	8.796976	-1	###FLOW###
4	11	15	0	0	0	430.034000	621.538769	20.894561	8.796976	-1	###LINE###
5	11	15	0	0	0	430.03	621.54	20.89	8.80	100	Date
1	12	0	0	0	0	430.034000	621.538769	595.276000	841.890000	-1	###PAGE###
3	12	0	0	0	0	260.882000	40.770960	73.512217	7.133240	-1	###FLOW###
4	12	0	0	0	0	260.882000	40.770960	73.512217	7.133240	-1	###LINE###
5	12	0	0	0	0	260.88	40.77	73.51	7.13	100	UNCLASSIFIED
3	12	1	0	0	0	70.866000	75.001199	370.012887	12.595964	-1	###FLOW###
4	12	1	0	0	0	70.866000	75.001199	370.012887	12.595964	-1	###LINE###
5	12	1	0	0	0	70.87	75.00	88.02	12.60	100	APPENDIX
5	12	1	0	0	1	164.26	75.00	8.07	12.60	100	3
5	12	1	0	0	2	177.71	75.00	16.14	12.60	100	—
5	12	1	0	0	3	199.23	75.00	110.09	12.60	100	AUTHORISED
5	12	1	0	0	4	314.70	75.00	68.16	12.60	100	TARGET
5	12	1	0	0	5	388.24	75.00	52.63	12.60	100	SPACE
3	12	1	1	0	0	70.866000	99.770769	455.473853	44.661976	-1	###FLOW###
4	12	1	1	0	0	70.866000	99.770769	455.473853	8.796976	-1	###LINE###
5	12	1	1	0	0	70.87	99.77	20.88	8.80	100	Only
5	12	1	1	0	1	94.34	99.77	13.56	8.80	100	the
5	12	1	1	0	2	110.50	99.77	40.73	8.80	100	positively
5	12	1	1	0	3	153.82	99.77	39.32	8.80	100	identified
5	12	1	1	0	4	195.73	99.77	35.68	8.80	100	systems,
5	12	1	1	0	5	234.16	99.77	29.92	8.80	100	ranges,
5	12	1	1	0	6	266.81	99.77	33.95	8.80	100	tenants,
5	12	1	1	0	7	303.50	99.77	41.54	8.80	100	identities,
5	12	1	1	0	8	347.77	99.77	27.41	8.80	100	people
5	12	1	1	0	9	377.77	99.77	15.73	8.80	100	and
5	12	1	1	0	10	396.08	99.77	37.76	8.80	100	locations
5	12	1	1	0	11	436.44	99.77	24.41	8.80	100	below
5	12	1	1	0	12	463.43	99.77	13.05	8.80	100	are
5	12	1	1	0	13	479.07	99.77	47.27	8.80	100	authorised.
4	12	1	1	1	0	70.866000	111.725769	453.541756	8.796976	-1	###LINE###
5	12	1	1	1	0	70.87	111.73	42.40	8.80	100	Exclusion
5	12	1	1	1	1	116.59	111.73	17.44	8.80	100	lists
5	12	1	1	1	2	137.36	111.73	27.41	8.80	100	clarify
5	12	1	1	1	3	168.11	111.73	16.27	8.80	100	this
5	12	1	1	1	4	187.70	111.73	22.95	8.80	100	outer
5	12	1	1	1	5	213.96	111.73	41.96	8.80	100	boundary
5	12	1	1	1	6	259.24	111.73	15.09	8.80	100	but
5	12	1	1	1	7	277.67	111.73	10.62	8.80	100	do
5	12	1	1	1	8	291.61	111.73	14.53	8.80	100	not
5	12	1	1	1	9	309.47	111.73	26.30	8.80	100	create
5	12	1	1	1	10	339.10	111.73	9.50	8.80	100	it.
5	12	1	1	1	11	353.04	111.73	32.20	8.80	100	Names,
5	12	1	1	1	12	388.56	111.73	43.98	8.80	100	ownership
5	12	1	1	1	13	435.86	111.73	56.63	8.80	100	assumptions,
5	12	1	1	1	14	495.81	111.73	28.60	8.80	100	shared
4	12	1	1	2	0	70.866000	123.680769	453.541686	8.796976	-1	###LINE###
5	12	1	1	2	0	70.87	123.68	38.00	8.80	100	branding
5	12	1	1	2	1	112.09	123.68	15.73	8.80	100	and
5	12	1	1	2	2	131.05	123.68	37.69	8.80	100	technical
5	12	1	1	2	3	171.97	123.68	49.65	8.80	100	reachability
5	12	1	1	2	4	224.85	123.68	10.31	8.80	100	do
5	12	1	1	2	5	238.37	123.68	14.10	8.80	100	not
5	12	1	1	2	6	255.71	123.68	37.00	8.80	100	establish
5	12	1	1	2	7	295.93	123.68	25.83	8.80	100	scope.
5	12	1	1	2	8	326.15	123.68	17.62	8.80	100	Any
5	12	1	1	2	9	347.00	123.68	42.57	8.80	100	ambiguity
5	12	1	1	2	10	392.80	123.68	6.56	8.80	100	is
5	12	1	1	2	11	402.60	123.68	30.42	8.80	100	outside
5	12	1	1	2	12	436.25	123.68	23.11	8.80	100	scope
5	12	1	1	2	13	462.59	123.68	19.79	8.80	100	until
5	12	1	1	2	14	485.61	123.68	38.80	8.80	100	approved
4	12	1	1	3	0	70.866000	135.635769	45.411523	8.796976	-1	###LINE###
5	12	1	1	3	0	70.87	135.64	8.30	8.80	100	in
5	12	1	1	3	1	82.49	135.64	33.79	8.80	100	writing.
3	12	2	0	0	0	70.866000	162.211643	162.755702	10.496666	-1	###FLOW###
4	12	2	0	0	0	70.866000	162.211643	162.755702	10.496666	-1	###LINE###
5	12	2	0	0	0	70.87	162.21	17.19	10.50	100	3.1
5	12	2	0	0	1	92.53	162.21	55.48	10.50	100	Networks
5	12	2	0	0	2	152.49	162.21	21.48	10.50	100	and
5	12	2	0	0	3	178.46	162.21	55.16	10.50	100	addresses
3	12	2	1	0	0	70.511000	190.945769	22.416846	8.796976	-1	###FLOW###
4	12	2	1	0	0	70.511000	190.945769	22.416846	8.796976	-1	###LINE###
5	12	2	1	0	0	70.51	190.95	22.42	8.80	100	Type
3	12	3	0	0	0	271.138000	190.945769	24.357561	8.796976	-1	###FLOW###
4	12	3	0	0	0	271.138000	190.945769	24.357561	8.796976	-1	###LINE###
5	12	3	0	0	0	271.14	190.95	24.36	8.80	100	Value
3	12	4	0	0	0	403.939000	190.945769	24.686327	8.796976	-1	###FLOW###
4	12	4	0	0	0	403.939000	190.945769	24.686327	8.796976	-1	###LINE###
5	12	4	0	0	0	403.94	190.95	24.69	8.80	100	Notes
3	12	5	0	0	0	70.869000	222.239769	65.530994	8.796976	-1	###FLOW###
4	12	5	0	0	0	70.869000	222.239769	65.530994	8.796976	-1	###LINE###
5	12	5	0	0	0	70.87	222.24	34.45	8.80	100	Address
5	12	5	0	0	1	108.64	222.24	27.76	8.80	100	ranges
3	12	5	1	0	0	70.869000	248.532769	38.107941	8.796976	-1	###FLOW###
4	12	5	1	0	0	70.869000	248.532769	38.107941	8.796976	-1	###LINE###
5	12	5	1	0	0	70.87	248.53	38.11	8.80	100	Domains
3	12	5	2	0	0	70.869000	274.826769	121.742972	8.796976	-1	###FLOW###
4	12	5	2	0	0	70.869000	274.826769	121.742972	8.796976	-1	###LINE###
5	12	5	2	0	0	70.87	274.83	42.39	8.80	100	Tenancies
5	12	5	2	0	1	116.59	274.83	16.05	8.80	100	and
5	12	5	2	0	2	135.96	274.83	56.65	8.80	100	subscriptions
3	12	5	3	0	0	70.869000	301.119769	54.576119	8.796976	-1	###FLOW###
4	12	5	3	0	0	70.869000	301.119769	54.576119	8.796976	-1	###LINE###
5	12	5	3	0	0	70.87	301.12	54.58	8.80	100	Applications
3	12	5	4	0	0	70.869000	327.413769	77.602676	8.796976	-1	###FLOW###
4	12	5	4	0	0	70.869000	327.413769	77.602676	8.796976	-1	###LINE###
5	12	5	4	0	0	70.87	327.41	34.31	8.80	100	Identity
5	12	5	4	0	1	108.51	327.41	39.96	8.80	100	providers
3	12	6	0	0	0	70.866000	364.868643	207.203940	10.496666	-1	###FLOW###
4	12	6	0	0	0	70.866000	364.868643	207.203940	10.496666	-1	###LINE###
5	12	6	0	0	0	70.87	364.87	17.19	10.50	100	3.2
5	12	6	0	0	1	92.53	364.87	55.09	10.50	100	Identities
5	12	6	0	0	2	152.11	364.87	21.48	10.50	100	and
5	12	6	0	0	3	178.08	364.87	56.32	10.50	100	personnel
5	12	6	0	0	4	238.88	364.87	39.19	10.50	100	groups
3	12	6	1	0	0	70.869000	395.927769	27.771744	8.796976	-1	###FLOW###
4	12	6	1	0	0	70.869000	395.927769	27.771744	8.796976	-1	###LINE###
5	12	6	1	0	0	70.87	395.93	27.77	8.80	100	Group
3	12	7	0	0	0	221.086000	395.927769	75.631078	8.796976	-1	###FLOW###
4	12	7	0	0	0	221.086000	395.927769	75.631078	8.796976	-1	###LINE###
5	12	7	0	0	0	221.09	395.93	56.76	8.80	100	Approximate
5	12	7	0	0	1	281.16	395.93	15.55	8.80	100	size
3	12	8	0	0	0	385.767000	395.927769	24.686327	8.796976	-1	###FLOW###
4	12	8	0	0	0	385.767000	395.927769	24.686327	8.796976	-1	###LINE###
5	12	8	0	0	0	385.77	395.93	24.69	8.80	100	Notes
3	12	9	0	0	0	220.184000	600.908769	73.503067	8.796976	-1	###FLOW###
4	12	9	0	0	0	220.184000	600.908769	73.503067	8.796976	-1	###LINE###
5	12	9	0	0	0	220.18	600.91	24.71	8.80	100	Areas
5	12	9	0	0	1	248.22	600.91	45.47	8.80	100	authorised
3	12	10	0	0	0	385.337000	600.908769	24.686327	8.796976	-1	###FLOW###
4	12	10	0	0	0	385.337000	600.908769	24.686327	8.796976	-1	###LINE###
5	12	10	0	0	0	385.34	600.91	24.69	8.80	100	Notes
3	12	11	0	0	0	70.866000	569.850643	126.646216	10.496666	-1	###FLOW###
4	12	11	0	0	0	70.866000	569.850643	126.646216	10.496666	-1	###LINE###
5	12	11	0	0	0	70.87	569.85	17.19	10.50	100	3.3
5	12	11	0	0	1	92.53	569.85	48.68	10.50	100	Physical
5	12	11	0	0	2	145.70	569.85	51.82	10.50	100	locations
3	12	11	1	0	0	70.866000	600.908769	16.605662	8.796976	-1	###FLOW###
4	12	11	1	0	0	70.866000	600.908769	16.605662	8.796976	-1	###LINE###
5	12	11	1	0	0	70.87	600.91	16.61	8.80	100	Site
3	12	12	0	0	0	260.882000	794.933960	73.512217	7.133239	-1	###FLOW###
4	12	12	0	0	0	260.882000	794.933960	73.512217	7.133239	-1	###LINE###
5	12	12	0	0	0	260.88	794.93	73.51	7.13	100	UNCLASSIFIED
3	12	12	1	0	0	287.710000	810.521052	19.854409	6.157865	-1	###FLOW###
4	12	12	1	0	0	287.710000	810.521052	19.854409	6.157865	-1	###LINE###
5	12	12	1	0	0	287.71	810.52	19.85	6.16	100	12/16
1	13	0	0	0	0	287.710000	810.521052	595.276000	841.890000	-1	###PAGE###
3	13	0	0	0	0	260.882000	40.770960	73.512217	7.133240	-1	###FLOW###
4	13	0	0	0	0	260.882000	40.770960	73.512217	7.133240	-1	###LINE###
5	13	0	0	0	0	260.88	40.77	73.51	7.13	100	UNCLASSIFIED
3	13	1	0	0	0	70.866000	76.636643	180.144540	10.496666	-1	###FLOW###
4	13	1	0	0	0	70.866000	76.636643	180.144540	10.496666	-1	###LINE###
5	13	1	0	0	0	70.87	76.64	17.19	10.50	100	3.4
5	13	1	0	0	1	92.53	76.64	23.64	10.50	100	Red
5	13	1	0	0	2	120.66	76.64	29.11	10.50	100	team
5	13	1	0	0	3	154.26	76.64	37.11	10.50	100	source
5	13	1	0	0	4	195.85	76.64	55.16	10.50	100	addresses
3	13	1	1	0	0	70.866000	96.338769	453.817132	20.752976	-1	###FLOW###
4	13	1	1	0	0	70.866000	96.338769	453.817132	8.796976	-1	###LINE###
5	13	1	1	0	0	70.87	96.34	39.70	8.80	100	Provided
5	13	1	1	0	1	114.77	96.34	9.03	8.80	100	to
5	13	1	1	0	2	128.01	96.34	14.11	8.80	100	the
5	13	1	1	0	3	146.33	96.34	34.26	8.80	100	Trusted
5	13	1	1	0	4	184.80	96.34	26.54	8.80	100	Agent
5	13	1	1	0	5	215.55	96.34	12.17	8.80	100	for
5	13	1	1	0	6	231.92	96.34	58.71	8.80	100	deconfliction.
5	13	1	1	0	7	297.72	96.34	16.65	8.80	100	Not
5	13	1	1	0	8	318.58	96.34	39.07	8.80	100	disclosed
5	13	1	1	0	9	361.86	96.34	9.03	8.80	100	to
5	13	1	1	0	10	375.10	96.34	14.11	8.80	100	the
5	13	1	1	0	11	393.42	96.34	39.86	8.80	100	defensive
5	13	1	1	0	12	437.49	96.34	34.17	8.80	100	element
5	13	1	1	0	13	475.86	96.34	8.47	8.80	100	in
5	13	1	1	0	14	488.53	96.34	5.08	8.80	100	a
5	13	1	1	0	15	497.82	96.34	26.86	8.80	100	covert
4	13	1	1	1	0	70.866000	108.294769	53.964415	8.796976	-1	###LINE###
5	13	1	1	1	0	70.87	108.29	53.96	8.80	100	engagement.
3	13	1	2	0	0	70.488000	137.195769	73.801945	8.796976	-1	###FLOW###
4	13	1	2	0	0	70.488000	137.195769	73.801945	8.796976	-1	###LINE###
5	13	1	2	0	0	70.49	137.20	34.45	8.80	100	Address
5	13	1	2	0	1	108.26	137.20	8.88	8.80	100	or
5	13	1	2	0	2	120.47	137.20	23.82	8.80	100	range
3	13	2	0	0	0	234.743000	137.195769	35.372211	8.796976	-1	###FLOW###
4	13	2	0	0	0	234.743000	137.195769	35.372211	8.796976	-1	###LINE###
5	13	2	0	0	0	234.74	137.20	35.37	8.80	100	Purpose
3	13	3	0	0	0	387.175000	137.195769	18.293326	8.796976	-1	###FLOW###
4	13	3	0	0	0	387.175000	137.195769	18.293326	8.796976	-1	###LINE###
5	13	3	0	0	0	387.18	137.20	18.29	8.80	100	Tier
3	13	4	0	0	0	70.866000	334.459199	351.348480	12.595964	-1	###FLOW###
4	13	4	0	0	0	70.866000	334.459199	351.348480	12.595964	-1	###LINE###
5	13	4	0	0	0	70.87	334.46	88.02	12.60	100	APPENDIX
5	13	4	0	0	1	164.26	334.46	8.07	12.60	100	4
5	13	4	0	0	2	177.71	334.46	16.14	12.60	100	—
5	13	4	0	0	3	199.23	334.46	91.43	12.60	100	EXCLUDED
5	13	4	0	0	4	296.04	334.46	68.16	12.60	100	TARGET
5	13	4	0	0	5	369.58	334.46	52.63	12.60	100	SPACE
3	13	4	1	0	0	95.265000	359.228769	406.171670	20.751976	-1	###FLOW###
4	13	4	1	0	0	95.773000	359.228769	405.663670	8.796976	-1	###LINE###
5	13	4	1	0	0	95.77	359.23	41.64	8.80	100	Produced
5	13	4	1	0	1	140.73	359.23	10.58	8.80	100	by
5	13	4	1	0	2	154.63	359.23	13.92	8.80	100	the
5	13	4	1	0	3	171.87	359.23	35.30	8.80	100	assessed
5	13	4	1	0	4	210.48	359.23	53.54	8.80	100	organisation
5	13	4	1	0	5	267.34	359.23	16.15	8.80	100	and
5	13	4	1	0	6	286.79	359.23	42.90	8.80	100	confirmed
5	13	4	1	0	7	333.01	359.23	10.58	8.80	100	by
5	13	4	1	0	8	346.91	359.23	13.92	8.80	100	the
5	13	4	1	0	9	364.15	359.23	25.92	8.80	100	owner
5	13	4	1	0	10	393.38	359.23	8.07	8.80	100	of
5	13	4	1	0	11	404.77	359.23	19.21	8.80	100	each
5	13	4	1	0	12	427.30	359.23	38.13	8.80	100	excluded
5	13	4	1	0	13	468.75	359.23	32.69	8.80	100	system.
4	13	4	1	1	0	95.265000	371.183769	270.538388	8.796976	-1	###LINE###
5	13	4	1	1	0	95.27	371.18	28.53	8.80	100	Where
5	13	4	1	1	1	127.12	371.18	13.84	8.80	100	the
5	13	4	1	1	2	144.27	371.18	26.13	8.80	100	status
5	13	4	1	1	3	173.73	371.18	8.03	8.80	100	of
5	13	4	1	1	4	185.07	371.18	4.98	8.80	100	a
5	13	4	1	1	5	193.37	371.18	26.04	8.80	100	target
5	13	4	1	1	6	222.73	371.18	6.70	8.80	100	is
5	13	4	1	1	7	232.75	371.18	49.04	8.80	100	ambiguous,
5	13	4	1	1	8	285.11	371.18	6.64	8.80	100	it
5	13	4	1	1	9	295.07	371.18	6.70	8.80	100	is
5	13	4	1	1	10	305.09	371.18	31.04	8.80	100	outside
5	13	4	1	1	11	339.46	371.18	26.34	8.80	100	scope.
3	13	4	2	0	0	70.532000	400.085769	22.416846	8.796976	-1	###FLOW###
4	13	4	2	0	0	70.532000	400.085769	22.416846	8.796976	-1	###LINE###
5	13	4	2	0	0	70.53	400.09	22.42	8.80	100	Type
3	13	5	0	0	0	160.622000	400.085769	39.325371	8.796976	-1	###FLOW###
4	13	5	0	0	0	160.622000	400.085769	39.325371	8.796976	-1	###LINE###
5	13	5	0	0	0	160.62	400.09	39.33	8.80	100	Identifier
3	13	6	0	0	0	254.166000	400.085769	80.861443	8.796976	-1	###FLOW###
4	13	6	0	0	0	254.166000	400.085769	80.861443	8.796976	-1	###LINE###
5	13	6	0	0	0	254.17	400.09	22.67	8.80	100	Basis
5	13	6	0	0	1	280.15	400.09	11.93	8.80	100	for
5	13	6	0	0	2	295.40	400.09	39.63	8.80	100	exclusion
3	13	7	0	0	0	353.065000	400.085769	28.809847	8.796976	-1	###FLOW###
4	13	7	0	0	0	353.065000	400.085769	28.809847	8.796976	-1	###LINE###
5	13	7	0	0	0	353.07	400.09	28.81	8.80	100	Owner
3	13	8	0	0	0	70.866000	600.301643	283.323894	10.496666	-1	###FLOW###
4	13	8	0	0	0	70.866000	600.301643	283.323894	10.496666	-1	###LINE###
5	13	8	0	0	0	70.87	600.30	17.19	10.50	100	4.1
5	13	8	0	0	1	92.53	600.30	65.05	10.50	100	Individuals
5	13	8	0	0	2	162.06	600.30	51.50	10.50	100	excluded
5	13	8	0	0	3	218.05	600.30	27.54	10.50	100	from
5	13	8	0	0	4	250.07	600.30	32.39	10.50	100	social
5	13	8	0	0	5	286.94	600.30	67.25	10.50	100	engineering
3	13	8	1	0	0	70.866000	631.360769	79.789467	8.796976	-1	###FLOW###
4	13	8	1	0	0	70.866000	631.360769	79.789467	8.796976	-1	###LINE###
5	13	8	1	0	0	70.87	631.36	39.33	8.80	100	Identifier
5	13	8	1	0	1	113.51	631.36	8.88	8.80	100	or
5	13	8	1	0	2	125.72	631.36	24.94	8.80	100	group
3	13	9	0	0	0	316.553000	631.360769	22.665911	8.796976	-1	###FLOW###
4	13	9	0	0	0	316.553000	631.360769	22.665911	8.796976	-1	###LINE###
5	13	9	0	0	0	316.55	631.36	22.67	8.80	100	Basis
3	13	10	0	0	0	260.882000	794.933960	73.512217	7.133239	-1	###FLOW###
4	13	10	0	0	0	260.882000	794.933960	73.512217	7.133239	-1	###LINE###
5	13	10	0	0	0	260.88	794.93	73.51	7.13	100	UNCLASSIFIED
3	13	10	1	0	0	287.710000	810.521052	19.854409	6.157865	-1	###FLOW###
4	13	10	1	0	0	287.710000	810.521052	19.854409	6.157865	-1	###LINE###
5	13	10	1	0	0	287.71	810.52	19.85	6.16	100	13/16
3	13	11	0	0	0	443.446000	400.085769	45.414512	8.796976	-1	###FLOW###
4	13	11	0	0	0	443.446000	400.085769	45.414512	8.796976	-1	###LINE###
5	13	11	0	0	0	443.45	400.09	45.41	8.80	100	Confirmed
1	14	0	0	0	0	443.446000	400.085769	595.276000	841.890000	-1	###PAGE###
3	14	0	0	0	0	260.882000	40.770960	73.512217	7.133240	-1	###FLOW###
4	14	0	0	0	0	260.882000	40.770960	73.512217	7.133240	-1	###LINE###
5	14	0	0	0	0	260.88	40.77	73.51	7.13	100	UNCLASSIFIED
3	14	1	0	0	0	70.866000	82.996769	79.789467	8.796976	-1	###FLOW###
4	14	1	0	0	0	70.866000	82.996769	79.789467	8.796976	-1	###LINE###
5	14	1	0	0	0	70.87	83.00	39.33	8.80	100	Identifier
5	14	1	0	0	1	113.51	83.00	8.88	8.80	100	or
5	14	1	0	0	2	125.72	83.00	24.94	8.80	100	group
3	14	2	0	0	0	316.553000	82.996769	22.665911	8.796976	-1	###FLOW###
4	14	2	0	0	0	316.553000	82.996769	22.665911	8.796976	-1	###LINE###
5	14	2	0	0	0	316.55	83.00	22.67	8.80	100	Basis
3	14	3	0	0	0	70.866000	125.452643	146.059069	10.496666	-1	###FLOW###
4	14	3	0	0	0	70.866000	125.452643	146.059069	10.496666	-1	###LINE###
5	14	3	0	0	0	70.87	125.45	17.19	10.50	100	4.2
5	14	3	0	0	1	92.53	125.45	44.05	10.50	100	Periods
5	14	3	0	0	2	141.07	125.45	10.83	10.50	100	of
5	14	3	0	0	3	156.39	125.45	60.54	10.50	100	restriction
3	14	3	1	0	0	70.866000	154.186769	28.395403	8.796976	-1	###FLOW###
4	14	3	1	0	0	70.866000	154.186769	28.395403	8.796976	-1	###LINE###
5	14	3	1	0	0	70.87	154.19	28.40	8.80	100	Period
3	14	4	0	0	0	304.633000	154.186769	22.665911	8.796976	-1	###FLOW###
4	14	4	0	0	0	304.633000	154.186769	22.665911	8.796976	-1	###LINE###
5	14	4	0	0	0	304.63	154.19	22.67	8.80	100	Basis
3	14	5	0	0	0	70.866000	351.450199	318.164285	12.595964	-1	###FLOW###
4	14	5	0	0	0	70.866000	351.450199	318.164285	12.595964	-1	###LINE###
5	14	5	0	0	0	70.87	351.45	88.02	12.60	100	APPENDIX
5	14	5	0	0	1	164.26	351.45	8.07	12.60	100	5
5	14	5	0	0	2	177.71	351.45	16.14	12.60	100	—
5	14	5	0	0	3	199.23	351.45	110.09	12.60	100	AUTHORISED
5	14	5	0	0	4	314.70	351.45	74.33	12.60	100	ACTIONS
3	14	5	1	0	0	184.275000	385.250769	28.779959	8.796976	-1	###FLOW###
4	14	5	1	0	0	184.275000	385.250769	28.779959	8.796976	-1	###LINE###
5	14	5	1	0	0	184.27	385.25	28.78	8.80	100	Action
3	14	6	0	0	0	297.147000	385.250769	94.199372	8.796976	-1	###FLOW###
4	14	6	0	0	0	297.147000	385.250769	94.199372	8.796976	-1	###LINE###
5	14	6	0	0	0	297.15	385.25	47.10	8.80	100	Conditions
5	14	6	0	0	1	347.57	385.25	16.05	8.80	100	and
5	14	6	0	0	2	366.94	385.25	24.41	8.80	100	limits
3	14	7	0	0	0	418.490000	385.250769	62.295142	8.796976	-1	###FLOW###
4	14	7	0	0	0	418.490000	385.250769	62.295142	8.796976	-1	###LINE###
5	14	7	0	0	0	418.49	385.25	39.61	8.80	100	Approval
5	14	7	0	0	1	461.41	385.25	19.37	8.80	100	level
3	14	8	0	0	0	70.866000	416.545769	4.981300	8.796976	-1	###FLOW###
4	14	8	0	0	0	70.866000	416.545769	4.981300	8.796976	-1	###LINE###
5	14	8	0	0	0	70.87	416.55	4.98	8.80	100	1
3	14	8	1	0	0	70.866000	442.838769	4.981300	8.796976	-1	###FLOW###
4	14	8	1	0	0	70.866000	442.838769	4.981300	8.796976	-1	###LINE###
5	14	8	1	0	0	70.87	442.84	4.98	8.80	100	2
3	14	8	2	0	0	70.866000	469.131769	4.981300	8.796976	-1	###FLOW###
4	14	8	2	0	0	70.866000	469.131769	4.981300	8.796976	-1	###LINE###
5	14	8	2	0	0	70.87	469.13	4.98	8.80	100	3
3	14	8	3	0	0	70.866000	495.425769	4.981300	8.796976	-1	###FLOW###
4	14	8	3	0	0	70.866000	495.425769	4.981300	8.796976	-1	###LINE###
5	14	8	3	0	0	70.87	495.43	4.98	8.80	100	4
3	14	8	4	0	0	70.866000	521.718769	4.981300	8.796976	-1	###FLOW###
4	14	8	4	0	0	70.866000	521.718769	4.981300	8.796976	-1	###LINE###
5	14	8	4	0	0	70.87	521.72	4.98	8.80	100	5
3	14	8	5	0	0	70.866000	548.012769	4.981300	8.796976	-1	###FLOW###
4	14	8	5	0	0	70.866000	548.012769	4.981300	8.796976	-1	###LINE###
5	14	8	5	0	0	70.87	548.01	4.98	8.80	100	6
3	14	8	6	0	0	70.866000	574.305769	4.981300	8.796976	-1	###FLOW###
4	14	8	6	0	0	70.866000	574.305769	4.981300	8.796976	-1	###LINE###
5	14	8	6	0	0	70.87	574.31	4.98	8.80	100	7
3	14	8	7	0	0	70.866000	600.598769	4.981300	8.796976	-1	###FLOW###
4	14	8	7	0	0	70.866000	600.598769	4.981300	8.796976	-1	###LINE###
5	14	8	7	0	0	70.87	600.60	4.98	8.80	100	8
3	14	9	0	0	0	70.866000	661.394199	313.115857	12.595964	-1	###FLOW###
4	14	9	0	0	0	70.866000	661.394199	313.115857	12.595964	-1	###LINE###
5	14	9	0	0	0	70.87	661.39	88.02	12.60	100	APPENDIX
5	14	9	0	0	1	164.26	661.39	8.07	12.60	100	6
5	14	9	0	0	2	177.71	661.39	16.14	12.60	100	—
5	14	9	0	0	3	199.23	661.39	105.04	12.60	100	PROHIBITED
5	14	9	0	0	4	309.66	661.39	74.33	12.60	100	ACTIONS
3	14	9	1	0	0	70.507000	686.064143	453.905859	20.851602	-1	###FLOW###
4	14	9	1	0	0	70.507000	686.064143	453.905859	8.896602	-1	###LINE###
5	14	9	1	0	0	70.51	686.16	16.82	8.80	100	The
5	14	9	1	0	1	89.93	686.16	13.07	8.80	100	list
5	14	9	1	0	2	105.60	686.16	8.68	8.80	100	at
5	14	9	1	0	3	116.88	686.16	27.66	8.80	100	Annex
5	14	9	1	0	4	147.16	686.16	9.63	8.80	100	B,
5	14	9	1	0	5	159.38	686.16	43.45	8.80	100	paragraph
5	14	9	1	0	6	205.44	686.16	17.22	8.80	100	B.5,
5	14	9	1	0	7	225.40	686.16	29.35	8.80	100	applies
5	14	9	1	0	8	257.36	686.16	8.14	8.80	100	in
5	14	9	1	0	9	268.10	686.16	16.54	8.80	100	full.
5	14	9	1	0	10	288.82	686.16	11.17	8.80	100	Its
5	14	9	1	0	11	302.60	686.06	40.61	8.90	100	absolute
5	14	9	1	0	12	345.82	686.16	51.07	8.80	100	prohibitions
5	14	9	1	0	13	399.49	686.16	28.75	8.80	100	cannot
5	14	9	1	0	14	430.84	686.16	10.04	8.80	100	be
5	14	9	1	0	15	443.49	686.16	31.72	8.80	100	waived.
5	14	9	1	0	16	479.39	686.16	45.02	8.80	100	Additional
4	14	9	1	1	0	70.866000	698.118769	144.066170	8.796976	-1	###LINE###
5	14	9	1	1	0	70.87	698.12	52.11	8.80	100	prohibitions
5	14	9	1	1	1	126.30	698.12	11.93	8.80	100	for
5	14	9	1	1	2	141.54	698.12	16.11	8.80	100	this
5	14	9	1	1	3	160.97	698.12	53.96	8.80	100	engagement:
3	14	10	0	0	0	260.882000	794.933960	73.512217	7.133239	-1	###FLOW###
4	14	10	0	0	0	260.882000	794.933960	73.512217	7.133239	-1	###LINE###
5	14	10	0	0	0	260.88	794.93	73.51	7.13	100	UNCLASSIFIED
3	14	10	1	0	0	287.710000	810.521052	19.854409	6.157865	-1	###FLOW###
4	14	10	1	0	0	287.710000	810.521052	19.854409	6.157865	-1	###LINE###
5	14	10	1	0	0	287.71	810.52	19.85	6.16	100	14/16
1	15	0	0	0	0	287.710000	810.521052	595.276000	841.890000	-1	###PAGE###
3	15	0	0	0	0	260.882000	40.770960	73.512217	7.133240	-1	###FLOW###
4	15	0	0	0	0	260.882000	40.770960	73.512217	7.133240	-1	###LINE###
5	15	0	0	0	0	260.88	40.77	73.51	7.13	100	UNCLASSIFIED
3	15	1	0	0	0	70.866000	90.998769	8.301835	8.796976	-1	###FLOW###
4	15	1	0	0	0	70.866000	90.998769	8.301835	8.796976	-1	###LINE###
5	15	1	0	0	0	70.87	91.00	8.30	8.80	100	#
3	15	2	0	0	0	299.893000	79.043769	79.254476	20.751976	-1	###FLOW###
4	15	2	0	0	0	299.893000	79.043769	79.254476	8.796976	-1	###LINE###
5	15	2	0	0	0	299.89	79.04	30.50	8.80	100	Status:
5	15	2	0	0	1	334.81	79.04	36.03	8.80	100	absolute
5	15	2	0	0	2	374.17	79.04	4.98	8.80	100	/
4	15	2	0	1	0	299.893000	90.998769	48.155223	8.796976	-1	###LINE###
5	15	2	0	1	0	299.89	91.00	48.16	8.80	100	conditional
3	15	3	0	0	0	181.600000	90.998769	75.993717	8.796976	-1	###FLOW###
4	15	3	0	0	0	181.600000	90.998769	75.993717	8.796976	-1	###LINE###
5	15	3	0	0	0	181.60	91.00	46.11	8.80	100	Prohibited
5	15	3	0	0	1	231.03	91.00	26.57	8.80	100	action
3	15	4	0	0	0	427.255000	90.998769	22.665911	8.796976	-1	###FLOW###
4	15	4	0	0	0	427.255000	90.998769	22.665911	8.796976	-1	###LINE###
5	15	4	0	0	0	427.26	91.00	22.67	8.80	100	Basis
3	15	5	0	0	0	70.866000	122.292769	4.981300	8.796976	-1	###FLOW###
4	15	5	0	0	0	70.866000	122.292769	4.981300	8.796976	-1	###LINE###
5	15	5	0	0	0	70.87	122.29	4.98	8.80	100	1
3	15	5	1	0	0	70.866000	148.585769	4.981300	8.796976	-1	###FLOW###
4	15	5	1	0	0	70.866000	148.585769	4.981300	8.796976	-1	###LINE###
5	15	5	1	0	0	70.87	148.59	4.98	8.80	100	2
3	15	5	2	0	0	70.866000	174.879769	4.981300	8.796976	-1	###FLOW###
4	15	5	2	0	0	70.866000	174.879769	4.981300	8.796976	-1	###LINE###
5	15	5	2	0	0	70.87	174.88	4.98	8.80	100	3
3	15	5	3	0	0	70.866000	201.172769	4.981300	8.796976	-1	###FLOW###
4	15	5	3	0	0	70.866000	201.172769	4.981300	8.796976	-1	###LINE###
5	15	5	3	0	0	70.87	201.17	4.98	8.80	100	4
3	15	5	4	0	0	70.866000	227.466769	4.981300	8.796976	-1	###FLOW###
4	15	5	4	0	0	70.866000	227.466769	4.981300	8.796976	-1	###LINE###
5	15	5	4	0	0	70.87	227.47	4.98	8.80	100	5
3	15	5	5	0	0	70.866000	253.759769	4.981300	8.796976	-1	###FLOW###
4	15	5	5	0	0	70.866000	253.759769	4.981300	8.796976	-1	###LINE###
5	15	5	5	0	0	70.87	253.76	4.98	8.80	100	6
3	15	6	0	0	0	70.866000	290.436143	454.926807	32.806602	-1	###FLOW###
4	15	6	0	0	0	70.866000	290.436143	454.926807	8.896602	-1	###LINE###
5	15	6	0	0	0	70.87	290.44	59.57	8.90	100	Conditional
5	15	6	0	0	1	134.43	290.44	72.14	8.90	100	authorisations
5	15	6	0	0	2	210.56	290.44	42.15	8.90	100	granted.
5	15	6	0	0	3	257.60	290.54	13.27	8.80	100	An
5	15	6	0	0	4	274.33	290.54	23.18	8.80	100	entry
5	15	6	0	0	5	300.99	290.54	6.83	8.80	100	is
5	15	6	0	0	6	311.30	290.54	21.18	8.80	100	valid
5	15	6	0	0	7	335.95	290.54	18.91	8.80	100	only
5	15	6	0	0	8	358.34	290.54	12.17	8.80	100	for
5	15	6	0	0	9	373.98	290.54	10.73	8.80	100	an
5	15	6	0	0	10	388.18	290.54	27.10	8.80	100	action
5	15	6	0	0	11	418.75	290.54	39.07	8.80	100	classified
5	15	6	0	0	12	461.30	290.54	9.09	8.80	100	as
5	15	6	0	0	13	473.85	290.54	51.94	8.80	100	conditional,
4	15	6	0	1	0	70.866000	302.490769	453.540710	8.796976	-1	###LINE###
5	15	6	0	1	0	70.87	302.49	38.65	8.80	100	expressly
5	15	6	0	1	1	112.66	302.49	42.08	8.80	100	permitted
5	15	6	0	1	2	157.88	302.49	10.30	8.80	100	by
5	15	6	0	1	3	171.34	302.49	42.84	8.80	100	applicable
5	15	6	0	1	4	217.34	302.49	14.37	8.80	100	law
5	15	6	0	1	5	234.85	302.49	15.73	8.80	100	and
5	15	6	0	1	6	253.74	302.49	35.31	8.80	100	provider
5	15	6	0	1	7	292.19	302.49	26.66	8.80	100	terms,
5	15	6	0	1	8	322.03	302.49	15.73	8.80	100	and
5	15	6	0	1	9	340.92	302.49	42.67	8.80	100	supported
5	15	6	0	1	10	386.74	302.49	10.29	8.80	100	by
5	15	6	0	1	11	400.19	302.49	13.56	8.80	100	the
5	15	6	0	1	12	416.90	302.49	26.09	8.80	100	stated
5	15	6	0	1	13	446.14	302.49	36.15	8.80	100	controls.
5	15	6	0	1	14	486.65	302.49	37.75	8.80	100	Absolute
4	15	6	0	2	0	70.866000	314.445769	150.461163	8.796976	-1	###LINE###
5	15	6	0	2	0	70.87	314.45	52.11	8.80	100	prohibitions
5	15	6	0	2	1	126.30	314.45	19.98	8.80	100	shall
5	15	6	0	2	2	149.60	314.45	14.39	8.80	100	not
5	15	6	0	2	3	167.30	314.45	29.64	8.80	100	appear
5	15	6	0	2	4	200.27	314.45	21.06	8.80	100	here.
3	15	6	1	0	0	70.488000	339.394769	74.447521	20.751976	-1	###FLOW###
4	15	6	1	0	0	70.488000	339.394769	74.447521	8.796976	-1	###LINE###
5	15	6	1	0	0	70.49	339.39	28.78	8.80	100	Action
5	15	6	1	0	1	102.59	339.39	16.05	8.80	100	and
5	15	6	1	0	2	121.96	339.39	22.97	8.80	100	exact
4	15	6	1	1	0	70.866000	351.349769	20.479121	8.796976	-1	###LINE###
5	15	6	1	1	0	70.87	351.35	20.48	8.80	100	limit
3	15	7	0	0	0	164.980000	339.394769	83.661930	20.751976	-1	###FLOW###
4	15	7	0	0	0	164.980000	339.394769	83.661930	8.796976	-1	###LINE###
5	15	7	0	0	0	164.98	339.39	26.84	8.80	100	Safety
5	15	7	0	0	1	195.14	339.39	34.12	8.80	100	controls
5	15	7	0	0	2	232.59	339.39	16.05	8.80	100	and
4	15	7	0	1	0	164.980000	351.349769	34.343075	8.796976	-1	###LINE###
5	15	7	0	1	0	164.98	351.35	34.34	8.80	100	rollback
3	15	8	0	0	0	263.514000	339.394769	71.043301	20.751976	-1	###FLOW###
4	15	8	0	0	0	263.514000	339.394769	71.043301	8.796976	-1	###LINE###
5	15	8	0	0	0	263.51	339.39	23.39	8.80	100	Legal
5	15	8	0	0	1	290.22	339.39	4.98	8.80	100	/
5	15	8	0	0	2	298.53	339.39	36.03	8.80	100	provider
4	15	8	0	1	0	263.514000	351.349769	27.979962	8.796976	-1	###LINE###
5	15	8	0	1	0	263.51	351.35	27.98	8.80	100	review
3	15	9	0	0	0	358.358000	351.349769	74.088867	8.796976	-1	###FLOW###
4	15	9	0	0	0	358.358000	351.349769	74.088867	8.796976	-1	###LINE###
5	15	9	0	0	0	358.36	351.35	19.29	8.80	100	Risk
5	15	9	0	0	1	380.97	351.35	37.64	8.80	100	accepted
5	15	9	0	0	2	421.92	351.35	10.52	8.80	100	by
3	15	10	0	0	0	447.767000	351.349769	70.731471	8.796976	-1	###FLOW###
4	15	10	0	0	0	447.767000	351.349769	70.731471	8.796976	-1	###LINE###
5	15	10	0	0	0	447.77	351.35	20.89	8.80	100	Date
5	15	10	0	0	1	471.98	351.35	16.05	8.80	100	and
5	15	10	0	0	2	491.36	351.35	27.14	8.80	100	expiry
3	15	11	0	0	0	70.866000	496.026199	439.814323	12.595964	-1	###FLOW###
4	15	11	0	0	0	70.866000	496.026199	439.814323	12.595964	-1	###LINE###
5	15	11	0	0	0	70.87	496.03	88.02	12.60	100	APPENDIX
5	15	11	0	0	1	164.26	496.03	8.07	12.60	100	7
5	15	11	0	0	2	177.71	496.03	16.14	12.60	100	—
5	15	11	0	0	3	199.23	496.03	103.16	12.60	100	OBJECTIVES
5	15	11	0	0	4	307.77	496.03	37.18	12.60	100	AND
5	15	11	0	0	5	350.33	496.03	73.21	12.60	100	SUCCESS
5	15	11	0	0	6	428.92	496.03	81.76	12.60	100	CRITERIA
3	15	12	0	0	0	70.866000	549.175769	56.039625	8.796976	-1	###FLOW###
4	15	12	0	0	0	70.866000	549.175769	56.039625	8.796976	-1	###LINE###
5	15	12	0	0	0	70.87	549.18	41.51	8.80	100	Objective
5	15	12	0	0	1	115.70	549.18	11.21	8.80	100	ID
3	15	13	0	0	0	140.971000	549.175769	41.514154	8.796976	-1	###FLOW###
4	15	13	0	0	0	140.971000	549.175769	41.514154	8.796976	-1	###LINE###
5	15	13	0	0	0	140.97	549.18	41.51	8.80	100	Objective
3	15	14	0	0	0	202.674000	537.220769	32.216060	20.751976	-1	###FLOW###
4	15	14	0	0	0	202.674000	537.220769	32.216060	8.796976	-1	###LINE###
5	15	14	0	0	0	202.67	537.22	32.22	8.80	100	Success
4	15	14	0	1	0	202.674000	549.175769	31.052428	8.796976	-1	###LINE###
5	15	14	0	1	0	202.67	549.18	31.05	8.80	100	criteria
3	15	15	0	0	0	268.467000	537.220769	39.161984	20.751976	-1	###FLOW###
4	15	15	0	0	0	268.467000	537.220769	39.161984	8.796976	-1	###LINE###
5	15	15	0	0	0	268.47	537.22	39.16	8.80	100	Evidence
4	15	15	0	1	0	268.467000	549.175769	35.757764	8.796976	-1	###LINE###
5	15	15	0	1	0	268.47	549.18	35.76	8.80	100	required
3	15	16	0	0	0	334.831000	537.220769	31.326399	20.751976	-1	###FLOW###
4	15	16	0	0	0	334.831000	537.220769	31.326399	8.796976	-1	###LINE###
5	15	16	0	0	0	334.83	537.22	31.33	8.80	100	Marker
4	15	16	0	1	0	334.831000	549.175769	27.676103	8.796976	-1	###LINE###
5	15	16	0	1	0	334.83	549.18	27.68	8.80	100	placed
3	15	17	0	0	0	70.866000	580.469769	21.032045	8.796976	-1	###FLOW###
4	15	17	0	0	0	70.866000	580.469769	21.032045	8.796976	-1	###LINE###
5	15	17	0	0	0	70.87	580.47	21.03	8.80	100	O-01
3	15	18	0	0	0	334.831000	580.439881	7.748910	10.381029	-1	###FLOW###
4	15	18	0	0	0	334.831000	580.439881	7.748910	10.381029	-1	###LINE###
5	15	18	0	0	0	334.83	580.44	7.75	10.38	100	□
3	15	19	0	0	0	70.866000	606.762769	21.032045	8.796976	-1	###FLOW###
4	15	19	0	0	0	70.866000	606.762769	21.032045	8.796976	-1	###LINE###
5	15	19	0	0	0	70.87	606.76	21.03	8.80	100	O-02
3	15	20	0	0	0	334.826083	606.732881	7.748910	10.381029	-1	###FLOW###
4	15	20	0	0	0	334.826083	606.732881	7.748910	10.381029	-1	###LINE###
5	15	20	0	0	0	334.83	606.73	7.75	10.38	100	□
3	15	21	0	0	0	70.866000	633.056769	21.032045	8.796976	-1	###FLOW###
4	15	21	0	0	0	70.866000	633.056769	21.032045	8.796976	-1	###LINE###
5	15	21	0	0	0	70.87	633.06	21.03	8.80	100	O-03
3	15	22	0	0	0	334.831000	633.026881	7.748910	10.381029	-1	###FLOW###
4	15	22	0	0	0	334.831000	633.026881	7.748910	10.381029	-1	###LINE###
5	15	22	0	0	0	334.83	633.03	7.75	10.38	100	□
3	15	23	0	0	0	70.866000	693.852199	273.473003	12.595964	-1	###FLOW###
4	15	23	0	0	0	70.866000	693.852199	273.473003	12.595964	-1	###LINE###
5	15	23	0	0	0	70.87	693.85	88.02	12.60	100	APPENDIX
5	15	23	0	0	1	164.26	693.85	8.07	12.60	100	8
5	15	23	0	0	2	177.71	693.85	16.14	12.60	100	—
5	15	23	0	0	3	199.23	693.85	68.54	12.60	100	THREAT
5	15	23	0	0	4	273.15	693.85	71.19	12.60	100	PROFILE
3	15	23	1	0	0	70.488000	718.620769	228.255121	8.796976	-1	###FLOW###
4	15	23	1	0	0	70.488000	718.620769	228.255121	8.796976	-1	###LINE###
5	15	23	1	0	0	70.49	718.62	29.61	8.80	100	Attach
5	15	23	1	0	1	103.42	718.62	13.84	8.80	100	the
5	15	23	1	0	2	120.58	718.62	44.28	8.80	100	completed
5	15	23	1	0	3	168.18	718.62	14.42	8.80	100	pro
5	15	23	1	0	4	185.91	718.62	25.21	8.80	100	forma
5	15	23	1	0	5	214.44	718.62	19.93	8.80	100	T03,
5	15	23	1	0	6	237.70	718.62	8.88	8.80	100	or
5	15	23	1	0	7	249.90	718.62	48.85	8.80	100	summarise:
3	15	24	0	0	0	70.866000	758.015769	44.110408	8.796976	-1	###FLOW###
4	15	24	0	0	0	70.866000	758.015769	44.110408	8.796976	-1	###LINE###
5	15	24	0	0	0	70.87	758.02	44.11	8.80	100	Adversary
3	15	25	0	0	0	260.882000	794.933960	73.512217	7.133239	-1	###FLOW###
4	15	25	0	0	0	260.882000	794.933960	73.512217	7.133239	-1	###LINE###
5	15	25	0	0	0	260.88	794.93	73.51	7.13	100	UNCLASSIFIED
3	15	25	1	0	0	287.710000	810.521052	19.854409	6.157865	-1	###FLOW###
4	15	25	1	0	0	287.710000	810.521052	19.854409	6.157865	-1	###LINE###
5	15	25	1	0	0	287.71	810.52	19.85	6.16	100	15/16
3	15	26	0	0	0	402.704000	525.264769	52.533741	32.707976	-1	###FLOW###
4	15	26	0	0	0	403.869000	525.264769	38.055139	8.796976	-1	###LINE###
5	15	26	0	0	0	403.87	525.26	38.06	8.80	100	Location
4	15	26	0	1	0	402.704000	537.220769	37.438455	8.796976	-1	###LINE###
5	15	26	0	1	0	402.70	537.22	37.44	8.80	100	(Trusted
4	15	26	0	2	0	403.491000	549.175769	51.746741	8.796976	-1	###LINE###
5	15	26	0	2	0	403.49	549.18	26.01	8.80	100	Agent
5	15	26	0	2	1	432.82	549.18	22.42	8.80	100	only)
3	15	27	0	0	0	476.496000	549.175769	28.395403	8.796976	-1	###FLOW###
4	15	27	0	0	0	476.496000	549.175769	28.395403	8.796976	-1	###LINE###
5	15	27	0	0	0	476.50	549.18	28.40	8.80	100	Period
1	16	0	0	0	0	476.496000	549.175769	595.276000	841.890000	-1	###PAGE###
3	16	0	0	0	0	260.882000	40.770960	73.512217	7.133240	-1	###FLOW###
4	16	0	0	0	0	260.882000	40.770960	73.512217	7.133240	-1	###LINE###
5	16	0	0	0	0	260.88	40.77	73.51	7.13	100	UNCLASSIFIED
3	16	1	0	0	0	70.866000	99.867769	47.596322	8.796976	-1	###FLOW###
4	16	1	0	0	0	70.866000	99.867769	47.596322	8.796976	-1	###LINE###
5	16	1	0	0	0	70.87	99.87	47.60	8.80	100	Motivation
3	16	1	1	0	0	70.866000	126.160769	68.083412	8.796976	-1	###FLOW###
4	16	1	1	0	0	70.866000	126.160769	68.083412	8.796976	-1	###LINE###
5	16	1	1	0	0	70.87	126.16	45.38	8.80	100	Capability
5	16	1	1	0	1	119.57	126.16	19.38	8.80	100	level
3	16	1	2	0	0	70.866000	152.454769	132.478670	8.796976	-1	###FLOW###
4	16	1	2	0	0	70.866000	152.454769	132.478670	8.796976	-1	###LINE###
5	16	1	2	0	0	70.87	152.45	26.29	8.80	100	Initial
5	16	1	2	0	1	100.47	152.45	26.13	8.80	100	access
5	16	1	2	0	2	129.92	152.45	30.52	8.80	100	vectors
5	16	1	2	0	3	163.77	152.45	39.57	8.80	100	emulated
3	16	1	3	0	0	70.866000	178.747769	88.225797	8.796976	-1	###FLOW###
4	16	1	3	0	0	70.866000	178.747769	88.225797	8.796976	-1	###LINE###
5	16	1	3	0	0	70.87	178.75	39.47	8.80	100	Principal
5	16	1	3	0	1	113.65	178.75	45.44	8.80	100	techniques
3	16	1	4	0	0	70.866000	205.041769	172.300178	8.796976	-1	###FLOW###
4	16	1	4	0	0	70.866000	205.041769	172.300178	8.796976	-1	###LINE###
5	16	1	4	0	0	70.87	205.04	47.94	8.80	100	Techniques
5	16	1	4	0	1	122.12	205.04	14.39	8.80	100	not
5	16	1	4	0	2	139.83	205.04	42.34	8.80	100	emulated,
5	16	1	4	0	3	185.49	205.04	16.05	8.80	100	and
5	16	1	4	0	4	204.87	205.04	13.84	8.80	100	the
5	16	1	4	0	5	222.02	205.04	21.14	8.80	100	basis
3	16	2	0	0	0	70.866000	265.836199	313.539070	12.595964	-1	###FLOW###
4	16	2	0	0	0	70.866000	265.836199	313.539070	12.595964	-1	###LINE###
5	16	2	0	0	0	70.87	265.84	88.02	12.60	100	APPENDIX
5	16	2	0	0	1	164.26	265.84	8.07	12.60	100	9
5	16	2	0	0	2	177.71	265.84	16.14	12.60	100	—
5	16	2	0	0	3	199.23	265.84	70.82	12.60	100	RECORD
5	16	2	0	0	4	275.43	265.84	22.27	12.60	100	OF
5	16	2	0	0	5	303.08	265.84	81.33	12.60	100	CHANGES
3	16	3	0	0	0	70.866000	342.896769	8.301835	8.796976	-1	###FLOW###
4	16	3	0	0	0	70.866000	342.896769	8.301835	8.796976	-1	###LINE###
5	16	3	0	0	0	70.87	342.90	8.30	8.80	100	#
3	16	4	0	0	0	131.101000	330.940769	51.751722	20.752976	-1	###FLOW###
4	16	4	0	0	0	132.267000	330.940769	44.751999	8.796976	-1	###LINE###
5	16	4	0	0	0	132.27	330.94	44.75	8.80	100	Requested
4	16	4	0	1	0	131.101000	342.896769	51.751722	8.796976	-1	###LINE###
5	16	4	0	1	0	131.10	342.90	29.61	8.80	100	(UTC)
5	16	4	0	1	1	164.03	342.90	4.98	8.80	100	/
5	16	4	0	1	2	172.34	342.90	10.51	8.80	100	by
3	16	5	0	0	0	196.912000	295.075769	52.025693	56.617976	-1	###FLOW###
4	16	5	0	0	0	196.912000	295.075769	52.025693	8.796976	-1	###LINE###
5	16	5	0	0	0	196.91	295.08	32.66	8.80	100	Change
5	16	5	0	0	1	232.89	295.08	16.05	8.80	100	and
4	16	5	0	1	0	196.912000	307.030769	40.988129	8.796976	-1	###LINE###
5	16	5	0	1	0	196.91	307.03	40.99	8.80	100	direction:
4	16	5	0	2	0	196.912000	318.985769	39.407064	8.796976	-1	###LINE###
5	16	5	0	2	0	196.91	318.99	31.11	8.80	100	restrict
5	16	5	0	2	1	231.34	318.99	4.98	8.80	100	/
4	16	5	0	3	0	196.912000	330.940769	39.572443	8.796976	-1	###LINE###
5	16	5	0	3	0	196.91	330.94	31.27	8.80	100	expand
5	16	5	0	3	1	231.50	330.94	4.98	8.80	100	/
4	16	5	0	4	0	196.912000	342.896769	27.150078	8.796976	-1	###LINE###
5	16	5	0	4	0	196.91	342.90	27.15	8.80	100	clarify
3	16	6	0	0	0	269.306000	318.985769	52.856574	32.707976	-1	###FLOW###
4	16	6	0	0	0	269.306000	318.985769	44.609534	8.796976	-1	###LINE###
5	16	6	0	0	0	269.31	318.99	25.43	8.80	100	Basis,
5	16	6	0	0	1	298.06	318.99	15.86	8.80	100	risk
4	16	6	0	1	0	269.306000	330.940769	52.856574	8.796976	-1	###LINE###
5	16	6	0	1	0	269.31	330.94	16.05	8.80	100	and
5	16	6	0	1	1	288.68	330.94	33.49	8.80	100	affected
4	16	6	0	2	0	269.306000	342.896769	41.543046	8.796976	-1	###LINE###
5	16	6	0	2	0	269.31	342.90	41.54	8.80	100	boundary
3	16	7	0	0	0	70.866000	374.190769	4.981300	8.796976	-1	###FLOW###
4	16	7	0	0	0	70.866000	374.190769	4.981300	8.796976	-1	###LINE###
5	16	7	0	0	0	70.87	374.19	4.98	8.80	100	1
3	16	7	1	0	0	70.866000	400.483769	4.981300	8.796976	-1	###FLOW###
4	16	7	1	0	0	70.866000	400.483769	4.981300	8.796976	-1	###LINE###
5	16	7	1	0	0	70.87	400.48	4.98	8.80	100	2
3	16	7	2	0	0	70.866000	426.777769	4.981300	8.796976	-1	###FLOW###
4	16	7	2	0	0	70.866000	426.777769	4.981300	8.796976	-1	###LINE###
5	16	7	2	0	0	70.87	426.78	4.98	8.80	100	3
3	16	7	3	0	0	70.866000	453.070769	4.981300	8.796976	-1	###FLOW###
4	16	7	3	0	0	70.866000	453.070769	4.981300	8.796976	-1	###LINE###
5	16	7	3	0	0	70.87	453.07	4.98	8.80	100	4
3	16	7	4	0	0	70.866000	479.363769	4.981300	8.796976	-1	###FLOW###
4	16	7	4	0	0	70.866000	479.363769	4.981300	8.796976	-1	###LINE###
5	16	7	4	0	0	70.87	479.36	4.98	8.80	100	5
3	16	7	5	0	0	70.866000	505.657769	4.981300	8.796976	-1	###FLOW###
4	16	7	5	0	0	70.866000	505.657769	4.981300	8.796976	-1	###LINE###
5	16	7	5	0	0	70.87	505.66	4.98	8.80	100	6
3	16	7	6	0	0	70.866000	531.950769	4.981300	8.796976	-1	###FLOW###
4	16	7	6	0	0	70.866000	531.950769	4.981300	8.796976	-1	###LINE###
5	16	7	6	0	0	70.87	531.95	4.98	8.80	100	7
3	16	7	7	0	0	70.866000	558.244769	4.981300	8.796976	-1	###FLOW###
4	16	7	7	0	0	70.866000	558.244769	4.981300	8.796976	-1	###LINE###
5	16	7	7	0	0	70.87	558.24	4.98	8.80	100	8
3	16	8	0	0	0	260.882000	794.933960	73.512217	7.133239	-1	###FLOW###
4	16	8	0	0	0	260.882000	794.933960	73.512217	7.133239	-1	###LINE###
5	16	8	0	0	0	260.88	794.93	73.51	7.13	100	UNCLASSIFIED
3	16	8	1	0	0	287.710000	810.521052	19.854409	6.157865	-1	###FLOW###
4	16	8	1	0	0	287.710000	810.521052	19.854409	6.157865	-1	###LINE###
5	16	8	1	0	0	287.71	810.52	19.85	6.16	100	16/16
3	16	9	0	0	0	337.540000	295.075769	46.578144	56.617976	-1	###FLOW###
4	16	9	0	0	0	337.540000	295.075769	39.188883	8.796976	-1	###LINE###
5	16	9	0	0	0	337.54	295.08	39.19	8.80	100	Required
4	16	9	0	1	0	337.540000	307.030769	46.578144	8.796976	-1	###LINE###
5	16	9	0	1	0	337.54	307.03	46.58	8.80	100	authorities
4	16	9	0	2	0	337.540000	318.985769	16.051741	8.796976	-1	###LINE###
5	16	9	0	2	0	337.54	318.99	16.05	8.80	100	and
4	16	9	0	3	0	337.540000	330.940769	46.358967	8.796976	-1	###LINE###
5	16	9	0	3	0	337.54	330.94	46.36	8.80	100	permission
4	16	9	0	4	0	337.540000	342.896769	15.305542	8.796976	-1	###LINE###
5	16	9	0	4	0	337.54	342.90	15.31	8.80	100	refs
3	16	10	0	0	0	406.479000	330.940769	38.664230	20.752976	-1	###FLOW###
4	16	10	0	0	0	407.645000	330.940769	37.498230	8.796976	-1	###LINE###
5	16	10	0	0	0	407.65	330.94	37.50	8.80	100	Effective
4	16	10	0	1	0	406.479000	342.896769	29.610840	8.796976	-1	###LINE###
5	16	10	0	1	0	406.48	342.90	29.61	8.80	100	(UTC)
3	16	11	0	0	0	469.674000	318.985769	44.728461	32.707976	-1	###FLOW###
4	16	11	0	0	0	470.839000	318.985769	43.563461	8.796976	-1	###LINE###
5	16	11	0	0	0	470.84	318.99	43.56	8.80	100	Operators
4	16	11	0	1	0	470.839000	330.940769	29.641724	8.796976	-1	###LINE###
5	16	11	0	1	0	470.84	330.94	29.64	8.80	100	briefed
4	16	11	0	2	0	469.674000	342.896769	29.610840	8.796976	-1	###LINE###
5	16	11	0	2	0	469.67	342.90	29.61	8.80	100	(UTC)
