level	page_num	par_num	block_num	line_num	word_num	left	top	width	height	conf	text
1	1	0	0	0	0	0.000000	0.000000	595.276000	841.890000	-1	###PAGE###
3	1	0	0	0	0	260.882000	40.770960	73.512217	7.133240	-1	###FLOW###
4	1	0	0	0	0	260.882000	40.770960	73.512217	7.133240	-1	###LINE###
5	1	0	0	0	0	260.88	40.77	73.51	7.13	100	UNCLASSIFIED
3	1	1	0	0	0	70.866000	75.001199	273.580599	12.595964	-1	###FLOW###
4	1	1	0	0	0	70.866000	75.001199	273.580599	12.595964	-1	###LINE###
5	1	1	0	0	0	70.87	75.00	27.36	12.60	100	T08
5	1	1	0	0	1	103.61	75.00	16.14	12.60	100	—
5	1	1	0	0	2	125.13	75.00	28.37	12.60	100	Red
5	1	1	0	0	3	158.88	75.00	38.54	12.60	100	Team
5	1	1	0	0	4	202.79	75.00	86.52	12.60	100	Engagement
5	1	1	0	0	5	294.69	75.00	49.75	12.60	100	Report
3	1	1	1	0	0	70.866000	100.449643	154.767237	10.496666	-1	###FLOW###
4	1	1	1	0	0	70.866000	100.449643	154.767237	10.496666	-1	###LINE###
5	1	1	1	0	0	70.87	100.45	104.29	10.50	100	[ENGAGEMENT
5	1	1	1	0	1	179.64	100.45	45.99	10.50	100	NAME]
3	1	1	2	0	0	70.866000	120.053143	150.466144	8.896602	-1	###FLOW###
4	1	1	2	0	0	70.866000	120.053143	150.466144	8.896602	-1	###LINE###
5	1	1	2	0	0	70.87	120.05	51.64	8.90	100	[TARGET
5	1	1	2	0	1	126.32	120.05	95.01	8.90	100	ORGANISATION]
3	1	1	3	0	0	70.866000	149.607769	22.002402	8.796976	-1	###FLOW###
4	1	1	3	0	0	70.866000	149.607769	22.002402	8.796976	-1	###LINE###
5	1	1	3	0	0	70.87	149.61	22.00	8.80	100	Field
3	1	2	0	0	0	329.468000	149.607769	24.357561	8.796976	-1	###FLOW###
4	1	2	0	0	0	329.468000	149.607769	24.357561	8.796976	-1	###LINE###
5	1	2	0	0	0	329.47	149.61	24.36	8.80	100	Value
3	1	3	0	0	0	70.866000	180.901769	95.392891	8.796976	-1	###FLOW###
4	1	3	0	0	0	70.866000	180.901769	95.392891	8.796976	-1	###LINE###
5	1	3	0	0	0	70.87	180.90	53.55	8.80	100	Engagement
5	1	3	0	0	1	127.73	180.90	38.53	8.80	100	reference
3	1	4	0	0	0	329.847000	180.901769	83.716724	8.796976	-1	###FLOW###
4	1	4	0	0	0	329.847000	180.901769	83.716724	8.796976	-1	###LINE###
5	1	4	0	0	0	329.85	180.90	83.72	8.80	100	RT-[YYYY]-[NNN]
3	1	5	0	0	0	70.866000	207.195769	48.983115	8.796976	-1	###FLOW###
4	1	5	0	0	0	70.866000	207.195769	48.983115	8.796976	-1	###LINE###
5	1	5	0	0	0	70.87	207.20	22.42	8.80	100	Code
5	1	5	0	0	1	96.60	207.20	23.25	8.80	100	name
3	1	5	1	0	0	70.866000	233.488769	57.675484	8.796976	-1	###FLOW###
4	1	5	1	0	0	70.866000	233.488769	57.675484	8.796976	-1	###LINE###
5	1	5	1	0	0	70.87	233.49	57.68	8.80	100	Classification
3	1	5	2	0	0	70.866000	259.781769	64.176080	8.796976	-1	###FLOW###
4	1	5	2	0	0	70.866000	259.781769	64.176080	8.796976	-1	###LINE###
5	1	5	2	0	0	70.87	259.78	30.33	8.80	100	Report
5	1	5	2	0	1	104.52	259.78	30.52	8.80	100	version
3	1	5	3	0	0	70.866000	286.075769	79.837288	8.796976	-1	###FLOW###
4	1	5	3	0	0	70.866000	286.075769	79.837288	8.796976	-1	###LINE###
5	1	5	3	0	0	70.87	286.08	43.59	8.80	100	Execution
5	1	5	3	0	1	117.77	286.08	32.93	8.80	100	window
3	1	5	4	0	0	70.866000	312.368769	52.471022	8.796976	-1	###FLOW###
4	1	5	4	0	0	70.866000	312.368769	52.471022	8.796976	-1	###LINE###
5	1	5	4	0	0	70.87	312.37	30.33	8.80	100	Report
5	1	5	4	0	1	104.52	312.37	18.82	8.80	100	date
3	1	5	5	0	0	70.866000	338.662769	53.325813	8.796976	-1	###FLOW###
4	1	5	5	0	0	70.866000	338.662769	53.325813	8.796976	-1	###LINE###
5	1	5	5	0	0	70.87	338.66	39.49	8.80	100	Prepared
5	1	5	5	0	1	113.68	338.66	10.51	8.80	100	by
3	1	5	6	0	0	70.866000	364.955769	146.986208	8.796976	-1	###FLOW###
4	1	5	6	0	0	70.866000	364.955769	146.986208	8.796976	-1	###LINE###
5	1	5	6	0	0	70.87	364.96	15.22	8.80	100	QA
5	1	5	6	0	1	89.40	364.96	37.66	8.80	100	reviewed
5	1	5	6	0	2	130.40	364.96	10.51	8.80	100	by
5	1	5	6	0	3	144.23	364.96	17.31	8.80	100	(did
5	1	5	6	0	4	165.11	364.96	14.00	8.80	100	not
5	1	5	6	0	5	182.68	364.96	35.17	8.80	100	execute)
3	1	5	7	0	0	70.866000	391.248769	53.081729	8.796976	-1	###FLOW###
4	1	5	7	0	0	70.866000	391.248769	53.081729	8.796976	-1	###LINE###
5	1	5	7	0	0	70.87	391.25	53.08	8.80	100	Distribution
3	1	6	0	0	0	329.847000	391.248769	175.922580	8.796976	-1	###FLOW###
4	1	6	0	0	0	329.847000	391.248769	175.922580	8.796976	-1	###LINE###
5	1	6	0	0	0	329.85	391.25	32.08	8.80	100	(named
5	1	6	0	0	1	365.49	391.25	46.59	8.80	100	individuals
5	1	6	0	0	2	415.64	391.25	9.29	8.80	100	or
5	1	6	0	0	3	428.50	391.25	28.01	8.80	100	named
5	1	6	0	0	4	460.08	391.25	19.99	8.80	100	roles
5	1	6	0	0	5	483.62	391.25	22.15	8.80	100	only)
3	1	7	0	0	0	70.866000	427.925143	455.208897	32.807602	-1	###FLOW###
4	1	7	0	0	0	70.866000	427.925143	455.208897	8.896602	-1	###LINE###
5	1	7	0	0	0	70.87	427.93	49.89	8.90	100	Handling:
5	1	7	0	0	1	125.60	428.02	19.82	8.80	100	This
5	1	7	0	0	2	148.95	428.02	27.43	8.80	100	report
5	1	7	0	0	3	179.92	428.02	36.47	8.80	100	contains
5	1	7	0	0	4	219.93	428.02	51.69	8.80	100	information
5	1	7	0	0	5	275.14	428.02	25.68	8.80	100	about
5	1	7	0	0	6	304.35	428.02	48.73	8.80	100	weaknesses
5	1	7	0	0	7	356.61	428.02	8.47	8.80	100	in
5	1	7	0	0	8	368.62	428.02	91.59	8.80	100	[ORGANISATION]’s
5	1	7	0	0	9	463.74	428.02	39.30	8.80	100	defences.
5	1	7	0	0	10	508.09	428.02	17.98	8.80	100	Dis-
4	1	7	0	1	0	70.866000	439.979769	453.548190	8.796976	-1	###LINE###
5	1	7	0	1	0	70.87	439.98	30.52	8.80	100	tribute
5	1	7	0	1	1	105.50	439.98	18.91	8.80	100	only
5	1	7	0	1	2	128.54	439.98	9.03	8.80	100	to
5	1	7	0	1	3	141.68	439.98	23.20	8.80	100	those
5	1	7	0	1	4	169.02	439.98	29.36	8.80	100	named
5	1	7	0	1	5	202.49	439.98	28.24	8.80	100	above.
5	1	7	0	1	6	237.55	439.98	12.84	8.80	100	Do
5	1	7	0	1	7	254.51	439.98	14.68	8.80	100	not
5	1	7	0	1	8	273.32	439.98	36.75	8.80	100	forward.
5	1	7	0	1	9	316.90	439.98	23.18	8.80	100	Store
5	1	7	0	1	10	344.19	439.98	8.47	8.80	100	in
5	1	7	0	1	11	356.78	439.98	48.58	8.80	100	accordance
5	1	7	0	1	12	409.48	439.98	19.76	8.80	100	with
5	1	7	0	1	13	433.36	439.98	91.05	8.80	100	[CLASSIFICATION]
4	1	7	0	2	0	70.866000	451.935769	64.287662	8.796976	-1	###LINE###
5	1	7	0	2	0	70.87	451.94	37.64	8.80	100	handling
5	1	7	0	2	1	111.82	451.94	23.33	8.80	100	rules.
3	1	8	0	0	0	70.866000	499.865199	159.102227	12.595964	-1	###FLOW###
4	1	8	0	0	0	70.866000	499.865199	159.102227	12.595964	-1	###LINE###
5	1	8	0	0	0	70.87	499.87	12.55	12.60	100	1.
5	1	8	0	0	1	90.59	499.87	68.81	12.60	100	Executive
5	1	8	0	0	2	164.78	499.87	65.19	12.60	100	summary
3	1	8	1	0	0	95.773000	524.634769	403.733429	20.751976	-1	###FLOW###
4	1	8	1	0	0	95.773000	524.634769	403.733429	8.796976	-1	###LINE###
5	1	8	1	0	0	95.77	524.63	44.89	8.80	100	Maximum
5	1	8	1	0	1	144.88	524.63	5.08	8.80	100	2
5	1	8	1	0	2	154.19	524.63	27.16	8.80	100	pages.
5	1	8	1	0	3	188.48	524.63	49.12	8.80	100	Standalone
5	1	8	1	0	4	241.81	524.63	10.16	8.80	100	—
5	1	8	1	0	5	256.20	524.63	5.08	8.80	100	a
5	1	8	1	0	6	265.51	524.63	27.72	8.80	100	reader
5	1	8	1	0	7	297.45	524.63	18.07	8.80	100	who
5	1	8	1	0	8	319.74	524.63	23.23	8.80	100	reads
5	1	8	1	0	9	347.19	524.63	33.87	8.80	100	nothing
5	1	8	1	0	10	385.30	524.63	15.87	8.80	100	else
5	1	8	1	0	11	405.38	524.63	21.80	8.80	100	must
5	1	8	1	0	12	431.40	524.63	49.77	8.80	100	understand
5	1	8	1	0	13	485.39	524.63	14.11	8.80	100	the
4	1	8	1	1	0	95.773000	536.490143	266.865177	8.896602	-1	###LINE###
5	1	8	1	1	0	95.77	536.59	39.30	8.80	100	outcome.
5	1	8	1	1	1	139.49	536.49	14.69	8.90	100	No
5	1	8	1	1	2	158.02	536.49	34.79	8.90	100	jargon,
5	1	8	1	1	3	196.62	536.49	12.09	8.90	100	no
5	1	8	1	1	4	212.53	536.49	48.06	8.90	100	technique
5	1	8	1	1	5	264.42	536.49	20.83	8.90	100	IDs,
5	1	8	1	1	6	289.06	536.49	12.09	8.90	100	no
5	1	8	1	1	7	304.97	536.49	19.41	8.90	100	tool
5	1	8	1	1	8	328.20	536.49	34.43	8.90	100	names.
3	1	9	0	0	0	70.866000	563.164643	335.902863	10.496666	-1	###FLOW###
4	1	9	0	0	0	70.866000	563.164643	335.902863	10.496666	-1	###LINE###
5	1	9	0	0	0	70.87	563.16	17.19	10.50	100	1.1
5	1	9	0	0	1	92.53	563.16	22.96	10.50	100	The
5	1	9	0	0	2	119.98	563.16	49.17	10.50	100	question
5	1	9	0	0	3	173.64	563.16	18.84	10.50	100	the
5	1	9	0	0	4	196.96	563.16	69.41	10.50	100	engagement
5	1	9	0	0	5	270.85	563.16	21.19	10.50	100	was
5	1	9	0	0	6	296.52	563.16	49.04	10.50	100	required
5	1	9	0	0	7	350.04	563.16	11.96	10.50	100	to
5	1	9	0	0	8	366.48	563.16	40.29	10.50	100	answer
3	1	9	1	0	0	70.866000	594.223769	74.747395	8.796976	-1	###FLOW###
4	1	9	1	0	0	70.866000	594.223769	74.747395	8.796976	-1	###LINE###
5	1	9	1	0	0	70.87	594.22	40.38	8.80	100	Response
5	1	9	1	0	1	114.56	594.22	4.98	8.80	100	/
5	1	9	1	0	2	122.86	594.22	22.75	8.80	100	notes
3	1	10	0	0	0	70.866000	741.853643	133.607729	10.496666	-1	###FLOW###
4	1	10	0	0	0	70.866000	741.853643	133.607729	10.496666	-1	###LINE###
5	1	10	0	0	0	70.87	741.85	17.19	10.50	100	1.2
5	1	10	0	0	1	92.53	741.85	47.52	10.50	100	Activity
5	1	10	0	0	2	144.54	741.85	59.94	10.50	100	conducted
3	1	10	1	0	0	69.298000	761.555769	444.534201	8.796976	-1	###FLOW###
4	1	10	1	0	0	69.298000	761.555769	444.534201	8.796976	-1	###LINE###
5	1	10	1	0	0	69.30	761.56	18.84	8.80	100	Two
5	1	10	1	0	1	91.71	761.56	9.29	8.80	100	or
5	1	10	1	0	2	104.56	761.56	20.75	8.80	100	three
5	1	10	1	0	3	128.87	761.56	43.54	8.80	100	sentences:
5	1	10	1	0	4	176.99	761.56	24.44	8.80	100	which
5	1	10	1	0	5	205.00	761.56	41.75	8.80	100	adversary
5	1	10	1	0	6	250.32	761.56	15.79	8.80	100	was
5	1	10	1	0	7	269.67	761.56	41.25	8.80	100	emulated,
5	1	10	1	0	8	314.48	761.56	19.98	8.80	100	from
5	1	10	1	0	9	338.03	761.56	20.11	8.80	100	what
5	1	10	1	0	10	361.71	761.56	33.23	8.80	100	starting
5	1	10	1	0	11	398.50	761.56	36.92	8.80	100	position,
5	1	10	1	0	12	438.97	761.56	18.46	8.80	100	over
5	1	10	1	0	13	461.00	761.56	20.11	8.80	100	what
5	1	10	1	0	14	484.68	761.56	29.15	8.80	100	period.
3	1	10	2	0	0	260.882000	794.933960	73.512217	7.133239	-1	###FLOW###
4	1	10	2	0	0	260.882000	794.933960	73.512217	7.133239	-1	###LINE###
5	1	10	2	0	0	260.88	794.93	73.51	7.13	100	UNCLASSIFIED
3	1	10	3	0	0	289.696000	810.521052	15.883527	6.157865	-1	###FLOW###
4	1	10	3	0	0	289.696000	810.521052	15.883527	6.157865	-1	###LINE###
5	1	10	3	0	0	289.70	810.52	15.88	6.16	100	1/18
1	2	0	0	0	0	289.696000	810.521052	595.276000	841.890000	-1	###PAGE###
3	2	0	0	0	0	260.882000	40.770960	73.512217	7.133240	-1	###FLOW###
4	2	0	0	0	0	260.882000	40.770960	73.512217	7.133240	-1	###LINE###
5	2	0	0	0	0	260.88	40.77	73.51	7.13	100	UNCLASSIFIED
3	2	1	0	0	0	70.866000	82.996769	74.747395	8.796976	-1	###FLOW###
4	2	1	0	0	0	70.866000	82.996769	74.747395	8.796976	-1	###LINE###
5	2	1	0	0	0	70.87	83.00	40.38	8.80	100	Response
5	2	1	0	0	1	114.56	83.00	4.98	8.80	100	/
5	2	1	0	0	2	122.86	83.00	22.75	8.80	100	notes
3	2	2	0	0	0	70.866000	230.626643	115.826760	10.496666	-1	###FLOW###
4	2	2	0	0	0	70.866000	230.626643	115.826760	10.496666	-1	###LINE###
5	2	2	0	0	0	70.87	230.63	17.19	10.50	100	1.3
5	2	2	0	0	1	92.53	230.63	33.13	10.50	100	What
5	2	2	0	0	2	130.15	230.63	56.54	10.50	100	happened
3	2	2	1	0	0	70.866000	261.684769	56.039625	8.796976	-1	###FLOW###
4	2	2	1	0	0	70.866000	261.684769	56.039625	8.796976	-1	###LINE###
5	2	2	1	0	0	70.87	261.68	41.51	8.80	100	Objective
5	2	2	1	0	1	115.70	261.68	11.21	8.80	100	ID
3	2	3	0	0	0	204.147000	261.684769	41.514154	8.796976	-1	###FLOW###
4	2	3	0	0	0	204.147000	261.684769	41.514154	8.796976	-1	###LINE###
5	2	3	0	0	0	204.15	261.68	41.51	8.80	100	Objective
3	2	4	0	0	0	319.944000	261.684769	39.298472	8.796976	-1	###FLOW###
4	2	4	0	0	0	319.944000	261.684769	39.298472	8.796976	-1	###LINE###
5	2	4	0	0	0	319.94	261.68	39.30	8.80	100	Outcome
3	2	5	0	0	0	70.866000	292.978769	21.032045	8.796976	-1	###FLOW###
4	2	5	0	0	0	70.866000	292.978769	21.032045	8.796976	-1	###LINE###
5	2	5	0	0	0	70.87	292.98	21.03	8.80	100	O-01
3	2	6	0	0	0	319.944000	292.879143	167.571928	10.450767	-1	###FLOW###
4	2	6	0	0	0	319.944000	292.879143	167.571928	10.450767	-1	###LINE###
5	2	6	0	0	0	319.94	292.95	7.75	10.38	100	□
5	2	6	0	0	1	331.01	292.98	39.03	8.80	100	Achieved
5	2	6	0	0	2	373.35	292.95	7.75	10.38	100	□
5	2	6	0	0	3	384.42	292.98	37.80	8.80	100	Partially
5	2	6	0	0	4	425.55	292.95	7.75	10.38	100	□
5	2	6	0	0	5	436.62	292.88	50.90	8.90	100	Prevented
3	2	7	0	0	0	70.866000	319.272769	21.032045	8.796976	-1	###FLOW###
4	2	7	0	0	0	70.866000	319.272769	21.032045	8.796976	-1	###LINE###
5	2	7	0	0	0	70.87	319.27	21.03	8.80	100	O-02
3	2	8	0	0	0	319.941959	319.173143	167.571928	10.450767	-1	###FLOW###
4	2	8	0	0	0	319.941959	319.173143	167.571928	10.450767	-1	###LINE###
5	2	8	0	0	0	319.94	319.24	7.75	10.38	100	□
5	2	8	0	0	1	331.02	319.27	39.02	8.80	100	Achieved
5	2	8	0	0	2	373.35	319.24	7.75	10.38	100	□
5	2	8	0	0	3	384.43	319.27	37.80	8.80	100	Partially
5	2	8	0	0	4	425.55	319.24	7.75	10.38	100	□
5	2	8	0	0	5	436.61	319.17	50.90	8.90	100	Prevented
3	2	9	0	0	0	70.866000	345.565769	21.032045	8.796976	-1	###FLOW###
4	2	9	0	0	0	70.866000	345.565769	21.032045	8.796976	-1	###LINE###
5	2	9	0	0	0	70.87	345.57	21.03	8.80	100	O-03
3	2	10	0	0	0	319.944000	345.466143	167.571928	10.450767	-1	###FLOW###
4	2	10	0	0	0	319.944000	345.466143	167.571928	10.450767	-1	###LINE###
5	2	10	0	0	0	319.94	345.54	7.75	10.38	100	□
5	2	10	0	0	1	331.01	345.57	39.03	8.80	100	Achieved
5	2	10	0	0	2	373.35	345.54	7.75	10.38	100	□
5	2	10	0	0	3	384.42	345.57	37.80	8.80	100	Partially
5	2	10	0	0	4	425.55	345.54	7.75	10.38	100	□
5	2	10	0	0	5	436.62	345.47	50.90	8.90	100	Prevented
3	2	11	0	0	0	70.866000	391.373769	74.747395	8.796976	-1	###FLOW###
4	2	11	0	0	0	70.866000	391.373769	74.747395	8.796976	-1	###LINE###
5	2	11	0	0	0	70.87	391.37	40.38	8.80	100	Response
5	2	11	0	0	1	114.56	391.37	4.98	8.80	100	/
5	2	11	0	0	2	122.86	391.37	22.75	8.80	100	notes
3	2	12	0	0	0	70.866000	539.003643	101.181640	10.496666	-1	###FLOW###
4	2	12	0	0	0	70.866000	539.003643	101.181640	10.496666	-1	###LINE###
5	2	12	0	0	0	70.87	539.00	17.19	10.50	100	1.4
5	2	12	0	0	1	92.53	539.00	33.13	10.50	100	What
5	2	12	0	0	2	130.15	539.00	41.90	10.50	100	worked
3	2	12	1	0	0	95.773000	558.705769	322.291106	8.796976	-1	###FLOW###
4	2	12	1	0	0	95.773000	558.705769	322.291106	8.796976	-1	###LINE###
5	2	12	1	0	0	95.77	558.71	50.12	8.80	100	Mandatory.
5	2	12	1	0	1	150.32	558.71	17.16	8.80	100	The
5	2	12	1	0	2	170.80	558.71	34.12	8.80	100	controls
5	2	12	1	0	3	208.24	558.71	18.27	8.80	100	that
5	2	12	1	0	4	229.83	558.71	45.14	8.80	100	prevented,
5	2	12	1	0	5	278.28	558.71	32.39	8.80	100	delayed
5	2	12	1	0	6	313.98	558.71	8.88	8.80	100	or
5	2	12	1	0	7	326.19	558.71	36.53	8.80	100	detected
5	2	12	1	0	8	366.04	558.71	13.84	8.80	100	the
5	2	12	1	0	9	383.19	558.71	34.87	8.80	100	activity.
3	2	12	2	0	0	70.866000	587.607769	74.747395	8.796976	-1	###FLOW###
4	2	12	2	0	0	70.866000	587.607769	74.747395	8.796976	-1	###LINE###
5	2	12	2	0	0	70.87	587.61	40.38	8.80	100	Response
5	2	12	2	0	1	114.56	587.61	4.98	8.80	100	/
5	2	12	2	0	2	122.86	587.61	22.75	8.80	100	notes
3	2	13	0	0	0	70.866000	735.236643	135.017247	10.496666	-1	###FLOW###
4	2	13	0	0	0	70.866000	735.236643	135.017247	10.496666	-1	###LINE###
5	2	13	0	0	0	70.87	735.24	17.19	10.50	100	1.5
5	2	13	0	0	1	92.53	735.24	33.13	10.50	100	What
5	2	13	0	0	2	130.15	735.24	18.68	10.50	100	did
5	2	13	0	0	3	153.31	735.24	19.43	10.50	100	not
5	2	13	0	0	4	177.22	735.24	28.66	10.50	100	work
3	2	13	1	0	0	70.265000	754.938769	170.728080	8.796976	-1	###FLOW###
4	2	13	1	0	0	70.265000	754.938769	170.728080	8.796976	-1	###LINE###
5	2	13	1	0	0	70.27	754.94	36.81	8.80	100	Material
5	2	13	1	0	1	110.64	754.94	21.90	8.80	100	gaps,
5	2	13	1	0	2	136.11	754.94	8.66	8.80	100	in
5	2	13	1	0	3	148.32	754.94	22.66	8.80	100	order
5	2	13	1	0	4	174.55	754.94	8.15	8.80	100	of
5	2	13	1	0	5	186.26	754.94	54.73	8.80	100	consequence.
3	2	14	0	0	0	260.882000	794.933960	73.512217	7.133239	-1	###FLOW###
4	2	14	0	0	0	260.882000	794.933960	73.512217	7.133239	-1	###LINE###
5	2	14	0	0	0	260.88	794.93	73.51	7.13	100	UNCLASSIFIED
3	2	14	1	0	0	289.696000	810.521052	15.883527	6.157865	-1	###FLOW###
4	2	14	1	0	0	289.696000	810.521052	15.883527	6.157865	-1	###LINE###
5	2	14	1	0	0	289.70	810.52	15.88	6.16	100	2/18
1	3	0	0	0	0	289.696000	810.521052	595.276000	841.890000	-1	###PAGE###
3	3	0	0	0	0	260.882000	40.770960	73.512217	7.133240	-1	###FLOW###
4	3	0	0	0	0	260.882000	40.770960	73.512217	7.133240	-1	###LINE###
5	3	0	0	0	0	260.88	40.77	73.51	7.13	100	UNCLASSIFIED
3	3	1	0	0	0	70.866000	82.996769	74.747395	8.796976	-1	###FLOW###
4	3	1	0	0	0	70.866000	82.996769	74.747395	8.796976	-1	###LINE###
5	3	1	0	0	0	70.87	83.00	40.38	8.80	100	Response
5	3	1	0	0	1	114.56	83.00	4.98	8.80	100	/
5	3	1	0	0	2	122.86	83.00	22.75	8.80	100	notes
3	3	2	0	0	0	70.866000	230.626643	129.043233	10.496666	-1	###FLOW###
4	3	2	0	0	0	70.866000	230.626643	129.043233	10.496666	-1	###LINE###
5	3	2	0	0	0	70.87	230.63	17.19	10.50	100	1.6
5	3	2	0	0	1	92.53	230.63	107.37	10.50	100	Recommendations
3	3	2	1	0	0	69.298000	250.328769	333.010864	8.796976	-1	###FLOW###
4	3	2	1	0	0	69.298000	250.328769	333.010864	8.796976	-1	###LINE###
5	3	2	1	0	0	69.30	250.33	16.55	8.80	100	Top
5	3	2	1	0	1	89.41	250.33	20.75	8.80	100	three
5	3	2	1	0	2	113.73	250.33	8.40	8.80	100	to
5	3	2	1	0	3	125.69	250.33	17.82	8.80	100	five,
5	3	2	1	0	4	147.08	250.33	28.14	8.80	100	ranked
5	3	2	1	0	5	178.78	250.33	9.42	8.80	100	by
5	3	2	1	0	6	191.76	250.33	15.91	8.80	100	risk
5	3	2	1	0	7	211.24	250.33	39.85	8.80	100	reduction
5	3	2	1	0	8	254.65	250.33	10.18	8.80	100	—
5	3	2	1	0	9	268.39	250.33	14.00	8.80	100	not
5	3	2	1	0	10	285.96	250.33	9.42	8.80	100	by
5	3	2	1	0	11	298.95	250.33	17.82	8.80	100	ease
5	3	2	1	0	12	320.34	250.33	8.15	8.80	100	of
5	3	2	1	0	13	332.04	250.33	70.27	8.80	100	implementation.
3	3	2	2	0	0	70.885000	279.230769	8.301835	8.796976	-1	###FLOW###
4	3	2	2	0	0	70.885000	279.230769	8.301835	8.796976	-1	###LINE###
5	3	2	2	0	0	70.88	279.23	8.30	8.80	100	#
3	3	3	0	0	0	178.529000	279.230769	75.413893	8.796976	-1	###FLOW###
4	3	3	0	0	0	178.529000	279.230769	75.413893	8.796976	-1	###LINE###
5	3	3	0	0	0	178.53	279.23	75.41	8.80	100	Recommendation
3	3	4	0	0	0	298.285000	279.230769	42.813277	8.796976	-1	###FLOW###
4	3	4	0	0	0	298.285000	279.230769	42.813277	8.796976	-1	###LINE###
5	3	4	0	0	0	298.28	279.23	42.81	8.80	100	Addresses
3	3	5	0	0	0	412.744000	279.230769	69.210182	8.796976	-1	###FLOW###
4	3	5	0	0	0	412.744000	279.230769	69.210182	8.796976	-1	###LINE###
5	3	5	0	0	0	412.74	279.23	42.89	8.80	100	Indicative
5	3	5	0	0	1	458.96	279.23	23.00	8.80	100	effort
3	3	6	0	0	0	70.885000	310.524769	4.981300	8.796976	-1	###FLOW###
4	3	6	0	0	0	70.885000	310.524769	4.981300	8.796976	-1	###LINE###
5	3	6	0	0	0	70.88	310.52	4.98	8.80	100	1
3	3	6	1	0	0	70.885000	336.817769	4.981300	8.796976	-1	###FLOW###
4	3	6	1	0	0	70.885000	336.817769	4.981300	8.796976	-1	###LINE###
5	3	6	1	0	0	70.88	336.82	4.98	8.80	100	2
3	3	6	2	0	0	70.885000	363.111769	4.981300	8.796976	-1	###FLOW###
4	3	6	2	0	0	70.885000	363.111769	4.981300	8.796976	-1	###LINE###
5	3	6	2	0	0	70.88	363.11	4.98	8.80	100	3
3	3	7	0	0	0	70.866000	400.566643	98.211968	10.496666	-1	###FLOW###
4	3	7	0	0	0	70.866000	400.566643	98.211968	10.496666	-1	###LINE###
5	3	7	0	0	0	70.87	400.57	17.19	10.50	100	1.7
5	3	7	0	0	1	92.53	400.57	50.43	10.50	100	Residual
5	3	7	0	0	2	147.45	400.57	21.63	10.50	100	risk
3	3	7	1	0	0	69.023000	420.268769	182.731020	8.796976	-1	###FLOW###
4	3	7	1	0	0	69.023000	420.268769	182.731020	8.796976	-1	###LINE###
5	3	7	1	0	0	69.02	420.27	23.44	8.80	100	What
5	3	7	1	0	1	96.03	420.27	34.25	8.80	100	remains
5	3	7	1	0	2	133.84	420.27	32.12	8.80	100	exposed
5	3	7	1	0	3	169.52	420.27	6.11	8.80	100	if
5	3	7	1	0	4	179.20	420.27	32.33	8.80	100	nothing
5	3	7	1	0	5	215.09	420.27	36.66	8.80	100	changes.
3	3	7	2	0	0	70.866000	449.170769	74.747395	8.796976	-1	###FLOW###
4	3	7	2	0	0	70.866000	449.170769	74.747395	8.796976	-1	###LINE###
5	3	7	2	0	0	70.87	449.17	40.38	8.80	100	Response
5	3	7	2	0	1	114.56	449.17	4.98	8.80	100	/
5	3	7	2	0	2	122.86	449.17	22.75	8.80	100	notes
3	3	8	0	0	0	70.866000	620.140199	218.382160	12.595964	-1	###FLOW###
4	3	8	0	0	0	70.866000	620.140199	218.382160	12.595964	-1	###LINE###
5	3	8	0	0	0	70.87	620.14	12.55	12.60	100	2.
5	3	8	0	0	1	90.59	620.14	92.61	12.60	100	Methodology
5	3	8	0	0	2	188.58	620.14	25.78	12.60	100	and
5	3	8	0	0	3	219.74	620.14	69.51	12.60	100	objectives
3	3	8	1	0	0	70.866000	645.588643	78.604244	10.496666	-1	###FLOW###
4	3	8	1	0	0	70.866000	645.588643	78.604244	10.496666	-1	###LINE###
5	3	8	1	0	0	70.87	645.59	17.19	10.50	100	2.1
5	3	8	1	0	1	92.53	645.59	56.94	10.50	100	Approach
3	3	8	2	0	0	70.488000	665.291769	453.923589	32.706976	-1	###FLOW###
4	3	8	2	0	0	70.507000	665.291769	453.904589	8.796976	-1	###LINE###
5	3	8	2	0	0	70.51	665.29	19.82	8.80	100	This
5	3	8	2	0	1	94.10	665.29	52.22	8.80	100	engagement
5	3	8	2	0	2	150.10	665.29	16.15	8.80	100	was
5	3	8	2	0	3	170.03	665.29	45.17	8.80	100	conducted
5	3	8	2	0	4	218.98	665.29	25.44	8.80	100	under
5	3	8	2	0	5	248.18	665.29	14.11	8.80	100	the
5	3	8	2	0	6	266.08	665.29	84.89	8.80	100	[ORGANISATION]
5	3	8	2	0	7	354.75	665.29	17.64	8.80	100	Red
5	3	8	2	0	8	376.17	665.29	24.57	8.80	100	Team
5	3	8	2	0	9	404.52	665.29	57.86	8.80	100	Methodology
5	3	8	2	0	10	466.16	665.29	31.27	8.80	100	v[X.Y],
5	3	8	2	0	11	501.21	665.29	23.20	8.80	100	using
4	3	8	2	1	0	70.866000	677.147143	453.542662	8.896602	-1	###LINE###
5	3	8	2	1	0	70.87	677.25	14.09	8.80	100	the
5	3	8	2	1	1	88.28	677.15	19.05	8.90	100	Get
5	3	8	2	1	2	111.15	677.15	10.90	8.90	100	In
5	3	8	2	1	3	125.89	677.15	5.83	8.90	100	/
5	3	8	2	1	4	135.55	677.15	22.53	8.90	100	Stay
5	3	8	2	1	5	161.90	677.15	10.90	8.90	100	In
5	3	8	2	1	6	176.62	677.15	5.83	8.90	100	/
5	3	8	2	1	7	186.29	677.15	18.21	8.90	100	Act
5	3	8	2	1	8	207.84	677.25	29.57	8.80	100	model,
5	3	8	2	1	9	240.74	677.25	25.39	8.80	100	under
5	3	8	2	1	10	269.45	677.25	14.09	8.80	100	the
5	3	8	2	1	11	286.86	677.25	24.15	8.80	100	Rules
5	3	8	2	1	12	314.34	677.25	8.17	8.80	100	of
5	3	8	2	1	13	325.84	677.25	54.51	8.80	100	Engagement
5	3	8	2	1	14	383.68	677.25	24.79	8.80	100	dated
5	3	8	2	1	15	411.80	677.25	33.49	8.80	100	[DATE]
5	3	8	2	1	16	448.62	677.25	16.34	8.80	100	and
5	3	8	2	1	17	468.28	677.25	14.09	8.80	100	the
5	3	8	2	1	18	485.70	677.25	27.22	8.80	100	Letter
5	3	8	2	1	19	516.24	677.25	8.17	8.80	100	of
4	3	8	2	2	0	70.488000	689.201769	127.103847	8.796976	-1	###LINE###
5	3	8	2	2	0	70.49	689.20	59.86	8.80	100	Authorisation
5	3	8	2	2	1	133.66	689.20	24.35	8.80	100	dated
5	3	8	2	2	2	161.34	689.20	36.25	8.80	100	[DATE].
3	3	9	0	0	0	70.866000	715.776643	139.747919	10.496666	-1	###FLOW###
4	3	9	0	0	0	70.866000	715.776643	139.747919	10.496666	-1	###LINE###
5	3	9	0	0	0	70.87	715.78	17.19	10.50	100	2.2
5	3	9	0	0	1	92.53	715.78	60.05	10.50	100	Adversary
5	3	9	0	0	2	157.07	715.78	53.55	10.50	100	emulated
3	3	10	0	0	0	260.882000	794.933960	73.512217	7.133239	-1	###FLOW###
4	3	10	0	0	0	260.882000	794.933960	73.512217	7.133239	-1	###LINE###
5	3	10	0	0	0	260.88	794.93	73.51	7.13	100	UNCLASSIFIED
3	3	10	1	0	0	289.696000	810.521052	15.883527	6.157865	-1	###FLOW###
4	3	10	1	0	0	289.696000	810.521052	15.883527	6.157865	-1	###LINE###
5	3	10	1	0	0	289.70	810.52	15.88	6.16	100	3/18
1	4	0	0	0	0	289.696000	810.521052	595.276000	841.890000	-1	###PAGE###
3	4	0	0	0	0	260.882000	40.770960	73.512217	7.133240	-1	###FLOW###
4	4	0	0	0	0	260.882000	40.770960	73.512217	7.133240	-1	###LINE###
5	4	0	0	0	0	260.88	40.77	73.51	7.13	100	UNCLASSIFIED
3	4	1	0	0	0	70.866000	82.996769	22.002402	8.796976	-1	###FLOW###
4	4	1	0	0	0	70.866000	82.996769	22.002402	8.796976	-1	###LINE###
5	4	1	0	0	0	70.87	83.00	22.00	8.80	100	Field
3	4	2	0	0	0	333.221000	82.996769	24.357561	8.796976	-1	###FLOW###
4	4	2	0	0	0	333.221000	82.996769	24.357561	8.796976	-1	###LINE###
5	4	2	0	0	0	333.22	83.00	24.36	8.80	100	Value
3	4	3	0	0	0	70.866000	114.290769	44.110408	8.796976	-1	###FLOW###
4	4	3	0	0	0	70.866000	114.290769	44.110408	8.796976	-1	###LINE###
5	4	3	0	0	0	70.87	114.29	44.11	8.80	100	Adversary
3	4	3	1	0	0	70.866000	140.583769	22.665911	8.796976	-1	###FLOW###
4	4	3	1	0	0	70.866000	140.583769	22.665911	8.796976	-1	###LINE###
5	4	3	1	0	0	70.87	140.58	22.67	8.80	100	Basis
3	4	4	0	0	0	333.600683	140.553881	130.706323	10.381029	-1	###FLOW###
4	4	4	0	0	0	333.600683	140.553881	130.706323	10.381029	-1	###LINE###
5	4	4	0	0	0	333.60	140.55	7.75	10.38	100	□
5	4	4	0	0	1	344.67	140.58	30.72	8.80	100	Named
5	4	4	0	0	2	378.70	140.58	24.94	8.80	100	group
5	4	4	0	0	3	406.97	140.55	7.75	10.38	100	□
5	4	4	0	0	4	418.03	140.58	46.27	8.80	100	Composite
3	4	5	0	0	0	70.866000	166.778143	127.773334	8.896602	-1	###FLOW###
4	4	5	0	0	0	70.866000	166.778143	127.773334	8.896602	-1	###LINE###
5	4	5	0	0	0	70.87	166.78	51.88	8.90	100	Capability
5	4	5	0	0	1	126.56	166.78	22.60	8.90	100	level
5	4	5	0	0	2	152.97	166.78	45.67	8.90	100	emulated
3	4	6	0	0	0	333.600000	166.847881	74.163587	10.381029	-1	###FLOW###
4	4	6	0	0	0	333.600000	166.847881	74.163587	10.381029	-1	###LINE###
5	4	6	0	0	0	333.60	166.85	7.75	10.38	100	□
5	4	6	0	0	1	344.67	166.88	4.98	8.80	100	1
5	4	6	0	0	2	352.98	166.85	7.75	10.38	100	□
5	4	6	0	0	3	364.04	166.88	4.98	8.80	100	2
5	4	6	0	0	4	372.34	166.85	7.75	10.38	100	□
5	4	6	0	0	5	383.42	166.88	4.98	8.80	100	3
5	4	6	0	0	6	391.72	166.85	7.75	10.38	100	□
5	4	6	0	0	7	402.78	166.88	4.98	8.80	100	4
3	4	7	0	0	0	70.866000	193.170769	97.355523	8.796976	-1	###FLOW###
4	4	7	0	0	0	70.866000	193.170769	97.355523	8.796976	-1	###LINE###
5	4	7	0	0	0	70.87	193.17	41.65	8.80	100	Rationale
5	4	7	0	0	1	115.83	193.17	11.93	8.80	100	for
5	4	7	0	0	2	131.08	193.17	37.14	8.80	100	selection
3	4	7	1	0	0	70.866000	219.464769	144.378995	8.796976	-1	###FLOW###
4	4	7	1	0	0	70.866000	219.464769	144.378995	8.796976	-1	###LINE###
5	4	7	1	0	0	70.87	219.46	29.92	8.80	100	Threat
5	4	7	1	0	1	104.10	219.46	27.15	8.80	100	profile
5	4	7	1	0	2	134.57	219.46	38.53	8.80	100	reference
5	4	7	1	0	3	176.41	219.46	4.98	8.80	100	/
5	4	7	1	0	4	184.72	219.46	30.52	8.80	100	version
3	4	7	2	0	0	70.866000	245.757769	102.666586	8.796976	-1	###FLOW###
4	4	7	2	0	0	70.866000	245.757769	102.666586	8.796976	-1	###LINE###
5	4	7	2	0	0	70.87	245.76	49.26	8.80	100	Intelligence
5	4	7	2	0	1	123.44	245.76	27.95	8.80	100	cut-off
5	4	7	2	0	2	154.71	245.76	18.82	8.80	100	date
3	4	7	3	0	0	70.866000	272.051769	98.658632	8.796976	-1	###FLOW###
4	4	7	3	0	0	70.866000	272.051769	98.658632	8.796976	-1	###LINE###
5	4	7	3	0	0	70.87	272.05	43.73	8.80	100	ATT&CK
5	4	7	3	0	1	117.91	272.05	28.87	8.80	100	release
5	4	7	3	0	2	150.10	272.05	19.43	8.80	100	used
3	4	7	4	0	0	95.773000	302.750143	403.730380	32.806602	-1	###FLOW###
4	4	7	4	0	0	95.773000	302.750143	403.730380	8.896602	-1	###LINE###
5	4	7	4	0	0	95.77	302.75	62.11	8.90	100	Interpreting
5	4	7	4	0	1	162.22	302.75	39.62	8.90	100	severity
5	4	7	4	0	2	206.18	302.75	36.10	8.90	100	against
5	4	7	4	0	3	246.62	302.75	31.43	8.90	100	threat
5	4	7	4	0	4	282.39	302.75	26.31	8.90	100	level.
5	4	7	4	0	5	314.49	302.85	13.26	8.80	100	All
5	4	7	4	0	6	331.52	302.85	34.50	8.80	100	findings
5	4	7	4	0	7	369.79	302.85	8.47	8.80	100	in
5	4	7	4	0	8	382.03	302.85	16.43	8.80	100	this
5	4	7	4	0	9	402.24	302.85	27.43	8.80	100	report
5	4	7	4	0	10	433.44	302.85	28.85	8.80	100	should
5	4	7	4	0	11	466.06	302.85	10.45	8.80	100	be
5	4	7	4	0	12	480.28	302.85	19.22	8.80	100	read
4	4	7	4	1	0	95.773000	314.804769	403.727260	8.796976	-1	###LINE###
5	4	7	4	1	0	95.77	314.80	31.11	8.80	100	against
5	4	7	4	1	1	130.21	314.80	13.87	8.80	100	the
5	4	7	4	1	2	147.39	314.80	42.70	8.80	100	capability
5	4	7	4	1	3	193.42	314.80	19.41	8.80	100	level
5	4	7	4	1	4	216.15	314.80	42.43	8.80	100	emulated.
5	4	7	4	1	5	263.00	314.80	7.49	8.80	100	A
5	4	7	4	1	6	273.81	314.80	29.95	8.80	100	finding
5	4	7	4	1	7	307.09	314.80	40.79	8.80	100	reachable
5	4	7	4	1	8	351.19	314.80	8.87	8.80	100	at
5	4	7	4	1	9	363.39	314.80	22.88	8.80	100	Level
5	4	7	4	1	10	389.59	314.80	4.99	8.80	100	1
5	4	7	4	1	11	397.90	314.80	6.71	8.80	100	is
5	4	7	4	1	12	407.93	314.80	11.95	8.80	100	far
5	4	7	4	1	13	423.20	314.80	21.66	8.80	100	more
5	4	7	4	1	14	448.19	314.80	28.03	8.80	100	urgent
5	4	7	4	1	15	479.53	314.80	19.97	8.80	100	than
4	4	7	4	2	0	95.773000	326.759769	351.069073	8.796976	-1	###LINE###
5	4	7	4	2	0	95.77	326.76	13.84	8.80	100	the
5	4	7	4	2	1	112.93	326.76	21.64	8.80	100	same
5	4	7	4	2	2	137.89	326.76	29.89	8.80	100	finding
5	4	7	4	2	3	171.11	326.76	40.71	8.80	100	reachable
5	4	7	4	2	4	215.13	326.76	18.54	8.80	100	only
5	4	7	4	2	5	236.99	326.76	8.86	8.80	100	at
5	4	7	4	2	6	249.17	326.76	22.84	8.80	100	Level
5	4	7	4	2	7	275.32	326.76	7.75	8.80	100	3,
5	4	7	4	2	8	286.39	326.76	33.55	8.80	100	because
5	4	7	4	2	9	323.25	326.76	11.93	8.80	100	far
5	4	7	4	2	10	338.50	326.76	21.61	8.80	100	more
5	4	7	4	2	11	363.44	326.76	26.09	8.80	100	actors
5	4	7	4	2	12	392.86	326.76	14.94	8.80	100	can
5	4	7	4	2	13	411.12	326.76	23.00	8.80	100	reach
5	4	7	4	2	14	437.43	326.76	9.41	8.80	100	it.
3	4	8	0	0	0	70.866000	353.334643	82.970284	10.496666	-1	###FLOW###
4	4	8	0	0	0	70.866000	353.334643	82.970284	10.496666	-1	###LINE###
5	4	8	0	0	0	70.87	353.33	17.19	10.50	100	2.3
5	4	8	0	0	1	92.53	353.33	61.30	10.50	100	Objectives
3	4	8	1	0	0	70.866000	384.393769	56.039625	8.796976	-1	###FLOW###
4	4	8	1	0	0	70.866000	384.393769	56.039625	8.796976	-1	###LINE###
5	4	8	1	0	0	70.87	384.39	41.51	8.80	100	Objective
5	4	8	1	0	1	115.70	384.39	11.21	8.80	100	ID
3	4	9	0	0	0	197.100000	384.393769	41.514154	8.796976	-1	###FLOW###
4	4	9	0	0	0	197.100000	384.393769	41.514154	8.796976	-1	###LINE###
5	4	9	0	0	0	197.10	384.39	41.51	8.80	100	Objective
3	4	10	0	0	0	306.834000	384.393769	39.602331	8.796976	-1	###FLOW###
4	4	10	0	0	0	306.834000	384.393769	39.602331	8.796976	-1	###LINE###
5	4	10	0	0	0	306.83	384.39	39.60	8.80	100	Category
3	4	11	0	0	0	414.978000	384.393769	86.089815	8.796976	-1	###FLOW###
4	4	11	0	0	0	414.978000	384.393769	86.089815	8.796976	-1	###LINE###
5	4	11	0	0	0	414.98	384.39	49.84	8.80	100	Verification
5	4	11	0	0	1	468.14	384.39	32.93	8.80	100	method
3	4	12	0	0	0	70.866000	415.687769	21.032045	8.796976	-1	###FLOW###
4	4	12	0	0	0	70.866000	415.687769	21.032045	8.796976	-1	###LINE###
5	4	12	0	0	0	70.87	415.69	21.03	8.80	100	O-01
3	4	12	1	0	0	70.866000	441.981769	21.032045	8.796976	-1	###FLOW###
4	4	12	1	0	0	70.866000	441.981769	21.032045	8.796976	-1	###LINE###
5	4	12	1	0	0	70.87	441.98	21.03	8.80	100	O-02
3	4	12	2	0	0	70.866000	468.274769	21.032045	8.796976	-1	###FLOW###
4	4	12	2	0	0	70.866000	468.274769	21.032045	8.796976	-1	###LINE###
5	4	12	2	0	0	70.87	468.27	21.03	8.80	100	O-03
3	4	13	0	0	0	70.866000	505.729643	172.966638	10.496666	-1	###FLOW###
4	4	13	0	0	0	70.866000	505.729643	172.966638	10.496666	-1	###LINE###
5	4	13	0	0	0	70.87	505.73	17.19	10.50	100	2.4
5	4	13	0	0	1	92.53	505.73	33.13	10.50	100	What
5	4	13	0	0	2	130.15	505.73	21.19	10.50	100	was
5	4	13	0	0	3	155.82	505.73	29.97	10.50	100	NOT
5	4	13	0	0	4	190.27	505.73	53.56	10.50	100	emulated
3	4	13	1	0	0	70.316000	525.432769	443.529971	8.796976	-1	###FLOW###
4	4	13	1	0	0	70.316000	525.432769	443.529971	8.796976	-1	###LINE###
5	4	13	1	0	0	70.32	525.43	22.67	8.80	100	From
5	4	13	1	0	1	96.55	525.43	12.98	8.80	100	the
5	4	13	1	0	2	113.10	525.43	24.57	8.80	100	threat
5	4	13	1	0	3	141.23	525.43	29.66	8.80	100	profile.
5	4	13	1	0	4	175.47	525.43	37.18	8.80	100	Prevents
5	4	13	1	0	5	216.23	525.43	15.53	8.80	100	this
5	4	13	1	0	6	235.32	525.43	25.45	8.80	100	report
5	4	13	1	0	7	264.34	525.43	21.90	8.80	100	being
5	4	13	1	0	8	289.81	525.43	17.95	8.80	100	read
5	4	13	1	0	9	311.31	525.43	9.17	8.80	100	as
5	4	13	1	0	10	324.05	525.43	41.63	8.80	100	assurance
5	4	13	1	0	11	369.24	525.43	30.81	8.80	100	against
5	4	13	1	0	12	403.60	525.43	12.98	8.80	100	the
5	4	13	1	0	13	420.16	525.43	41.76	8.80	100	adversary
5	4	13	1	0	14	465.48	525.43	9.17	8.80	100	as
5	4	13	1	0	15	478.21	525.43	5.09	8.80	100	a
5	4	13	1	0	16	486.86	525.43	26.99	8.80	100	whole.
3	4	13	2	0	0	70.491000	554.333769	90.352812	8.796976	-1	###FLOW###
4	4	13	2	0	0	70.491000	554.333769	90.352812	8.796976	-1	###LINE###
5	4	13	2	0	0	70.49	554.33	44.11	8.80	100	Adversary
5	4	13	2	0	1	117.93	554.33	42.91	8.80	100	behaviour
3	4	14	0	0	0	225.381000	554.333769	61.988293	8.796976	-1	###FLOW###
4	4	14	0	0	0	225.381000	554.333769	61.988293	8.796976	-1	###LINE###
5	4	14	0	0	0	225.38	554.33	20.75	8.80	100	Why
5	4	14	0	0	1	249.46	554.33	37.91	8.80	100	excluded
3	4	15	0	0	0	365.831000	554.333769	114.077748	8.796976	-1	###FLOW###
4	4	15	0	0	0	365.831000	554.333769	114.077748	8.796976	-1	###LINE###
5	4	15	0	0	0	365.83	554.33	37.28	8.80	100	Residual
5	4	15	0	0	1	406.43	554.33	15.86	8.80	100	risk
5	4	15	0	0	2	425.60	554.33	14.12	8.80	100	left
5	4	15	0	0	3	443.05	554.33	36.86	8.80	100	untested
3	4	16	0	0	0	70.866000	646.423199	154.108315	12.595964	-1	###FLOW###
4	4	16	0	0	0	70.866000	646.423199	154.108315	12.595964	-1	###LINE###
5	4	16	0	0	0	70.87	646.42	12.55	12.60	100	3.
5	4	16	0	0	1	90.59	646.42	59.46	12.60	100	Scenario
5	4	16	0	0	2	155.43	646.42	25.78	12.60	100	and
5	4	16	0	0	3	186.59	646.42	38.38	12.60	100	scope
3	4	16	1	0	0	70.866000	683.013769	22.002402	8.796976	-1	###FLOW###
4	4	16	1	0	0	70.866000	683.013769	22.002402	8.796976	-1	###LINE###
5	4	16	1	0	0	70.87	683.01	22.00	8.80	100	Field
3	4	17	0	0	0	345.101000	683.013769	24.357561	8.796976	-1	###FLOW###
4	4	17	0	0	0	345.101000	683.013769	24.357561	8.796976	-1	###LINE###
5	4	17	0	0	0	345.10	683.01	24.36	8.80	100	Value
3	4	18	0	0	0	70.866000	714.308769	73.421373	8.796976	-1	###FLOW###
4	4	18	0	0	0	70.866000	714.308769	73.421373	8.796976	-1	###LINE###
5	4	18	0	0	0	70.87	714.31	35.45	8.80	100	Starting
5	4	18	0	0	1	109.64	714.31	34.65	8.80	100	position
3	4	18	1	0	0	70.866000	740.601769	107.462581	8.796976	-1	###FLOW###
4	4	18	1	0	0	70.866000	740.601769	107.462581	8.796976	-1	###LINE###
5	4	18	1	0	0	70.87	740.60	36.56	8.80	100	Scenario
5	4	18	1	0	1	110.74	740.60	4.98	8.80	100	/
5	4	18	1	0	2	119.04	740.60	17.44	8.80	100	flow
5	4	18	1	0	3	139.80	740.60	38.53	8.80	100	reference
3	4	18	2	0	0	70.866000	766.895769	79.837288	8.796976	-1	###FLOW###
4	4	18	2	0	0	70.866000	766.895769	79.837288	8.796976	-1	###LINE###
5	4	18	2	0	0	70.87	766.90	43.59	8.80	100	Execution
5	4	18	2	0	1	117.77	766.90	32.93	8.80	100	window
3	4	18	3	0	0	260.882000	794.933960	73.512217	7.133239	-1	###FLOW###
4	4	18	3	0	0	260.882000	794.933960	73.512217	7.133239	-1	###LINE###
5	4	18	3	0	0	260.88	794.93	73.51	7.13	100	UNCLASSIFIED
3	4	18	4	0	0	289.696000	810.521052	15.883527	6.157865	-1	###FLOW###
4	4	18	4	0	0	289.696000	810.521052	15.883527	6.157865	-1	###LINE###
5	4	18	4	0	0	289.70	810.52	15.88	6.16	100	4/18
1	5	0	0	0	0	289.696000	810.521052	595.276000	841.890000	-1	###PAGE###
3	5	0	0	0	0	260.882000	40.770960	73.512217	7.133240	-1	###FLOW###
4	5	0	0	0	0	260.882000	40.770960	73.512217	7.133240	-1	###LINE###
5	5	0	0	0	0	260.88	40.77	73.51	7.13	100	UNCLASSIFIED
3	5	1	0	0	0	70.866000	82.996769	22.002402	8.796976	-1	###FLOW###
4	5	1	0	0	0	70.866000	82.996769	22.002402	8.796976	-1	###LINE###
5	5	1	0	0	0	70.87	83.00	22.00	8.80	100	Field
3	5	2	0	0	0	345.101000	82.996769	24.357561	8.796976	-1	###FLOW###
4	5	2	0	0	0	345.101000	82.996769	24.357561	8.796976	-1	###LINE###
5	5	2	0	0	0	345.10	83.00	24.36	8.80	100	Value
3	5	3	0	0	0	70.866000	114.290769	115.480482	8.796976	-1	###FLOW###
4	5	3	0	0	0	70.866000	114.290769	115.480482	8.796976	-1	###LINE###
5	5	3	0	0	0	70.87	114.29	36.84	8.80	100	Working
5	5	3	0	0	1	111.02	114.29	19.43	8.80	100	days
5	5	3	0	0	2	133.77	114.29	8.03	8.80	100	of
5	5	3	0	0	3	145.12	114.29	41.23	8.80	100	execution
3	5	3	1	0	0	70.866000	140.583769	61.467249	8.796976	-1	###FLOW###
4	5	3	1	0	0	70.866000	140.583769	61.467249	8.796976	-1	###LINE###
5	5	3	1	0	0	70.87	140.58	29.08	8.80	100	Covert
5	5	3	1	0	1	103.28	140.58	4.98	8.80	100	/
5	5	3	1	0	2	111.57	140.58	20.76	8.80	100	open
3	5	3	2	0	0	70.866000	166.877769	116.869268	8.796976	-1	###FLOW###
4	5	3	2	0	0	70.866000	166.877769	116.869268	8.796976	-1	###LINE###
5	5	3	2	0	0	70.87	166.88	25.74	8.80	100	Social
5	5	3	2	0	1	99.92	166.88	49.29	8.80	100	engineering
5	5	3	2	0	2	152.53	166.88	8.30	8.80	100	in
5	5	3	2	0	3	164.15	166.88	23.58	8.80	100	scope
3	5	4	0	0	0	345.483076	166.847881	52.907384	10.381029	-1	###FLOW###
4	5	4	0	0	0	345.483076	166.847881	52.907384	10.381029	-1	###LINE###
5	5	4	0	0	0	345.48	166.85	7.75	10.38	100	□
5	5	4	0	0	1	356.55	166.88	15.00	8.80	100	Yes
5	5	4	0	0	2	374.87	166.85	7.75	10.38	100	□
5	5	4	0	0	3	385.94	166.88	12.45	8.80	100	No
3	5	5	0	0	0	70.866000	193.170769	74.690608	8.796976	-1	###FLOW###
4	5	5	0	0	0	70.866000	193.170769	74.690608	8.796976	-1	###LINE###
5	5	5	0	0	0	70.87	193.17	36.17	8.80	100	Physical
5	5	5	0	0	1	110.35	193.17	8.30	8.80	100	in
5	5	5	0	0	2	121.98	193.17	23.57	8.80	100	scope
3	5	6	0	0	0	345.479000	193.140881	52.917346	10.381029	-1	###FLOW###
4	5	6	0	0	0	345.479000	193.140881	52.917346	10.381029	-1	###LINE###
5	5	6	0	0	0	345.48	193.14	7.75	10.38	100	□
5	5	6	0	0	1	356.55	193.17	15.00	8.80	100	Yes
5	5	6	0	0	2	374.87	193.14	7.75	10.38	100	□
5	5	6	0	0	3	385.94	193.17	12.45	8.80	100	No
3	5	7	0	0	0	70.866000	229.847143	44.983132	8.896602	-1	###FLOW###
4	5	7	0	0	0	70.866000	229.847143	44.983132	8.896602	-1	###LINE###
5	5	7	0	0	0	70.87	229.85	10.71	8.90	100	In
5	5	7	0	0	1	85.39	229.85	30.46	8.90	100	scope:
3	5	7	1	0	0	70.866000	247.780143	49.379627	8.896602	-1	###FLOW###
4	5	7	1	0	0	70.866000	247.780143	49.379627	8.896602	-1	###LINE###
5	5	7	1	0	0	70.87	247.78	49.38	8.90	100	Excluded:
3	5	7	2	0	0	70.866000	265.713143	180.364903	8.896602	-1	###FLOW###
4	5	7	2	0	0	70.866000	265.713143	180.364903	8.896602	-1	###LINE###
5	5	7	2	0	0	70.87	265.71	57.83	8.90	100	Constraints
5	5	7	2	0	1	132.52	265.71	20.84	8.90	100	that
5	5	7	2	0	2	157.19	265.71	38.67	8.90	100	affected
5	5	7	2	0	3	199.67	265.71	16.07	8.90	100	the
5	5	7	2	0	4	219.56	265.71	31.68	8.90	100	result:
3	5	7	3	0	0	70.866000	292.776769	74.747395	8.796976	-1	###FLOW###
4	5	7	3	0	0	70.866000	292.776769	74.747395	8.796976	-1	###LINE###
5	5	7	3	0	0	70.87	292.78	40.38	8.80	100	Response
5	5	7	3	0	1	114.56	292.78	4.98	8.80	100	/
5	5	7	3	0	2	122.86	292.78	22.75	8.80	100	notes
3	5	8	0	0	0	70.866000	463.746199	136.517005	12.595964	-1	###FLOW###
4	5	8	0	0	0	70.866000	463.746199	136.517005	12.595964	-1	###LINE###
5	5	8	0	0	0	70.87	463.75	12.55	12.60	100	4.
5	5	8	0	0	1	90.59	463.75	47.37	12.60	100	Attack
5	5	8	0	0	2	143.36	463.75	64.02	12.60	100	narrative
3	5	8	1	0	0	95.773000	488.515769	405.663164	20.751976	-1	###FLOW###
4	5	8	1	0	0	95.773000	488.515769	405.663164	8.796976	-1	###LINE###
5	5	8	1	0	0	95.77	488.52	63.82	8.80	100	Chronological,
5	5	8	1	0	1	162.98	488.52	43.79	8.80	100	numbered
5	5	8	1	0	2	210.15	488.52	30.51	8.80	100	critical
5	5	8	1	0	3	244.04	488.52	22.12	8.80	100	steps
5	5	8	1	0	4	269.53	488.52	20.91	8.80	100	only.
5	5	8	1	0	5	295.03	488.52	17.50	8.80	100	The
5	5	8	1	0	6	315.90	488.52	14.40	8.80	100	full
5	5	8	1	0	7	333.68	488.52	38.73	8.80	100	sequence
5	5	8	1	0	8	375.78	488.52	8.19	8.80	100	of
5	5	8	1	0	9	387.34	488.52	31.11	8.80	100	actions
5	5	8	1	0	10	421.82	488.52	6.83	8.80	100	is
5	5	8	1	0	11	432.03	488.52	9.03	8.80	100	at
5	5	8	1	0	12	444.44	488.52	43.18	8.80	100	Appendix
5	5	8	1	0	13	490.99	488.52	10.44	8.80	100	A.
4	5	8	1	1	0	95.773000	500.470769	201.940906	8.796976	-1	###LINE###
5	5	8	1	1	0	95.77	500.47	25.35	8.80	100	Every
5	5	8	1	1	1	124.44	500.47	17.77	8.80	100	step
5	5	8	1	1	2	145.54	500.47	19.97	8.80	100	shall
5	5	8	1	1	3	168.83	500.47	22.47	8.80	100	carry
5	5	8	1	1	4	194.62	500.47	4.98	8.80	100	a
5	5	8	1	1	5	202.92	500.47	39.08	8.80	100	defensive
5	5	8	1	1	6	245.33	500.47	52.39	8.80	100	observation.
3	5	9	0	0	0	70.866000	527.046643	108.031969	10.496666	-1	###FLOW###
4	5	9	0	0	0	70.866000	527.046643	108.031969	10.496666	-1	###LINE###
5	5	9	0	0	0	70.87	527.05	26.31	10.50	100	Step
5	5	9	0	0	1	101.66	527.05	6.72	10.50	100	1
5	5	9	0	0	2	112.87	527.05	13.45	10.50	100	—
5	5	9	0	0	3	130.80	527.05	48.10	10.50	100	[TITLE]
3	5	9	1	0	0	70.866000	558.768769	22.002402	8.796976	-1	###FLOW###
4	5	9	1	0	0	70.866000	558.768769	22.002402	8.796976	-1	###LINE###
5	5	9	1	0	0	70.87	558.77	22.00	8.80	100	Field
3	5	10	0	0	0	291.977000	558.768769	24.357561	8.796976	-1	###FLOW###
4	5	10	0	0	0	291.977000	558.768769	24.357561	8.796976	-1	###LINE###
5	5	10	0	0	0	291.98	558.77	24.36	8.80	100	Value
3	5	11	0	0	0	70.866000	590.063769	95.892018	8.796976	-1	###FLOW###
4	5	11	0	0	0	70.866000	590.063769	95.892018	8.796976	-1	###LINE###
5	5	11	0	0	0	70.87	590.06	20.89	8.80	100	Date
5	5	11	0	0	1	95.08	590.06	16.05	8.80	100	and
5	5	11	0	0	2	114.46	590.06	19.37	8.80	100	time
5	5	11	0	0	3	137.15	590.06	29.61	8.80	100	(UTC)
3	5	11	1	0	0	70.866000	616.356769	55.906126	8.796976	-1	###FLOW###
4	5	11	1	0	0	70.866000	616.356769	55.906126	8.796976	-1	###LINE###
5	5	11	1	0	0	70.87	616.36	28.78	8.80	100	Action
5	5	11	1	0	1	102.96	616.36	23.81	8.80	100	taken
3	5	11	2	0	0	70.866000	642.650769	26.287316	8.796976	-1	###FLOW###
4	5	11	2	0	0	70.866000	642.650769	26.287316	8.796976	-1	###LINE###
5	5	11	2	0	0	70.87	642.65	26.29	8.80	100	Intent
3	5	11	3	0	0	70.866000	668.943769	27.869377	8.796976	-1	###FLOW###
4	5	11	3	0	0	70.866000	668.943769	27.869377	8.796976	-1	###LINE###
5	5	11	3	0	0	70.87	668.94	27.87	8.80	100	Result
3	5	11	4	0	0	70.866000	695.236769	44.005800	8.796976	-1	###FLOW###
4	5	11	4	0	0	70.866000	695.236769	44.005800	8.796976	-1	###LINE###
5	5	11	4	0	0	70.87	695.24	44.01	8.80	100	Technique
3	5	12	0	0	0	292.356000	695.236769	109.722099	8.796976	-1	###FLOW###
4	5	12	0	0	0	292.356000	695.236769	109.722099	8.796976	-1	###LINE###
5	5	12	0	0	0	292.36	695.24	46.50	8.80	100	[ATT&CK
5	5	12	0	0	1	342.17	695.24	11.21	8.80	100	ID
5	5	12	0	0	2	356.69	695.24	16.05	8.80	100	and
5	5	12	0	0	3	376.07	695.24	26.00	8.80	100	name]
3	5	13	0	0	0	70.866000	721.530769	39.161984	8.796976	-1	###FLOW###
4	5	13	0	0	0	70.866000	721.530769	39.161984	8.796976	-1	###LINE###
5	5	13	0	0	0	70.87	721.53	39.16	8.80	100	Evidence
3	5	14	0	0	0	292.353527	721.530769	44.061591	8.796976	-1	###FLOW###
4	5	14	0	0	0	292.353527	721.530769	44.061591	8.796976	-1	###LINE###
5	5	14	0	0	0	292.35	721.53	44.06	8.80	100	[reference]
3	5	15	0	0	0	70.866000	747.724143	108.945016	8.896602	-1	###FLOW###
4	5	15	0	0	0	70.866000	747.724143	108.945016	8.896602	-1	###LINE###
5	5	15	0	0	0	70.87	747.72	47.84	8.90	100	Defensive
5	5	15	0	0	1	122.52	747.72	57.29	8.90	100	observation
3	5	16	0	0	0	292.356000	747.793881	218.428012	22.336029	-1	###FLOW###
4	5	16	0	0	0	292.356000	747.793881	218.428012	10.381029	-1	###LINE###
5	5	16	0	0	0	292.36	747.79	7.75	10.38	100	□
5	5	16	0	0	1	303.42	747.82	43.61	8.80	100	Prevented
5	5	16	0	0	2	350.36	747.79	7.75	10.38	100	□
5	5	16	0	0	3	361.43	747.82	38.61	8.80	100	Detected
5	5	16	0	0	4	403.36	747.82	16.05	8.80	100	and
5	5	16	0	0	5	422.72	747.82	29.92	8.80	100	alerted
5	5	16	0	0	6	455.97	747.79	7.75	10.38	100	□
5	5	16	0	0	7	467.04	747.82	43.75	8.80	100	Telemetry
4	5	16	0	1	0	292.356000	759.748881	121.684193	10.381029	-1	###LINE###
5	5	16	0	1	0	292.36	759.78	18.54	8.80	100	only
5	5	16	0	1	1	314.22	759.75	7.75	10.38	100	□
5	5	16	0	1	2	325.29	759.78	12.45	8.80	100	No
5	5	16	0	1	3	341.06	759.78	39.36	8.80	100	visibility.
5	5	16	0	1	4	384.84	759.78	29.20	8.80	100	Detail:
3	5	16	1	0	0	260.882000	794.933960	73.512217	7.133239	-1	###FLOW###
4	5	16	1	0	0	260.882000	794.933960	73.512217	7.133239	-1	###LINE###
5	5	16	1	0	0	260.88	794.93	73.51	7.13	100	UNCLASSIFIED
3	5	16	2	0	0	289.696000	810.521052	15.883527	6.157865	-1	###FLOW###
4	5	16	2	0	0	289.696000	810.521052	15.883527	6.157865	-1	###LINE###
5	5	16	2	0	0	289.70	810.52	15.88	6.16	100	5/18
1	6	0	0	0	0	289.696000	810.521052	595.276000	841.890000	-1	###PAGE###
3	6	0	0	0	0	260.882000	40.770960	73.512217	7.133240	-1	###FLOW###
4	6	0	0	0	0	260.882000	40.770960	73.512217	7.133240	-1	###LINE###
5	6	0	0	0	0	260.88	40.77	73.51	7.13	100	UNCLASSIFIED
3	6	1	0	0	0	70.866000	76.636643	108.031969	10.496666	-1	###FLOW###
4	6	1	0	0	0	70.866000	76.636643	108.031969	10.496666	-1	###LINE###
5	6	1	0	0	0	70.87	76.64	26.31	10.50	100	Step
5	6	1	0	0	1	101.66	76.64	6.72	10.50	100	2
5	6	1	0	0	2	112.87	76.64	13.45	10.50	100	—
5	6	1	0	0	3	130.80	76.64	48.10	10.50	100	[TITLE]
3	6	1	1	0	0	70.866000	108.359769	22.002402	8.796976	-1	###FLOW###
4	6	1	1	0	0	70.866000	108.359769	22.002402	8.796976	-1	###LINE###
5	6	1	1	0	0	70.87	108.36	22.00	8.80	100	Field
3	6	2	0	0	0	345.586000	108.359769	24.357561	8.796976	-1	###FLOW###
4	6	2	0	0	0	345.586000	108.359769	24.357561	8.796976	-1	###LINE###
5	6	2	0	0	0	345.59	108.36	24.36	8.80	100	Value
3	6	3	0	0	0	70.866000	139.653769	95.892018	8.796976	-1	###FLOW###
4	6	3	0	0	0	70.866000	139.653769	95.892018	8.796976	-1	###LINE###
5	6	3	0	0	0	70.87	139.65	20.89	8.80	100	Date
5	6	3	0	0	1	95.08	139.65	16.05	8.80	100	and
5	6	3	0	0	2	114.46	139.65	19.37	8.80	100	time
5	6	3	0	0	3	137.15	139.65	29.61	8.80	100	(UTC)
3	6	3	1	0	0	70.866000	165.947769	55.906126	8.796976	-1	###FLOW###
4	6	3	1	0	0	70.866000	165.947769	55.906126	8.796976	-1	###LINE###
5	6	3	1	0	0	70.87	165.95	28.78	8.80	100	Action
5	6	3	1	0	1	102.96	165.95	23.81	8.80	100	taken
3	6	3	2	0	0	70.866000	192.240769	26.287316	8.796976	-1	###FLOW###
4	6	3	2	0	0	70.866000	192.240769	26.287316	8.796976	-1	###LINE###
5	6	3	2	0	0	70.87	192.24	26.29	8.80	100	Intent
3	6	3	3	0	0	70.866000	218.533769	27.869377	8.796976	-1	###FLOW###
4	6	3	3	0	0	70.866000	218.533769	27.869377	8.796976	-1	###LINE###
5	6	3	3	0	0	70.87	218.53	27.87	8.80	100	Result
3	6	3	4	0	0	70.866000	244.827769	44.005800	8.796976	-1	###FLOW###
4	6	3	4	0	0	70.866000	244.827769	44.005800	8.796976	-1	###LINE###
5	6	3	4	0	0	70.87	244.83	44.01	8.80	100	Technique
3	6	3	5	0	0	70.866000	271.120769	39.161984	8.796976	-1	###FLOW###
4	6	3	5	0	0	70.866000	271.120769	39.161984	8.796976	-1	###LINE###
5	6	3	5	0	0	70.87	271.12	39.16	8.80	100	Evidence
3	6	3	6	0	0	70.866000	297.315143	108.945016	8.896602	-1	###FLOW###
4	6	3	6	0	0	70.866000	297.315143	108.945016	8.896602	-1	###LINE###
5	6	3	6	0	0	70.87	297.32	47.84	8.90	100	Defensive
5	6	3	6	0	1	122.52	297.32	57.29	8.90	100	observation
3	6	4	0	0	0	69.644000	334.189769	104.515644	8.796976	-1	###FLOW###
4	6	4	0	0	0	69.644000	334.189769	104.515644	8.796976	-1	###LINE###
5	6	4	0	0	0	69.64	334.19	29.41	8.80	100	(repeat
5	6	4	0	0	1	102.61	334.19	13.37	8.80	100	per
5	6	4	0	0	2	119.54	334.19	29.92	8.80	100	critical
5	6	4	0	0	3	153.03	334.19	21.13	8.80	100	step)
3	6	5	0	0	0	70.866000	360.765643	122.867177	10.496666	-1	###FLOW###
4	6	5	0	0	0	70.866000	360.765643	122.867177	10.496666	-1	###LINE###
5	6	5	0	0	0	70.87	360.77	39.48	10.50	100	Attack
5	6	5	0	0	1	114.84	360.77	26.71	10.50	100	path
5	6	5	0	0	2	146.02	360.77	47.71	10.50	100	diagram
3	6	5	1	0	0	69.644000	380.467769	454.485196	20.751976	-1	###FLOW###
4	6	5	1	0	0	69.644000	380.467769	454.485196	8.796976	-1	###LINE###
5	6	5	1	0	0	69.64	380.47	28.87	8.80	100	(insert
5	6	5	1	0	1	102.08	380.47	37.76	8.80	100	diagram:
5	6	5	1	0	2	144.43	380.47	33.18	8.80	100	starting
5	6	5	1	0	3	181.17	380.47	33.83	8.80	100	position
5	6	5	1	0	4	218.56	380.47	8.39	8.80	100	to
5	6	5	1	0	5	230.51	380.47	18.82	8.80	100	each
5	6	5	1	0	6	252.89	380.47	55.18	8.80	100	host/account
5	6	5	1	0	7	311.64	380.47	8.39	8.80	100	to
5	6	5	1	0	8	323.60	380.47	43.99	8.80	100	objectives,
5	6	5	1	0	9	371.16	380.47	18.06	8.80	100	with
5	6	5	1	0	10	392.78	380.47	44.25	8.80	100	techniques
5	6	5	1	0	11	440.59	380.47	31.29	8.80	100	labelled
5	6	5	1	0	12	475.43	380.47	15.77	8.80	100	and
5	6	5	1	0	13	494.76	380.47	29.37	8.80	100	control
4	6	5	1	1	0	70.041000	392.422769	136.588242	8.796976	-1	###LINE###
5	6	5	1	1	0	70.04	392.42	54.74	8.80	100	engagements
5	6	5	1	1	1	128.35	392.42	31.19	8.80	100	marked
5	6	5	1	1	2	163.09	392.42	43.54	8.80	100	distinctly)
3	6	6	0	0	0	70.866000	440.353199	266.769024	12.595964	-1	###FLOW###
4	6	6	0	0	0	70.866000	440.353199	266.769024	12.595964	-1	###LINE###
5	6	6	0	0	0	70.87	440.35	12.55	12.60	100	5.
5	6	6	0	0	1	90.59	440.35	68.34	12.60	100	Detection
5	6	6	0	0	2	164.32	440.35	25.78	12.60	100	and
5	6	6	0	0	3	195.47	440.35	60.50	12.60	100	response
5	6	6	0	0	4	261.35	440.35	76.28	12.60	100	assessment
3	6	6	1	0	0	95.773000	465.121769	404.111533	32.707976	-1	###FLOW###
4	6	6	1	0	0	95.773000	465.121769	404.111533	8.796976	-1	###LINE###
5	6	6	1	0	0	95.77	465.12	21.85	8.80	100	Built
5	6	6	1	0	1	120.94	465.12	20.09	8.80	100	from
5	6	6	1	0	2	144.37	465.12	57.73	8.80	100	reconciliation
5	6	6	1	0	3	205.43	465.12	19.24	8.80	100	with
5	6	6	1	0	4	227.99	465.12	13.74	8.80	100	the
5	6	6	1	0	5	245.06	465.12	38.80	8.80	100	defensive
5	6	6	1	0	6	287.18	465.12	36.00	8.80	100	element.
5	6	6	1	0	7	327.63	465.12	30.39	8.80	100	Record
5	6	6	1	0	8	361.35	465.12	18.96	8.80	100	each
5	6	6	1	0	9	383.64	465.12	29.98	8.80	100	control
5	6	6	1	0	10	416.95	465.12	22.04	8.80	100	stage
5	6	6	1	0	11	442.32	465.12	45.70	8.80	100	separately.
5	6	6	1	0	12	492.46	465.12	7.42	8.80	100	A
4	6	6	1	1	0	95.773000	477.077769	403.729364	8.796976	-1	###LINE###
5	6	6	1	1	0	95.77	477.08	33.32	8.80	100	blocked
5	6	6	1	1	1	132.51	477.08	27.10	8.80	100	action
5	6	6	1	1	2	163.03	477.08	15.24	8.80	100	can
5	6	6	1	1	3	181.70	477.08	54.84	8.80	100	demonstrate
5	6	6	1	1	4	239.96	477.08	46.61	8.80	100	prevention
5	6	6	1	1	5	290.00	477.08	15.24	8.80	100	but
5	6	6	1	1	6	308.67	477.08	6.83	8.80	100	is
5	6	6	1	1	7	318.91	477.08	14.68	8.80	100	not
5	6	6	1	1	8	337.02	477.08	60.69	8.80	100	automatically
5	6	6	1	1	9	401.13	477.08	5.08	8.80	100	a
5	6	6	1	1	10	409.63	477.08	21.19	8.80	100	valid
5	6	6	1	1	11	434.24	477.08	52.81	8.80	100	opportunity
5	6	6	1	1	12	490.47	477.08	9.03	8.80	100	to
4	6	6	1	2	0	95.773000	489.032769	237.607014	8.796976	-1	###LINE###
5	6	6	1	2	0	95.77	489.03	35.51	8.80	100	measure
5	6	6	1	2	1	134.60	489.03	41.26	8.80	100	telemetry
5	6	6	1	2	2	179.18	489.03	8.88	8.80	100	or
5	6	6	1	2	3	191.39	489.03	39.84	8.80	100	detection
5	6	6	1	2	4	234.56	489.03	11.93	8.80	100	for
5	6	6	1	2	5	249.81	489.03	13.84	8.80	100	the
5	6	6	1	2	6	266.96	489.03	37.36	8.80	100	intended
5	6	6	1	2	7	307.64	489.03	25.74	8.80	100	effect.
3	6	6	2	0	0	70.866000	506.865143	158.455153	8.896602	-1	###FLOW###
4	6	6	2	0	0	70.866000	506.865143	158.455153	8.896602	-1	###LINE###
5	6	6	2	0	0	70.87	506.87	33.17	8.90	100	Action
5	6	6	2	0	1	107.85	506.87	18.30	8.90	100	and
5	6	6	2	0	2	129.97	506.87	63.66	8.90	100	observability
5	6	6	2	0	3	197.45	506.87	31.87	8.90	100	record
3	6	7	0	0	0	70.488000	543.868769	43.305430	8.796976	-1	###FLOW###
4	6	7	0	0	0	70.488000	543.868769	43.305430	8.796976	-1	###LINE###
5	6	7	0	0	0	70.49	543.87	28.78	8.80	100	Action
5	6	7	0	0	1	102.59	543.87	11.21	8.80	100	ID
3	6	8	0	0	0	140.448000	531.913769	50.448990	20.751976	-1	###FLOW###
4	6	8	0	0	0	141.614000	531.913769	49.282990	8.796976	-1	###LINE###
5	6	8	0	0	0	141.61	531.91	22.17	8.80	100	Start
5	6	8	0	0	1	167.10	531.91	4.98	8.80	100	/
5	6	8	0	0	2	175.41	531.91	15.49	8.80	100	end
4	6	8	0	1	0	140.448000	543.868769	29.610840	8.796976	-1	###LINE###
5	6	8	0	1	0	140.45	543.87	29.61	8.80	100	(UTC)
3	6	9	0	0	0	214.813000	543.868769	64.837597	8.796976	-1	###FLOW###
4	6	9	0	0	0	214.813000	543.868769	64.837597	8.796976	-1	###LINE###
5	6	9	0	0	0	214.81	543.87	37.08	8.80	100	Attempt
5	6	9	0	0	1	255.21	543.87	24.44	8.80	100	result
3	6	9	1	0	0	215.191000	575.162769	72.787752	44.662976	-1	###FLOW###
4	6	9	1	0	0	215.191000	575.162769	72.787752	8.796976	-1	###LINE###
5	6	9	1	0	0	215.19	575.16	16.33	8.80	100	Not
5	6	9	1	0	1	234.84	575.16	44.83	8.80	100	attempted
5	6	9	1	0	2	283.00	575.16	4.98	8.80	100	/
4	6	9	1	1	0	215.191000	587.118769	57.119571	8.796976	-1	###LINE###
5	6	9	1	1	0	215.19	587.12	48.82	8.80	100	substituted
5	6	9	1	1	1	267.33	587.12	4.98	8.80	100	/
4	6	9	1	2	0	215.191000	599.073769	40.954256	8.796976	-1	###LINE###
5	6	9	1	2	0	215.19	599.07	32.66	8.80	100	blocked
5	6	9	1	2	1	251.16	599.07	4.98	8.80	100	/
4	6	9	1	3	0	215.191000	611.028769	37.916659	8.796976	-1	###LINE###
5	6	9	1	3	0	215.19	611.03	37.92	8.80	100	executed
3	6	10	0	0	0	302.750000	531.913769	64.478943	20.751976	-1	###FLOW###
4	6	10	0	0	0	302.750000	531.913769	64.478943	8.796976	-1	###LINE###
5	6	10	0	0	0	302.75	531.91	38.19	8.80	100	Intended
5	6	10	0	0	1	344.26	531.91	22.97	8.80	100	effect
4	6	10	0	1	0	302.750000	543.868769	37.664606	8.796976	-1	###LINE###
5	6	10	0	1	0	302.75	543.87	37.66	8.80	100	reached?
3	6	10	1	0	0	302.750000	575.132881	52.917346	10.381029	-1	###FLOW###
4	6	10	1	0	0	302.750000	575.132881	52.917346	10.381029	-1	###LINE###
5	6	10	1	0	0	302.75	575.13	7.75	10.38	100	□
5	6	10	1	0	1	313.82	575.16	15.00	8.80	100	Yes
5	6	10	1	0	2	332.14	575.13	7.75	10.38	100	□
5	6	10	1	0	3	343.21	575.16	12.45	8.80	100	No
3	6	11	0	0	0	260.882000	794.933960	73.512217	7.133239	-1	###FLOW###
4	6	11	0	0	0	260.882000	794.933960	73.512217	7.133239	-1	###LINE###
5	6	11	0	0	0	260.88	794.93	73.51	7.13	100	UNCLASSIFIED
3	6	11	1	0	0	289.696000	810.521052	15.883527	6.157865	-1	###FLOW###
4	6	11	1	0	0	289.696000	810.521052	15.883527	6.157865	-1	###LINE###
5	6	11	1	0	0	289.70	810.52	15.88	6.16	100	6/18
3	6	12	0	0	0	382.825000	531.913769	66.749420	20.751976	-1	###FLOW###
4	6	12	0	0	0	382.825000	531.913769	66.749420	8.796976	-1	###LINE###
5	6	12	0	0	0	382.83	531.91	43.75	8.80	100	Telemetry
5	6	12	0	0	1	429.90	531.91	11.38	8.80	100	ref
5	6	12	0	0	2	444.59	531.91	4.98	8.80	100	/
4	6	12	0	1	0	383.183000	543.868769	43.536562	8.796976	-1	###LINE###
5	6	12	0	1	0	383.18	543.87	17.24	8.80	100	first
5	6	12	0	1	1	403.74	543.87	22.98	8.80	100	event
3	6	13	0	0	0	459.729000	531.913769	64.884839	20.751976	-1	###FLOW###
4	6	13	0	0	0	459.729000	531.913769	45.436430	8.796976	-1	###LINE###
5	6	13	0	0	0	459.73	531.91	22.44	8.80	100	Alert
5	6	13	0	0	1	485.49	531.91	11.38	8.80	100	ref
5	6	13	0	0	2	500.18	531.91	4.98	8.80	100	/
4	6	13	0	1	0	460.107000	543.868769	64.506839	8.796976	-1	###LINE###
5	6	13	0	1	0	460.11	543.87	31.58	8.80	100	created
5	6	13	0	1	1	495.00	543.87	29.61	8.80	100	(UTC)
1	7	0	0	0	0	495.002999	543.868769	595.276000	841.890000	-1	###PAGE###
3	7	0	0	0	0	260.882000	40.770960	73.512217	7.133240	-1	###FLOW###
4	7	0	0	0	0	260.882000	40.770960	73.512217	7.133240	-1	###LINE###
5	7	0	0	0	0	260.88	40.77	73.51	7.13	100	UNCLASSIFIED
3	7	1	0	0	0	70.488000	90.998769	43.305430	8.796976	-1	###FLOW###
4	7	1	0	0	0	70.488000	90.998769	43.305430	8.796976	-1	###LINE###
5	7	1	0	0	0	70.49	91.00	28.78	8.80	100	Action
5	7	1	0	0	1	102.59	91.00	11.21	8.80	100	ID
3	7	2	0	0	0	140.448000	79.043769	50.448990	20.751976	-1	###FLOW###
4	7	2	0	0	0	141.614000	79.043769	49.282990	8.796976	-1	###LINE###
5	7	2	0	0	0	141.61	79.04	22.17	8.80	100	Start
5	7	2	0	0	1	167.10	79.04	4.98	8.80	100	/
5	7	2	0	0	2	175.41	79.04	15.49	8.80	100	end
4	7	2	0	1	0	140.448000	90.998769	29.610840	8.796976	-1	###LINE###
5	7	2	0	1	0	140.45	91.00	29.61	8.80	100	(UTC)
3	7	3	0	0	0	214.813000	90.998769	64.837597	8.796976	-1	###FLOW###
4	7	3	0	0	0	214.813000	90.998769	64.837597	8.796976	-1	###LINE###
5	7	3	0	0	0	214.81	91.00	37.08	8.80	100	Attempt
5	7	3	0	0	1	255.21	91.00	24.44	8.80	100	result
3	7	4	0	0	0	302.750000	79.043769	64.478943	20.751976	-1	###FLOW###
4	7	4	0	0	0	302.750000	79.043769	64.478943	8.796976	-1	###LINE###
5	7	4	0	0	0	302.75	79.04	38.19	8.80	100	Intended
5	7	4	0	0	1	344.26	79.04	22.97	8.80	100	effect
4	7	4	0	1	0	302.750000	90.998769	37.664606	8.796976	-1	###LINE###
5	7	4	0	1	0	302.75	91.00	37.66	8.80	100	reached?
3	7	5	0	0	0	382.825000	79.043769	66.749420	20.751976	-1	###FLOW###
4	7	5	0	0	0	382.825000	79.043769	66.749420	8.796976	-1	###LINE###
5	7	5	0	0	0	382.83	79.04	43.75	8.80	100	Telemetry
5	7	5	0	0	1	429.90	79.04	11.38	8.80	100	ref
5	7	5	0	0	2	444.59	79.04	4.98	8.80	100	/
4	7	5	0	1	0	383.183000	90.998769	43.536562	8.796976	-1	###LINE###
5	7	5	0	1	0	383.18	91.00	17.24	8.80	100	first
5	7	5	0	1	1	403.74	91.00	22.98	8.80	100	event
3	7	6	0	0	0	459.729000	79.043769	64.884839	20.751976	-1	###FLOW###
4	7	6	0	0	0	459.729000	79.043769	45.436430	8.796976	-1	###LINE###
5	7	6	0	0	0	459.73	79.04	22.44	8.80	100	Alert
5	7	6	0	0	1	485.49	79.04	11.38	8.80	100	ref
5	7	6	0	0	2	500.18	79.04	4.98	8.80	100	/
4	7	6	0	1	0	460.107000	90.998769	64.506839	8.796976	-1	###LINE###
5	7	6	0	1	0	460.11	91.00	31.58	8.80	100	created
5	7	6	0	1	1	495.00	91.00	29.61	8.80	100	(UTC)
3	7	7	0	0	0	381.585000	221.656769	40.626862	32.706976	-1	###FLOW###
4	7	7	0	0	0	382.751000	221.656769	39.460862	8.796976	-1	###LINE###
5	7	7	0	0	0	382.75	221.66	39.46	8.80	100	Recovery
4	7	7	0	1	0	382.751000	233.611769	38.745548	8.796976	-1	###LINE###
5	7	7	0	1	0	382.75	233.61	38.75	8.80	100	complete
4	7	7	0	2	0	381.585000	245.566769	29.610840	8.796976	-1	###LINE###
5	7	7	0	2	0	381.59	245.57	29.61	8.80	100	(UTC)
3	7	8	0	0	0	459.218000	233.611769	57.781087	20.751976	-1	###FLOW###
4	7	8	0	0	0	459.218000	233.611769	57.781087	8.796976	-1	###LINE###
5	7	8	0	0	0	459.22	233.61	49.48	8.80	100	Assessment
5	7	8	0	0	1	512.02	233.61	4.98	8.80	100	/
4	7	8	0	1	0	459.597000	245.566769	42.619007	8.796976	-1	###LINE###
5	7	8	0	1	0	459.60	245.57	42.62	8.80	100	limitation
3	7	9	0	0	0	70.866000	185.262143	237.141760	8.896602	-1	###FLOW###
4	7	9	0	0	0	70.866000	185.262143	237.141760	8.896602	-1	###LINE###
5	7	9	0	0	0	70.87	185.26	67.74	8.90	100	Investigation,
5	7	9	0	0	1	142.42	185.26	61.74	8.90	100	containment
5	7	9	0	0	2	207.99	185.26	18.30	8.90	100	and
5	7	9	0	0	3	230.10	185.26	42.22	8.90	100	recovery
5	7	9	0	0	4	276.13	185.26	31.87	8.90	100	record
3	7	10	0	0	0	70.488000	245.566769	43.305430	8.796976	-1	###FLOW###
4	7	10	0	0	0	70.488000	245.566769	43.305430	8.796976	-1	###LINE###
5	7	10	0	0	0	70.49	245.57	28.78	8.80	100	Action
5	7	10	0	0	1	102.59	245.57	11.21	8.80	100	ID
3	7	11	0	0	0	141.590000	209.701769	54.577487	44.661976	-1	###FLOW###
4	7	11	0	0	0	142.755000	209.701769	20.978247	8.796976	-1	###LINE###
5	7	11	0	0	0	142.76	209.70	20.98	8.80	100	First
4	7	11	0	1	0	142.755000	221.656769	53.412487	8.796976	-1	###LINE###
5	7	11	0	1	0	142.76	221.66	53.41	8.80	100	examination
4	7	11	0	2	0	141.590000	233.611769	37.909686	8.796976	-1	###LINE###
5	7	11	0	2	0	141.59	233.61	29.61	8.80	100	(UTC)
5	7	11	0	2	1	174.52	233.61	4.98	8.80	100	/
4	7	11	0	3	0	142.755000	245.566769	36.809814	8.796976	-1	###LINE###
5	7	11	0	3	0	142.76	245.57	36.81	8.80	100	evidence
3	7	12	0	0	0	222.101000	209.701769	60.606853	44.661976	-1	###FLOW###
4	7	12	0	0	0	223.266000	209.701769	59.441853	8.796976	-1	###LINE###
5	7	12	0	0	0	223.27	209.70	20.98	8.80	100	First
5	7	12	0	0	1	247.56	209.70	35.15	8.80	100	effective
4	7	12	0	1	0	223.266000	221.656769	53.685463	8.796976	-1	###LINE###
5	7	12	0	1	0	223.27	221.66	53.69	8.80	100	containment
4	7	12	0	2	0	222.101000	233.611769	37.909686	8.796976	-1	###LINE###
5	7	12	0	2	0	222.10	233.61	29.61	8.80	100	(UTC)
5	7	12	0	2	1	255.03	233.61	4.98	8.80	100	/
4	7	12	0	3	0	223.266000	245.566769	36.809814	8.796976	-1	###LINE###
5	7	12	0	3	0	223.27	245.57	36.81	8.80	100	evidence
3	7	13	0	0	0	305.760000	221.656769	37.443812	32.706976	-1	###FLOW###
4	7	13	0	0	0	306.547000	221.656769	28.338616	8.796976	-1	###LINE###
5	7	13	0	0	0	306.55	221.66	28.34	8.80	100	Access
4	7	13	0	1	0	306.926000	233.611769	36.277812	8.796976	-1	###LINE###
5	7	13	0	1	0	306.93	233.61	36.28	8.80	100	removed
4	7	13	0	2	0	305.760000	245.566769	29.610840	8.796976	-1	###LINE###
5	7	13	0	2	0	305.76	245.57	29.61	8.80	100	(UTC)
3	7	14	0	0	0	70.866000	498.370643	122.704586	10.496666	-1	###FLOW###
4	7	14	0	0	0	70.866000	498.370643	122.704586	10.496666	-1	###LINE###
5	7	14	0	0	0	70.87	498.37	17.19	10.50	100	5.1
5	7	14	0	0	1	92.53	498.37	42.23	10.50	100	Timing
5	7	14	0	0	2	139.25	498.37	54.32	10.50	100	summary
3	7	14	1	0	0	95.773000	518.072769	405.115440	20.751976	-1	###FLOW###
4	7	14	1	0	0	95.773000	518.072769	405.115440	8.796976	-1	###LINE###
5	7	14	1	0	0	95.77	518.07	16.15	8.80	100	Use
5	7	14	1	0	1	115.24	518.07	14.11	8.80	100	the
5	7	14	1	0	2	132.69	518.07	40.40	8.80	100	approved
5	7	14	1	0	3	176.42	518.07	45.79	8.80	100	definitions
5	7	14	1	0	4	225.54	518.07	8.47	8.80	100	in
5	7	14	1	0	5	237.33	518.07	20.32	8.80	100	T04.
5	7	14	1	0	6	262.10	518.07	21.45	8.80	100	“Not
5	7	14	1	0	7	286.88	518.07	38.48	8.80	100	observed
5	7	14	1	0	8	328.68	518.07	10.73	8.80	100	by
5	7	14	1	0	9	342.74	518.07	14.11	8.80	100	the
5	7	14	1	0	10	360.19	518.07	15.81	8.80	100	end
5	7	14	1	0	11	379.32	518.07	8.19	8.80	100	of
5	7	14	1	0	12	390.83	518.07	14.11	8.80	100	the
5	7	14	1	0	13	408.28	518.07	38.39	8.80	100	window”
5	7	14	1	0	14	450.00	518.07	6.83	8.80	100	is
5	7	14	1	0	15	460.15	518.07	40.74	8.80	100	censored,
4	7	14	1	1	0	95.773000	530.027769	370.248074	8.796976	-1	###LINE###
5	7	14	1	1	0	95.77	530.03	14.39	8.80	100	not
5	7	14	1	1	1	113.48	530.03	20.51	8.80	100	zero.
5	7	14	1	1	2	138.42	530.03	30.32	8.80	100	Report
5	7	14	1	1	3	172.07	530.03	28.01	8.80	100	counts
5	7	14	1	1	4	203.40	530.03	16.05	8.80	100	and
5	7	14	1	1	5	222.77	530.03	57.70	8.80	100	distributions;
5	7	14	1	1	6	283.79	530.03	10.52	8.80	100	do
5	7	14	1	1	7	297.62	530.03	14.39	8.80	100	not
5	7	14	1	1	8	315.34	530.03	24.63	8.80	100	imply
5	7	14	1	1	9	343.29	530.03	38.28	8.80	100	precision
5	7	14	1	1	10	384.88	530.03	13.84	8.80	100	the
5	7	14	1	1	11	402.04	530.03	36.81	8.80	100	evidence
5	7	14	1	1	12	442.17	530.03	23.85	8.80	100	lacks.
3	7	15	0	0	0	70.866000	578.277769	59.162900	20.751976	-1	###FLOW###
4	7	15	0	0	0	70.866000	578.277769	59.162900	8.796976	-1	###LINE###
5	7	15	0	0	0	70.87	578.28	36.34	8.80	100	Measure
5	7	15	0	0	1	110.52	578.28	11.21	8.80	100	ID
5	7	15	0	0	2	125.05	578.28	4.98	8.80	100	/
4	7	15	0	1	0	70.866000	590.232769	23.246731	8.796976	-1	###LINE###
5	7	15	0	1	0	70.87	590.23	23.25	8.80	100	name
3	7	16	0	0	0	160.811000	554.367769	58.557517	44.661976	-1	###FLOW###
4	7	16	0	0	0	161.169000	554.367769	58.199517	8.796976	-1	###LINE###
5	7	16	0	0	0	161.17	554.37	58.20	8.80	100	Measurement
4	7	16	0	1	0	160.811000	566.322769	52.299665	8.796976	-1	###LINE###
5	7	16	0	1	0	160.81	566.32	32.93	8.80	100	window
5	7	16	0	1	1	197.06	566.32	16.05	8.80	100	and
4	7	16	0	2	0	161.169000	578.277769	22.966782	8.796976	-1	###LINE###
5	7	16	0	2	0	161.17	578.28	22.97	8.80	100	event
4	7	16	0	3	0	161.169000	590.232769	40.960234	8.796976	-1	###LINE###
5	7	16	0	3	0	161.17	590.23	40.96	8.80	100	definition
3	7	17	0	0	0	231.926000	590.232769	48.151238	8.796976	-1	###FLOW###
4	7	17	0	0	0	231.926000	590.232769	48.151238	8.796976	-1	###LINE###
5	7	17	0	0	0	231.93	590.23	31.55	8.80	100	Sample
5	7	17	0	0	1	266.79	590.23	13.28	8.80	100	(n)
3	7	18	0	0	0	293.705000	590.232769	40.488006	8.796976	-1	###FLOW###
4	7	18	0	0	0	293.705000	590.232769	40.488006	8.796976	-1	###LINE###
5	7	18	0	0	0	293.71	590.23	40.49	8.80	100	Observed
3	7	19	0	0	0	70.866000	621.527769	78.344352	8.796976	-1	###FLOW###
4	7	19	0	0	0	70.866000	621.527769	78.344352	8.796976	-1	###LINE###
5	7	19	0	0	0	70.87	621.53	22.35	8.80	100	Time
5	7	19	0	0	1	96.54	621.53	8.72	8.80	100	to
5	7	19	0	0	2	108.58	621.53	40.64	8.80	100	telemetry
3	7	19	1	0	0	70.866000	647.820769	58.147711	8.796976	-1	###FLOW###
4	7	19	1	0	0	70.866000	647.820769	58.147711	8.796976	-1	###LINE###
5	7	19	1	0	0	70.87	647.82	22.69	8.80	100	Time
5	7	19	1	0	1	96.88	647.82	8.86	8.80	100	to
5	7	19	1	0	2	109.06	647.82	19.95	8.80	100	alert
3	7	19	2	0	0	70.866000	674.113769	53.412487	20.751976	-1	###FLOW###
4	7	19	2	0	0	70.866000	674.113769	34.866111	8.796976	-1	###LINE###
5	7	19	2	0	0	70.87	674.11	22.69	8.80	100	Time
5	7	19	2	0	1	96.88	674.11	8.86	8.80	100	to
4	7	19	2	1	0	70.866000	686.068769	53.412487	8.796976	-1	###LINE###
5	7	19	2	1	0	70.87	686.07	53.41	8.80	100	examination
3	7	19	3	0	0	70.866000	712.362769	72.310543	8.796976	-1	###FLOW###
4	7	19	3	0	0	70.866000	712.362769	72.310543	8.796976	-1	###LINE###
5	7	19	3	0	0	70.87	712.36	22.69	8.80	100	Time
5	7	19	3	0	1	96.88	712.36	8.86	8.80	100	to
5	7	19	3	0	2	109.06	712.36	34.12	8.80	100	respond
3	7	19	4	0	0	70.866000	738.655769	70.018149	8.796976	-1	###FLOW###
4	7	19	4	0	0	70.866000	738.655769	70.018149	8.796976	-1	###LINE###
5	7	19	4	0	0	70.87	738.66	22.69	8.80	100	Time
5	7	19	4	0	1	96.88	738.66	8.86	8.80	100	to
5	7	19	4	0	2	109.06	738.66	31.82	8.80	100	contain
3	7	19	5	0	0	70.866000	764.949769	68.965102	8.796976	-1	###FLOW###
4	7	19	5	0	0	70.866000	764.949769	68.965102	8.796976	-1	###LINE###
5	7	19	5	0	0	70.87	764.95	22.69	8.80	100	Time
5	7	19	5	0	1	96.88	764.95	8.86	8.80	100	to
5	7	19	5	0	2	109.06	764.95	30.77	8.80	100	recover
3	7	19	6	0	0	260.882000	794.933960	73.512217	7.133239	-1	###FLOW###
4	7	19	6	0	0	260.882000	794.933960	73.512217	7.133239	-1	###LINE###
5	7	19	6	0	0	260.88	794.93	73.51	7.13	100	UNCLASSIFIED
3	7	19	7	0	0	289.696000	810.521052	15.883527	6.157865	-1	###FLOW###
4	7	19	7	0	0	289.696000	810.521052	15.883527	6.157865	-1	###LINE###
5	7	19	7	0	0	289.70	810.52	15.88	6.16	100	7/18
3	7	20	0	0	0	354.797000	590.232769	39.936078	8.796976	-1	###FLOW###
4	7	20	0	0	0	354.797000	590.232769	39.936078	8.796976	-1	###LINE###
5	7	20	0	0	0	354.80	590.23	39.94	8.80	100	Censored
3	7	21	0	0	0	415.888000	590.232769	32.380443	8.796976	-1	###FLOW###
4	7	21	0	0	0	415.888000	590.232769	32.380443	8.796976	-1	###LINE###
5	7	21	0	0	0	415.89	590.23	32.38	8.80	100	Median
3	7	22	0	0	0	476.298000	590.232769	27.259666	8.796976	-1	###FLOW###
4	7	22	0	0	0	476.298000	590.232769	27.259666	8.796976	-1	###LINE###
5	7	22	0	0	0	476.30	590.23	27.26	8.80	100	Range
1	8	0	0	0	0	476.298000	590.232769	595.276000	841.890000	-1	###PAGE###
3	8	0	0	0	0	260.882000	40.770960	73.512217	7.133240	-1	###FLOW###
4	8	0	0	0	0	260.882000	40.770960	73.512217	7.133240	-1	###LINE###
5	8	0	0	0	0	260.88	40.77	73.51	7.13	100	UNCLASSIFIED
3	8	1	0	0	0	70.866000	102.344769	59.162900	20.751976	-1	###FLOW###
4	8	1	0	0	0	70.866000	102.344769	59.162900	8.796976	-1	###LINE###
5	8	1	0	0	0	70.87	102.34	36.34	8.80	100	Measure
5	8	1	0	0	1	110.52	102.34	11.21	8.80	100	ID
5	8	1	0	0	2	125.05	102.34	4.98	8.80	100	/
4	8	1	0	1	0	70.866000	114.299769	23.246731	8.796976	-1	###LINE###
5	8	1	0	1	0	70.87	114.30	23.25	8.80	100	name
3	8	2	0	0	0	160.811000	78.434769	58.557517	44.661976	-1	###FLOW###
4	8	2	0	0	0	161.169000	78.434769	58.199517	8.796976	-1	###LINE###
5	8	2	0	0	0	161.17	78.43	58.20	8.80	100	Measurement
4	8	2	0	1	0	160.811000	90.389769	52.299665	8.796976	-1	###LINE###
5	8	2	0	1	0	160.81	90.39	32.93	8.80	100	window
5	8	2	0	1	1	197.06	90.39	16.05	8.80	100	and
4	8	2	0	2	0	161.169000	102.344769	22.966782	8.796976	-1	###LINE###
5	8	2	0	2	0	161.17	102.34	22.97	8.80	100	event
4	8	2	0	3	0	161.169000	114.299769	40.960234	8.796976	-1	###LINE###
5	8	2	0	3	0	161.17	114.30	40.96	8.80	100	definition
3	8	3	0	0	0	231.926000	114.299769	48.151238	8.796976	-1	###FLOW###
4	8	3	0	0	0	231.926000	114.299769	48.151238	8.796976	-1	###LINE###
5	8	3	0	0	0	231.93	114.30	31.55	8.80	100	Sample
5	8	3	0	0	1	266.79	114.30	13.28	8.80	100	(n)
3	8	4	0	0	0	293.705000	114.299769	40.488006	8.796976	-1	###FLOW###
4	8	4	0	0	0	293.705000	114.299769	40.488006	8.796976	-1	###LINE###
5	8	4	0	0	0	293.71	114.30	40.49	8.80	100	Observed
3	8	5	0	0	0	354.797000	114.299769	39.936078	8.796976	-1	###FLOW###
4	8	5	0	0	0	354.797000	114.299769	39.936078	8.796976	-1	###LINE###
5	8	5	0	0	0	354.80	114.30	39.94	8.80	100	Censored
3	8	6	0	0	0	415.888000	114.299769	32.380443	8.796976	-1	###FLOW###
4	8	6	0	0	0	415.888000	114.299769	32.380443	8.796976	-1	###LINE###
5	8	6	0	0	0	415.89	114.30	32.38	8.80	100	Median
3	8	7	0	0	0	476.298000	114.299769	27.259666	8.796976	-1	###FLOW###
4	8	7	0	0	0	476.298000	114.299769	27.259666	8.796976	-1	###LINE###
5	8	7	0	0	0	476.30	114.30	27.26	8.80	100	Range
3	8	8	0	0	0	70.866000	145.593769	37.861865	8.796976	-1	###FLOW###
4	8	8	0	0	0	70.866000	145.593769	37.861865	8.796976	-1	###LINE###
5	8	8	0	0	0	70.87	145.59	37.86	8.80	100	Presence
3	8	9	0	0	0	70.507000	191.401769	202.987975	8.796976	-1	###FLOW###
4	8	9	0	0	0	70.507000	191.401769	202.987975	8.796976	-1	###LINE###
5	8	9	0	0	0	70.51	191.40	54.24	8.80	100	Timing-data
5	8	9	0	0	1	128.07	191.40	29.97	8.80	100	source,
5	8	9	0	0	2	161.36	191.40	42.90	8.80	100	validation
5	8	9	0	0	3	207.58	191.40	16.05	8.80	100	and
5	8	9	0	0	4	226.95	191.40	46.55	8.80	100	limitations
3	8	10	0	0	0	70.866000	312.737643	142.229819	10.496666	-1	###FLOW###
4	8	10	0	0	0	70.866000	312.737643	142.229819	10.496666	-1	###LINE###
5	8	10	0	0	0	70.87	312.74	17.19	10.50	100	5.2
5	8	10	0	0	1	92.53	312.74	53.82	10.50	100	Coverage
5	8	10	0	0	2	150.84	312.74	20.74	10.50	100	gap
5	8	10	0	0	3	176.06	312.74	37.03	10.50	100	profile
3	8	10	1	0	0	95.414000	332.440769	404.093258	20.751976	-1	###FLOW###
4	8	10	1	0	0	95.414000	332.440769	404.093258	8.796976	-1	###LINE###
5	8	10	1	0	0	95.41	332.44	16.82	8.80	100	The
5	8	10	1	0	1	115.12	332.44	21.73	8.80	100	three
5	8	10	1	0	2	139.73	332.44	41.85	8.80	100	categories
5	8	10	1	0	3	184.47	332.44	19.25	8.80	100	have
5	8	10	1	0	4	206.62	332.44	35.27	8.80	100	different
5	8	10	1	0	5	244.79	332.44	31.80	8.80	100	owners,
5	8	10	1	0	6	279.57	332.44	20.72	8.80	100	costs
5	8	10	1	0	7	303.18	332.44	15.73	8.80	100	and
5	8	10	1	0	8	321.81	332.44	45.66	8.80	100	timescales.
5	8	10	1	0	9	371.76	332.44	19.04	8.80	100	This
5	8	10	1	0	10	393.69	332.44	6.56	8.80	100	is
5	8	10	1	0	11	403.16	332.44	13.56	8.80	100	the
5	8	10	1	0	12	419.61	332.44	21.16	8.80	100	table
5	8	10	1	0	13	443.65	332.44	17.90	8.80	100	that
5	8	10	1	0	14	464.44	332.44	35.07	8.80	100	converts
4	8	10	1	1	0	95.773000	344.395769	155.664629	8.796976	-1	###LINE###
5	8	10	1	1	0	95.77	344.40	33.82	8.80	100	findings
5	8	10	1	1	1	132.91	344.40	16.88	8.80	100	into
5	8	10	1	1	2	153.12	344.40	4.98	8.80	100	a
5	8	10	1	1	3	161.42	344.40	29.89	8.80	100	budget
5	8	10	1	1	4	194.62	344.40	56.81	8.80	100	conversation.
3	8	11	0	0	0	70.866000	380.690769	58.487436	8.796976	-1	###FLOW###
4	8	11	0	0	0	70.866000	380.690769	58.487436	8.796976	-1	###LINE###
5	8	11	0	0	0	70.87	380.69	18.33	8.80	100	Gap
5	8	11	0	0	1	92.52	380.69	36.84	8.80	100	category
3	8	12	0	0	0	180.519000	380.690769	26.842233	8.796976	-1	###FLOW###
4	8	12	0	0	0	180.519000	380.690769	26.842233	8.796976	-1	###LINE###
5	8	12	0	0	0	180.52	380.69	26.84	8.80	100	Count
3	8	13	0	0	0	467.485000	368.734769	57.233173	20.752976	-1	###FLOW###
4	8	13	0	0	0	467.485000	368.734769	31.690034	8.796976	-1	###LINE###
5	8	13	0	0	0	467.48	368.73	31.69	8.80	100	Locally
4	8	13	0	1	0	467.485000	380.690769	57.233173	8.796976	-1	###LINE###
5	8	13	0	1	0	467.48	380.69	28.06	8.80	100	agreed
5	8	13	0	1	1	498.86	380.69	25.86	8.80	100	target
3	8	14	0	0	0	239.684000	380.690769	82.500291	8.796976	-1	###FLOW###
4	8	14	0	0	0	239.684000	380.690769	82.500291	8.796976	-1	###LINE###
5	8	14	0	0	0	239.68	380.69	53.41	8.80	100	Accountable
5	8	14	0	0	1	296.42	380.69	25.76	8.80	100	owner
3	8	15	0	0	0	341.884000	380.690769	69.074691	8.796976	-1	###FLOW###
4	8	15	0	0	0	341.884000	380.690769	69.074691	8.796976	-1	###LINE###
5	8	15	0	0	0	341.88	380.69	39.19	8.80	100	Required
5	8	15	0	0	1	384.39	380.69	26.57	8.80	100	action
3	8	16	0	0	0	70.866000	411.885143	49.763187	20.851602	-1	###FLOW###
4	8	16	0	0	0	70.866000	411.885143	49.763187	8.896602	-1	###LINE###
5	8	16	0	0	0	70.87	411.89	14.69	8.90	100	No
5	8	16	0	0	1	89.38	411.89	31.25	8.90	100	usable
4	8	16	0	1	0	70.866000	423.840143	48.160205	8.896602	-1	###LINE###
5	8	16	0	1	0	70.87	423.84	48.16	8.90	100	telemetry
3	8	17	0	0	0	240.063000	411.984769	88.442982	20.751976	-1	###FLOW###
4	8	17	0	0	0	240.063000	411.984769	88.442982	8.796976	-1	###LINE###
5	8	17	0	0	0	240.06	411.98	38.63	8.80	100	Platform
5	8	17	0	0	1	282.01	411.98	4.98	8.80	100	/
5	8	17	0	0	2	290.32	411.98	38.18	8.80	100	endpoint
4	8	17	0	1	0	240.063000	423.939769	49.290960	8.796976	-1	###LINE###
5	8	17	0	1	0	240.06	423.94	49.29	8.80	100	engineering
3	8	18	0	0	0	341.884000	411.984769	106.628712	32.706976	-1	###FLOW###
4	8	18	0	0	0	341.884000	411.984769	98.294000	8.796976	-1	###LINE###
5	8	18	0	0	0	341.88	411.98	40.10	8.80	100	Establish
5	8	18	0	0	1	385.30	411.98	8.88	8.80	100	or
5	8	18	0	0	2	397.51	411.98	25.52	8.80	100	repair
5	8	18	0	0	3	426.35	411.98	13.83	8.80	100	the
4	8	18	0	1	0	341.884000	423.939769	106.628712	8.796976	-1	###LINE###
5	8	18	0	1	0	341.88	423.94	27.21	8.80	100	source
5	8	18	0	1	1	372.41	423.94	16.05	8.80	100	and
5	8	18	0	1	2	391.78	423.94	34.05	8.80	100	validate
5	8	18	0	1	3	429.14	423.94	19.37	8.80	100	data
4	8	18	0	2	0	341.884000	435.894769	30.163764	8.796976	-1	###LINE###
5	8	18	0	2	0	341.88	435.89	30.16	8.80	100	quality
3	8	19	0	0	0	70.866000	462.088143	94.323904	32.807602	-1	###FLOW###
4	8	19	0	0	0	70.866000	462.088143	94.323904	8.896602	-1	###LINE###
5	8	19	0	0	0	70.87	462.09	50.72	8.90	100	Telemetry
5	8	19	0	0	1	125.40	462.09	39.79	8.90	100	present,
4	8	19	0	1	0	70.866000	474.044143	56.804753	8.896602	-1	###LINE###
5	8	19	0	1	0	70.87	474.04	12.09	8.90	100	no
5	8	19	0	1	1	86.78	474.04	40.90	8.90	100	effective
4	8	19	0	2	0	70.866000	485.999143	46.146763	8.896602	-1	###LINE###
5	8	19	0	2	0	70.87	486.00	46.15	8.90	100	detection
3	8	20	0	0	0	240.063000	462.187769	49.290960	20.752976	-1	###FLOW###
4	8	20	0	0	0	240.063000	462.187769	41.928598	8.796976	-1	###LINE###
5	8	20	0	0	0	240.06	462.19	41.93	8.80	100	Detection
4	8	20	0	1	0	240.063000	474.143769	49.290960	8.796976	-1	###LINE###
5	8	20	0	1	0	240.06	474.14	49.29	8.80	100	engineering
3	8	21	0	0	0	341.884000	462.187769	104.134076	20.752976	-1	###FLOW###
4	8	21	0	0	0	341.884000	462.187769	85.986204	8.796976	-1	###LINE###
5	8	21	0	0	0	341.88	462.19	29.25	8.80	100	Design
5	8	21	0	0	1	374.45	462.19	16.05	8.80	100	and
5	8	21	0	0	2	393.82	462.19	34.05	8.80	100	validate
4	8	21	0	1	0	341.884000	474.143769	104.134076	8.796976	-1	###LINE###
5	8	21	0	1	0	341.88	474.14	39.85	8.80	100	detection
5	8	21	0	1	1	385.05	474.14	31.05	8.80	100	against
5	8	21	0	1	2	419.42	474.14	26.59	8.80	100	replay
3	8	22	0	0	0	70.866000	512.292143	82.223330	44.762602	-1	###FLOW###
4	8	22	0	0	0	70.866000	512.292143	82.223330	8.896602	-1	###LINE###
5	8	22	0	0	0	70.87	512.29	26.27	8.90	100	Alert
5	8	22	0	0	1	100.95	512.29	52.14	8.90	100	generated,
4	8	22	0	1	0	70.866000	524.247143	81.317730	8.896602	-1	###LINE###
5	8	22	0	1	0	70.87	524.25	16.55	8.90	100	not
5	8	22	0	1	1	91.23	524.25	47.58	8.90	100	examined
5	8	22	0	1	2	142.64	524.25	9.55	8.90	100	in
4	8	22	0	2	0	70.866000	536.203143	61.787049	8.896602	-1	###LINE###
5	8	22	0	2	0	70.87	536.20	16.07	8.90	100	the
5	8	22	0	2	1	90.75	536.20	41.90	8.90	100	required
4	8	22	0	3	0	70.866000	548.158143	37.872824	8.896602	-1	###LINE###
5	8	22	0	3	0	70.87	548.16	37.87	8.90	100	window
3	8	23	0	0	0	240.063000	512.391769	89.666389	20.751976	-1	###FLOW###
4	8	23	0	0	0	240.063000	512.391769	89.666389	8.796976	-1	###LINE###
5	8	23	0	0	0	240.06	512.39	41.15	8.80	100	Defensive
5	8	23	0	0	1	284.53	512.39	45.20	8.80	100	operations
4	8	23	0	1	0	240.063000	524.346769	55.070264	8.796976	-1	###LINE###
5	8	23	0	1	0	240.06	524.35	55.07	8.80	100	management
3	8	24	0	0	0	341.884000	512.391769	111.609015	32.707976	-1	###FLOW###
4	8	24	0	0	0	341.884000	512.391769	111.609015	8.796976	-1	###LINE###
5	8	24	0	0	0	341.88	512.39	32.71	8.80	100	Correct
5	8	24	0	0	1	377.91	512.39	37.92	8.80	100	capacity,
5	8	24	0	0	2	419.15	512.39	34.35	8.80	100	routing,
4	8	24	0	1	0	341.884000	524.346769	110.553976	8.796976	-1	###LINE###
5	8	24	0	1	0	341.88	524.35	32.71	8.80	100	priority
5	8	24	0	1	1	377.91	524.35	8.88	8.80	100	or
5	8	24	0	1	2	390.12	524.35	42.95	8.80	100	procedure
5	8	24	0	1	3	436.40	524.35	16.04	8.80	100	and
4	8	24	0	2	0	341.884000	536.302769	45.223230	8.796976	-1	###LINE###
5	8	24	0	2	0	341.88	536.30	45.22	8.80	100	re-exercise
3	8	25	0	0	0	70.866000	585.712643	145.537823	10.496666	-1	###FLOW###
4	8	25	0	0	0	70.866000	585.712643	145.537823	10.496666	-1	###LINE###
5	8	25	0	0	0	70.87	585.71	17.19	10.50	100	5.3
5	8	25	0	0	1	92.53	585.71	61.17	10.50	100	Prediction
5	8	25	0	0	2	158.18	585.71	16.14	10.50	100	vs.
5	8	25	0	0	3	178.81	585.71	37.60	10.50	100	reality
3	8	25	1	0	0	70.225000	605.414769	453.906911	20.751976	-1	###FLOW###
4	8	25	1	0	0	70.316000	605.414769	453.815911	8.796976	-1	###LINE###
5	8	25	1	0	0	70.32	605.41	22.41	8.80	100	From
5	8	25	1	0	1	96.28	605.41	12.84	8.80	100	the
5	8	25	1	0	2	112.68	605.41	25.68	8.80	100	attack
5	8	25	1	0	3	141.92	605.41	17.88	8.80	100	path
5	8	25	1	0	4	163.36	605.41	44.81	8.80	100	hypotheses
5	8	25	1	0	5	211.72	605.41	30.34	8.80	100	written
5	8	25	1	0	6	245.62	605.41	24.80	8.80	100	before
5	8	25	1	0	7	273.98	605.41	42.84	8.80	100	execution.
5	8	25	1	0	8	321.39	605.41	16.62	8.80	100	The
5	8	25	1	0	9	341.57	605.41	14.60	8.80	100	gap
5	8	25	1	0	10	359.73	605.41	32.47	8.80	100	between
5	8	25	1	0	11	395.76	605.41	19.89	8.80	100	what
5	8	25	1	0	12	419.21	605.41	12.84	8.80	100	the
5	8	25	1	0	13	435.61	605.41	52.74	8.80	100	organisation
5	8	25	1	0	14	491.92	605.41	32.21	8.80	100	believed
4	8	25	1	1	0	70.225000	617.369769	183.184319	8.796976	-1	###LINE###
5	8	25	1	1	0	70.22	617.37	10.44	8.80	100	its
5	8	25	1	1	1	84.23	617.37	33.48	8.80	100	controls
5	8	25	1	1	2	121.27	617.37	10.18	8.80	100	do
5	8	25	1	1	3	135.02	617.37	15.78	8.80	100	and
5	8	25	1	1	4	154.37	617.37	20.11	8.80	100	what
5	8	25	1	1	5	178.05	617.37	17.82	8.80	100	they
5	8	25	1	1	6	199.43	617.37	34.12	8.80	100	actually
5	8	25	1	1	7	237.11	617.37	16.29	8.80	100	did.
3	8	25	2	0	0	70.885000	646.271769	32.958273	8.796976	-1	###FLOW###
4	8	25	2	0	0	70.885000	646.271769	32.958273	8.796976	-1	###LINE###
5	8	25	2	0	0	70.88	646.27	32.96	8.80	100	Control
3	8	26	0	0	0	183.379000	646.271769	81.528937	8.796976	-1	###FLOW###
4	8	26	0	0	0	183.379000	646.271769	81.528937	8.796976	-1	###LINE###
5	8	26	0	0	0	183.38	646.27	41.68	8.80	100	Predicted
5	8	26	0	0	1	228.38	646.27	36.53	8.80	100	outcome
3	8	27	0	0	0	307.647000	646.271769	68.628366	8.796976	-1	###FLOW###
4	8	27	0	0	0	307.647000	646.271769	68.628366	8.796976	-1	###LINE###
5	8	27	0	0	0	307.65	646.27	28.78	8.80	100	Actual
5	8	27	0	0	1	339.74	646.27	36.53	8.80	100	outcome
3	8	28	0	0	0	260.882000	794.933960	73.512217	7.133239	-1	###FLOW###
4	8	28	0	0	0	260.882000	794.933960	73.512217	7.133239	-1	###LINE###
5	8	28	0	0	0	260.88	794.93	73.51	7.13	100	UNCLASSIFIED
3	8	28	1	0	0	289.696000	810.521052	15.883527	6.157865	-1	###FLOW###
4	8	28	1	0	0	289.696000	810.521052	15.883527	6.157865	-1	###LINE###
5	8	28	1	0	0	289.70	810.52	15.88	6.16	100	8/18
3	8	29	0	0	0	429.161000	646.271769	18.334173	8.796976	-1	###FLOW###
4	8	29	0	0	0	429.161000	646.271769	18.334173	8.796976	-1	###LINE###
5	8	29	0	0	0	429.16	646.27	18.33	8.80	100	Gap
1	9	0	0	0	0	429.161000	646.271769	595.276000	841.890000	-1	###PAGE###
3	9	0	0	0	0	260.882000	40.770960	73.512217	7.133240	-1	###FLOW###
4	9	0	0	0	0	260.882000	40.770960	73.512217	7.133240	-1	###LINE###
5	9	0	0	0	0	260.88	40.77	73.51	7.13	100	UNCLASSIFIED
3	9	1	0	0	0	70.866000	75.001199	242.153814	12.595964	-1	###FLOW###
4	9	1	0	0	0	70.866000	75.001199	242.153814	12.595964	-1	###LINE###
5	9	1	0	0	0	70.87	75.00	12.55	12.60	100	6.
5	9	1	0	0	1	90.59	75.00	71.23	12.60	100	Technique
5	9	1	0	0	2	167.20	75.00	25.78	12.60	100	and
5	9	1	0	0	3	198.36	75.00	49.19	12.60	100	control
5	9	1	0	0	4	252.93	75.00	60.09	12.60	100	coverage
3	9	1	1	0	0	70.866000	99.671143	121.125291	8.896602	-1	###FLOW###
4	9	1	1	0	0	70.866000	99.671143	121.125291	8.896602	-1	###LINE###
5	9	1	1	0	0	70.87	99.67	75.14	8.90	100	Planned-action
5	9	1	1	0	1	149.82	99.67	42.17	8.90	100	outcome
3	9	2	0	0	0	70.488000	146.692769	43.305430	8.796976	-1	###FLOW###
4	9	2	0	0	0	70.488000	146.692769	43.305430	8.796976	-1	###LINE###
5	9	2	0	0	0	70.49	146.69	28.78	8.80	100	Action
5	9	2	0	0	1	102.59	146.69	11.21	8.80	100	ID
3	9	3	0	0	0	154.544000	122.781769	58.253315	32.707976	-1	###FLOW###
4	9	3	0	0	0	154.564000	122.781769	35.147057	8.796976	-1	###LINE###
5	9	3	0	0	0	154.56	122.78	26.85	8.80	100	Tactic
5	9	3	0	0	1	184.73	122.78	4.98	8.80	100	/
4	9	3	0	1	0	154.544000	134.736769	58.253315	8.796976	-1	###LINE###
5	9	3	0	1	0	154.54	134.74	43.73	8.80	100	ATT&CK
5	9	3	0	1	1	201.59	134.74	11.21	8.80	100	ID
4	9	3	0	2	0	154.922000	146.692769	42.616018	8.796976	-1	###LINE###
5	9	3	0	2	0	154.92	146.69	16.05	8.80	100	and
5	9	3	0	2	1	174.29	146.69	23.25	8.80	100	name
3	9	4	0	0	0	70.866000	177.986769	20.755085	8.796976	-1	###FLOW###
4	9	4	0	0	0	70.866000	177.986769	20.755085	8.796976	-1	###LINE###
5	9	4	0	0	0	70.87	177.99	20.76	8.80	100	A-01
3	9	5	0	0	0	230.825000	134.736769	44.191105	20.752976	-1	###FLOW###
4	9	5	0	0	0	230.825000	134.736769	44.191105	8.796976	-1	###LINE###
5	9	5	0	0	0	230.83	134.74	44.19	8.80	100	Procedure
4	9	5	0	1	0	230.825000	146.692769	19.429063	8.796976	-1	###LINE###
5	9	5	0	1	0	230.83	146.69	19.43	8.80	100	used
3	9	6	0	0	0	304.012000	146.692769	39.298472	8.796976	-1	###FLOW###
4	9	6	0	0	0	304.012000	146.692769	39.298472	8.796976	-1	###LINE###
5	9	6	0	0	0	304.01	146.69	39.30	8.80	100	Outcome
3	9	6	1	0	0	303.016000	177.986769	65.474943	44.661976	-1	###FLOW###
4	9	6	1	0	0	304.012000	177.986769	64.478943	8.796976	-1	###LINE###
5	9	6	1	0	0	304.01	177.99	16.33	8.80	100	Not
5	9	6	1	0	1	323.66	177.99	44.83	8.80	100	attempted
4	9	6	1	1	0	303.016000	189.941769	65.418417	8.796976	-1	###LINE###
5	9	6	1	1	0	303.02	189.94	4.98	8.80	100	/
5	9	6	1	1	1	311.31	189.94	48.82	8.80	100	substituted
5	9	6	1	1	2	363.45	189.94	4.98	8.80	100	/
4	9	6	1	2	0	304.012000	201.896769	40.954256	8.796976	-1	###LINE###
5	9	6	1	2	0	304.01	201.90	32.66	8.80	100	blocked
5	9	6	1	2	1	339.98	201.90	4.98	8.80	100	/
4	9	6	1	3	0	304.012000	213.851769	37.916659	8.796976	-1	###LINE###
5	9	6	1	3	0	304.01	213.85	37.92	8.80	100	executed
3	9	7	0	0	0	70.866000	240.145769	20.755085	8.796976	-1	###FLOW###
4	9	7	0	0	0	70.866000	240.145769	20.755085	8.796976	-1	###LINE###
5	9	7	0	0	0	70.87	240.15	20.76	8.80	100	A-02
3	9	7	1	0	0	70.866000	266.438769	20.755085	8.796976	-1	###FLOW###
4	9	7	1	0	0	70.866000	266.438769	20.755085	8.796976	-1	###LINE###
5	9	7	1	0	0	70.87	266.44	20.76	8.80	100	A-03
3	9	7	2	0	0	70.866000	292.732769	20.755085	8.796976	-1	###FLOW###
4	9	7	2	0	0	70.866000	292.732769	20.755085	8.796976	-1	###LINE###
5	9	7	2	0	0	70.87	292.73	20.76	8.80	100	A-04
3	9	7	3	0	0	70.866000	319.025769	20.755085	8.796976	-1	###FLOW###
4	9	7	3	0	0	70.866000	319.025769	20.755085	8.796976	-1	###LINE###
5	9	7	3	0	0	70.87	319.03	20.76	8.80	100	A-05
3	9	7	4	0	0	70.866000	345.318769	20.755085	8.796976	-1	###FLOW###
4	9	7	4	0	0	70.866000	345.318769	20.755085	8.796976	-1	###LINE###
5	9	7	4	0	0	70.87	345.32	20.76	8.80	100	A-06
3	9	7	5	0	0	70.866000	371.612769	20.755085	8.796976	-1	###FLOW###
4	9	7	5	0	0	70.866000	371.612769	20.755085	8.796976	-1	###LINE###
5	9	7	5	0	0	70.87	371.61	20.76	8.80	100	A-07
3	9	7	6	0	0	70.866000	397.905769	20.755085	8.796976	-1	###FLOW###
4	9	7	6	0	0	70.866000	397.905769	20.755085	8.796976	-1	###LINE###
5	9	7	6	0	0	70.87	397.91	20.76	8.80	100	A-08
3	9	7	7	0	0	70.866000	424.199769	20.755085	8.796976	-1	###FLOW###
4	9	7	7	0	0	70.866000	424.199769	20.755085	8.796976	-1	###LINE###
5	9	7	7	0	0	70.87	424.20	20.76	8.80	100	A-09
3	9	7	8	0	0	70.866000	450.492769	20.755085	8.796976	-1	###FLOW###
4	9	7	8	0	0	70.866000	450.492769	20.755085	8.796976	-1	###LINE###
5	9	7	8	0	0	70.87	450.49	20.76	8.80	100	A-10
3	9	7	9	0	0	70.866000	476.786769	20.755085	8.796976	-1	###FLOW###
4	9	7	9	0	0	70.866000	476.786769	20.755085	8.796976	-1	###LINE###
5	9	7	9	0	0	70.87	476.79	20.76	8.80	100	A-11
3	9	7	10	0	0	70.866000	503.079769	20.755085	8.796976	-1	###FLOW###
4	9	7	10	0	0	70.866000	503.079769	20.755085	8.796976	-1	###LINE###
5	9	7	10	0	0	70.87	503.08	20.76	8.80	100	A-12
3	9	7	11	0	0	70.866000	529.372769	20.755085	8.796976	-1	###FLOW###
4	9	7	11	0	0	70.866000	529.372769	20.755085	8.796976	-1	###LINE###
5	9	7	11	0	0	70.87	529.37	20.76	8.80	100	A-13
3	9	7	12	0	0	70.866000	555.666769	20.755085	8.796976	-1	###FLOW###
4	9	7	12	0	0	70.866000	555.666769	20.755085	8.796976	-1	###LINE###
5	9	7	12	0	0	70.87	555.67	20.76	8.80	100	A-14
3	9	7	13	0	0	70.866000	581.959769	20.755085	8.796976	-1	###FLOW###
4	9	7	13	0	0	70.866000	581.959769	20.755085	8.796976	-1	###LINE###
5	9	7	13	0	0	70.87	581.96	20.76	8.80	100	A-15
3	9	8	0	0	0	70.866000	618.636143	113.460066	8.896602	-1	###FLOW###
4	9	8	0	0	0	70.866000	618.636143	113.460066	8.896602	-1	###LINE###
5	9	8	0	0	0	70.87	618.64	67.48	8.90	100	Control-stage
5	9	8	0	0	1	142.16	618.64	42.17	8.90	100	outcome
3	9	9	0	0	0	260.882000	794.933960	73.512217	7.133239	-1	###FLOW###
4	9	9	0	0	0	260.882000	794.933960	73.512217	7.133239	-1	###LINE###
5	9	9	0	0	0	260.88	794.93	73.51	7.13	100	UNCLASSIFIED
3	9	9	1	0	0	289.696000	810.521052	15.883527	6.157865	-1	###FLOW###
4	9	9	1	0	0	289.696000	810.521052	15.883527	6.157865	-1	###LINE###
5	9	9	1	0	0	289.70	810.52	15.88	6.16	100	9/18
3	9	10	0	0	0	385.466000	122.781769	58.028160	32.707976	-1	###FLOW###
4	9	10	0	0	0	385.466000	122.781769	58.028160	8.796976	-1	###LINE###
5	9	10	0	0	0	385.47	122.78	31.19	8.80	100	Reason
5	9	10	0	0	1	419.97	122.78	5.81	8.80	100	if
5	9	10	0	0	2	429.10	122.78	14.39	8.80	100	not
4	9	10	0	1	0	385.466000	134.736769	57.034889	8.796976	-1	###LINE###
5	9	10	0	1	0	385.47	134.74	44.83	8.80	100	attempted
5	9	10	0	1	1	433.62	134.74	8.88	8.80	100	or
4	9	10	0	2	0	385.466000	146.692769	48.820725	8.796976	-1	###LINE###
5	9	10	0	2	0	385.47	146.69	48.82	8.80	100	substituted
3	9	11	0	0	0	463.616000	146.692769	53.854827	8.796976	-1	###FLOW###
4	9	11	0	0	0	463.616000	146.692769	53.854827	8.796976	-1	###LINE###
5	9	11	0	0	0	463.62	146.69	39.16	8.80	100	Evidence
5	9	11	0	0	1	506.10	146.69	11.38	8.80	100	ref
1	10	0	0	0	0	506.095530	146.692769	595.276000	841.890000	-1	###PAGE###
3	10	0	0	0	0	384.189000	17.129960	73.512217	7.133240	-1	###FLOW###
4	10	0	0	0	0	384.189000	17.129960	73.512217	7.133240	-1	###LINE###
5	10	0	0	0	0	384.19	17.13	73.51	7.13	100	UNCLASSIFIED
3	10	1	0	0	0	66.536000	79.010769	43.305430	8.796976	-1	###FLOW###
4	10	1	0	0	0	66.536000	79.010769	43.305430	8.796976	-1	###LINE###
5	10	1	0	0	0	66.54	79.01	28.78	8.80	100	Action
5	10	1	0	0	1	98.63	79.01	11.21	8.80	100	ID
3	10	2	0	0	0	155.562000	79.010769	43.613274	8.796976	-1	###FLOW###
4	10	2	0	0	0	155.562000	79.010769	43.613274	8.796976	-1	###LINE###
5	10	2	0	0	0	155.56	79.01	43.61	8.80	100	Prevented
3	10	3	0	0	0	241.246000	79.010769	40.268829	8.796976	-1	###FLOW###
4	10	3	0	0	0	241.246000	79.010769	40.268829	8.796976	-1	###LINE###
5	10	3	0	0	0	241.25	79.01	40.27	8.80	100	Executed
3	10	4	0	0	0	326.742000	79.010769	73.696341	8.796976	-1	###FLOW###
4	10	4	0	0	0	326.742000	79.010769	73.696341	8.796976	-1	###LINE###
5	10	4	0	0	0	326.74	79.01	29.11	8.80	100	Usable
5	10	4	0	0	1	359.17	79.01	41.26	8.80	100	telemetry
3	10	5	0	0	0	413.468000	79.010769	22.444742	8.796976	-1	###FLOW###
4	10	5	0	0	0	413.468000	79.010769	22.444742	8.796976	-1	###LINE###
5	10	5	0	0	0	413.47	79.01	22.44	8.80	100	Alert
3	10	6	0	0	0	498.731000	79.010769	52.634408	8.796976	-1	###FLOW###
4	10	6	0	0	0	498.731000	79.010769	52.634408	8.796976	-1	###LINE###
5	10	6	0	0	0	498.73	79.01	52.63	8.80	100	Investigated
3	10	7	0	0	0	585.036000	79.010769	44.554740	8.796976	-1	###FLOW###
4	10	7	0	0	0	585.036000	79.010769	44.554740	8.796976	-1	###LINE###
5	10	7	0	0	0	585.04	79.01	44.55	8.80	100	Contained
3	10	8	0	0	0	681.999000	79.010769	44.166198	8.796976	-1	###FLOW###
4	10	8	0	0	0	681.999000	79.010769	44.166198	8.796976	-1	###LINE###
5	10	8	0	0	0	682.00	79.01	44.17	8.80	100	Recovered
3	10	9	0	0	0	66.914000	110.304769	20.755085	8.796976	-1	###FLOW###
4	10	9	0	0	0	66.914000	110.304769	20.755085	8.796976	-1	###LINE###
5	10	9	0	0	0	66.91	110.30	20.76	8.80	100	A-01
3	10	10	0	0	0	155.562000	110.274881	7.748910	10.381029	-1	###FLOW###
4	10	10	0	0	0	155.562000	110.274881	7.748910	10.381029	-1	###LINE###
5	10	10	0	0	0	155.56	110.27	7.75	10.38	100	□
3	10	11	0	0	0	241.246000	110.274881	7.748910	10.381029	-1	###FLOW###
4	10	11	0	0	0	241.246000	110.274881	7.748910	10.381029	-1	###LINE###
5	10	11	0	0	0	241.25	110.27	7.75	10.38	100	□
3	10	12	0	0	0	326.742000	110.274881	7.748910	10.381029	-1	###FLOW###
4	10	12	0	0	0	326.742000	110.274881	7.748910	10.381029	-1	###LINE###
5	10	12	0	0	0	326.74	110.27	7.75	10.38	100	□
3	10	13	0	0	0	413.846000	110.274881	7.748910	10.381029	-1	###FLOW###
4	10	13	0	0	0	413.846000	110.274881	7.748910	10.381029	-1	###LINE###
5	10	13	0	0	0	413.85	110.27	7.75	10.38	100	□
3	10	14	0	0	0	498.731000	110.274881	7.748910	10.381029	-1	###FLOW###
4	10	14	0	0	0	498.731000	110.274881	7.748910	10.381029	-1	###LINE###
5	10	14	0	0	0	498.73	110.27	7.75	10.38	100	□
3	10	15	0	0	0	585.036000	110.274881	30.991656	10.381029	-1	###FLOW###
4	10	15	0	0	0	585.036000	110.274881	30.991656	10.381029	-1	###LINE###
5	10	15	0	0	0	585.04	110.27	7.75	10.38	100	□
5	10	15	0	0	1	596.10	110.30	19.93	8.80	100	N/A
3	10	16	0	0	0	681.999000	110.274881	30.991656	10.381029	-1	###FLOW###
4	10	16	0	0	0	681.999000	110.274881	30.991656	10.381029	-1	###LINE###
5	10	16	0	0	0	682.00	110.27	7.75	10.38	100	□
5	10	16	0	0	1	693.07	110.30	19.93	8.80	100	N/A
3	10	17	0	0	0	66.914000	136.598769	20.755085	8.796976	-1	###FLOW###
4	10	17	0	0	0	66.914000	136.598769	20.755085	8.796976	-1	###LINE###
5	10	17	0	0	0	66.91	136.60	20.76	8.80	100	A-02
3	10	18	0	0	0	155.564204	136.568881	7.748910	10.381029	-1	###FLOW###
4	10	18	0	0	0	155.564204	136.568881	7.748910	10.381029	-1	###LINE###
5	10	18	0	0	0	155.56	136.57	7.75	10.38	100	□
3	10	19	0	0	0	241.250534	136.568881	7.748910	10.381029	-1	###FLOW###
4	10	19	0	0	0	241.250534	136.568881	7.748910	10.381029	-1	###LINE###
5	10	19	0	0	0	241.25	136.57	7.75	10.38	100	□
3	10	20	0	0	0	326.737612	136.568881	7.748910	10.381029	-1	###FLOW###
4	10	20	0	0	0	326.737612	136.568881	7.748910	10.381029	-1	###LINE###
5	10	20	0	0	0	326.74	136.57	7.75	10.38	100	□
3	10	21	0	0	0	413.848594	136.568881	7.748910	10.381029	-1	###FLOW###
4	10	21	0	0	0	413.848594	136.568881	7.748910	10.381029	-1	###LINE###
5	10	21	0	0	0	413.85	136.57	7.75	10.38	100	□
3	10	22	0	0	0	498.727953	136.568881	7.748910	10.381029	-1	###FLOW###
4	10	22	0	0	0	498.727953	136.568881	7.748910	10.381029	-1	###LINE###
5	10	22	0	0	0	498.73	136.57	7.75	10.38	100	□
3	10	23	0	0	0	585.031964	136.568881	31.001619	10.381029	-1	###FLOW###
4	10	23	0	0	0	585.031964	136.568881	31.001619	10.381029	-1	###LINE###
5	10	23	0	0	0	585.03	136.57	7.75	10.38	100	□
5	10	23	0	0	1	596.11	136.60	19.93	8.80	100	N/A
3	10	24	0	0	0	681.995958	136.568881	31.001619	10.381029	-1	###FLOW###
4	10	24	0	0	0	681.995958	136.568881	31.001619	10.381029	-1	###LINE###
5	10	24	0	0	0	682.00	136.57	7.75	10.38	100	□
5	10	24	0	0	1	693.07	136.60	19.93	8.80	100	N/A
3	10	25	0	0	0	66.914000	162.891769	20.755085	8.796976	-1	###FLOW###
4	10	25	0	0	0	66.914000	162.891769	20.755085	8.796976	-1	###LINE###
5	10	25	0	0	0	66.91	162.89	20.76	8.80	100	A-03
3	10	26	0	0	0	155.562000	162.861881	7.748910	10.381029	-1	###FLOW###
4	10	26	0	0	0	155.562000	162.861881	7.748910	10.381029	-1	###LINE###
5	10	26	0	0	0	155.56	162.86	7.75	10.38	100	□
3	10	27	0	0	0	241.246000	162.861881	7.748910	10.381029	-1	###FLOW###
4	10	27	0	0	0	241.246000	162.861881	7.748910	10.381029	-1	###LINE###
5	10	27	0	0	0	241.25	162.86	7.75	10.38	100	□
3	10	28	0	0	0	326.742000	162.861881	7.748910	10.381029	-1	###FLOW###
4	10	28	0	0	0	326.742000	162.861881	7.748910	10.381029	-1	###LINE###
5	10	28	0	0	0	326.74	162.86	7.75	10.38	100	□
3	10	29	0	0	0	413.846000	162.861881	7.748910	10.381029	-1	###FLOW###
4	10	29	0	0	0	413.846000	162.861881	7.748910	10.381029	-1	###LINE###
5	10	29	0	0	0	413.85	162.86	7.75	10.38	100	□
3	10	30	0	0	0	498.731000	162.861881	7.748910	10.381029	-1	###FLOW###
4	10	30	0	0	0	498.731000	162.861881	7.748910	10.381029	-1	###LINE###
5	10	30	0	0	0	498.73	162.86	7.75	10.38	100	□
3	10	31	0	0	0	585.036000	162.861881	30.991656	10.381029	-1	###FLOW###
4	10	31	0	0	0	585.036000	162.861881	30.991656	10.381029	-1	###LINE###
5	10	31	0	0	0	585.04	162.86	7.75	10.38	100	□
5	10	31	0	0	1	596.10	162.89	19.93	8.80	100	N/A
3	10	32	0	0	0	681.999000	162.861881	30.991656	10.381029	-1	###FLOW###
4	10	32	0	0	0	681.999000	162.861881	30.991656	10.381029	-1	###LINE###
5	10	32	0	0	0	682.00	162.86	7.75	10.38	100	□
5	10	32	0	0	1	693.07	162.89	19.93	8.80	100	N/A
3	10	33	0	0	0	66.914000	189.184769	20.755085	8.796976	-1	###FLOW###
4	10	33	0	0	0	66.914000	189.184769	20.755085	8.796976	-1	###LINE###
5	10	33	0	0	0	66.91	189.18	20.76	8.80	100	A-04
3	10	34	0	0	0	155.564204	189.154881	7.748910	10.381029	-1	###FLOW###
4	10	34	0	0	0	155.564204	189.154881	7.748910	10.381029	-1	###LINE###
5	10	34	0	0	0	155.56	189.15	7.75	10.38	100	□
3	10	35	0	0	0	241.250534	189.154881	7.748910	10.381029	-1	###FLOW###
4	10	35	0	0	0	241.250534	189.154881	7.748910	10.381029	-1	###LINE###
5	10	35	0	0	0	241.25	189.15	7.75	10.38	100	□
3	10	36	0	0	0	326.737612	189.154881	7.748910	10.381029	-1	###FLOW###
4	10	36	0	0	0	326.737612	189.154881	7.748910	10.381029	-1	###LINE###
5	10	36	0	0	0	326.74	189.15	7.75	10.38	100	□
3	10	37	0	0	0	413.848594	189.154881	7.748910	10.381029	-1	###FLOW###
4	10	37	0	0	0	413.848594	189.154881	7.748910	10.381029	-1	###LINE###
5	10	37	0	0	0	413.85	189.15	7.75	10.38	100	□
3	10	38	0	0	0	498.727953	189.154881	7.748910	10.381029	-1	###FLOW###
4	10	38	0	0	0	498.727953	189.154881	7.748910	10.381029	-1	###LINE###
5	10	38	0	0	0	498.73	189.15	7.75	10.38	100	□
3	10	39	0	0	0	585.031964	189.154881	31.001619	10.381029	-1	###FLOW###
4	10	39	0	0	0	585.031964	189.154881	31.001619	10.381029	-1	###LINE###
5	10	39	0	0	0	585.03	189.15	7.75	10.38	100	□
5	10	39	0	0	1	596.11	189.18	19.93	8.80	100	N/A
3	10	40	0	0	0	681.995958	189.154881	31.001619	10.381029	-1	###FLOW###
4	10	40	0	0	0	681.995958	189.154881	31.001619	10.381029	-1	###LINE###
5	10	40	0	0	0	682.00	189.15	7.75	10.38	100	□
5	10	40	0	0	1	693.07	189.18	19.93	8.80	100	N/A
3	10	41	0	0	0	66.914000	215.478769	20.755085	8.796976	-1	###FLOW###
4	10	41	0	0	0	66.914000	215.478769	20.755085	8.796976	-1	###LINE###
5	10	41	0	0	0	66.91	215.48	20.76	8.80	100	A-05
3	10	42	0	0	0	155.562000	215.448881	7.748910	10.381029	-1	###FLOW###
4	10	42	0	0	0	155.562000	215.448881	7.748910	10.381029	-1	###LINE###
5	10	42	0	0	0	155.56	215.45	7.75	10.38	100	□
3	10	43	0	0	0	241.246000	215.448881	7.748910	10.381029	-1	###FLOW###
4	10	43	0	0	0	241.246000	215.448881	7.748910	10.381029	-1	###LINE###
5	10	43	0	0	0	241.25	215.45	7.75	10.38	100	□
3	10	44	0	0	0	326.742000	215.448881	7.748910	10.381029	-1	###FLOW###
4	10	44	0	0	0	326.742000	215.448881	7.748910	10.381029	-1	###LINE###
5	10	44	0	0	0	326.74	215.45	7.75	10.38	100	□
3	10	45	0	0	0	413.846000	215.448881	7.748910	10.381029	-1	###FLOW###
4	10	45	0	0	0	413.846000	215.448881	7.748910	10.381029	-1	###LINE###
5	10	45	0	0	0	413.85	215.45	7.75	10.38	100	□
3	10	46	0	0	0	498.731000	215.448881	7.748910	10.381029	-1	###FLOW###
4	10	46	0	0	0	498.731000	215.448881	7.748910	10.381029	-1	###LINE###
5	10	46	0	0	0	498.73	215.45	7.75	10.38	100	□
3	10	47	0	0	0	585.036000	215.448881	30.991656	10.381029	-1	###FLOW###
4	10	47	0	0	0	585.036000	215.448881	30.991656	10.381029	-1	###LINE###
5	10	47	0	0	0	585.04	215.45	7.75	10.38	100	□
5	10	47	0	0	1	596.10	215.48	19.93	8.80	100	N/A
3	10	48	0	0	0	681.999000	215.448881	30.991656	10.381029	-1	###FLOW###
4	10	48	0	0	0	681.999000	215.448881	30.991656	10.381029	-1	###LINE###
5	10	48	0	0	0	682.00	215.45	7.75	10.38	100	□
5	10	48	0	0	1	693.07	215.48	19.93	8.80	100	N/A
3	10	49	0	0	0	66.914000	241.771769	20.755085	8.796976	-1	###FLOW###
4	10	49	0	0	0	66.914000	241.771769	20.755085	8.796976	-1	###LINE###
5	10	49	0	0	0	66.91	241.77	20.76	8.80	100	A-06
3	10	50	0	0	0	155.564204	241.741881	7.748910	10.381029	-1	###FLOW###
4	10	50	0	0	0	155.564204	241.741881	7.748910	10.381029	-1	###LINE###
5	10	50	0	0	0	155.56	241.74	7.75	10.38	100	□
3	10	51	0	0	0	241.250534	241.741881	7.748910	10.381029	-1	###FLOW###
4	10	51	0	0	0	241.250534	241.741881	7.748910	10.381029	-1	###LINE###
5	10	51	0	0	0	241.25	241.74	7.75	10.38	100	□
3	10	52	0	0	0	326.737612	241.741881	7.748910	10.381029	-1	###FLOW###
4	10	52	0	0	0	326.737612	241.741881	7.748910	10.381029	-1	###LINE###
5	10	52	0	0	0	326.74	241.74	7.75	10.38	100	□
3	10	53	0	0	0	413.848594	241.741881	7.748910	10.381029	-1	###FLOW###
4	10	53	0	0	0	413.848594	241.741881	7.748910	10.381029	-1	###LINE###
5	10	53	0	0	0	413.85	241.74	7.75	10.38	100	□
3	10	54	0	0	0	498.727953	241.741881	7.748910	10.381029	-1	###FLOW###
4	10	54	0	0	0	498.727953	241.741881	7.748910	10.381029	-1	###LINE###
5	10	54	0	0	0	498.73	241.74	7.75	10.38	100	□
3	10	55	0	0	0	585.031964	241.741881	31.001619	10.381029	-1	###FLOW###
4	10	55	0	0	0	585.031964	241.741881	31.001619	10.381029	-1	###LINE###
5	10	55	0	0	0	585.03	241.74	7.75	10.38	100	□
5	10	55	0	0	1	596.11	241.77	19.93	8.80	100	N/A
3	10	56	0	0	0	681.995958	241.741881	31.001619	10.381029	-1	###FLOW###
4	10	56	0	0	0	681.995958	241.741881	31.001619	10.381029	-1	###LINE###
5	10	56	0	0	0	682.00	241.74	7.75	10.38	100	□
5	10	56	0	0	1	693.07	241.77	19.93	8.80	100	N/A
3	10	57	0	0	0	66.914000	268.065769	20.755085	8.796976	-1	###FLOW###
4	10	57	0	0	0	66.914000	268.065769	20.755085	8.796976	-1	###LINE###
5	10	57	0	0	0	66.91	268.07	20.76	8.80	100	A-07
3	10	58	0	0	0	155.562000	268.035881	7.748910	10.381029	-1	###FLOW###
4	10	58	0	0	0	155.562000	268.035881	7.748910	10.381029	-1	###LINE###
5	10	58	0	0	0	155.56	268.04	7.75	10.38	100	□
3	10	59	0	0	0	241.246000	268.035881	7.748910	10.381029	-1	###FLOW###
4	10	59	0	0	0	241.246000	268.035881	7.748910	10.381029	-1	###LINE###
5	10	59	0	0	0	241.25	268.04	7.75	10.38	100	□
3	10	60	0	0	0	326.742000	268.035881	7.748910	10.381029	-1	###FLOW###
4	10	60	0	0	0	326.742000	268.035881	7.748910	10.381029	-1	###LINE###
5	10	60	0	0	0	326.74	268.04	7.75	10.38	100	□
3	10	61	0	0	0	413.846000	268.035881	7.748910	10.381029	-1	###FLOW###
4	10	61	0	0	0	413.846000	268.035881	7.748910	10.381029	-1	###LINE###
5	10	61	0	0	0	413.85	268.04	7.75	10.38	100	□
3	10	62	0	0	0	498.731000	268.035881	7.748910	10.381029	-1	###FLOW###
4	10	62	0	0	0	498.731000	268.035881	7.748910	10.381029	-1	###LINE###
5	10	62	0	0	0	498.73	268.04	7.75	10.38	100	□
3	10	63	0	0	0	585.036000	268.035881	30.991656	10.381029	-1	###FLOW###
4	10	63	0	0	0	585.036000	268.035881	30.991656	10.381029	-1	###LINE###
5	10	63	0	0	0	585.04	268.04	7.75	10.38	100	□
5	10	63	0	0	1	596.10	268.07	19.93	8.80	100	N/A
3	10	64	0	0	0	681.999000	268.035881	30.991656	10.381029	-1	###FLOW###
4	10	64	0	0	0	681.999000	268.035881	30.991656	10.381029	-1	###LINE###
5	10	64	0	0	0	682.00	268.04	7.75	10.38	100	□
5	10	64	0	0	1	693.07	268.07	19.93	8.80	100	N/A
3	10	65	0	0	0	66.914000	294.358769	20.755085	8.796976	-1	###FLOW###
4	10	65	0	0	0	66.914000	294.358769	20.755085	8.796976	-1	###LINE###
5	10	65	0	0	0	66.91	294.36	20.76	8.80	100	A-08
3	10	66	0	0	0	155.564204	294.328881	7.748910	10.381029	-1	###FLOW###
4	10	66	0	0	0	155.564204	294.328881	7.748910	10.381029	-1	###LINE###
5	10	66	0	0	0	155.56	294.33	7.75	10.38	100	□
3	10	67	0	0	0	241.250534	294.328881	7.748910	10.381029	-1	###FLOW###
4	10	67	0	0	0	241.250534	294.328881	7.748910	10.381029	-1	###LINE###
5	10	67	0	0	0	241.25	294.33	7.75	10.38	100	□
3	10	68	0	0	0	326.737612	294.328881	7.748910	10.381029	-1	###FLOW###
4	10	68	0	0	0	326.737612	294.328881	7.748910	10.381029	-1	###LINE###
5	10	68	0	0	0	326.74	294.33	7.75	10.38	100	□
3	10	69	0	0	0	413.848594	294.328881	7.748910	10.381029	-1	###FLOW###
4	10	69	0	0	0	413.848594	294.328881	7.748910	10.381029	-1	###LINE###
5	10	69	0	0	0	413.85	294.33	7.75	10.38	100	□
3	10	70	0	0	0	498.727953	294.328881	7.748910	10.381029	-1	###FLOW###
4	10	70	0	0	0	498.727953	294.328881	7.748910	10.381029	-1	###LINE###
5	10	70	0	0	0	498.73	294.33	7.75	10.38	100	□
3	10	71	0	0	0	585.031964	294.328881	31.001619	10.381029	-1	###FLOW###
4	10	71	0	0	0	585.031964	294.328881	31.001619	10.381029	-1	###LINE###
5	10	71	0	0	0	585.03	294.33	7.75	10.38	100	□
5	10	71	0	0	1	596.11	294.36	19.93	8.80	100	N/A
3	10	72	0	0	0	681.995958	294.328881	31.001619	10.381029	-1	###FLOW###
4	10	72	0	0	0	681.995958	294.328881	31.001619	10.381029	-1	###LINE###
5	10	72	0	0	0	682.00	294.33	7.75	10.38	100	□
5	10	72	0	0	1	693.07	294.36	19.93	8.80	100	N/A
3	10	73	0	0	0	66.914000	320.652769	20.755085	8.796976	-1	###FLOW###
4	10	73	0	0	0	66.914000	320.652769	20.755085	8.796976	-1	###LINE###
5	10	73	0	0	0	66.91	320.65	20.76	8.80	100	A-09
3	10	74	0	0	0	155.562000	320.622881	7.748910	10.381029	-1	###FLOW###
4	10	74	0	0	0	155.562000	320.622881	7.748910	10.381029	-1	###LINE###
5	10	74	0	0	0	155.56	320.62	7.75	10.38	100	□
3	10	75	0	0	0	241.246000	320.622881	7.748910	10.381029	-1	###FLOW###
4	10	75	0	0	0	241.246000	320.622881	7.748910	10.381029	-1	###LINE###
5	10	75	0	0	0	241.25	320.62	7.75	10.38	100	□
3	10	76	0	0	0	326.742000	320.622881	7.748910	10.381029	-1	###FLOW###
4	10	76	0	0	0	326.742000	320.622881	7.748910	10.381029	-1	###LINE###
5	10	76	0	0	0	326.74	320.62	7.75	10.38	100	□
3	10	77	0	0	0	413.846000	320.622881	7.748910	10.381029	-1	###FLOW###
4	10	77	0	0	0	413.846000	320.622881	7.748910	10.381029	-1	###LINE###
5	10	77	0	0	0	413.85	320.62	7.75	10.38	100	□
3	10	78	0	0	0	498.731000	320.622881	7.748910	10.381029	-1	###FLOW###
4	10	78	0	0	0	498.731000	320.622881	7.748910	10.381029	-1	###LINE###
5	10	78	0	0	0	498.73	320.62	7.75	10.38	100	□
3	10	79	0	0	0	585.036000	320.622881	30.991656	10.381029	-1	###FLOW###
4	10	79	0	0	0	585.036000	320.622881	30.991656	10.381029	-1	###LINE###
5	10	79	0	0	0	585.04	320.62	7.75	10.38	100	□
5	10	79	0	0	1	596.10	320.65	19.93	8.80	100	N/A
3	10	80	0	0	0	681.999000	320.622881	30.991656	10.381029	-1	###FLOW###
4	10	80	0	0	0	681.999000	320.622881	30.991656	10.381029	-1	###LINE###
5	10	80	0	0	0	682.00	320.62	7.75	10.38	100	□
5	10	80	0	0	1	693.07	320.65	19.93	8.80	100	N/A
3	10	81	0	0	0	66.914000	346.945769	20.755085	8.796976	-1	###FLOW###
4	10	81	0	0	0	66.914000	346.945769	20.755085	8.796976	-1	###LINE###
5	10	81	0	0	0	66.91	346.95	20.76	8.80	100	A-10
3	10	82	0	0	0	155.564204	346.915881	7.748910	10.381029	-1	###FLOW###
4	10	82	0	0	0	155.564204	346.915881	7.748910	10.381029	-1	###LINE###
5	10	82	0	0	0	155.56	346.92	7.75	10.38	100	□
3	10	83	0	0	0	241.250534	346.915881	7.748910	10.381029	-1	###FLOW###
4	10	83	0	0	0	241.250534	346.915881	7.748910	10.381029	-1	###LINE###
5	10	83	0	0	0	241.25	346.92	7.75	10.38	100	□
3	10	84	0	0	0	326.737612	346.915881	7.748910	10.381029	-1	###FLOW###
4	10	84	0	0	0	326.737612	346.915881	7.748910	10.381029	-1	###LINE###
5	10	84	0	0	0	326.74	346.92	7.75	10.38	100	□
3	10	85	0	0	0	413.848594	346.915881	7.748910	10.381029	-1	###FLOW###
4	10	85	0	0	0	413.848594	346.915881	7.748910	10.381029	-1	###LINE###
5	10	85	0	0	0	413.85	346.92	7.75	10.38	100	□
3	10	86	0	0	0	498.727953	346.915881	7.748910	10.381029	-1	###FLOW###
4	10	86	0	0	0	498.727953	346.915881	7.748910	10.381029	-1	###LINE###
5	10	86	0	0	0	498.73	346.92	7.75	10.38	100	□
3	10	87	0	0	0	585.031964	346.915881	31.001619	10.381029	-1	###FLOW###
4	10	87	0	0	0	585.031964	346.915881	31.001619	10.381029	-1	###LINE###
5	10	87	0	0	0	585.03	346.92	7.75	10.38	100	□
5	10	87	0	0	1	596.11	346.95	19.93	8.80	100	N/A
3	10	88	0	0	0	681.995958	346.915881	31.001619	10.381029	-1	###FLOW###
4	10	88	0	0	0	681.995958	346.915881	31.001619	10.381029	-1	###LINE###
5	10	88	0	0	0	682.00	346.92	7.75	10.38	100	□
5	10	88	0	0	1	693.07	346.95	19.93	8.80	100	N/A
3	10	89	0	0	0	66.914000	373.238769	20.755085	8.796976	-1	###FLOW###
4	10	89	0	0	0	66.914000	373.238769	20.755085	8.796976	-1	###LINE###
5	10	89	0	0	0	66.91	373.24	20.76	8.80	100	A-11
3	10	90	0	0	0	155.562000	373.208881	7.748910	10.381029	-1	###FLOW###
4	10	90	0	0	0	155.562000	373.208881	7.748910	10.381029	-1	###LINE###
5	10	90	0	0	0	155.56	373.21	7.75	10.38	100	□
3	10	91	0	0	0	241.246000	373.208881	7.748910	10.381029	-1	###FLOW###
4	10	91	0	0	0	241.246000	373.208881	7.748910	10.381029	-1	###LINE###
5	10	91	0	0	0	241.25	373.21	7.75	10.38	100	□
3	10	92	0	0	0	326.742000	373.208881	7.748910	10.381029	-1	###FLOW###
4	10	92	0	0	0	326.742000	373.208881	7.748910	10.381029	-1	###LINE###
5	10	92	0	0	0	326.74	373.21	7.75	10.38	100	□
3	10	93	0	0	0	413.846000	373.208881	7.748910	10.381029	-1	###FLOW###
4	10	93	0	0	0	413.846000	373.208881	7.748910	10.381029	-1	###LINE###
5	10	93	0	0	0	413.85	373.21	7.75	10.38	100	□
3	10	94	0	0	0	498.731000	373.208881	7.748910	10.381029	-1	###FLOW###
4	10	94	0	0	0	498.731000	373.208881	7.748910	10.381029	-1	###LINE###
5	10	94	0	0	0	498.73	373.21	7.75	10.38	100	□
3	10	95	0	0	0	585.036000	373.208881	30.991656	10.381029	-1	###FLOW###
4	10	95	0	0	0	585.036000	373.208881	30.991656	10.381029	-1	###LINE###
5	10	95	0	0	0	585.04	373.21	7.75	10.38	100	□
5	10	95	0	0	1	596.10	373.24	19.93	8.80	100	N/A
3	10	96	0	0	0	681.999000	373.208881	30.991656	10.381029	-1	###FLOW###
4	10	96	0	0	0	681.999000	373.208881	30.991656	10.381029	-1	###LINE###
5	10	96	0	0	0	682.00	373.21	7.75	10.38	100	□
5	10	96	0	0	1	693.07	373.24	19.93	8.80	100	N/A
3	10	97	0	0	0	66.914000	399.532769	20.755085	8.796976	-1	###FLOW###
4	10	97	0	0	0	66.914000	399.532769	20.755085	8.796976	-1	###LINE###
5	10	97	0	0	0	66.91	399.53	20.76	8.80	100	A-12
3	10	98	0	0	0	155.564204	399.502881	7.748910	10.381029	-1	###FLOW###
4	10	98	0	0	0	155.564204	399.502881	7.748910	10.381029	-1	###LINE###
5	10	98	0	0	0	155.56	399.50	7.75	10.38	100	□
3	10	99	0	0	0	241.250534	399.502881	7.748910	10.381029	-1	###FLOW###
4	10	99	0	0	0	241.250534	399.502881	7.748910	10.381029	-1	###LINE###
5	10	99	0	0	0	241.25	399.50	7.75	10.38	100	□
3	10	100	0	0	0	326.737612	399.502881	7.748910	10.381029	-1	###FLOW###
4	10	100	0	0	0	326.737612	399.502881	7.748910	10.381029	-1	###LINE###
5	10	100	0	0	0	326.74	399.50	7.75	10.38	100	□
3	10	101	0	0	0	413.848594	399.502881	7.748910	10.381029	-1	###FLOW###
4	10	101	0	0	0	413.848594	399.502881	7.748910	10.381029	-1	###LINE###
5	10	101	0	0	0	413.85	399.50	7.75	10.38	100	□
3	10	102	0	0	0	498.727953	399.502881	7.748910	10.381029	-1	###FLOW###
4	10	102	0	0	0	498.727953	399.502881	7.748910	10.381029	-1	###LINE###
5	10	102	0	0	0	498.73	399.50	7.75	10.38	100	□
3	10	103	0	0	0	585.031964	399.502881	31.001619	10.381029	-1	###FLOW###
4	10	103	0	0	0	585.031964	399.502881	31.001619	10.381029	-1	###LINE###
5	10	103	0	0	0	585.03	399.50	7.75	10.38	100	□
5	10	103	0	0	1	596.11	399.53	19.93	8.80	100	N/A
3	10	104	0	0	0	681.995958	399.502881	31.001619	10.381029	-1	###FLOW###
4	10	104	0	0	0	681.995958	399.502881	31.001619	10.381029	-1	###LINE###
5	10	104	0	0	0	682.00	399.50	7.75	10.38	100	□
5	10	104	0	0	1	693.07	399.53	19.93	8.80	100	N/A
3	10	105	0	0	0	66.914000	425.825769	20.755085	8.796976	-1	###FLOW###
4	10	105	0	0	0	66.914000	425.825769	20.755085	8.796976	-1	###LINE###
5	10	105	0	0	0	66.91	425.83	20.76	8.80	100	A-13
3	10	106	0	0	0	155.562000	425.795881	7.748910	10.381029	-1	###FLOW###
4	10	106	0	0	0	155.562000	425.795881	7.748910	10.381029	-1	###LINE###
5	10	106	0	0	0	155.56	425.80	7.75	10.38	100	□
3	10	107	0	0	0	241.246000	425.795881	7.748910	10.381029	-1	###FLOW###
4	10	107	0	0	0	241.246000	425.795881	7.748910	10.381029	-1	###LINE###
5	10	107	0	0	0	241.25	425.80	7.75	10.38	100	□
3	10	108	0	0	0	326.742000	425.795881	7.748910	10.381029	-1	###FLOW###
4	10	108	0	0	0	326.742000	425.795881	7.748910	10.381029	-1	###LINE###
5	10	108	0	0	0	326.74	425.80	7.75	10.38	100	□
3	10	109	0	0	0	413.846000	425.795881	7.748910	10.381029	-1	###FLOW###
4	10	109	0	0	0	413.846000	425.795881	7.748910	10.381029	-1	###LINE###
5	10	109	0	0	0	413.85	425.80	7.75	10.38	100	□
3	10	110	0	0	0	498.731000	425.795881	7.748910	10.381029	-1	###FLOW###
4	10	110	0	0	0	498.731000	425.795881	7.748910	10.381029	-1	###LINE###
5	10	110	0	0	0	498.73	425.80	7.75	10.38	100	□
3	10	111	0	0	0	585.036000	425.795881	30.991656	10.381029	-1	###FLOW###
4	10	111	0	0	0	585.036000	425.795881	30.991656	10.381029	-1	###LINE###
5	10	111	0	0	0	585.04	425.80	7.75	10.38	100	□
5	10	111	0	0	1	596.10	425.83	19.93	8.80	100	N/A
3	10	112	0	0	0	681.999000	425.795881	30.991656	10.381029	-1	###FLOW###
4	10	112	0	0	0	681.999000	425.795881	30.991656	10.381029	-1	###LINE###
5	10	112	0	0	0	682.00	425.80	7.75	10.38	100	□
5	10	112	0	0	1	693.07	425.83	19.93	8.80	100	N/A
3	10	113	0	0	0	66.914000	452.119769	20.755085	8.796976	-1	###FLOW###
4	10	113	0	0	0	66.914000	452.119769	20.755085	8.796976	-1	###LINE###
5	10	113	0	0	0	66.91	452.12	20.76	8.80	100	A-14
3	10	114	0	0	0	155.564204	452.089881	7.748910	10.381029	-1	###FLOW###
4	10	114	0	0	0	155.564204	452.089881	7.748910	10.381029	-1	###LINE###
5	10	114	0	0	0	155.56	452.09	7.75	10.38	100	□
3	10	115	0	0	0	241.250534	452.089881	7.748910	10.381029	-1	###FLOW###
4	10	115	0	0	0	241.250534	452.089881	7.748910	10.381029	-1	###LINE###
5	10	115	0	0	0	241.25	452.09	7.75	10.38	100	□
3	10	116	0	0	0	326.737612	452.089881	7.748910	10.381029	-1	###FLOW###
4	10	116	0	0	0	326.737612	452.089881	7.748910	10.381029	-1	###LINE###
5	10	116	0	0	0	326.74	452.09	7.75	10.38	100	□
3	10	117	0	0	0	413.848594	452.089881	7.748910	10.381029	-1	###FLOW###
4	10	117	0	0	0	413.848594	452.089881	7.748910	10.381029	-1	###LINE###
5	10	117	0	0	0	413.85	452.09	7.75	10.38	100	□
3	10	118	0	0	0	498.727953	452.089881	7.748910	10.381029	-1	###FLOW###
4	10	118	0	0	0	498.727953	452.089881	7.748910	10.381029	-1	###LINE###
5	10	118	0	0	0	498.73	452.09	7.75	10.38	100	□
3	10	119	0	0	0	585.031964	452.089881	31.001619	10.381029	-1	###FLOW###
4	10	119	0	0	0	585.031964	452.089881	31.001619	10.381029	-1	###LINE###
5	10	119	0	0	0	585.03	452.09	7.75	10.38	100	□
5	10	119	0	0	1	596.11	452.12	19.93	8.80	100	N/A
3	10	120	0	0	0	681.995958	452.089881	31.001619	10.381029	-1	###FLOW###
4	10	120	0	0	0	681.995958	452.089881	31.001619	10.381029	-1	###LINE###
5	10	120	0	0	0	682.00	452.09	7.75	10.38	100	□
5	10	120	0	0	1	693.07	452.12	19.93	8.80	100	N/A
3	10	121	0	0	0	66.914000	478.412769	20.755085	8.796976	-1	###FLOW###
4	10	121	0	0	0	66.914000	478.412769	20.755085	8.796976	-1	###LINE###
5	10	121	0	0	0	66.91	478.41	20.76	8.80	100	A-15
3	10	122	0	0	0	155.562000	478.382881	7.748910	10.381029	-1	###FLOW###
4	10	122	0	0	0	155.562000	478.382881	7.748910	10.381029	-1	###LINE###
5	10	122	0	0	0	155.56	478.38	7.75	10.38	100	□
3	10	123	0	0	0	241.246000	478.382881	7.748910	10.381029	-1	###FLOW###
4	10	123	0	0	0	241.246000	478.382881	7.748910	10.381029	-1	###LINE###
5	10	123	0	0	0	241.25	478.38	7.75	10.38	100	□
3	10	124	0	0	0	326.742000	478.382881	7.748910	10.381029	-1	###FLOW###
4	10	124	0	0	0	326.742000	478.382881	7.748910	10.381029	-1	###LINE###
5	10	124	0	0	0	326.74	478.38	7.75	10.38	100	□
3	10	125	0	0	0	413.846000	478.382881	7.748910	10.381029	-1	###FLOW###
4	10	125	0	0	0	413.846000	478.382881	7.748910	10.381029	-1	###LINE###
5	10	125	0	0	0	413.85	478.38	7.75	10.38	100	□
3	10	126	0	0	0	498.731000	478.382881	7.748910	10.381029	-1	###FLOW###
4	10	126	0	0	0	498.731000	478.382881	7.748910	10.381029	-1	###LINE###
5	10	126	0	0	0	498.73	478.38	7.75	10.38	100	□
3	10	127	0	0	0	585.036000	478.382881	30.991656	10.381029	-1	###FLOW###
4	10	127	0	0	0	585.036000	478.382881	30.991656	10.381029	-1	###LINE###
5	10	127	0	0	0	585.04	478.38	7.75	10.38	100	□
5	10	127	0	0	1	596.10	478.41	19.93	8.80	100	N/A
3	10	128	0	0	0	681.999000	478.382881	30.991656	10.381029	-1	###FLOW###
4	10	128	0	0	0	681.999000	478.382881	30.991656	10.381029	-1	###LINE###
5	10	128	0	0	0	682.00	478.38	7.75	10.38	100	□
5	10	128	0	0	1	693.07	478.41	19.93	8.80	100	N/A
3	10	129	0	0	0	384.189000	572.554960	73.512217	7.133239	-1	###FLOW###
4	10	129	0	0	0	384.189000	572.554960	73.512217	7.133239	-1	###LINE###
5	10	129	0	0	0	384.19	572.55	73.51	7.13	100	UNCLASSIFIED
3	10	129	1	0	0	411.017000	584.244052	19.854409	6.157865	-1	###FLOW###
4	10	129	1	0	0	411.017000	584.244052	19.854409	6.157865	-1	###LINE###
5	10	129	1	0	0	411.02	584.24	19.85	6.16	100	10/18
1	11	0	0	0	0	411.017000	584.244052	595.276000	841.890000	-1	###PAGE###
3	11	0	0	0	0	260.882000	40.770960	73.512217	7.133240	-1	###FLOW###
4	11	0	0	0	0	260.882000	40.770960	73.512217	7.133240	-1	###LINE###
5	11	0	0	0	0	260.88	40.77	73.51	7.13	100	UNCLASSIFIED
3	11	1	0	0	0	70.866000	90.998769	36.338584	8.796976	-1	###FLOW###
4	11	1	0	0	0	70.866000	90.998769	36.338584	8.796976	-1	###LINE###
5	11	1	0	0	0	70.87	91.00	36.34	8.80	100	Measure
3	11	2	0	0	0	165.707000	90.998769	47.379137	8.796976	-1	###FLOW###
4	11	2	0	0	0	165.707000	90.998769	47.379137	8.796976	-1	###LINE###
5	11	2	0	0	0	165.71	91.00	47.38	8.80	100	Numerator
3	11	3	0	0	0	237.951000	90.998769	56.899397	8.796976	-1	###FLOW###
4	11	3	0	0	0	237.951000	90.998769	56.899397	8.796976	-1	###LINE###
5	11	3	0	0	0	237.95	91.00	56.90	8.80	100	Denominator
3	11	4	0	0	0	311.018000	79.043769	54.213480	20.751976	-1	###FLOW###
4	11	4	0	0	0	311.018000	79.043769	54.213480	8.796976	-1	###LINE###
5	11	4	0	0	0	311.02	79.04	45.91	8.80	100	Exclusions
5	11	4	0	0	1	360.25	79.04	4.98	8.80	100	/
4	11	4	0	1	0	311.018000	90.998769	37.169464	8.796976	-1	###LINE###
5	11	4	0	1	0	311.02	91.00	37.17	8.80	100	censored
3	11	5	0	0	0	388.026000	90.998769	27.869377	8.796976	-1	###FLOW###
4	11	5	0	0	0	388.026000	90.998769	27.869377	8.796976	-1	###LINE###
5	11	5	0	0	0	388.03	91.00	27.87	8.80	100	Result
3	11	6	0	0	0	459.008000	79.043769	49.562939	20.751976	-1	###FLOW###
4	11	6	0	0	0	459.008000	79.043769	44.855610	8.796976	-1	###LINE###
5	11	6	0	0	0	459.01	79.04	32.65	8.80	100	Quality
5	11	6	0	0	1	494.98	79.04	8.88	8.80	100	or
4	11	6	0	1	0	459.008000	90.998769	49.562939	8.796976	-1	###LINE###
5	11	6	0	1	0	459.01	91.00	49.56	8.80	100	uncertainty
3	11	7	0	0	0	70.866000	122.292769	46.933809	8.796976	-1	###FLOW###
4	11	7	0	0	0	70.866000	122.292769	46.933809	8.796976	-1	###LINE###
5	11	7	0	0	0	70.87	122.29	46.93	8.80	100	Prevention
3	11	7	1	0	0	70.866000	148.585769	43.589364	8.796976	-1	###FLOW###
4	11	7	1	0	0	70.866000	148.585769	43.589364	8.796976	-1	###LINE###
5	11	7	1	0	0	70.87	148.59	43.59	8.80	100	Execution
3	11	7	2	0	0	70.866000	174.879769	43.747769	8.796976	-1	###FLOW###
4	11	7	2	0	0	70.866000	174.879769	43.747769	8.796976	-1	###LINE###
5	11	7	2	0	0	70.87	174.88	43.75	8.80	100	Telemetry
3	11	7	3	0	0	70.866000	201.172769	41.928598	8.796976	-1	###FLOW###
4	11	7	3	0	0	70.866000	201.172769	41.928598	8.796976	-1	###LINE###
5	11	7	3	0	0	70.87	201.17	41.93	8.80	100	Detection
3	11	7	4	0	0	70.866000	227.466769	55.764657	8.796976	-1	###FLOW###
4	11	7	4	0	0	70.866000	227.466769	55.764657	8.796976	-1	###LINE###
5	11	7	4	0	0	70.87	227.47	55.76	8.80	100	Examination
3	11	7	5	0	0	70.866000	253.759769	56.452077	8.796976	-1	###FLOW###
4	11	7	5	0	0	70.866000	253.759769	56.452077	8.796976	-1	###LINE###
5	11	7	5	0	0	70.87	253.76	56.45	8.80	100	Containment
3	11	7	6	0	0	70.866000	280.053769	39.460862	8.796976	-1	###FLOW###
4	11	7	6	0	0	70.866000	280.053769	39.460862	8.796976	-1	###LINE###
5	11	7	6	0	0	70.87	280.05	39.46	8.80	100	Recovery
3	11	8	0	0	0	70.866000	340.848199	167.778809	12.595964	-1	###FLOW###
4	11	8	0	0	0	70.866000	340.848199	167.778809	12.595964	-1	###LINE###
5	11	8	0	0	0	70.87	340.85	12.55	12.60	100	7.
5	11	8	0	0	1	90.59	340.85	55.69	12.60	100	Positive
5	11	8	0	0	2	151.67	340.85	86.98	12.60	100	observations
3	11	8	1	0	0	95.773000	365.518143	404.107385	20.851602	-1	###FLOW###
4	11	8	1	0	0	95.773000	365.518143	404.107385	8.896602	-1	###LINE###
5	11	8	1	0	0	95.77	365.52	59.10	8.90	100	Mandatory.
5	11	8	1	0	1	161.21	365.62	40.46	8.80	100	Controls,
5	11	8	1	0	2	205.79	365.62	47.48	8.80	100	detections,
5	11	8	1	0	3	257.39	365.62	37.68	8.80	100	response
5	11	8	1	0	4	299.03	365.62	31.11	8.80	100	actions
5	11	8	1	0	5	334.09	365.62	16.37	8.80	100	and
5	11	8	1	0	6	354.43	365.62	27.72	8.80	100	design
5	11	8	1	0	7	386.10	365.62	39.07	8.80	100	decisions
5	11	8	1	0	8	429.13	365.62	18.63	8.80	100	that
5	11	8	1	0	9	451.72	365.62	34.20	8.80	100	worked.
5	11	8	1	0	10	492.26	365.62	7.62	8.80	100	A
4	11	8	1	1	0	95.773000	377.572769	383.149641	8.796976	-1	###LINE###
5	11	8	1	1	0	95.77	377.57	26.90	8.80	100	report
5	11	8	1	1	1	125.99	377.57	33.76	8.80	100	without
5	11	8	1	1	2	163.07	377.57	16.11	8.80	100	this
5	11	8	1	1	3	182.50	377.57	29.95	8.80	100	section
5	11	8	1	1	4	215.76	377.57	6.70	8.80	100	is
5	11	8	1	1	5	225.79	377.57	44.86	8.80	100	inaccurate
5	11	8	1	1	6	273.97	377.57	16.05	8.80	100	and
5	11	8	1	1	7	293.34	377.57	15.50	8.80	100	will
5	11	8	1	1	8	312.15	377.57	10.24	8.80	100	be
5	11	8	1	1	9	325.71	377.57	18.85	8.80	100	read
5	11	8	1	1	10	347.89	377.57	8.91	8.80	100	as
5	11	8	1	1	11	360.12	377.57	10.52	8.80	100	an
5	11	8	1	1	12	373.95	377.57	27.12	8.80	100	attack
5	11	8	1	1	13	404.40	377.57	10.52	8.80	100	on
5	11	8	1	1	14	418.23	377.57	13.84	8.80	100	the
5	11	8	1	1	15	435.39	377.57	43.54	8.80	100	defenders.
3	11	9	0	0	0	70.866000	413.867769	8.301835	8.796976	-1	###FLOW###
4	11	9	0	0	0	70.866000	413.867769	8.301835	8.796976	-1	###LINE###
5	11	9	0	0	0	70.87	413.87	8.30	8.80	100	#
3	11	10	0	0	0	185.233000	413.867769	52.385343	8.796976	-1	###FLOW###
4	11	10	0	0	0	185.233000	413.867769	52.385343	8.796976	-1	###LINE###
5	11	10	0	0	0	185.23	413.87	52.39	8.80	100	Observation
3	11	11	0	0	0	291.412000	401.912769	92.486801	20.751976	-1	###FLOW###
4	11	11	0	0	0	291.412000	401.912769	92.486801	8.796976	-1	###LINE###
5	11	11	0	0	0	291.41	401.91	24.63	8.80	100	What
5	11	11	0	0	1	319.36	401.91	6.64	8.80	100	it
5	11	11	0	0	2	329.33	401.91	42.37	8.80	100	prevented
5	11	11	0	0	3	375.02	401.91	8.88	8.80	100	or
4	11	11	0	1	0	291.920000	413.867769	36.532854	8.796976	-1	###LINE###
5	11	11	0	1	0	291.92	413.87	36.53	8.80	100	detected
3	11	12	0	0	0	70.866000	445.161769	20.063680	8.796976	-1	###FLOW###
4	11	12	0	0	0	70.866000	445.161769	20.063680	8.796976	-1	###LINE###
5	11	12	0	0	0	70.87	445.16	20.06	8.80	100	P-01
3	11	13	0	0	0	412.094000	413.867769	75.413893	8.796976	-1	###FLOW###
4	11	13	0	0	0	412.094000	413.867769	75.413893	8.796976	-1	###LINE###
5	11	13	0	0	0	412.09	413.87	75.41	8.80	100	Recommendation
3	11	13	1	0	0	412.094000	445.161769	94.923653	8.796976	-1	###FLOW###
4	11	13	1	0	0	412.094000	445.161769	94.923653	8.796976	-1	###LINE###
5	11	13	1	0	0	412.09	445.16	39.30	8.80	100	Maintain
5	11	13	1	0	1	454.71	445.16	4.98	8.80	100	/
5	11	13	1	0	2	463.02	445.16	29.06	8.80	100	extend
5	11	13	1	0	3	495.39	445.16	11.62	8.80	100	to:
3	11	14	0	0	0	70.866000	471.455769	20.063680	8.796976	-1	###FLOW###
4	11	14	0	0	0	70.866000	471.455769	20.063680	8.796976	-1	###LINE###
5	11	14	0	0	0	70.87	471.46	20.06	8.80	100	P-02
3	11	14	1	0	0	70.866000	497.748769	20.063680	8.796976	-1	###FLOW###
4	11	14	1	0	0	70.866000	497.748769	20.063680	8.796976	-1	###LINE###
5	11	14	1	0	0	70.87	497.75	20.06	8.80	100	P-03
3	11	14	2	0	0	70.866000	524.042769	20.063680	8.796976	-1	###FLOW###
4	11	14	2	0	0	70.866000	524.042769	20.063680	8.796976	-1	###LINE###
5	11	14	2	0	0	70.87	524.04	20.06	8.80	100	P-04
3	11	14	3	0	0	70.866000	550.335769	20.063680	8.796976	-1	###FLOW###
4	11	14	3	0	0	70.866000	550.335769	20.063680	8.796976	-1	###LINE###
5	11	14	3	0	0	70.87	550.34	20.06	8.80	100	P-05
3	11	15	0	0	0	70.866000	611.131199	80.172304	12.595964	-1	###FLOW###
4	11	15	0	0	0	70.866000	611.131199	80.172304	12.595964	-1	###LINE###
5	11	15	0	0	0	70.87	611.13	12.55	12.60	100	8.
5	11	15	0	0	1	90.59	611.13	60.45	12.60	100	Findings
3	11	15	1	0	0	70.316000	635.900769	302.723564	8.796976	-1	###FLOW###
4	11	15	1	0	0	70.316000	635.900769	302.723564	8.796976	-1	###LINE###
5	11	15	1	0	0	70.32	635.90	28.78	8.80	100	Record
5	11	15	1	0	1	102.66	635.90	14.26	8.80	100	full
5	11	15	1	0	2	120.49	635.90	23.68	8.80	100	detail
5	11	15	1	0	3	147.73	635.90	12.35	8.80	100	for
5	11	15	1	0	4	163.63	635.90	18.84	8.80	100	each
5	11	15	1	0	5	186.04	635.90	29.53	8.80	100	finding
5	11	15	1	0	6	219.14	635.90	10.69	8.80	100	on
5	11	15	1	0	7	233.39	635.90	13.88	8.80	100	pro
5	11	15	1	0	8	250.84	635.90	25.59	8.80	100	forma
5	11	15	1	0	9	279.99	635.90	20.37	8.80	100	T09.
5	11	15	1	0	10	304.94	635.90	41.37	8.80	100	Summary
5	11	15	1	0	11	349.87	635.90	23.17	8.80	100	table:
3	11	16	0	0	0	70.866000	672.194769	11.207925	8.796976	-1	###FLOW###
4	11	16	0	0	0	70.866000	672.194769	11.207925	8.796976	-1	###LINE###
5	11	16	0	0	0	70.87	672.19	11.21	8.80	100	ID
3	11	17	0	0	0	154.437000	672.194769	21.033041	8.796976	-1	###FLOW###
4	11	17	0	0	0	154.437000	672.194769	21.033041	8.796976	-1	###LINE###
5	11	17	0	0	0	154.44	672.19	21.03	8.80	100	Title
3	11	18	0	0	0	216.732000	672.194769	34.895003	8.796976	-1	###FLOW###
4	11	18	0	0	0	216.732000	672.194769	34.895003	8.796976	-1	###LINE###
5	11	18	0	0	0	216.73	672.19	34.90	8.80	100	Severity
3	11	19	0	0	0	280.043000	672.194769	39.602331	8.796976	-1	###FLOW###
4	11	19	0	0	0	280.043000	672.194769	39.602331	8.796976	-1	###LINE###
5	11	19	0	0	0	280.04	672.19	39.60	8.80	100	Category
3	11	20	0	0	0	70.866000	703.489769	63.237604	8.796976	-1	###FLOW###
4	11	20	0	0	0	70.866000	703.489769	63.237604	8.796976	-1	###LINE###
5	11	20	0	0	0	70.87	703.49	63.24	8.80	100	RT-[NNN]-001
3	11	20	1	0	0	70.866000	729.782769	63.237604	8.796976	-1	###FLOW###
4	11	20	1	0	0	70.866000	729.782769	63.237604	8.796976	-1	###LINE###
5	11	20	1	0	0	70.87	729.78	63.24	8.80	100	RT-[NNN]-002
3	11	20	2	0	0	70.866000	756.076769	63.237604	8.796976	-1	###FLOW###
4	11	20	2	0	0	70.866000	756.076769	63.237604	8.796976	-1	###LINE###
5	11	20	2	0	0	70.87	756.08	63.24	8.80	100	RT-[NNN]-003
3	11	21	0	0	0	260.882000	794.933960	73.512217	7.133239	-1	###FLOW###
4	11	21	0	0	0	260.882000	794.933960	73.512217	7.133239	-1	###LINE###
5	11	21	0	0	0	260.88	794.93	73.51	7.13	100	UNCLASSIFIED
3	11	21	1	0	0	287.710000	810.521052	19.854409	6.157865	-1	###FLOW###
4	11	21	1	0	0	287.710000	810.521052	19.854409	6.157865	-1	###LINE###
5	11	21	1	0	0	287.71	810.52	19.85	6.16	100	11/18
3	11	22	0	0	0	342.976000	660.239769	35.977937	20.751976	-1	###FLOW###
4	11	22	0	0	0	342.976000	660.239769	35.977937	8.796976	-1	###LINE###
5	11	22	0	0	0	342.98	660.24	35.98	8.80	100	Affected
4	11	22	0	1	0	343.355000	672.194769	25.074868	8.796976	-1	###LINE###
5	11	22	0	1	0	343.35	672.19	25.07	8.80	100	assets
3	11	23	0	0	0	409.794000	672.194769	28.809847	8.796976	-1	###FLOW###
4	11	23	0	0	0	409.794000	672.194769	28.809847	8.796976	-1	###LINE###
5	11	23	0	0	0	409.79	672.19	28.81	8.80	100	Owner
3	11	24	0	0	0	471.372000	672.194769	50.672772	8.796976	-1	###FLOW###
4	11	24	0	0	0	471.372000	672.194769	50.672772	8.796976	-1	###LINE###
5	11	24	0	0	0	471.37	672.19	28.54	8.80	100	Target
5	11	24	0	0	1	503.23	672.19	18.82	8.80	100	date
1	12	0	0	0	0	503.225421	672.194769	595.276000	841.890000	-1	###PAGE###
3	12	0	0	0	0	260.882000	40.770960	73.512217	7.133240	-1	###FLOW###
4	12	0	0	0	0	260.882000	40.770960	73.512217	7.133240	-1	###LINE###
5	12	0	0	0	0	260.88	40.77	73.51	7.13	100	UNCLASSIFIED
3	12	1	0	0	0	70.866000	90.389769	11.207925	8.796976	-1	###FLOW###
4	12	1	0	0	0	70.866000	90.389769	11.207925	8.796976	-1	###LINE###
5	12	1	0	0	0	70.87	90.39	11.21	8.80	100	ID
3	12	2	0	0	0	154.437000	90.389769	21.033041	8.796976	-1	###FLOW###
4	12	2	0	0	0	154.437000	90.389769	21.033041	8.796976	-1	###LINE###
5	12	2	0	0	0	154.44	90.39	21.03	8.80	100	Title
3	12	3	0	0	0	216.732000	90.389769	34.895003	8.796976	-1	###FLOW###
4	12	3	0	0	0	216.732000	90.389769	34.895003	8.796976	-1	###LINE###
5	12	3	0	0	0	216.73	90.39	34.90	8.80	100	Severity
3	12	4	0	0	0	342.976000	78.434769	35.977937	20.751976	-1	###FLOW###
4	12	4	0	0	0	342.976000	78.434769	35.977937	8.796976	-1	###LINE###
5	12	4	0	0	0	342.98	78.43	35.98	8.80	100	Affected
4	12	4	0	1	0	343.355000	90.389769	25.074868	8.796976	-1	###LINE###
5	12	4	0	1	0	343.35	90.39	25.07	8.80	100	assets
3	12	5	0	0	0	280.043000	90.389769	39.602331	8.796976	-1	###FLOW###
4	12	5	0	0	0	280.043000	90.389769	39.602331	8.796976	-1	###LINE###
5	12	5	0	0	0	280.04	90.39	39.60	8.80	100	Category
3	12	6	0	0	0	409.794000	90.389769	28.809847	8.796976	-1	###FLOW###
4	12	6	0	0	0	409.794000	90.389769	28.809847	8.796976	-1	###LINE###
5	12	6	0	0	0	409.79	90.39	28.81	8.80	100	Owner
3	12	7	0	0	0	471.372000	90.389769	50.672772	8.796976	-1	###FLOW###
4	12	7	0	0	0	471.372000	90.389769	50.672772	8.796976	-1	###LINE###
5	12	7	0	0	0	471.37	90.39	28.54	8.80	100	Target
5	12	7	0	0	1	503.23	90.39	18.82	8.80	100	date
3	12	8	0	0	0	70.866000	121.683769	63.237604	8.796976	-1	###FLOW###
4	12	8	0	0	0	70.866000	121.683769	63.237604	8.796976	-1	###LINE###
5	12	8	0	0	0	70.87	121.68	63.24	8.80	100	RT-[NNN]-004
3	12	8	1	0	0	70.866000	147.977769	63.237604	8.796976	-1	###FLOW###
4	12	8	1	0	0	70.866000	147.977769	63.237604	8.796976	-1	###LINE###
5	12	8	1	0	0	70.87	147.98	63.24	8.80	100	RT-[NNN]-005
3	12	9	0	0	0	70.866000	192.584769	34.895003	8.796976	-1	###FLOW###
4	12	9	0	0	0	70.866000	192.584769	34.895003	8.796976	-1	###LINE###
5	12	9	0	0	0	70.87	192.58	34.90	8.80	100	Severity
3	12	10	0	0	0	332.670000	192.584769	26.842233	8.796976	-1	###FLOW###
4	12	10	0	0	0	332.670000	192.584769	26.842233	8.796976	-1	###LINE###
5	12	10	0	0	0	332.67	192.58	26.84	8.80	100	Count
3	12	11	0	0	0	70.866000	223.878769	32.684302	8.796976	-1	###FLOW###
4	12	11	0	0	0	70.866000	223.878769	32.684302	8.796976	-1	###LINE###
5	12	11	0	0	0	70.87	223.88	32.68	8.80	100	Critical
3	12	11	1	0	0	70.866000	250.172769	20.756081	8.796976	-1	###FLOW###
4	12	11	1	0	0	70.866000	250.172769	20.756081	8.796976	-1	###LINE###
5	12	11	1	0	0	70.87	250.17	20.76	8.80	100	High
3	12	11	2	0	0	70.866000	276.465769	35.700977	8.796976	-1	###FLOW###
4	12	11	2	0	0	70.866000	276.465769	35.700977	8.796976	-1	###LINE###
5	12	11	2	0	0	70.87	276.47	35.70	8.80	100	Medium
3	12	11	3	0	0	70.866000	302.759769	18.123962	8.796976	-1	###FLOW###
4	12	11	3	0	0	70.866000	302.759769	18.123962	8.796976	-1	###LINE###
5	12	11	3	0	0	70.87	302.76	18.12	8.80	100	Low
3	12	11	4	0	0	70.866000	329.052769	59.251567	8.796976	-1	###FLOW###
4	12	11	4	0	0	70.866000	329.052769	59.251567	8.796976	-1	###LINE###
5	12	11	4	0	0	70.87	329.05	59.25	8.80	100	Informational
3	12	12	0	0	0	70.866000	365.129143	224.616780	8.896602	-1	###FLOW###
4	12	12	0	0	0	70.866000	365.129143	224.616780	8.896602	-1	###LINE###
5	12	12	0	0	0	70.87	365.13	45.29	8.90	100	Disputed
5	12	12	0	0	1	119.97	365.13	46.06	8.90	100	severities
5	12	12	0	0	2	169.36	365.23	43.41	8.80	100	(customer
5	12	12	0	0	3	216.33	365.23	33.86	8.80	100	position
5	12	12	0	0	4	253.76	365.23	41.73	8.80	100	recorded):
3	12	13	0	0	0	70.866000	401.476769	33.625768	8.796976	-1	###FLOW###
4	12	13	0	0	0	70.866000	401.476769	33.625768	8.796976	-1	###LINE###
5	12	13	0	0	0	70.87	401.48	33.63	8.80	100	Finding
3	12	14	0	0	0	175.087000	401.476769	92.509715	8.796976	-1	###FLOW###
4	12	14	0	0	0	175.087000	401.476769	92.509715	8.796976	-1	###LINE###
5	12	14	0	0	0	175.09	401.48	17.30	8.80	100	Red
5	12	14	0	0	1	195.70	401.48	21.59	8.80	100	team
5	12	14	0	0	2	220.62	401.48	46.98	8.80	100	assessment
3	12	15	0	0	0	292.211000	389.521769	100.819519	20.751976	-1	###FLOW###
4	12	15	0	0	0	292.211000	389.521769	100.819519	8.796976	-1	###LINE###
5	12	15	0	0	0	292.21	389.52	37.58	8.80	100	Assessed
5	12	15	0	0	1	333.11	389.52	59.92	8.80	100	organisation’s
4	12	15	0	1	0	292.590000	401.476769	46.991592	8.796976	-1	###LINE###
5	12	15	0	1	0	292.59	401.48	46.99	8.80	100	assessment
3	12	16	0	0	0	70.866000	545.424199	199.053525	12.595964	-1	###FLOW###
4	12	16	0	0	0	70.866000	545.424199	199.053525	12.595964	-1	###LINE###
5	12	16	0	0	0	70.87	545.42	12.55	12.60	100	9.
5	12	16	0	0	1	90.59	545.42	41.47	12.60	100	Social
5	12	16	0	0	2	137.44	545.42	80.69	12.60	100	engineering
5	12	16	0	0	3	223.51	545.42	46.41	12.60	100	results
3	12	16	1	0	0	70.316000	570.193769	212.876852	8.796976	-1	###FLOW###
4	12	16	1	0	0	70.316000	570.193769	212.876852	8.796976	-1	###LINE###
5	12	16	1	0	0	70.32	570.19	23.82	8.80	100	Rates
5	12	16	1	0	1	97.70	570.19	21.13	8.80	100	only.
5	12	16	1	0	2	123.41	570.19	43.30	8.80	100	Individual
5	12	16	1	0	3	170.27	570.19	27.63	8.80	100	results
5	12	16	1	0	4	201.47	570.19	13.37	8.80	100	are
5	12	16	1	0	5	218.40	570.19	23.55	8.80	100	never
5	12	16	1	0	6	245.51	570.19	37.68	8.80	100	reported.
3	12	16	2	0	0	70.866000	598.495769	28.533883	8.796976	-1	###FLOW###
4	12	16	2	0	0	70.866000	598.495769	28.533883	8.796976	-1	###LINE###
5	12	16	2	0	0	70.87	598.50	28.53	8.80	100	Metric
3	12	17	0	0	0	354.817000	598.495769	24.357561	8.796976	-1	###FLOW###
4	12	17	0	0	0	354.817000	598.495769	24.357561	8.796976	-1	###LINE###
5	12	17	0	0	0	354.82	598.50	24.36	8.80	100	Value
3	12	18	0	0	0	70.866000	629.789769	50.336037	8.796976	-1	###FLOW###
4	12	18	0	0	0	70.866000	629.789769	50.336037	8.796976	-1	###LINE###
5	12	18	0	0	0	70.87	629.79	29.53	8.80	100	Emails
5	12	18	0	0	1	103.71	629.79	17.49	8.80	100	sent
3	12	18	1	0	0	70.866000	656.082769	56.646347	8.796976	-1	###FLOW###
4	12	18	1	0	0	70.866000	656.082769	56.646347	8.796976	-1	###LINE###
5	12	18	1	0	0	70.87	656.08	36.14	8.80	100	Delivery
5	12	18	1	0	1	110.33	656.08	17.19	8.80	100	rate
3	12	18	2	0	0	70.866000	682.376769	42.641921	8.796976	-1	###FLOW###
4	12	18	2	0	0	70.866000	682.376769	42.641921	8.796976	-1	###LINE###
5	12	18	2	0	0	70.87	682.38	22.14	8.80	100	Click
5	12	18	2	0	1	96.32	682.38	17.19	8.80	100	rate
3	12	18	3	0	0	70.866000	708.669769	116.172882	8.796976	-1	###FLOW###
4	12	18	3	0	0	70.866000	708.669769	116.172882	8.796976	-1	###LINE###
5	12	18	3	0	0	70.87	708.67	45.14	8.80	100	Credential
5	12	18	3	0	1	119.32	708.67	47.21	8.80	100	submission
5	12	18	3	0	2	169.85	708.67	17.19	8.80	100	rate
3	12	18	4	0	0	70.866000	734.864143	59.239612	8.896602	-1	###FLOW###
4	12	18	4	0	0	70.866000	734.864143	59.239612	8.896602	-1	###LINE###
5	12	18	4	0	0	70.87	734.86	35.43	8.90	100	Report
5	12	18	4	0	1	110.11	734.86	19.99	8.90	100	rate
3	12	18	5	0	0	70.866000	761.157143	123.874968	8.896602	-1	###FLOW###
4	12	18	5	0	0	70.866000	761.157143	123.874968	8.896602	-1	###LINE###
5	12	18	5	0	0	70.87	761.16	25.95	8.90	100	Time
5	12	18	5	0	1	100.63	761.16	10.18	8.90	100	to
5	12	18	5	0	2	114.64	761.16	20.06	8.90	100	first
5	12	18	5	0	3	138.52	761.16	20.85	8.90	100	user
5	12	18	5	0	4	163.19	761.16	31.56	8.90	100	report
3	12	18	6	0	0	260.882000	794.933960	73.512217	7.133239	-1	###FLOW###
4	12	18	6	0	0	260.882000	794.933960	73.512217	7.133239	-1	###LINE###
5	12	18	6	0	0	260.88	794.93	73.51	7.13	100	UNCLASSIFIED
3	12	18	7	0	0	287.710000	810.521052	19.854409	6.157865	-1	###FLOW###
4	12	18	7	0	0	287.710000	810.521052	19.854409	6.157865	-1	###LINE###
5	12	18	7	0	0	287.71	810.52	19.85	6.16	100	12/18
3	12	19	0	0	0	426.382000	401.476769	52.607509	8.796976	-1	###FLOW###
4	12	19	0	0	0	426.382000	401.476769	52.607509	8.796976	-1	###LINE###
5	12	19	0	0	0	426.38	401.48	22.67	8.80	100	Basis
5	12	19	0	0	1	452.37	401.48	26.62	8.80	100	stated
1	13	0	0	0	0	452.365457	401.476769	595.276000	841.890000	-1	###PAGE###
3	13	0	0	0	0	260.882000	40.770960	73.512217	7.133240	-1	###FLOW###
4	13	0	0	0	0	260.882000	40.770960	73.512217	7.133240	-1	###LINE###
5	13	0	0	0	0	260.88	40.77	73.51	7.13	100	UNCLASSIFIED
3	13	1	0	0	0	70.866000	77.850143	60.471986	8.896602	-1	###FLOW###
4	13	1	0	0	0	70.866000	77.850143	60.471986	8.896602	-1	###LINE###
5	13	1	0	0	0	70.87	77.85	60.47	8.90	100	Assessment:
3	13	1	1	0	0	70.866000	104.914769	74.747395	8.796976	-1	###FLOW###
4	13	1	1	0	0	70.866000	104.914769	74.747395	8.796976	-1	###LINE###
5	13	1	1	0	0	70.87	104.91	40.38	8.80	100	Response
5	13	1	1	0	1	114.56	104.91	4.98	8.80	100	/
5	13	1	1	0	2	122.86	104.91	22.75	8.80	100	notes
3	13	2	0	0	0	70.866000	275.884199	242.611457	12.595964	-1	###FLOW###
4	13	2	0	0	0	70.866000	275.884199	242.611457	12.595964	-1	###LINE###
5	13	2	0	0	0	70.87	275.88	20.62	12.60	100	10.
5	13	2	0	0	1	98.66	275.88	77.20	12.60	100	Conclusion
5	13	2	0	0	2	181.24	275.88	25.78	12.60	100	and
5	13	2	0	0	3	212.40	275.88	25.96	12.60	100	risk
5	13	2	0	0	4	243.74	275.88	69.74	12.60	100	statement
3	13	2	1	0	0	70.866000	301.332643	138.914642	10.496666	-1	###FLOW###
4	13	2	1	0	0	70.866000	301.332643	138.914642	10.496666	-1	###LINE###
5	13	2	1	0	0	70.87	301.33	23.91	10.50	100	10.1
5	13	2	1	0	1	99.26	301.33	42.47	10.50	100	Overall
5	13	2	1	0	2	146.21	301.33	63.57	10.50	100	assessment
3	13	2	2	0	0	70.866000	330.066769	74.747395	8.796976	-1	###FLOW###
4	13	2	2	0	0	70.866000	330.066769	74.747395	8.796976	-1	###LINE###
5	13	2	2	0	0	70.87	330.07	40.38	8.80	100	Response
5	13	2	2	0	1	114.56	330.07	4.98	8.80	100	/
5	13	2	2	0	2	122.86	330.07	22.75	8.80	100	notes
3	13	3	0	0	0	70.866000	477.696643	266.335555	10.496666	-1	###FLOW###
4	13	3	0	0	0	70.866000	477.696643	266.335555	10.496666	-1	###LINE###
5	13	3	0	0	0	70.87	477.70	23.91	10.50	100	10.2
5	13	3	0	0	1	99.26	477.70	22.96	10.50	100	The
5	13	3	0	0	2	126.71	477.70	28.47	10.50	100	most
5	13	3	0	0	3	159.66	477.70	59.11	10.50	100	important
5	13	3	0	0	4	223.24	477.70	30.64	10.50	100	thing
5	13	3	0	0	5	258.36	477.70	11.21	10.50	100	in
5	13	3	0	0	6	274.05	477.70	21.74	10.50	100	this
5	13	3	0	0	7	300.28	477.70	36.92	10.50	100	report
3	13	3	1	0	0	69.715000	497.398769	249.528261	8.796976	-1	###FLOW###
4	13	3	1	0	0	69.715000	497.398769	249.528261	8.796976	-1	###LINE###
5	13	3	1	0	0	69.72	497.40	17.82	8.80	100	One
5	13	3	1	0	1	91.10	497.40	45.06	8.80	100	paragraph.
5	13	3	1	0	2	140.74	497.40	6.90	8.80	100	If
5	13	3	1	0	3	151.21	497.40	12.98	8.80	100	the
5	13	3	1	0	4	167.76	497.40	26.74	8.80	100	reader
5	13	3	1	0	5	198.05	497.40	17.06	8.80	100	acts
5	13	3	1	0	6	218.67	497.40	10.69	8.80	100	on
5	13	3	1	0	7	232.93	497.40	15.28	8.80	100	one
5	13	3	1	0	8	251.78	497.40	24.70	8.80	100	thing,
5	13	3	1	0	9	280.04	497.40	15.53	8.80	100	this
5	13	3	1	0	10	299.13	497.40	7.13	8.80	100	is
5	13	3	1	0	11	309.82	497.40	9.42	8.80	100	it.
3	13	3	2	0	0	70.866000	526.300769	74.747395	8.796976	-1	###FLOW###
4	13	3	2	0	0	70.866000	526.300769	74.747395	8.796976	-1	###LINE###
5	13	3	2	0	0	70.87	526.30	40.38	8.80	100	Response
5	13	3	2	0	1	114.56	526.30	4.98	8.80	100	/
5	13	3	2	0	2	122.86	526.30	22.75	8.80	100	notes
3	13	4	0	0	0	70.866000	673.930643	104.936768	10.496666	-1	###FLOW###
4	13	4	0	0	0	70.866000	673.930643	104.936768	10.496666	-1	###LINE###
5	13	4	0	0	0	70.87	673.93	23.91	10.50	100	10.3
5	13	4	0	0	1	99.26	673.93	50.43	10.50	100	Residual
5	13	4	0	0	2	154.17	673.93	21.63	10.50	100	risk
3	13	4	1	0	0	70.866000	702.664769	74.747395	8.796976	-1	###FLOW###
4	13	4	1	0	0	70.866000	702.664769	74.747395	8.796976	-1	###LINE###
5	13	4	1	0	0	70.87	702.66	40.38	8.80	100	Response
5	13	4	1	0	1	114.56	702.66	4.98	8.80	100	/
5	13	4	1	0	2	122.86	702.66	22.75	8.80	100	notes
3	13	5	0	0	0	260.882000	794.933960	73.512217	7.133239	-1	###FLOW###
4	13	5	0	0	0	260.882000	794.933960	73.512217	7.133239	-1	###LINE###
5	13	5	0	0	0	260.88	794.93	73.51	7.13	100	UNCLASSIFIED
3	13	5	1	0	0	287.710000	810.521052	19.854409	6.157865	-1	###FLOW###
4	13	5	1	0	0	287.710000	810.521052	19.854409	6.157865	-1	###LINE###
5	13	5	1	0	0	287.71	810.52	19.85	6.16	100	13/18
1	14	0	0	0	0	287.710000	810.521052	595.276000	841.890000	-1	###PAGE###
3	14	0	0	0	0	260.882000	40.770960	73.512217	7.133240	-1	###FLOW###
4	14	0	0	0	0	260.882000	40.770960	73.512217	7.133240	-1	###LINE###
5	14	0	0	0	0	260.88	40.77	73.51	7.13	100	UNCLASSIFIED
3	14	1	0	0	0	70.866000	82.996769	74.747395	8.796976	-1	###FLOW###
4	14	1	0	0	0	70.866000	82.996769	74.747395	8.796976	-1	###LINE###
5	14	1	0	0	0	70.87	83.00	40.38	8.80	100	Response
5	14	1	0	0	1	114.56	83.00	4.98	8.80	100	/
5	14	1	0	0	2	122.86	83.00	22.75	8.80	100	notes
3	14	2	0	0	0	70.866000	178.039643	212.843208	10.496666	-1	###FLOW###
4	14	2	0	0	0	70.866000	178.039643	212.843208	10.496666	-1	###LINE###
5	14	2	0	0	0	70.87	178.04	23.91	10.50	100	10.4
5	14	2	0	0	1	99.26	178.04	85.98	10.50	100	Recommended
5	14	2	0	0	2	189.72	178.04	25.94	10.50	100	next
5	14	2	0	0	3	220.14	178.04	63.57	10.50	100	assessment
3	14	2	1	0	0	70.866000	206.773769	22.002402	8.796976	-1	###FLOW###
4	14	2	1	0	0	70.866000	206.773769	22.002402	8.796976	-1	###LINE###
5	14	2	1	0	0	70.87	206.77	22.00	8.80	100	Field
3	14	3	0	0	0	346.603000	206.773769	24.357561	8.796976	-1	###FLOW###
4	14	3	0	0	0	346.603000	206.773769	24.357561	8.796976	-1	###LINE###
5	14	3	0	0	0	346.60	206.77	24.36	8.80	100	Value
3	14	4	0	0	0	70.866000	238.067769	65.643571	8.796976	-1	###FLOW###
4	14	4	0	0	0	70.866000	238.067769	65.643571	8.796976	-1	###LINE###
5	14	4	0	0	0	70.87	238.07	43.23	8.80	100	Suggested
5	14	4	0	0	1	117.41	238.07	19.10	8.80	100	type
3	14	4	1	0	0	70.866000	264.360769	74.775291	8.796976	-1	###FLOW###
4	14	4	1	0	0	70.866000	264.360769	74.775291	8.796976	-1	###LINE###
5	14	4	1	0	0	70.87	264.36	43.23	8.80	100	Suggested
5	14	4	1	0	1	117.41	264.36	28.23	8.80	100	timing
3	14	4	2	0	0	70.866000	290.654769	68.745925	8.796976	-1	###FLOW###
4	14	4	2	0	0	70.866000	290.654769	68.745925	8.796976	-1	###LINE###
5	14	4	2	0	0	70.87	290.65	43.23	8.80	100	Suggested
5	14	4	2	0	1	117.41	290.65	22.20	8.80	100	focus
3	14	5	0	0	0	70.866000	351.450199	81.246834	12.595964	-1	###FLOW###
4	14	5	0	0	0	70.866000	351.450199	81.246834	12.595964	-1	###LINE###
5	14	5	0	0	0	70.87	351.45	81.25	12.60	100	Appendices
3	14	5	1	0	0	70.866000	376.898643	168.601795	10.496666	-1	###FLOW###
4	14	5	1	0	0	70.866000	376.898643	168.601795	10.496666	-1	###LINE###
5	14	5	1	0	0	70.87	376.90	57.38	10.50	100	Appendix
5	14	5	1	0	1	132.73	376.90	10.16	10.50	100	A
5	14	5	1	0	2	147.37	376.90	13.45	10.50	100	—
5	14	5	1	0	3	165.31	376.90	22.29	10.50	100	Full
5	14	5	1	0	4	192.08	376.90	47.39	10.50	100	timeline
3	14	5	2	0	0	70.866000	407.957769	8.301835	8.796976	-1	###FLOW###
4	14	5	2	0	0	70.866000	407.957769	8.301835	8.796976	-1	###LINE###
5	14	5	2	0	0	70.87	407.96	8.30	8.80	100	#
3	14	6	0	0	0	138.171000	407.957769	55.621196	8.796976	-1	###FLOW###
4	14	6	0	0	0	138.171000	407.957769	55.621196	8.796976	-1	###LINE###
5	14	6	0	0	0	138.17	407.96	22.69	8.80	100	Time
5	14	6	0	0	1	164.18	407.96	29.61	8.80	100	(UTC)
3	14	7	0	0	0	205.278000	407.957769	24.379478	8.796976	-1	###FLOW###
4	14	7	0	0	0	205.278000	407.957769	24.379478	8.796976	-1	###LINE###
5	14	7	0	0	0	205.28	407.96	24.38	8.80	100	Actor
3	14	8	0	0	0	270.955000	407.957769	28.779959	8.796976	-1	###FLOW###
4	14	8	0	0	0	270.955000	407.957769	28.779959	8.796976	-1	###LINE###
5	14	8	0	0	0	270.96	407.96	28.78	8.80	100	Action
3	14	9	0	0	0	337.313000	407.957769	20.257951	8.796976	-1	###FLOW###
4	14	9	0	0	0	337.313000	407.957769	20.257951	8.796976	-1	###LINE###
5	14	9	0	0	0	337.31	407.96	20.26	8.80	100	Host
3	14	10	0	0	0	402.722000	407.957769	27.869377	8.796976	-1	###FLOW###
4	14	10	0	0	0	402.722000	407.957769	27.869377	8.796976	-1	###LINE###
5	14	10	0	0	0	402.72	407.96	27.87	8.80	100	Result
3	14	11	0	0	0	468.701000	407.957769	53.854827	8.796976	-1	###FLOW###
4	14	11	0	0	0	468.701000	407.957769	53.854827	8.796976	-1	###LINE###
5	14	11	0	0	0	468.70	407.96	39.16	8.80	100	Evidence
5	14	11	0	0	1	511.18	407.96	11.38	8.80	100	ref
3	14	12	0	0	0	70.866000	439.251769	4.981300	8.796976	-1	###FLOW###
4	14	12	0	0	0	70.866000	439.251769	4.981300	8.796976	-1	###LINE###
5	14	12	0	0	0	70.87	439.25	4.98	8.80	100	1
3	14	12	1	0	0	70.866000	465.544769	4.981300	8.796976	-1	###FLOW###
4	14	12	1	0	0	70.866000	465.544769	4.981300	8.796976	-1	###LINE###
5	14	12	1	0	0	70.87	465.54	4.98	8.80	100	2
3	14	12	2	0	0	70.866000	491.838769	4.981300	8.796976	-1	###FLOW###
4	14	12	2	0	0	70.866000	491.838769	4.981300	8.796976	-1	###LINE###
5	14	12	2	0	0	70.87	491.84	4.98	8.80	100	3
3	14	12	3	0	0	70.866000	518.131769	4.981300	8.796976	-1	###FLOW###
4	14	12	3	0	0	70.866000	518.131769	4.981300	8.796976	-1	###LINE###
5	14	12	3	0	0	70.87	518.13	4.98	8.80	100	4
3	14	12	4	0	0	70.866000	544.425769	4.981300	8.796976	-1	###FLOW###
4	14	12	4	0	0	70.866000	544.425769	4.981300	8.796976	-1	###LINE###
5	14	12	4	0	0	70.87	544.43	4.98	8.80	100	5
3	14	12	5	0	0	70.866000	570.718769	4.981300	8.796976	-1	###FLOW###
4	14	12	5	0	0	70.866000	570.718769	4.981300	8.796976	-1	###LINE###
5	14	12	5	0	0	70.87	570.72	4.98	8.80	100	6
3	14	12	6	0	0	70.866000	597.011769	4.981300	8.796976	-1	###FLOW###
4	14	12	6	0	0	70.866000	597.011769	4.981300	8.796976	-1	###LINE###
5	14	12	6	0	0	70.87	597.01	4.98	8.80	100	7
3	14	12	7	0	0	70.866000	623.305769	4.981300	8.796976	-1	###FLOW###
4	14	12	7	0	0	70.866000	623.305769	4.981300	8.796976	-1	###LINE###
5	14	12	7	0	0	70.87	623.31	4.98	8.80	100	8
3	14	12	8	0	0	70.866000	649.598769	4.981300	8.796976	-1	###FLOW###
4	14	12	8	0	0	70.866000	649.598769	4.981300	8.796976	-1	###LINE###
5	14	12	8	0	0	70.87	649.60	4.98	8.80	100	9
3	14	12	9	0	0	70.866000	675.892769	9.962600	8.796976	-1	###FLOW###
4	14	12	9	0	0	70.866000	675.892769	9.962600	8.796976	-1	###LINE###
5	14	12	9	0	0	70.87	675.89	9.96	8.80	100	10
3	14	13	0	0	0	70.866000	713.347643	183.146491	10.496666	-1	###FLOW###
4	14	13	0	0	0	70.866000	713.347643	183.146491	10.496666	-1	###LINE###
5	14	13	0	0	0	70.87	713.35	57.38	10.50	100	Appendix
5	14	13	0	0	1	132.73	713.35	9.56	10.50	100	B
5	14	13	0	0	2	146.78	713.35	13.45	10.50	100	—
5	14	13	0	0	3	164.71	713.35	47.52	10.50	100	Activity
5	14	13	0	0	4	216.71	713.35	37.30	10.50	100	record
3	14	13	1	0	0	95.773000	733.049769	403.733533	32.706976	-1	###FLOW###
4	14	13	1	0	0	95.773000	733.049769	403.731376	8.796976	-1	###LINE###
5	14	13	1	0	0	95.77	733.05	40.85	8.80	100	Delivered
5	14	13	1	0	1	139.95	733.05	8.86	8.80	100	to
5	14	13	1	0	2	152.13	733.05	13.84	8.80	100	the
5	14	13	1	0	3	169.31	733.05	33.56	8.80	100	Trusted
5	14	13	1	0	4	206.20	733.05	26.01	8.80	100	Agent
5	14	13	1	0	5	235.55	733.05	8.86	8.80	100	at
5	14	13	1	0	6	247.73	733.05	54.24	8.80	100	culmination.
5	14	13	1	0	7	306.43	733.05	7.47	8.80	100	A
5	14	13	1	0	8	317.23	733.05	38.75	8.80	100	complete
5	14	13	1	0	9	359.30	733.05	56.23	8.80	100	timestamped
5	14	13	1	0	10	418.87	733.05	27.17	8.80	100	record
5	14	13	1	0	11	449.37	733.05	8.03	8.80	100	of
5	14	13	1	0	12	460.72	733.05	13.87	8.80	100	red
5	14	13	1	0	13	477.92	733.05	21.59	8.80	100	team
4	14	13	1	1	0	95.773000	745.004769	403.733533	8.796976	-1	###LINE###
5	14	13	1	1	0	95.77	745.00	35.05	8.80	100	activity,
5	14	13	1	1	1	134.13	745.00	19.47	8.80	100	with
5	14	13	1	1	2	156.92	745.00	27.34	8.80	100	source
5	14	13	1	1	3	187.57	745.00	43.59	8.80	100	addresses,
5	14	13	1	1	4	234.47	745.00	36.71	8.80	100	enabling
5	14	13	1	1	5	274.49	745.00	13.91	8.80	100	the
5	14	13	1	1	6	291.71	745.00	39.27	8.80	100	defensive
5	14	13	1	1	7	334.30	745.00	33.65	8.80	100	element
5	14	13	1	1	8	371.27	745.00	8.90	8.80	100	to
5	14	13	1	1	9	383.48	745.00	37.86	8.80	100	reconcile
5	14	13	1	1	10	424.65	745.00	10.63	8.80	100	its
5	14	13	1	1	11	438.59	745.00	41.47	8.80	100	telemetry
5	14	13	1	1	12	483.37	745.00	16.13	8.80	100	and
4	14	13	1	2	0	95.773000	756.959769	196.683642	8.796976	-1	###LINE###
5	14	13	1	2	0	95.77	756.96	47.16	8.80	100	distinguish
5	14	13	1	2	1	146.25	756.96	13.87	8.80	100	red
5	14	13	1	2	2	163.43	756.96	21.59	8.80	100	team
5	14	13	1	2	3	188.34	756.96	32.94	8.80	100	activity
5	14	13	1	2	4	224.60	756.96	20.23	8.80	100	from
5	14	13	1	2	5	248.14	756.96	15.50	8.80	100	any
5	14	13	1	2	6	266.97	756.96	25.49	8.80	100	other.
3	14	14	0	0	0	260.882000	794.933960	73.512217	7.133239	-1	###FLOW###
4	14	14	0	0	0	260.882000	794.933960	73.512217	7.133239	-1	###LINE###
5	14	14	0	0	0	260.88	794.93	73.51	7.13	100	UNCLASSIFIED
3	14	14	1	0	0	287.710000	810.521052	19.854409	6.157865	-1	###FLOW###
4	14	14	1	0	0	287.710000	810.521052	19.854409	6.157865	-1	###LINE###
5	14	14	1	0	0	287.71	810.52	19.85	6.16	100	14/18
1	15	0	0	0	0	287.710000	810.521052	595.276000	841.890000	-1	###PAGE###
3	15	0	0	0	0	260.882000	40.770960	73.512217	7.133240	-1	###FLOW###
4	15	0	0	0	0	260.882000	40.770960	73.512217	7.133240	-1	###LINE###
5	15	0	0	0	0	260.88	40.77	73.51	7.13	100	UNCLASSIFIED
3	15	1	0	0	0	70.866000	76.636643	304.577848	10.496666	-1	###FLOW###
4	15	1	0	0	0	70.866000	76.636643	304.577848	10.496666	-1	###LINE###
5	15	1	0	0	0	70.87	76.64	57.38	10.50	100	Appendix
5	15	1	0	0	1	132.73	76.64	9.71	10.50	100	C
5	15	1	0	0	2	146.93	76.64	13.45	10.50	100	—
5	15	1	0	0	3	164.86	76.64	58.96	10.50	100	Indicators
5	15	1	0	0	4	228.31	76.64	10.83	10.50	100	of
5	15	1	0	0	5	243.62	76.64	69.99	10.50	100	compromise
5	15	1	0	0	6	318.09	76.64	57.35	10.50	100	generated
3	15	1	1	0	0	70.530000	107.695769	22.416846	8.796976	-1	###FLOW###
4	15	1	1	0	0	70.530000	107.695769	22.416846	8.796976	-1	###LINE###
5	15	1	1	0	0	70.53	107.70	22.42	8.80	100	Type
3	15	2	0	0	0	184.465000	107.695769	39.603328	8.796976	-1	###FLOW###
4	15	2	0	0	0	184.465000	107.695769	39.603328	8.796976	-1	###LINE###
5	15	2	0	0	0	184.47	107.70	39.60	8.80	100	Indicator
3	15	3	0	0	0	301.343000	107.695769	35.372211	8.796976	-1	###FLOW###
4	15	3	0	0	0	301.343000	107.695769	35.372211	8.796976	-1	###LINE###
5	15	3	0	0	0	301.34	107.70	35.37	8.80	100	Purpose
3	15	4	0	0	0	416.921000	107.695769	57.172373	8.796976	-1	###FLOW###
4	15	4	0	0	0	416.921000	107.695769	57.172373	8.796976	-1	###LINE###
5	15	4	0	0	0	416.92	107.70	28.40	8.80	100	Period
5	15	4	0	0	1	448.63	107.70	25.46	8.80	100	active
3	15	5	0	0	0	70.866000	360.498643	183.859021	10.496666	-1	###FLOW###
4	15	5	0	0	0	70.866000	360.498643	183.859021	10.496666	-1	###LINE###
5	15	5	0	0	0	70.87	360.50	57.38	10.50	100	Appendix
5	15	5	0	0	1	132.73	360.50	10.31	10.50	100	D
5	15	5	0	0	2	147.53	360.50	13.45	10.50	100	—
5	15	5	0	0	3	165.46	360.50	52.86	10.50	100	Evidence
5	15	5	0	0	4	222.80	360.50	31.93	10.50	100	index
3	15	5	1	0	0	70.866000	380.101143	132.500587	8.896602	-1	###FLOW###
4	15	5	1	0	0	70.866000	380.101143	132.500587	8.896602	-1	###LINE###
5	15	5	1	0	0	70.87	380.10	50.44	8.90	100	Collection
5	15	5	1	0	1	125.13	380.10	18.30	8.90	100	and
5	15	5	1	0	2	147.25	380.10	56.12	8.90	100	provenance
3	15	6	0	0	0	70.866000	417.104769	53.687455	8.796976	-1	###FLOW###
4	15	6	0	0	0	70.866000	417.104769	53.687455	8.796976	-1	###LINE###
5	15	6	0	0	0	70.87	417.10	39.16	8.80	100	Evidence
5	15	6	0	0	1	113.35	417.10	11.21	8.80	100	ID
3	15	7	0	0	0	172.768000	417.104769	49.761194	8.796976	-1	###FLOW###
4	15	7	0	0	0	172.768000	417.104769	49.761194	8.796976	-1	###LINE###
5	15	7	0	0	0	172.77	417.10	49.76	8.80	100	Description
3	15	8	0	0	0	258.605000	405.149769	74.274172	20.751976	-1	###FLOW###
4	15	8	0	0	0	258.605000	405.149769	74.274172	8.796976	-1	###LINE###
5	15	8	0	0	0	258.61	405.15	35.45	8.80	100	Original
5	15	8	0	0	1	297.37	405.15	27.21	8.80	100	source
5	15	8	0	0	2	327.90	405.15	4.98	8.80	100	/
4	15	8	0	1	0	258.605000	417.104769	59.827406	8.796976	-1	###LINE###
5	15	8	0	1	0	258.61	417.10	19.93	8.80	100	path
5	15	8	0	1	1	281.85	417.10	8.88	8.80	100	or
5	15	8	0	1	2	294.06	417.10	24.37	8.80	100	query
3	15	9	0	0	0	352.842000	405.149769	47.625213	20.751976	-1	###FLOW###
4	15	9	0	0	0	352.842000	405.149769	47.625213	8.796976	-1	###LINE###
5	15	9	0	0	0	352.84	405.15	39.33	8.80	100	Collector
5	15	9	0	0	1	395.49	405.15	4.98	8.80	100	/
4	15	9	0	1	0	352.842000	417.104769	32.935359	8.796976	-1	###LINE###
5	15	9	0	1	0	352.84	417.10	32.94	8.80	100	method
3	15	10	0	0	0	441.725000	405.149769	73.948395	20.751976	-1	###FLOW###
4	15	10	0	0	0	441.725000	405.149769	73.334699	8.796976	-1	###LINE###
5	15	10	0	0	0	441.73	405.15	40.41	8.80	100	Collected
5	15	10	0	0	1	485.45	405.15	29.61	8.80	100	(UTC)
4	15	10	0	1	0	441.725000	417.104769	73.948395	8.796976	-1	###LINE###
5	15	10	0	1	0	441.73	417.10	16.05	8.80	100	and
5	15	10	0	1	1	461.09	417.10	28.23	8.80	100	known
5	15	10	0	1	2	492.65	417.10	23.03	8.80	100	offset
3	15	11	0	0	0	259.502000	693.568769	43.840421	32.706976	-1	###FLOW###
4	15	11	0	0	0	259.502000	693.568769	35.451912	8.796976	-1	###LINE###
5	15	11	0	0	0	259.50	693.57	35.45	8.80	100	Original
4	15	11	0	1	0	259.502000	705.523769	43.840421	8.796976	-1	###LINE###
5	15	11	0	1	0	259.50	705.52	43.84	8.80	100	repository
4	15	11	0	2	0	259.502000	717.478769	34.596125	8.796976	-1	###LINE###
5	15	11	0	2	0	259.50	717.48	34.60	8.80	100	location
3	15	12	0	0	0	350.329000	705.523769	65.974330	20.751976	-1	###FLOW###
4	15	12	0	0	0	350.329000	705.523769	65.974330	8.796976	-1	###LINE###
5	15	12	0	0	0	350.33	705.52	57.68	8.80	100	Classification
5	15	12	0	0	1	411.32	705.52	4.98	8.80	100	/
4	15	12	0	1	0	350.329000	717.478769	26.126918	8.796976	-1	###LINE###
5	15	12	0	1	0	350.33	717.48	26.13	8.80	100	access
3	15	13	0	0	0	438.772000	693.568769	72.289622	32.706976	-1	###FLOW###
4	15	13	0	0	0	438.772000	693.568769	69.844800	8.796976	-1	###LINE###
5	15	13	0	0	0	438.77	693.57	69.84	8.80	100	Transformation,
4	15	13	0	1	0	439.131000	705.523769	52.635405	8.796976	-1	###LINE###
5	15	13	0	1	0	439.13	705.52	40.43	8.80	100	redaction
5	15	13	0	1	1	482.88	705.52	8.88	8.80	100	or
4	15	13	0	2	0	438.772000	717.478769	72.289622	8.796976	-1	###LINE###
5	15	13	0	2	0	438.77	717.48	57.59	8.80	100	working-copy
5	15	13	0	2	1	499.69	717.48	11.38	8.80	100	ref
3	15	14	0	0	0	70.866000	448.398769	25.044980	8.796976	-1	###FLOW###
4	15	14	0	0	0	70.866000	448.398769	25.044980	8.796976	-1	###LINE###
5	15	14	0	0	0	70.87	448.40	25.04	8.80	100	E-001
3	15	14	1	0	0	70.866000	474.692769	25.044980	8.796976	-1	###FLOW###
4	15	14	1	0	0	70.866000	474.692769	25.044980	8.796976	-1	###LINE###
5	15	14	1	0	0	70.87	474.69	25.04	8.80	100	E-002
3	15	14	2	0	0	70.866000	500.985769	25.044980	8.796976	-1	###FLOW###
4	15	14	2	0	0	70.866000	500.985769	25.044980	8.796976	-1	###LINE###
5	15	14	2	0	0	70.87	500.99	25.04	8.80	100	E-003
3	15	14	3	0	0	70.866000	527.279769	25.044980	8.796976	-1	###FLOW###
4	15	14	3	0	0	70.866000	527.279769	25.044980	8.796976	-1	###LINE###
5	15	14	3	0	0	70.87	527.28	25.04	8.80	100	E-004
3	15	14	4	0	0	70.866000	553.572769	25.044980	8.796976	-1	###FLOW###
4	15	14	4	0	0	70.866000	553.572769	25.044980	8.796976	-1	###LINE###
5	15	14	4	0	0	70.87	553.57	25.04	8.80	100	E-005
3	15	14	5	0	0	70.866000	579.865769	25.044980	8.796976	-1	###FLOW###
4	15	14	5	0	0	70.866000	579.865769	25.044980	8.796976	-1	###LINE###
5	15	14	5	0	0	70.87	579.87	25.04	8.80	100	E-006
3	15	14	6	0	0	70.866000	606.159769	25.044980	8.796976	-1	###FLOW###
4	15	14	6	0	0	70.866000	606.159769	25.044980	8.796976	-1	###LINE###
5	15	14	6	0	0	70.87	606.16	25.04	8.80	100	E-007
3	15	14	7	0	0	70.866000	632.452769	25.044980	8.796976	-1	###FLOW###
4	15	14	7	0	0	70.866000	632.452769	25.044980	8.796976	-1	###LINE###
5	15	14	7	0	0	70.87	632.45	25.04	8.80	100	E-008
3	15	15	0	0	0	70.866000	669.129143	112.975884	8.896602	-1	###FLOW###
4	15	15	0	0	0	70.866000	669.129143	112.975884	8.896602	-1	###LINE###
5	15	15	0	0	0	70.87	669.13	43.91	8.90	100	Integrity
5	15	15	0	0	1	118.59	669.13	18.30	8.90	100	and
5	15	15	0	0	2	140.72	669.13	43.12	8.90	100	handling
3	15	16	0	0	0	70.866000	717.478769	53.687455	8.796976	-1	###FLOW###
4	15	16	0	0	0	70.866000	717.478769	53.687455	8.796976	-1	###LINE###
5	15	16	0	0	0	70.87	717.48	39.16	8.80	100	Evidence
5	15	16	0	0	1	113.35	717.48	11.21	8.80	100	ID
3	15	17	0	0	0	170.298000	705.523769	67.329243	20.751976	-1	###FLOW###
4	15	17	0	0	0	170.298000	705.523769	67.329243	8.796976	-1	###LINE###
5	15	17	0	0	0	170.30	705.52	21.92	8.80	100	Hash
5	15	17	0	0	1	195.53	705.52	42.09	8.80	100	algorithm
4	15	17	0	1	0	170.298000	717.478769	41.792111	8.796976	-1	###LINE###
5	15	17	0	1	0	170.30	717.48	16.05	8.80	100	and
5	15	17	0	1	1	189.67	717.48	22.42	8.80	100	value
3	15	18	0	0	0	70.866000	748.772769	25.044980	8.796976	-1	###FLOW###
4	15	18	0	0	0	70.866000	748.772769	25.044980	8.796976	-1	###LINE###
5	15	18	0	0	0	70.87	748.77	25.04	8.80	100	E-001
3	15	19	0	0	0	260.882000	794.933960	73.512217	7.133239	-1	###FLOW###
4	15	19	0	0	0	260.882000	794.933960	73.512217	7.133239	-1	###LINE###
5	15	19	0	0	0	260.88	794.93	73.51	7.13	100	UNCLASSIFIED
3	15	19	1	0	0	287.710000	810.521052	19.854409	6.157865	-1	###FLOW###
4	15	19	1	0	0	287.710000	810.521052	19.854409	6.157865	-1	###LINE###
5	15	19	1	0	0	287.71	810.52	19.85	6.16	100	15/18
1	16	0	0	0	0	287.710000	810.521052	595.276000	841.890000	-1	###PAGE###
3	16	0	0	0	0	260.882000	40.770960	73.512217	7.133240	-1	###FLOW###
4	16	0	0	0	0	260.882000	40.770960	73.512217	7.133240	-1	###LINE###
5	16	0	0	0	0	260.88	40.77	73.51	7.13	100	UNCLASSIFIED
3	16	1	0	0	0	170.298000	90.389769	67.329243	20.751976	-1	###FLOW###
4	16	1	0	0	0	170.298000	90.389769	67.329243	8.796976	-1	###LINE###
5	16	1	0	0	0	170.30	90.39	21.92	8.80	100	Hash
5	16	1	0	0	1	195.53	90.39	42.09	8.80	100	algorithm
4	16	1	0	1	0	170.298000	102.344769	41.792111	8.796976	-1	###LINE###
5	16	1	0	1	0	170.30	102.34	16.05	8.80	100	and
5	16	1	0	1	1	189.67	102.34	22.42	8.80	100	value
3	16	2	0	0	0	70.866000	102.344769	53.687455	8.796976	-1	###FLOW###
4	16	2	0	0	0	70.866000	102.344769	53.687455	8.796976	-1	###LINE###
5	16	2	0	0	0	70.87	102.34	39.16	8.80	100	Evidence
5	16	2	0	0	1	113.35	102.34	11.21	8.80	100	ID
3	16	3	0	0	0	259.502000	78.434769	43.840421	32.706976	-1	###FLOW###
4	16	3	0	0	0	259.502000	78.434769	35.451912	8.796976	-1	###LINE###
5	16	3	0	0	0	259.50	78.43	35.45	8.80	100	Original
4	16	3	0	1	0	259.502000	90.389769	43.840421	8.796976	-1	###LINE###
5	16	3	0	1	0	259.50	90.39	43.84	8.80	100	repository
4	16	3	0	2	0	259.502000	102.344769	34.596125	8.796976	-1	###LINE###
5	16	3	0	2	0	259.50	102.34	34.60	8.80	100	location
3	16	4	0	0	0	350.329000	90.389769	65.974330	20.751976	-1	###FLOW###
4	16	4	0	0	0	350.329000	90.389769	65.974330	8.796976	-1	###LINE###
5	16	4	0	0	0	350.33	90.39	57.68	8.80	100	Classification
5	16	4	0	0	1	411.32	90.39	4.98	8.80	100	/
4	16	4	0	1	0	350.329000	102.344769	26.126918	8.796976	-1	###LINE###
5	16	4	0	1	0	350.33	102.34	26.13	8.80	100	access
3	16	5	0	0	0	438.772000	78.434769	72.289622	32.706976	-1	###FLOW###
4	16	5	0	0	0	438.772000	78.434769	69.844800	8.796976	-1	###LINE###
5	16	5	0	0	0	438.77	78.43	69.84	8.80	100	Transformation,
4	16	5	0	1	0	439.131000	90.389769	52.635405	8.796976	-1	###LINE###
5	16	5	0	1	0	439.13	90.39	40.43	8.80	100	redaction
5	16	5	0	1	1	482.88	90.39	8.88	8.80	100	or
4	16	5	0	2	0	438.772000	102.344769	72.289622	8.796976	-1	###LINE###
5	16	5	0	2	0	438.77	102.34	57.59	8.80	100	working-copy
5	16	5	0	2	1	499.69	102.34	11.38	8.80	100	ref
3	16	6	0	0	0	70.866000	133.638769	25.044980	8.796976	-1	###FLOW###
4	16	6	0	0	0	70.866000	133.638769	25.044980	8.796976	-1	###LINE###
5	16	6	0	0	0	70.87	133.64	25.04	8.80	100	E-002
3	16	6	1	0	0	70.866000	159.932769	25.044980	8.796976	-1	###FLOW###
4	16	6	1	0	0	70.866000	159.932769	25.044980	8.796976	-1	###LINE###
5	16	6	1	0	0	70.87	159.93	25.04	8.80	100	E-003
3	16	6	2	0	0	70.866000	186.225769	25.044980	8.796976	-1	###FLOW###
4	16	6	2	0	0	70.866000	186.225769	25.044980	8.796976	-1	###LINE###
5	16	6	2	0	0	70.87	186.23	25.04	8.80	100	E-004
3	16	6	3	0	0	70.866000	212.519769	25.044980	8.796976	-1	###FLOW###
4	16	6	3	0	0	70.866000	212.519769	25.044980	8.796976	-1	###LINE###
5	16	6	3	0	0	70.87	212.52	25.04	8.80	100	E-005
3	16	6	4	0	0	70.866000	238.812769	25.044980	8.796976	-1	###FLOW###
4	16	6	4	0	0	70.866000	238.812769	25.044980	8.796976	-1	###LINE###
5	16	6	4	0	0	70.87	238.81	25.04	8.80	100	E-006
3	16	6	5	0	0	70.866000	265.105769	25.044980	8.796976	-1	###FLOW###
4	16	6	5	0	0	70.866000	265.105769	25.044980	8.796976	-1	###LINE###
5	16	6	5	0	0	70.87	265.11	25.04	8.80	100	E-007
3	16	6	6	0	0	70.866000	291.399769	25.044980	8.796976	-1	###FLOW###
4	16	6	6	0	0	70.866000	291.399769	25.044980	8.796976	-1	###LINE###
5	16	6	6	0	0	70.87	291.40	25.04	8.80	100	E-008
3	16	7	0	0	0	70.866000	327.809143	313.262998	8.896602	-1	###FLOW###
4	16	7	0	0	0	70.866000	327.809143	313.262998	8.896602	-1	###LINE###
5	16	7	0	0	0	70.87	327.81	41.66	8.90	100	Transfer
5	16	7	0	0	1	116.35	327.81	18.30	8.90	100	and
5	16	7	0	0	2	138.46	327.81	30.04	8.90	100	access
5	16	7	0	0	3	172.32	327.81	35.06	8.90	100	record,
5	16	7	0	0	4	211.19	327.81	29.86	8.90	100	where
5	16	7	0	0	5	244.88	327.81	26.26	8.90	100	chain
5	16	7	0	0	6	274.95	327.81	9.23	8.90	100	of
5	16	7	0	0	7	287.99	327.81	38.89	8.90	100	custody
5	16	7	0	0	8	330.71	327.81	7.70	8.90	100	is
5	16	7	0	0	9	342.23	327.81	41.90	8.90	100	required
3	16	8	0	0	0	70.866000	364.545769	53.687455	8.796976	-1	###FLOW###
4	16	8	0	0	0	70.866000	364.545769	53.687455	8.796976	-1	###LINE###
5	16	8	0	0	0	70.87	364.55	39.16	8.80	100	Evidence
5	16	8	0	0	1	113.35	364.55	11.21	8.80	100	ID
3	16	9	0	0	0	147.280000	364.545769	43.334321	8.796976	-1	###FLOW###
4	16	9	0	0	0	147.280000	364.545769	43.334321	8.796976	-1	###LINE###
5	16	9	0	0	0	147.28	364.55	22.86	8.80	100	From
5	16	9	0	0	1	173.46	364.55	4.98	8.80	100	/
5	16	9	0	0	2	181.76	364.55	8.86	8.80	100	to
3	16	10	0	0	0	222.197000	364.545769	29.279085	8.796976	-1	###FLOW###
4	16	10	0	0	0	222.197000	364.545769	29.279085	8.796976	-1	###LINE###
5	16	10	0	0	0	222.20	364.55	29.28	8.80	100	Person
3	16	11	0	0	0	294.753000	364.545769	35.372211	8.796976	-1	###FLOW###
4	16	11	0	0	0	294.753000	364.545769	35.372211	8.796976	-1	###LINE###
5	16	11	0	0	0	294.75	364.55	35.37	8.80	100	Purpose
3	16	12	0	0	0	366.930000	352.590769	53.059191	20.751976	-1	###FLOW###
4	16	12	0	0	0	368.096000	352.590769	51.893191	8.796976	-1	###LINE###
5	16	12	0	0	0	368.10	352.59	20.89	8.80	100	Date
5	16	12	0	0	1	392.31	352.59	4.98	8.80	100	/
5	16	12	0	0	2	400.62	352.59	19.37	8.80	100	time
4	16	12	0	1	0	366.930000	364.545769	29.610840	8.796976	-1	###LINE###
5	16	12	0	1	0	366.93	364.55	29.61	8.80	100	(UTC)
3	16	13	0	0	0	448.884000	364.545769	72.565586	8.796976	-1	###FLOW###
4	16	13	0	0	0	448.884000	364.545769	72.565586	8.796976	-1	###LINE###
5	16	13	0	0	0	448.88	364.55	37.66	8.80	100	Integrity
5	16	13	0	0	1	489.87	364.55	31.58	8.80	100	verified
3	16	13	1	0	0	448.884000	395.810881	7.748910	10.381029	-1	###FLOW###
4	16	13	1	0	0	448.884000	395.810881	7.748910	10.381029	-1	###LINE###
5	16	13	1	0	0	448.88	395.81	7.75	10.38	100	□
3	16	13	2	0	0	448.884000	422.103881	7.748910	10.381029	-1	###FLOW###
4	16	13	2	0	0	448.884000	422.103881	7.748910	10.381029	-1	###LINE###
5	16	13	2	0	0	448.88	422.10	7.75	10.38	100	□
3	16	13	3	0	0	448.884000	448.396881	7.748910	10.381029	-1	###FLOW###
4	16	13	3	0	0	448.884000	448.396881	7.748910	10.381029	-1	###LINE###
5	16	13	3	0	0	448.88	448.40	7.75	10.38	100	□
3	16	14	0	0	0	70.866000	485.615643	209.137096	10.496666	-1	###FLOW###
4	16	14	0	0	0	70.866000	485.615643	209.137096	10.496666	-1	###LINE###
5	16	14	0	0	0	70.87	485.62	57.38	10.50	100	Appendix
5	16	14	0	0	1	132.73	485.62	8.83	10.50	100	E
5	16	14	0	0	2	146.05	485.62	13.45	10.50	100	—
5	16	14	0	0	3	163.98	485.62	48.17	10.50	100	Cleanup
5	16	14	0	0	4	216.63	485.62	63.37	10.50	100	attestation
3	16	14	1	0	0	70.367000	505.318769	137.740915	8.796976	-1	###FLOW###
4	16	14	1	0	0	70.367000	505.318769	137.740915	8.796976	-1	###LINE###
5	16	14	1	0	0	70.37	505.32	28.01	8.80	100	Signed
5	16	14	1	0	1	101.94	505.32	13.88	8.80	100	pro
5	16	14	1	0	2	119.37	505.32	25.59	8.80	100	forma
5	16	14	1	0	3	148.53	505.32	17.31	8.80	100	T12
5	16	14	1	0	4	169.41	505.32	38.70	8.80	100	attached.
3	16	14	2	0	0	70.866000	533.953769	22.002402	8.796976	-1	###FLOW###
4	16	14	2	0	0	70.866000	533.953769	22.002402	8.796976	-1	###LINE###
5	16	14	2	0	0	70.87	533.95	22.00	8.80	100	Field
3	16	15	0	0	0	391.553000	533.953769	24.357561	8.796976	-1	###FLOW###
4	16	15	0	0	0	391.553000	533.953769	24.357561	8.796976	-1	###LINE###
5	16	15	0	0	0	391.55	533.95	24.36	8.80	100	Value
3	16	16	0	0	0	70.866000	565.247769	168.091976	8.796976	-1	###FLOW###
4	16	16	0	0	0	70.866000	565.247769	168.091976	8.796976	-1	###LINE###
5	16	16	0	0	0	70.87	565.25	13.01	8.80	100	All
5	16	16	0	0	1	87.19	565.25	57.90	8.80	100	modifications
5	16	16	0	0	2	148.41	565.25	36.28	8.80	100	removed
5	16	16	0	0	3	188.01	565.25	16.05	8.80	100	and
5	16	16	0	0	4	207.38	565.25	31.58	8.80	100	verified
3	16	17	0	0	0	391.932000	565.217881	121.046586	20.781864	-1	###FLOW###
4	16	17	0	0	0	391.932000	565.217881	121.046586	10.381029	-1	###LINE###
5	16	17	0	0	0	391.93	565.22	7.75	10.38	100	□
5	16	17	0	0	1	403.00	565.25	15.00	8.80	100	Yes
5	16	17	0	0	2	421.32	565.22	7.75	10.38	100	□
5	16	17	0	0	3	432.40	565.25	12.45	8.80	100	No
5	16	17	0	0	4	448.17	565.25	9.96	8.80	100	—
5	16	17	0	0	5	461.45	565.25	51.53	8.80	100	outstanding
4	16	17	0	1	0	391.932000	577.202769	89.025794	8.796976	-1	###LINE###
5	16	17	0	1	0	391.93	577.20	23.30	8.80	100	items
5	16	17	0	1	1	418.55	577.20	47.46	8.80	100	transferred
5	16	17	0	1	2	469.33	577.20	11.62	8.80	100	to:
3	16	18	0	0	0	70.866000	603.496769	133.642301	8.796976	-1	###FLOW###
4	16	18	0	0	0	70.866000	603.496769	133.642301	8.796976	-1	###LINE###
5	16	18	0	0	0	70.87	603.50	60.47	8.80	100	Infrastructure
5	16	18	0	0	1	134.66	603.50	69.85	8.80	100	decommissioned
3	16	19	0	0	0	391.934695	603.466881	7.748910	10.381029	-1	###FLOW###
4	16	19	0	0	0	391.934695	603.466881	7.748910	10.381029	-1	###LINE###
5	16	19	0	0	0	391.93	603.47	7.75	10.38	100	□
3	16	20	0	0	0	70.866000	629.789769	93.700246	8.796976	-1	###FLOW###
4	16	20	0	0	0	70.866000	629.789769	93.700246	8.796976	-1	###LINE###
5	16	20	0	0	0	70.87	629.79	49.07	8.80	100	Credentials
5	16	20	0	0	1	123.25	629.79	41.32	8.80	100	destroyed
3	16	21	0	0	0	391.932000	629.759881	7.748910	10.381029	-1	###FLOW###
4	16	21	0	0	0	391.932000	629.759881	7.748910	10.381029	-1	###LINE###
5	16	21	0	0	0	391.93	629.76	7.75	10.38	100	□
3	16	22	0	0	0	70.866000	656.082769	266.419849	8.796976	-1	###FLOW###
4	16	22	0	0	0	70.866000	656.082769	266.419849	8.796976	-1	###LINE###
5	16	22	0	0	0	70.87	656.08	12.18	8.80	100	C2
5	16	22	0	0	1	86.36	656.08	34.10	8.80	100	tasking,
5	16	22	0	0	2	123.78	656.08	38.32	8.80	100	listeners,
5	16	22	0	0	3	165.43	656.08	13.55	8.80	100	kill
5	16	22	0	0	4	182.31	656.08	35.81	8.80	100	switches
5	16	22	0	0	5	221.44	656.08	16.05	8.80	100	and
5	16	22	0	0	6	240.81	656.08	32.39	8.80	100	delayed
5	16	22	0	0	7	276.51	656.08	21.97	8.80	100	tasks
5	16	22	0	0	8	301.81	656.08	35.48	8.80	100	disabled
3	16	23	0	0	0	391.930710	656.052881	7.748910	10.381029	-1	###FLOW###
4	16	23	0	0	0	391.930710	656.052881	7.748910	10.381029	-1	###LINE###
5	16	23	0	0	0	391.93	656.05	7.75	10.38	100	□
3	16	24	0	0	0	70.866000	682.376769	300.066538	8.796976	-1	###FLOW###
4	16	24	0	0	0	70.866000	682.376769	300.066538	8.796976	-1	###LINE###
5	16	24	0	0	0	70.87	682.38	52.11	8.80	100	Certificates,
5	16	24	0	0	1	126.30	682.38	30.50	8.80	100	tokens,
5	16	24	0	0	2	160.11	682.38	18.61	8.80	100	keys
5	16	24	0	0	3	182.03	682.38	16.05	8.80	100	and
5	16	24	0	0	4	201.40	682.38	51.20	8.80	100	engagement
5	16	24	0	0	5	255.92	682.38	36.86	8.80	100	channels
5	16	24	0	0	6	296.11	682.38	33.23	8.80	100	revoked
5	16	24	0	0	7	332.66	682.38	8.88	8.80	100	or
5	16	24	0	0	8	344.87	682.38	26.06	8.80	100	closed
3	16	25	0	0	0	391.932000	682.346881	7.748910	10.381029	-1	###FLOW###
4	16	25	0	0	0	391.932000	682.346881	7.748910	10.381029	-1	###LINE###
5	16	25	0	0	0	391.93	682.35	7.75	10.38	100	□
3	16	26	0	0	0	70.866000	708.669769	275.936125	8.796976	-1	###FLOW###
4	16	26	0	0	0	70.866000	708.669769	275.936125	8.796976	-1	###LINE###
5	16	26	0	0	0	70.87	708.67	32.52	8.80	100	Backup
5	16	26	0	0	1	106.70	708.67	4.98	8.80	100	/
5	16	26	0	0	2	115.01	708.67	25.46	8.80	100	image
5	16	26	0	0	3	143.79	708.67	47.16	8.80	100	restoration
5	16	26	0	0	4	194.26	708.67	35.09	8.80	100	assessed
5	16	26	0	0	5	232.67	708.67	11.93	8.80	100	for
5	16	26	0	0	6	247.92	708.67	33.52	8.80	100	artefact
5	16	26	0	0	7	284.76	708.67	62.04	8.80	100	reintroduction
3	16	27	0	0	0	391.932703	708.639881	7.748910	10.381029	-1	###FLOW###
4	16	27	0	0	0	391.932703	708.639881	7.748910	10.381029	-1	###LINE###
5	16	27	0	0	0	391.93	708.64	7.75	10.38	100	□
3	16	28	0	0	0	70.866000	734.963769	300.900408	8.796976	-1	###FLOW###
4	16	28	0	0	0	70.866000	734.963769	300.900408	8.796976	-1	###LINE###
5	16	28	0	0	0	70.87	734.96	57.70	8.80	100	Late-callback
5	16	28	0	0	1	131.88	734.96	47.63	8.80	100	monitoring
5	16	28	0	0	2	182.84	734.96	44.27	8.80	100	completed
5	16	28	0	0	3	230.44	734.96	8.88	8.80	100	or
5	16	28	0	0	4	242.64	734.96	47.46	8.80	100	transferred
5	16	28	0	0	5	293.42	734.96	8.86	8.80	100	to
5	16	28	0	0	6	305.59	734.96	4.98	8.80	100	a
5	16	28	0	0	7	313.90	734.96	28.77	8.80	100	named
5	16	28	0	0	8	346.00	734.96	25.76	8.80	100	owner
3	16	29	0	0	0	391.932000	734.933881	7.748910	10.381029	-1	###FLOW###
4	16	29	0	0	0	391.932000	734.933881	7.748910	10.381029	-1	###LINE###
5	16	29	0	0	0	391.93	734.93	7.75	10.38	100	□
3	16	30	0	0	0	70.866000	761.256769	50.980617	8.796976	-1	###FLOW###
4	16	30	0	0	0	70.866000	761.256769	50.980617	8.796976	-1	###LINE###
5	16	30	0	0	0	70.87	761.26	37.14	8.80	100	Attested
5	16	30	0	0	1	111.32	761.26	10.52	8.80	100	by
3	16	30	1	0	0	260.882000	794.933960	73.512217	7.133239	-1	###FLOW###
4	16	30	1	0	0	260.882000	794.933960	73.512217	7.133239	-1	###LINE###
5	16	30	1	0	0	260.88	794.93	73.51	7.13	100	UNCLASSIFIED
3	16	30	2	0	0	287.710000	810.521052	19.854409	6.157865	-1	###FLOW###
4	16	30	2	0	0	287.710000	810.521052	19.854409	6.157865	-1	###LINE###
5	16	30	2	0	0	287.71	810.52	19.85	6.16	100	16/18
1	17	0	0	0	0	287.710000	810.521052	595.276000	841.890000	-1	###PAGE###
3	17	0	0	0	0	260.882000	40.770960	73.512217	7.133240	-1	###FLOW###
4	17	0	0	0	0	260.882000	40.770960	73.512217	7.133240	-1	###LINE###
5	17	0	0	0	0	260.88	40.77	73.51	7.13	100	UNCLASSIFIED
3	17	1	0	0	0	70.866000	76.636643	216.793206	10.496666	-1	###FLOW###
4	17	1	0	0	0	70.866000	76.636643	216.793206	10.496666	-1	###LINE###
5	17	1	0	0	0	70.87	76.64	57.38	10.50	100	Appendix
5	17	1	0	0	1	132.73	76.64	8.45	10.50	100	F
5	17	1	0	0	2	145.67	76.64	13.45	10.50	100	—
5	17	1	0	0	3	163.60	76.64	76.97	10.50	100	Deconfliction
5	17	1	0	0	4	245.06	76.64	42.60	10.50	100	records
3	17	1	1	0	0	69.298000	96.338769	92.929140	8.796976	-1	###FLOW###
4	17	1	1	0	0	69.298000	96.338769	92.929140	8.796976	-1	###LINE###
5	17	1	1	0	0	69.30	96.34	17.31	8.80	100	T07
5	17	1	1	0	1	90.18	96.34	29.78	8.80	100	records
5	17	1	1	0	2	123.53	96.34	38.70	8.80	100	attached.
3	17	2	0	0	0	70.866000	122.914643	173.184223	10.496666	-1	###FLOW###
4	17	2	0	0	0	70.866000	122.914643	173.184223	10.496666	-1	###LINE###
5	17	2	0	0	0	70.87	122.91	57.38	10.50	100	Appendix
5	17	2	0	0	1	132.73	122.91	10.57	10.50	100	G
5	17	2	0	0	2	147.79	122.91	13.45	10.50	100	—
5	17	2	0	0	3	165.72	122.91	28.59	10.50	100	ROE
5	17	2	0	0	4	198.80	122.91	45.26	10.50	100	changes
3	17	2	1	0	0	70.316000	142.616769	115.543246	8.796976	-1	###FLOW###
4	17	2	1	0	0	70.316000	142.616769	115.543246	8.796976	-1	###LINE###
5	17	2	1	0	0	70.32	142.62	21.41	8.80	100	ROE
5	17	2	1	0	1	95.29	142.62	39.66	8.80	100	Appendix
5	17	2	1	0	2	138.50	142.62	5.09	8.80	100	9
5	17	2	1	0	3	147.16	142.62	38.70	8.80	100	attached.
3	17	3	0	0	0	70.866000	190.546199	159.905614	12.595964	-1	###FLOW###
4	17	3	0	0	0	70.866000	190.546199	159.905614	12.595964	-1	###LINE###
5	17	3	0	0	0	70.87	190.55	49.75	12.60	100	Report
5	17	3	0	0	1	126.00	190.55	48.65	12.60	100	quality
5	17	3	0	0	2	180.02	190.55	50.75	12.60	100	sign-off
3	17	3	1	0	0	70.866000	227.136769	8.301835	8.796976	-1	###FLOW###
4	17	3	1	0	0	70.866000	227.136769	8.301835	8.796976	-1	###LINE###
5	17	3	1	0	0	70.87	227.14	8.30	8.80	100	#
3	17	4	0	0	0	177.125000	227.136769	26.566269	8.796976	-1	###FLOW###
4	17	4	0	0	0	177.125000	227.136769	26.566269	8.796976	-1	###LINE###
5	17	4	0	0	0	177.13	227.14	26.57	8.80	100	Check
3	17	5	0	0	0	423.144000	227.106881	8.301835	10.381029	-1	###FLOW###
4	17	5	0	0	0	423.144000	227.106881	8.301835	10.381029	-1	###LINE###
5	17	5	0	0	0	423.14	227.11	8.30	10.38	100	✓
3	17	6	0	0	0	70.866000	258.431769	4.981300	8.796976	-1	###FLOW###
4	17	6	0	0	0	70.866000	258.431769	4.981300	8.796976	-1	###LINE###
5	17	6	0	0	0	70.87	258.43	4.98	8.80	100	1
3	17	7	0	0	0	177.125000	258.431769	205.148863	20.751976	-1	###FLOW###
4	17	7	0	0	0	177.125000	258.431769	205.148863	8.796976	-1	###LINE###
5	17	7	0	0	0	177.13	258.43	42.48	8.80	100	Executive
5	17	7	0	0	1	222.92	258.43	40.21	8.80	100	summary
5	17	7	0	0	2	266.45	258.43	49.32	8.80	100	standalone,
5	17	7	0	0	3	319.10	258.43	24.93	8.80	100	under
5	17	7	0	0	4	347.35	258.43	4.98	8.80	100	2
5	17	7	0	0	5	355.65	258.43	26.62	8.80	100	pages,
4	17	7	0	1	0	177.125000	270.386769	46.550249	8.796976	-1	###LINE###
5	17	7	0	1	0	177.13	270.39	46.55	8.80	100	jargon-free
3	17	8	0	0	0	423.144000	258.401881	7.748910	10.381029	-1	###FLOW###
4	17	8	0	0	0	423.144000	258.401881	7.748910	10.381029	-1	###LINE###
5	17	8	0	0	0	423.14	258.40	7.75	10.38	100	□
3	17	9	0	0	0	70.866000	296.679769	4.981300	8.796976	-1	###FLOW###
4	17	9	0	0	0	70.866000	296.679769	4.981300	8.796976	-1	###LINE###
5	17	9	0	0	0	70.87	296.68	4.98	8.80	100	2
3	17	10	0	0	0	177.127092	296.679769	194.237823	8.796976	-1	###FLOW###
4	17	10	0	0	0	177.127092	296.679769	194.237823	8.796976	-1	###LINE###
5	17	10	0	0	0	177.13	296.68	25.35	8.80	100	Every
5	17	10	0	0	1	205.79	296.68	23.25	8.80	100	claim
5	17	10	0	0	2	232.36	296.68	39.33	8.80	100	traceable
5	17	10	0	0	3	275.01	296.68	8.86	8.80	100	to
5	17	10	0	0	4	287.19	296.68	44.05	8.80	100	referenced
5	17	10	0	0	5	334.57	296.68	36.80	8.80	100	evidence
3	17	11	0	0	0	423.140547	296.649881	7.748910	10.381029	-1	###FLOW###
4	17	11	0	0	0	423.140547	296.649881	7.748910	10.381029	-1	###LINE###
5	17	11	0	0	0	423.14	296.65	7.75	10.38	100	□
3	17	12	0	0	0	70.866000	322.973769	4.981300	8.796976	-1	###FLOW###
4	17	12	0	0	0	70.866000	322.973769	4.981300	8.796976	-1	###LINE###
5	17	12	0	0	0	70.87	322.97	4.98	8.80	100	3
3	17	13	0	0	0	177.125000	322.973769	197.568321	8.796976	-1	###FLOW###
4	17	13	0	0	0	177.125000	322.973769	197.568321	8.796976	-1	###LINE###
5	17	13	0	0	0	177.13	322.97	34.23	8.80	100	Positive
5	17	13	0	0	1	214.68	322.97	53.55	8.80	100	observations
5	17	13	0	0	2	271.55	322.97	31.36	8.80	100	present
5	17	13	0	0	3	306.22	322.97	16.05	8.80	100	and
5	17	13	0	0	4	325.60	322.97	49.09	8.80	100	substantive
3	17	14	0	0	0	423.144000	322.943881	7.748910	10.381029	-1	###FLOW###
4	17	14	0	0	0	423.144000	322.943881	7.748910	10.381029	-1	###LINE###
5	17	14	0	0	0	423.14	322.94	7.75	10.38	100	□
3	17	15	0	0	0	70.866000	349.266769	4.981300	8.796976	-1	###FLOW###
4	17	15	0	0	0	70.866000	349.266769	4.981300	8.796976	-1	###LINE###
5	17	15	0	0	0	70.87	349.27	4.98	8.80	100	4
3	17	16	0	0	0	177.127092	349.266769	210.517708	8.796976	-1	###FLOW###
4	17	16	0	0	0	177.127092	349.266769	210.517708	8.796976	-1	###LINE###
5	17	16	0	0	0	177.13	349.27	25.35	8.80	100	Every
5	17	16	0	0	1	205.79	349.27	39.35	8.80	100	narrative
5	17	16	0	0	2	248.47	349.27	17.76	8.80	100	step
5	17	16	0	0	3	269.56	349.27	14.45	8.80	100	has
5	17	16	0	0	4	287.32	349.27	4.98	8.80	100	a
5	17	16	0	0	5	295.62	349.27	39.08	8.80	100	defensive
5	17	16	0	0	6	338.03	349.27	49.62	8.80	100	observation
3	17	17	0	0	0	423.141543	349.236881	7.748910	10.381029	-1	###FLOW###
4	17	17	0	0	0	423.141543	349.236881	7.748910	10.381029	-1	###LINE###
5	17	17	0	0	0	423.14	349.24	7.75	10.38	100	□
3	17	18	0	0	0	70.866000	375.560769	4.981300	8.796976	-1	###FLOW###
4	17	18	0	0	0	70.866000	375.560769	4.981300	8.796976	-1	###LINE###
5	17	18	0	0	0	70.87	375.56	4.98	8.80	100	5
3	17	19	0	0	0	177.125000	375.560769	218.692021	20.751976	-1	###FLOW###
4	17	19	0	0	0	177.125000	375.560769	218.692021	8.796976	-1	###LINE###
5	17	19	0	0	0	177.13	375.56	18.33	8.80	100	Gap
5	17	19	0	0	1	198.78	375.56	27.15	8.80	100	profile
5	17	19	0	0	2	229.24	375.56	55.52	8.80	100	distinguishes
5	17	19	0	0	3	288.08	375.56	10.52	8.80	100	no
5	17	19	0	0	4	301.92	375.56	27.17	8.80	100	usable
5	17	19	0	0	5	332.42	375.56	41.26	8.80	100	telemetry
5	17	19	0	0	6	377.00	375.56	4.98	8.80	100	/
5	17	19	0	0	7	385.30	375.56	10.52	8.80	100	no
4	17	19	0	1	0	177.125000	387.515769	172.159706	8.796976	-1	###LINE###
5	17	19	0	1	0	177.13	387.52	35.15	8.80	100	effective
5	17	19	0	1	1	215.59	387.52	39.85	8.80	100	detection
5	17	19	0	1	2	258.76	387.52	4.98	8.80	100	/
5	17	19	0	1	3	267.07	387.52	19.95	8.80	100	alert
5	17	19	0	1	4	290.34	387.52	14.39	8.80	100	not
5	17	19	0	1	5	308.05	387.52	41.24	8.80	100	examined
3	17	20	0	0	0	423.144000	375.530881	7.748910	10.381029	-1	###FLOW###
4	17	20	0	0	0	423.144000	375.530881	7.748910	10.381029	-1	###LINE###
5	17	20	0	0	0	423.14	375.53	7.75	10.38	100	□
3	17	21	0	0	0	70.866000	413.808769	4.981300	8.796976	-1	###FLOW###
4	17	21	0	0	0	70.866000	413.808769	4.981300	8.796976	-1	###LINE###
5	17	21	0	0	0	70.87	413.81	4.98	8.80	100	6
3	17	22	0	0	0	177.127092	413.808769	154.727148	8.796976	-1	###FLOW###
4	17	22	0	0	0	177.127092	413.808769	154.727148	8.796976	-1	###LINE###
5	17	22	0	0	0	177.13	413.81	12.45	8.80	100	No
5	17	22	0	0	1	192.90	413.81	43.45	8.80	100	individual
5	17	22	0	0	2	239.67	413.81	28.78	8.80	100	named
5	17	22	0	0	3	271.77	413.81	8.88	8.80	100	or
5	17	22	0	0	4	283.98	413.81	47.88	8.80	100	identifiable
3	17	23	0	0	0	423.141543	413.778881	7.748910	10.381029	-1	###FLOW###
4	17	23	0	0	0	423.141543	413.778881	7.748910	10.381029	-1	###LINE###
5	17	23	0	0	0	423.14	413.78	7.75	10.38	100	□
3	17	24	0	0	0	70.866000	440.102769	4.981300	8.796976	-1	###FLOW###
4	17	24	0	0	0	70.866000	440.102769	4.981300	8.796976	-1	###LINE###
5	17	24	0	0	0	70.87	440.10	4.98	8.80	100	7
3	17	25	0	0	0	177.125000	440.102769	217.850182	20.751976	-1	###FLOW###
4	17	25	0	0	0	177.125000	440.102769	217.850182	8.796976	-1	###LINE###
5	17	25	0	0	0	177.13	440.10	12.45	8.80	100	No
5	17	25	0	0	1	192.90	440.10	49.07	8.80	100	credentials,
5	17	25	0	0	2	245.28	440.10	30.51	8.80	100	tokens,
5	17	25	0	0	3	279.11	440.10	18.60	8.80	100	keys
5	17	25	0	0	4	301.02	440.10	8.88	8.80	100	or
5	17	25	0	0	5	313.23	440.10	19.10	8.80	100	bulk
5	17	25	0	0	6	335.64	440.10	36.64	8.80	100	sensitive
5	17	25	0	0	7	375.60	440.10	19.37	8.80	100	data
4	17	25	0	1	0	177.125000	452.057769	40.985140	8.796976	-1	###LINE###
5	17	25	0	1	0	177.13	452.06	40.99	8.80	100	anywhere
3	17	26	0	0	0	423.144000	440.072881	7.748910	10.381029	-1	###FLOW###
4	17	26	0	0	0	423.144000	440.072881	7.748910	10.381029	-1	###LINE###
5	17	26	0	0	0	423.14	440.07	7.75	10.38	100	□
3	17	27	0	0	0	70.866000	478.350769	4.981300	8.796976	-1	###FLOW###
4	17	27	0	0	0	70.866000	478.350769	4.981300	8.796976	-1	###LINE###
5	17	27	0	0	0	70.87	478.35	4.98	8.80	100	8
3	17	28	0	0	0	177.127092	478.350769	177.723818	8.796976	-1	###FLOW###
4	17	28	0	0	0	177.127092	478.350769	177.723818	8.796976	-1	###LINE###
5	17	28	0	0	0	177.13	478.35	50.50	8.80	100	Screenshots
5	17	28	0	0	1	230.95	478.35	39.87	8.80	100	redacted,
5	17	28	0	0	2	274.15	478.35	49.93	8.80	100	timestamps
5	17	28	0	0	3	327.40	478.35	27.45	8.80	100	visible
3	17	29	0	0	0	423.144532	478.320881	7.748910	10.381029	-1	###FLOW###
4	17	29	0	0	0	423.144532	478.320881	7.748910	10.381029	-1	###LINE###
5	17	29	0	0	0	423.14	478.32	7.75	10.38	100	□
3	17	30	0	0	0	70.866000	504.644769	4.981300	8.796976	-1	###FLOW###
4	17	30	0	0	0	70.866000	504.644769	4.981300	8.796976	-1	###LINE###
5	17	30	0	0	0	70.87	504.64	4.98	8.80	100	9
3	17	31	0	0	0	177.125000	504.644769	114.519091	8.796976	-1	###FLOW###
4	17	31	0	0	0	177.125000	504.644769	114.519091	8.796976	-1	###LINE###
5	17	31	0	0	0	177.13	504.64	34.90	8.80	100	Severity
5	17	31	0	0	1	215.35	504.64	29.96	8.80	100	ratings
5	17	31	0	0	2	248.64	504.64	43.01	8.80	100	consistent
3	17	32	0	0	0	423.144000	504.614881	7.748910	10.381029	-1	###FLOW###
4	17	32	0	0	0	423.144000	504.614881	7.748910	10.381029	-1	###LINE###
5	17	32	0	0	0	423.14	504.61	7.75	10.38	100	□
3	17	33	0	0	0	70.866000	530.937769	9.962600	8.796976	-1	###FLOW###
4	17	33	0	0	0	70.866000	530.937769	9.962600	8.796976	-1	###LINE###
5	17	33	0	0	0	70.87	530.94	9.96	8.80	100	10
3	17	34	0	0	0	177.125000	530.937769	199.645622	20.751976	-1	###FLOW###
4	17	34	0	0	0	177.127092	530.937769	199.643530	8.796976	-1	###LINE###
5	17	34	0	0	0	177.13	530.94	25.35	8.80	100	Every
5	17	34	0	0	1	205.79	530.94	29.89	8.80	100	finding
5	17	34	0	0	2	239.00	530.94	14.45	8.80	100	has
5	17	34	0	0	3	256.78	530.94	4.98	8.80	100	a
5	17	34	0	0	4	265.07	530.94	18.02	8.80	100	root
5	17	34	0	0	5	286.41	530.94	26.07	8.80	100	cause,
5	17	34	0	0	6	315.80	530.94	14.39	8.80	100	not
5	17	34	0	0	7	333.51	530.94	4.98	8.80	100	a
5	17	34	0	0	8	341.82	530.94	34.95	8.80	100	restated
4	17	34	0	1	0	177.125000	542.892769	40.183151	8.796976	-1	###LINE###
5	17	34	0	1	0	177.13	542.89	40.18	8.80	100	symptom
3	17	35	0	0	0	423.144000	530.907881	7.748910	10.381029	-1	###FLOW###
4	17	35	0	0	0	423.144000	530.907881	7.748910	10.381029	-1	###LINE###
5	17	35	0	0	0	423.14	530.91	7.75	10.38	100	□
3	17	36	0	0	0	70.866000	569.186769	9.962600	8.796976	-1	###FLOW###
4	17	36	0	0	0	70.866000	569.186769	9.962600	8.796976	-1	###LINE###
5	17	36	0	0	0	70.87	569.19	9.96	8.80	100	11
3	17	37	0	0	0	177.125000	569.186769	226.461853	8.796976	-1	###FLOW###
4	17	37	0	0	0	177.125000	569.186769	226.461853	8.796976	-1	###LINE###
5	17	37	0	0	0	177.13	569.19	25.35	8.80	100	Every
5	17	37	0	0	1	205.79	569.19	29.89	8.80	100	finding
5	17	37	0	0	2	239.01	569.19	14.44	8.80	100	has
5	17	37	0	0	3	256.77	569.19	28.53	8.80	100	owner,
5	17	37	0	0	4	288.62	569.19	26.04	8.80	100	target
5	17	37	0	0	5	317.98	569.19	21.59	8.80	100	date,
5	17	37	0	0	6	342.90	569.19	24.43	8.80	100	retest
5	17	37	0	0	7	370.65	569.19	32.94	8.80	100	method
3	17	38	0	0	0	423.144000	569.156881	7.748910	10.381029	-1	###FLOW###
4	17	38	0	0	0	423.144000	569.156881	7.748910	10.381029	-1	###LINE###
5	17	38	0	0	0	423.14	569.16	7.75	10.38	100	□
3	17	39	0	0	0	70.866000	595.479769	9.962600	8.796976	-1	###FLOW###
4	17	39	0	0	0	70.866000	595.479769	9.962600	8.796976	-1	###LINE###
5	17	39	0	0	0	70.87	595.48	9.96	8.80	100	12
3	17	40	0	0	0	177.125000	595.479769	177.533631	20.751976	-1	###FLOW###
4	17	40	0	0	0	177.127092	595.479769	177.531539	8.796976	-1	###LINE###
5	17	40	0	0	0	177.13	595.48	63.12	8.80	100	Unpreventable
5	17	40	0	0	1	243.57	595.48	33.82	8.80	100	findings
5	17	40	0	0	2	280.71	595.48	22.47	8.80	100	carry
5	17	40	0	0	3	306.50	595.48	4.98	8.80	100	a
5	17	40	0	0	4	314.81	595.48	39.85	8.80	100	detection
4	17	40	0	1	0	177.125000	607.434769	71.982774	8.796976	-1	###LINE###
5	17	40	0	1	0	177.13	607.43	71.98	8.80	100	recommendation
3	17	41	0	0	0	423.144000	595.449881	7.748910	10.381029	-1	###FLOW###
4	17	41	0	0	0	423.144000	595.449881	7.748910	10.381029	-1	###LINE###
5	17	41	0	0	0	423.14	595.45	7.75	10.38	100	□
3	17	42	0	0	0	70.866000	633.728769	9.962600	8.796976	-1	###FLOW###
4	17	42	0	0	0	70.866000	633.728769	9.962600	8.796976	-1	###LINE###
5	17	42	0	0	0	70.87	633.73	9.96	8.80	100	13
3	17	43	0	0	0	177.125000	633.728769	234.063317	8.796976	-1	###FLOW###
4	17	43	0	0	0	177.125000	633.728769	234.063317	8.796976	-1	###LINE###
5	17	43	0	0	0	177.13	633.73	29.92	8.80	100	Threat
5	17	43	0	0	1	210.35	633.73	19.37	8.80	100	level
5	17	43	0	0	2	233.04	633.73	26.62	8.80	100	stated
5	17	43	0	0	3	262.97	633.73	16.05	8.80	100	and
5	17	43	0	0	4	282.34	633.73	33.29	8.80	100	severity
5	17	43	0	0	5	318.94	633.73	47.93	8.80	100	interpreted
5	17	43	0	0	6	370.19	633.73	31.05	8.80	100	against
5	17	43	0	0	7	404.55	633.73	6.64	8.80	100	it
3	17	44	0	0	0	423.144000	633.698881	7.748910	10.381029	-1	###FLOW###
4	17	44	0	0	0	423.144000	633.698881	7.748910	10.381029	-1	###LINE###
5	17	44	0	0	0	423.14	633.70	7.75	10.38	100	□
3	17	45	0	0	0	70.866000	660.021769	9.962600	8.796976	-1	###FLOW###
4	17	45	0	0	0	70.866000	660.021769	9.962600	8.796976	-1	###LINE###
5	17	45	0	0	0	70.87	660.02	9.96	8.80	100	14
3	17	46	0	0	0	177.127092	660.021769	212.365770	8.796976	-1	###FLOW###
4	17	46	0	0	0	177.127092	660.021769	212.365770	8.796976	-1	###LINE###
5	17	46	0	0	0	177.13	660.02	35.14	8.80	100	Activity
5	17	46	0	0	1	215.59	660.02	27.18	8.80	100	record
5	17	46	0	0	2	246.09	660.02	16.05	8.80	100	and
5	17	46	0	0	3	265.46	660.02	32.93	8.80	100	cleanup
5	17	46	0	0	4	301.71	660.02	47.10	8.80	100	attestation
5	17	46	0	0	5	352.13	660.02	37.36	8.80	100	attached
3	17	47	0	0	0	423.146525	659.991881	7.748910	10.381029	-1	###FLOW###
4	17	47	0	0	0	423.146525	659.991881	7.748910	10.381029	-1	###LINE###
5	17	47	0	0	0	423.15	659.99	7.75	10.38	100	□
3	17	48	0	0	0	70.866000	686.314769	9.962600	8.796976	-1	###FLOW###
4	17	48	0	0	0	70.866000	686.314769	9.962600	8.796976	-1	###LINE###
5	17	48	0	0	0	70.87	686.31	9.96	8.80	100	15
3	17	49	0	0	0	177.125000	686.314769	164.631965	8.796976	-1	###FLOW###
4	17	49	0	0	0	177.125000	686.314769	164.631965	8.796976	-1	###LINE###
5	17	49	0	0	0	177.13	686.31	57.68	8.80	100	Classification
5	17	49	0	0	1	238.12	686.31	16.05	8.80	100	and
5	17	49	0	0	2	257.49	686.31	51.01	8.80	100	distribution
5	17	49	0	0	3	311.81	686.31	29.95	8.80	100	correct
3	17	50	0	0	0	423.144000	686.284881	7.748910	10.381029	-1	###FLOW###
4	17	50	0	0	0	423.144000	686.284881	7.748910	10.381029	-1	###LINE###
5	17	50	0	0	0	423.14	686.28	7.75	10.38	100	□
3	17	51	0	0	0	70.866000	712.608769	9.962600	8.796976	-1	###FLOW###
4	17	51	0	0	0	70.866000	712.608769	9.962600	8.796976	-1	###LINE###
5	17	51	0	0	0	70.87	712.61	9.96	8.80	100	16
3	17	52	0	0	0	177.127092	712.608769	186.434119	8.796976	-1	###FLOW###
4	17	52	0	0	0	177.127092	712.608769	186.434119	8.796976	-1	###LINE###
5	17	52	0	0	0	177.13	712.61	41.10	8.80	100	Reviewed
5	17	52	0	0	1	221.54	712.61	10.51	8.80	100	by
5	17	52	0	0	2	235.38	712.61	36.58	8.80	100	someone
5	17	52	0	0	3	275.29	712.61	17.71	8.80	100	who
5	17	52	0	0	4	296.32	712.61	13.84	8.80	100	did
5	17	52	0	0	5	313.47	712.61	14.39	8.80	100	not
5	17	52	0	0	6	331.19	712.61	32.37	8.80	100	execute
3	17	53	0	0	0	423.147521	712.578881	7.748910	10.381029	-1	###FLOW###
4	17	53	0	0	0	423.147521	712.578881	7.748910	10.381029	-1	###LINE###
5	17	53	0	0	0	423.15	712.58	7.75	10.38	100	□
3	17	54	0	0	0	70.866000	738.901769	9.962600	8.796976	-1	###FLOW###
4	17	54	0	0	0	70.866000	738.901769	9.962600	8.796976	-1	###LINE###
5	17	54	0	0	0	70.87	738.90	9.96	8.80	100	17
3	17	55	0	0	0	177.125000	738.901769	230.107168	20.751976	-1	###FLOW###
4	17	55	0	0	0	177.125000	738.901769	230.107168	8.796976	-1	###LINE###
5	17	55	0	0	0	177.13	738.90	39.16	8.80	100	Evidence
5	17	55	0	0	1	219.60	738.90	17.91	8.80	100	IDs,
5	17	55	0	0	2	240.83	738.90	31.11	8.80	100	hashes,
5	17	55	0	0	3	275.25	738.90	36.61	8.80	100	originals
5	17	55	0	0	4	315.19	738.90	16.05	8.80	100	and
5	17	55	0	0	5	334.56	738.90	26.89	8.80	100	report
5	17	55	0	0	6	364.79	738.90	42.45	8.80	100	references
4	17	55	0	1	0	177.125000	750.856769	37.667594	8.796976	-1	###LINE###
5	17	55	0	1	0	177.13	750.86	37.67	8.80	100	reconcile
3	17	56	0	0	0	423.144000	738.871881	7.748910	10.381029	-1	###FLOW###
4	17	56	0	0	0	423.144000	738.871881	7.748910	10.381029	-1	###LINE###
5	17	56	0	0	0	423.14	738.87	7.75	10.38	100	□
3	17	57	0	0	0	260.882000	794.933960	73.512217	7.133239	-1	###FLOW###
4	17	57	0	0	0	260.882000	794.933960	73.512217	7.133239	-1	###LINE###
5	17	57	0	0	0	260.88	794.93	73.51	7.13	100	UNCLASSIFIED
3	17	57	1	0	0	287.710000	810.521052	19.854409	6.157865	-1	###FLOW###
4	17	57	1	0	0	287.710000	810.521052	19.854409	6.157865	-1	###LINE###
5	17	57	1	0	0	287.71	810.52	19.85	6.16	100	17/18
1	18	0	0	0	0	287.710000	810.521052	595.276000	841.890000	-1	###PAGE###
3	18	0	0	0	0	260.882000	40.770960	73.512217	7.133240	-1	###FLOW###
4	18	0	0	0	0	260.882000	40.770960	73.512217	7.133240	-1	###LINE###
5	18	0	0	0	0	260.88	40.77	73.51	7.13	100	UNCLASSIFIED
3	18	1	0	0	0	70.866000	82.996769	8.301835	8.796976	-1	###FLOW###
4	18	1	0	0	0	70.866000	82.996769	8.301835	8.796976	-1	###LINE###
5	18	1	0	0	0	70.87	83.00	8.30	8.80	100	#
3	18	2	0	0	0	177.125000	82.996769	26.566269	8.796976	-1	###FLOW###
4	18	2	0	0	0	177.125000	82.996769	26.566269	8.796976	-1	###LINE###
5	18	2	0	0	0	177.13	83.00	26.57	8.80	100	Check
3	18	3	0	0	0	423.144000	82.966881	8.301835	10.381029	-1	###FLOW###
4	18	3	0	0	0	423.144000	82.966881	8.301835	10.381029	-1	###LINE###
5	18	3	0	0	0	423.14	82.97	8.30	10.38	100	✓
3	18	4	0	0	0	70.866000	114.290769	9.962600	8.796976	-1	###FLOW###
4	18	4	0	0	0	70.866000	114.290769	9.962600	8.796976	-1	###LINE###
5	18	4	0	0	0	70.87	114.29	9.96	8.80	100	18
3	18	5	0	0	0	177.125000	114.290769	221.309295	20.751976	-1	###FLOW###
4	18	5	0	0	0	177.127092	114.290769	221.307204	8.796976	-1	###LINE###
5	18	5	0	0	0	177.13	114.29	31.55	8.80	100	Timing
5	18	5	0	0	1	211.99	114.29	28.37	8.80	100	results
5	18	5	0	0	2	243.68	114.29	21.36	8.80	100	show
5	18	5	0	0	3	268.37	114.29	32.70	8.80	100	sample,
5	18	5	0	0	4	304.40	114.29	37.16	8.80	100	censored
5	18	5	0	0	5	344.89	114.29	53.55	8.80	100	observations
4	18	5	0	1	0	177.125000	126.245769	65.918539	8.796976	-1	###LINE###
5	18	5	0	1	0	177.13	126.25	16.05	8.80	100	and
5	18	5	0	1	1	196.49	126.25	46.55	8.80	100	limitations
3	18	6	0	0	0	423.144000	114.260881	7.748910	10.381029	-1	###FLOW###
4	18	6	0	0	0	423.144000	114.260881	7.748910	10.381029	-1	###LINE###
5	18	6	0	0	0	423.14	114.26	7.75	10.38	100	□
3	18	7	0	0	0	70.866000	152.539769	9.962600	8.796976	-1	###FLOW###
4	18	7	0	0	0	70.866000	152.539769	9.962600	8.796976	-1	###LINE###
5	18	7	0	0	0	70.87	152.54	9.96	8.80	100	19
3	18	8	0	0	0	177.125000	152.539769	206.279618	20.751976	-1	###FLOW###
4	18	8	0	0	0	177.125000	152.539769	206.279618	8.796976	-1	###LINE###
5	18	8	0	0	0	177.13	152.54	25.35	8.80	100	Every
5	18	8	0	0	1	205.79	152.54	20.51	8.80	100	ratio
5	18	8	0	0	2	229.63	152.54	25.02	8.80	100	states
5	18	8	0	0	3	257.96	152.54	47.93	8.80	100	numerator,
5	18	8	0	0	4	309.21	152.54	54.82	8.80	100	denominator
5	18	8	0	0	5	367.35	152.54	16.05	8.80	100	and
4	18	8	0	1	0	177.125000	164.494769	43.562465	8.796976	-1	###LINE###
5	18	8	0	1	0	177.13	164.49	43.56	8.80	100	exclusions
3	18	9	0	0	0	423.144000	152.509881	7.748910	10.381029	-1	###FLOW###
4	18	9	0	0	0	423.144000	152.509881	7.748910	10.381029	-1	###LINE###
5	18	9	0	0	0	423.14	152.51	7.75	10.38	100	□
3	18	10	0	0	0	70.866000	190.787769	9.962600	8.796976	-1	###FLOW###
4	18	10	0	0	0	70.866000	190.787769	9.962600	8.796976	-1	###LINE###
5	18	10	0	0	0	70.87	190.79	9.96	8.80	100	20
3	18	11	0	0	0	177.125000	190.787769	221.057242	20.751976	-1	###FLOW###
4	18	11	0	0	0	177.127092	190.787769	221.055150	8.796976	-1	###LINE###
5	18	11	0	0	0	177.13	190.79	56.04	8.80	100	Comparisons
5	18	11	0	0	1	236.49	190.79	32.93	8.80	100	identify
5	18	11	0	0	2	272.74	190.79	26.35	8.80	100	scope,
5	18	11	0	0	3	302.40	190.79	29.36	8.80	100	threat,
5	18	11	0	0	4	335.09	190.79	43.73	8.80	100	ATT&CK
5	18	11	0	0	5	382.13	190.79	16.05	8.80	100	and
4	18	11	0	1	0	177.125000	202.742769	86.757310	8.796976	-1	###LINE###
5	18	11	0	1	0	177.13	202.74	49.90	8.80	100	data-source
5	18	11	0	1	1	230.34	202.74	33.54	8.80	100	changes
3	18	12	0	0	0	423.144000	190.757881	7.748910	10.381029	-1	###FLOW###
4	18	12	0	0	0	423.144000	190.757881	7.748910	10.381029	-1	###LINE###
5	18	12	0	0	0	423.14	190.76	7.75	10.38	100	□
3	18	13	0	0	0	70.866000	229.036769	9.962600	8.796976	-1	###FLOW###
4	18	13	0	0	0	70.866000	229.036769	9.962600	8.796976	-1	###LINE###
5	18	13	0	0	0	70.87	229.04	9.96	8.80	100	21
3	18	14	0	0	0	177.125000	229.036769	214.858413	20.751976	-1	###FLOW###
4	18	14	0	0	0	177.125000	229.036769	214.858413	8.796976	-1	###LINE###
5	18	14	0	0	0	177.13	229.04	35.70	8.80	100	Cleanup
5	18	14	0	0	1	216.14	229.04	26.38	8.80	100	covers
5	18	14	0	0	2	245.84	229.04	14.94	8.80	100	C2,
5	18	14	0	0	3	264.10	229.04	31.69	8.80	100	secrets,
5	18	14	0	0	4	299.11	229.04	39.63	8.80	100	channels,
5	18	14	0	0	5	342.07	229.04	49.92	8.80	100	restoration,
4	18	14	0	1	0	177.125000	240.991769	103.891985	8.796976	-1	###LINE###
5	18	14	0	1	0	177.13	240.99	34.92	8.80	100	backups
5	18	14	0	1	1	215.37	240.99	16.05	8.80	100	and
5	18	14	0	1	2	234.75	240.99	16.05	8.80	100	late
5	18	14	0	1	3	254.12	240.99	26.90	8.80	100	effects
3	18	15	0	0	0	423.144000	229.006881	7.748910	10.381029	-1	###FLOW###
4	18	15	0	0	0	423.144000	229.006881	7.748910	10.381029	-1	###LINE###
5	18	15	0	0	0	423.14	229.01	7.75	10.38	100	□
3	18	16	0	0	0	214.888000	286.798769	25.183460	8.796976	-1	###FLOW###
4	18	16	0	0	0	214.888000	286.798769	25.183460	8.796976	-1	###LINE###
5	18	16	0	0	0	214.89	286.80	25.18	8.80	100	Name
3	18	17	0	0	0	319.402000	286.798769	41.541053	8.796976	-1	###FLOW###
4	18	17	0	0	0	319.402000	286.798769	41.541053	8.796976	-1	###LINE###
5	18	17	0	0	0	319.40	286.80	41.54	8.80	100	Signature
3	18	18	0	0	0	70.866000	318.093769	111.281246	8.796976	-1	###FLOW###
4	18	18	0	0	0	70.866000	318.093769	111.281246	8.796976	-1	###LINE###
5	18	18	0	0	0	70.87	318.09	31.02	8.80	100	Author
5	18	18	0	0	1	105.21	318.09	21.17	8.80	100	(Red
5	18	18	0	0	2	129.70	318.09	24.07	8.80	100	Team
5	18	18	0	0	3	157.10	318.09	25.05	8.80	100	Lead)
3	18	18	1	0	0	70.866000	344.386769	54.570142	8.796976	-1	###FLOW###
4	18	18	1	0	0	70.866000	344.386769	54.570142	8.796976	-1	###LINE###
5	18	18	1	0	0	70.87	344.39	15.22	8.80	100	QA
5	18	18	1	0	1	89.40	344.39	36.03	8.80	100	reviewer
3	18	19	0	0	0	260.882000	794.933960	73.512217	7.133239	-1	###FLOW###
4	18	19	0	0	0	260.882000	794.933960	73.512217	7.133239	-1	###LINE###
5	18	19	0	0	0	260.88	794.93	73.51	7.13	100	UNCLASSIFIED
3	18	19	1	0	0	287.710000	810.521052	19.854409	6.157865	-1	###FLOW###
4	18	19	1	0	0	287.710000	810.521052	19.854409	6.157865	-1	###LINE###
5	18	19	1	0	0	287.71	810.52	19.85	6.16	100	18/18
3	18	20	0	0	0	431.851000	286.798769	20.894561	8.796976	-1	###FLOW###
4	18	20	0	0	0	431.851000	286.798769	20.894561	8.796976	-1	###LINE###
5	18	20	0	0	0	431.85	286.80	20.89	8.80	100	Date
