level	page_num	par_num	block_num	line_num	word_num	left	top	width	height	conf	text
1	1	0	0	0	0	0.000000	0.000000	595.276000	841.890000	-1	###PAGE###
3	1	0	0	0	0	260.882000	40.770960	73.512217	7.133240	-1	###FLOW###
4	1	0	0	0	0	260.882000	40.770960	73.512217	7.133240	-1	###LINE###
5	1	0	0	0	0	260.88	40.77	73.51	7.13	100	UNCLASSIFIED
3	1	1	0	0	0	70.866000	75.001199	273.672415	12.595964	-1	###FLOW###
4	1	1	0	0	0	70.866000	75.001199	273.672415	12.595964	-1	###LINE###
5	1	1	0	0	0	70.87	75.00	27.36	12.60	100	T12
5	1	1	0	0	1	103.61	75.00	16.14	12.60	100	—
5	1	1	0	0	2	125.13	75.00	57.80	12.60	100	Cleanup
5	1	1	0	0	3	188.31	75.00	25.78	12.60	100	and
5	1	1	0	0	4	219.47	75.00	61.12	12.60	100	Rollback
5	1	1	0	0	5	285.97	75.00	58.57	12.60	100	Register
3	1	1	1	0	0	95.773000	99.671143	405.663164	20.851602	-1	###FLOW###
4	1	1	1	0	0	95.773000	99.671143	405.663164	8.896602	-1	###LINE###
5	1	1	1	0	0	95.77	99.77	45.03	8.80	100	Populated
5	1	1	1	0	1	144.14	99.67	33.38	8.90	100	during
5	1	1	1	0	2	181.36	99.67	30.13	8.90	100	Phase
5	1	1	1	0	3	215.32	99.67	8.67	8.90	100	4,
5	1	1	1	0	4	227.33	99.77	9.09	8.80	100	as
5	1	1	1	0	5	239.76	99.77	19.48	8.80	100	each
5	1	1	1	0	6	262.58	99.77	55.04	8.80	100	modification
5	1	1	1	0	7	320.95	99.77	6.83	8.80	100	is
5	1	1	1	0	8	331.13	99.77	23.71	8.80	100	made
5	1	1	1	0	9	358.17	99.77	10.16	8.80	100	—
5	1	1	1	0	10	371.68	99.77	14.68	8.80	100	not
5	1	1	1	0	11	389.69	99.77	59.96	8.80	100	reconstructed
5	1	1	1	0	12	452.98	99.77	9.03	8.80	100	at
5	1	1	1	0	13	465.36	99.77	14.11	8.80	100	the
5	1	1	1	0	14	482.80	99.77	18.63	8.80	100	end.
4	1	1	1	1	0	95.773000	111.725769	102.032964	8.796976	-1	###LINE###
5	1	1	1	1	0	95.77	111.73	28.84	8.80	100	Closed
5	1	1	1	1	1	127.93	111.73	14.39	8.80	100	out
5	1	1	1	1	2	145.64	111.73	8.86	8.80	100	at
5	1	1	1	1	3	157.82	111.73	21.10	8.80	100	Gate
5	1	1	1	1	4	182.24	111.73	15.57	8.80	100	G5.
3	1	1	2	0	0	95.414000	129.658769	406.018299	32.706976	-1	###FLOW###
4	1	1	2	0	0	95.773000	129.658769	405.659299	8.796976	-1	###LINE###
5	1	1	2	0	0	95.77	129.66	41.37	8.80	100	Forgotten
5	1	1	2	0	1	140.04	129.66	39.37	8.80	100	implants,
5	1	1	2	0	2	182.40	129.66	14.64	8.80	100	live
5	1	1	2	0	3	199.94	129.66	36.66	8.80	100	accounts
5	1	1	2	0	4	239.50	129.66	15.73	8.80	100	and
5	1	1	2	0	5	258.13	129.66	39.63	8.80	100	orphaned
5	1	1	2	0	6	300.66	129.66	58.44	8.80	100	infrastructure
5	1	1	2	0	7	362.00	129.66	13.05	8.80	100	are
5	1	1	2	0	8	377.94	129.66	13.56	8.80	100	the
5	1	1	2	0	9	394.40	129.66	23.13	8.80	100	worst
5	1	1	2	0	10	420.43	129.66	13.59	8.80	100	red
5	1	1	2	0	11	436.92	129.66	21.15	8.80	100	team
5	1	1	2	0	12	460.98	129.66	40.46	8.80	100	incidents.
4	1	1	2	1	0	95.414000	141.613769	404.457291	8.796976	-1	###LINE###
5	1	1	2	1	0	95.41	141.61	22.10	8.80	100	They
5	1	1	2	1	1	120.83	141.61	25.68	8.80	100	create
5	1	1	2	1	2	149.82	141.61	18.58	8.80	100	real,
5	1	1	2	1	3	171.71	141.61	53.24	8.80	100	uncontrolled
5	1	1	2	1	4	228.26	141.61	15.64	8.80	100	risk
5	1	1	2	1	5	247.20	141.61	18.01	8.80	100	that
5	1	1	2	1	6	268.52	141.61	32.80	8.80	100	outlives
5	1	1	2	1	7	304.63	141.61	13.64	8.80	100	the
5	1	1	2	1	8	321.59	141.61	59.57	8.80	100	authorisation,
5	1	1	2	1	9	384.47	141.61	15.83	8.80	100	and
5	1	1	2	1	10	403.61	141.61	18.83	8.80	100	they
5	1	1	2	1	11	425.75	141.61	13.13	8.80	100	are
5	1	1	2	1	12	442.19	141.61	44.00	8.80	100	discovered
5	1	1	2	1	13	489.50	141.61	10.37	8.80	100	by
4	1	1	2	2	0	95.773000	153.568769	58.226416	8.796976	-1	###LINE###
5	1	1	2	2	0	95.77	153.57	36.59	8.80	100	someone
5	1	1	2	2	1	135.68	153.57	18.32	8.80	100	else.
3	1	1	3	0	0	95.394000	171.501769	404.111808	20.751976	-1	###FLOW###
4	1	1	3	0	0	95.394000	171.501769	404.111808	8.796976	-1	###LINE###
5	1	1	3	0	0	95.39	171.50	28.04	8.80	100	Assign
5	1	1	3	0	1	126.76	171.50	13.55	8.80	100	the
5	1	1	3	0	2	143.63	171.50	25.01	8.80	100	stable
5	1	1	3	0	3	171.96	171.50	18.98	8.80	100	item
5	1	1	3	0	4	194.25	171.50	14.84	8.80	100	IDs
5	1	1	3	0	5	212.40	171.50	24.41	8.80	100	below
5	1	1	3	0	6	240.12	171.50	22.24	8.80	100	when
5	1	1	3	0	7	265.68	171.50	10.31	8.80	100	an
5	1	1	3	0	8	279.31	171.50	18.98	8.80	100	item
5	1	1	3	0	9	301.60	171.50	6.56	8.80	100	is
5	1	1	3	0	10	311.49	171.50	16.90	8.80	100	first
5	1	1	3	0	11	331.69	171.50	39.11	8.80	100	recorded.
5	1	1	3	0	12	375.23	171.50	12.34	8.80	100	Do
5	1	1	3	0	13	390.89	171.50	14.10	8.80	100	not
5	1	1	3	0	14	408.31	171.50	40.45	8.80	100	renumber
5	1	1	3	0	15	452.08	171.50	8.71	8.80	100	or
5	1	1	3	0	16	464.10	171.50	21.78	8.80	100	reuse
5	1	1	3	0	17	489.20	171.50	10.31	8.80	100	an
4	1	1	3	1	0	95.773000	183.456769	238.055331	8.796976	-1	###LINE###
5	1	1	3	1	0	95.77	183.46	13.98	8.80	100	ID.
5	1	1	3	1	1	113.07	183.46	25.24	8.80	100	Carry
5	1	1	3	1	2	141.63	183.46	6.64	8.80	100	it
5	1	1	3	1	3	151.59	183.46	16.88	8.80	100	into
5	1	1	3	1	4	171.79	183.46	19.93	8.80	100	T05,
5	1	1	3	1	5	195.04	183.46	17.16	8.80	100	T08
5	1	1	3	1	6	215.52	183.46	16.05	8.80	100	and
5	1	1	3	1	7	234.89	183.46	15.50	8.80	100	any
5	1	1	3	1	8	253.71	183.46	47.45	8.80	100	transferred
5	1	1	3	1	9	304.49	183.46	29.34	8.80	100	action.
3	1	1	4	0	0	70.866000	212.358769	22.002402	8.796976	-1	###FLOW###
4	1	1	4	0	0	70.866000	212.358769	22.002402	8.796976	-1	###LINE###
5	1	1	4	0	0	70.87	212.36	22.00	8.80	100	Field
3	1	2	0	0	0	348.807000	212.358769	24.357561	8.796976	-1	###FLOW###
4	1	2	0	0	0	348.807000	212.358769	24.357561	8.796976	-1	###LINE###
5	1	2	0	0	0	348.81	212.36	24.36	8.80	100	Value
3	1	3	0	0	0	70.866000	243.652769	95.392891	8.796976	-1	###FLOW###
4	1	3	0	0	0	70.866000	243.652769	95.392891	8.796976	-1	###LINE###
5	1	3	0	0	0	70.87	243.65	53.55	8.80	100	Engagement
5	1	3	0	0	1	127.73	243.65	38.53	8.80	100	reference
3	1	3	1	0	0	70.866000	269.945769	48.983115	8.796976	-1	###FLOW###
4	1	3	1	0	0	70.866000	269.945769	48.983115	8.796976	-1	###LINE###
5	1	3	1	0	0	70.87	269.95	22.42	8.80	100	Code
5	1	3	1	0	1	96.60	269.95	23.25	8.80	100	name
3	1	3	2	0	0	70.866000	296.239769	79.837288	8.796976	-1	###FLOW###
4	1	3	2	0	0	70.866000	296.239769	79.837288	8.796976	-1	###LINE###
5	1	3	2	0	0	70.87	296.24	43.59	8.80	100	Execution
5	1	3	2	0	1	117.77	296.24	32.93	8.80	100	window
3	1	3	3	0	0	70.866000	322.532769	64.727012	8.796976	-1	###FLOW###
4	1	3	3	0	0	70.866000	322.532769	64.727012	8.796976	-1	###LINE###
5	1	3	3	0	0	70.87	322.53	35.65	8.80	100	Register
5	1	3	3	0	1	109.83	322.53	25.76	8.80	100	owner
3	1	4	0	0	0	260.882000	794.933960	73.512217	7.133239	-1	###FLOW###
4	1	4	0	0	0	260.882000	794.933960	73.512217	7.133239	-1	###LINE###
5	1	4	0	0	0	260.88	794.93	73.51	7.13	100	UNCLASSIFIED
3	1	4	1	0	0	289.696000	810.521052	15.883527	6.157865	-1	###FLOW###
4	1	4	1	0	0	289.696000	810.521052	15.883527	6.157865	-1	###LINE###
5	1	4	1	0	0	289.70	810.52	15.88	6.16	100	1/15
1	2	0	0	0	0	289.696000	810.521052	595.276000	841.890000	-1	###PAGE###
3	2	0	0	0	0	384.189000	17.129960	73.512217	7.133240	-1	###FLOW###
4	2	0	0	0	0	384.189000	17.129960	73.512217	7.133240	-1	###LINE###
5	2	0	0	0	0	384.19	17.13	73.51	7.13	100	UNCLASSIFIED
3	2	1	0	0	0	66.881000	100.539643	141.337961	10.496666	-1	###FLOW###
4	2	1	0	0	0	66.881000	100.539643	141.337961	10.496666	-1	###LINE###
5	2	1	0	0	0	66.88	100.54	10.46	10.50	100	1.
5	2	1	0	0	1	83.32	100.54	42.45	10.50	100	System
5	2	1	0	0	2	130.25	100.54	77.97	10.50	100	modifications
3	2	2	0	0	0	66.881000	151.047769	34.727631	8.796976	-1	###FLOW###
4	2	2	0	0	0	66.881000	151.047769	34.727631	8.796976	-1	###LINE###
5	2	2	0	0	0	66.88	151.05	20.20	8.80	100	Item
5	2	2	0	0	1	90.40	151.05	11.21	8.80	100	ID
3	2	3	0	0	0	151.976000	139.092769	46.414137	20.751976	-1	###FLOW###
4	2	3	0	0	0	153.142000	139.092769	45.248137	8.796976	-1	###LINE###
5	2	3	0	0	0	153.14	139.09	45.25	8.80	100	Date/time
4	2	3	0	1	0	151.976000	151.047769	29.610840	8.796976	-1	###LINE###
5	2	3	0	1	0	151.98	151.05	29.61	8.80	100	(UTC)
3	2	4	0	0	0	223.172000	151.047769	39.633215	8.796976	-1	###FLOW###
4	2	4	0	0	0	223.172000	151.047769	39.633215	8.796976	-1	###LINE###
5	2	4	0	0	0	223.17	151.05	39.63	8.80	100	Operator
3	2	5	0	0	0	291.476000	139.092769	29.723417	20.751976	-1	###FLOW###
4	2	5	0	0	0	291.476000	139.092769	28.556797	8.796976	-1	###LINE###
5	2	5	0	0	0	291.48	139.09	20.26	8.80	100	Host
5	2	5	0	0	1	315.05	139.09	4.98	8.80	100	/
4	2	5	0	1	0	291.476000	151.047769	29.723417	8.796976	-1	###LINE###
5	2	5	0	1	0	291.48	151.05	29.72	8.80	100	system
3	2	6	0	0	0	361.027000	139.092769	54.799281	20.751976	-1	###FLOW###
4	2	6	0	0	0	361.027000	139.092769	54.799281	8.796976	-1	###LINE###
5	2	6	0	0	0	361.03	139.09	54.80	8.80	100	Modification
4	2	6	0	1	0	361.027000	151.047769	23.246731	8.796976	-1	###LINE###
5	2	6	0	1	0	361.03	151.05	23.25	8.80	100	made
3	2	7	0	0	0	431.169000	151.047769	22.416846	8.796976	-1	###FLOW###
4	2	7	0	0	0	431.169000	151.047769	22.416846	8.796976	-1	###LINE###
5	2	7	0	0	0	431.17	151.05	22.42	8.80	100	Type
3	2	8	0	0	0	66.881000	182.341769	42.756490	8.796976	-1	###FLOW###
4	2	8	0	0	0	66.881000	182.341769	42.756490	8.796976	-1	###LINE###
5	2	8	0	0	0	66.88	182.34	42.76	8.80	100	MOD-001
3	2	8	1	0	0	66.881000	208.634769	42.756490	8.796976	-1	###FLOW###
4	2	8	1	0	0	66.881000	208.634769	42.756490	8.796976	-1	###LINE###
5	2	8	1	0	0	66.88	208.63	42.76	8.80	100	MOD-002
3	2	8	2	0	0	66.881000	234.928769	42.756490	8.796976	-1	###FLOW###
4	2	8	2	0	0	66.881000	234.928769	42.756490	8.796976	-1	###LINE###
5	2	8	2	0	0	66.88	234.93	42.76	8.80	100	MOD-003
3	2	8	3	0	0	66.881000	261.221769	42.756490	8.796976	-1	###FLOW###
4	2	8	3	0	0	66.881000	261.221769	42.756490	8.796976	-1	###LINE###
5	2	8	3	0	0	66.88	261.22	42.76	8.80	100	MOD-004
3	2	8	4	0	0	66.881000	287.515769	42.756490	8.796976	-1	###FLOW###
4	2	8	4	0	0	66.881000	287.515769	42.756490	8.796976	-1	###LINE###
5	2	8	4	0	0	66.88	287.52	42.76	8.80	100	MOD-005
3	2	8	5	0	0	66.881000	313.808769	42.756490	8.796976	-1	###FLOW###
4	2	8	5	0	0	66.881000	313.808769	42.756490	8.796976	-1	###LINE###
5	2	8	5	0	0	66.88	313.81	42.76	8.80	100	MOD-006
3	2	8	6	0	0	66.881000	340.101769	42.756490	8.796976	-1	###FLOW###
4	2	8	6	0	0	66.881000	340.101769	42.756490	8.796976	-1	###LINE###
5	2	8	6	0	0	66.88	340.10	42.76	8.80	100	MOD-007
3	2	8	7	0	0	66.881000	366.395769	42.756490	8.796976	-1	###FLOW###
4	2	8	7	0	0	66.881000	366.395769	42.756490	8.796976	-1	###LINE###
5	2	8	7	0	0	66.88	366.40	42.76	8.80	100	MOD-008
3	2	8	8	0	0	66.881000	392.688769	42.756490	8.796976	-1	###FLOW###
4	2	8	8	0	0	66.881000	392.688769	42.756490	8.796976	-1	###LINE###
5	2	8	8	0	0	66.88	392.69	42.76	8.80	100	MOD-009
3	2	8	9	0	0	66.881000	418.982769	42.756490	8.796976	-1	###FLOW###
4	2	8	9	0	0	66.881000	418.982769	42.756490	8.796976	-1	###LINE###
5	2	8	9	0	0	66.88	418.98	42.76	8.80	100	MOD-010
3	2	8	10	0	0	66.881000	445.275769	42.756490	8.796976	-1	###FLOW###
4	2	8	10	0	0	66.881000	445.275769	42.756490	8.796976	-1	###LINE###
5	2	8	10	0	0	66.88	445.28	42.76	8.80	100	MOD-011
3	2	8	11	0	0	66.881000	471.569769	42.756490	8.796976	-1	###FLOW###
4	2	8	11	0	0	66.881000	471.569769	42.756490	8.796976	-1	###LINE###
5	2	8	11	0	0	66.88	471.57	42.76	8.80	100	MOD-012
3	2	9	0	0	0	384.189000	572.554960	73.512217	7.133239	-1	###FLOW###
4	2	9	0	0	0	384.189000	572.554960	73.512217	7.133239	-1	###LINE###
5	2	9	0	0	0	384.19	572.55	73.51	7.13	100	UNCLASSIFIED
3	2	9	1	0	0	413.003000	584.244052	15.883527	6.157865	-1	###FLOW###
4	2	9	1	0	0	413.003000	584.244052	15.883527	6.157865	-1	###LINE###
5	2	9	1	0	0	413.00	584.24	15.88	6.16	100	2/15
3	2	10	0	0	0	498.773000	139.092769	37.225255	20.751976	-1	###FLOW###
4	2	10	0	0	0	498.773000	139.092769	37.225255	8.796976	-1	###LINE###
5	2	10	0	0	0	498.77	139.09	37.23	8.80	100	Removal
4	2	10	0	1	0	498.773000	151.047769	32.935359	8.796976	-1	###LINE###
5	2	10	0	1	0	498.77	151.05	32.94	8.80	100	method
3	2	11	0	0	0	567.394000	139.092769	40.873931	20.751976	-1	###FLOW###
4	2	11	0	0	0	568.559000	139.092769	39.708931	8.796976	-1	###LINE###
5	2	11	0	0	0	568.56	139.09	39.71	8.80	100	Removed
4	2	11	0	1	0	567.394000	151.047769	29.610840	8.796976	-1	###LINE###
5	2	11	0	1	0	567.39	151.05	29.61	8.80	100	(UTC)
3	2	12	0	0	0	638.110000	151.047769	53.550968	8.796976	-1	###FLOW###
4	2	12	0	0	0	638.110000	151.047769	53.550968	8.796976	-1	###LINE###
5	2	12	0	0	0	638.11	151.05	39.71	8.80	100	Removed
5	2	12	0	0	1	681.15	151.05	10.51	8.80	100	by
3	2	13	0	0	0	706.893000	127.037143	54.758435	32.807602	-1	###FLOW###
4	2	13	0	0	0	706.893000	127.037143	54.758435	8.896602	-1	###LINE###
5	2	13	0	0	0	706.89	127.04	38.84	8.90	100	Verified
5	2	13	0	0	1	749.55	127.04	12.10	8.90	100	by
4	2	13	0	1	0	706.893000	138.993143	22.913980	8.896602	-1	###LINE###
5	2	13	0	1	0	706.89	138.99	22.91	8.90	100	(2nd
4	2	13	0	2	0	706.893000	150.948143	37.721392	8.896602	-1	###LINE###
5	2	13	0	2	0	706.89	150.95	37.72	8.90	100	person)
1	3	0	0	0	0	706.893000	150.948143	595.276000	841.890000	-1	###PAGE###
3	3	0	0	0	0	260.882000	40.770960	73.512217	7.133240	-1	###FLOW###
4	3	0	0	0	0	260.882000	40.770960	73.512217	7.133240	-1	###LINE###
5	3	0	0	0	0	260.88	40.77	73.51	7.13	100	UNCLASSIFIED
3	3	1	0	0	0	70.866000	77.342050	453.543682	33.314694	-1	###FLOW###
4	3	1	0	0	0	70.866000	77.342050	453.543483	9.404694	-1	###LINE###
5	3	1	0	0	0	70.87	77.85	25.30	8.90	100	Type
5	3	1	0	0	1	99.99	77.85	30.06	8.90	100	codes:
5	3	1	0	0	2	134.50	77.95	19.26	8.80	100	IMP
5	3	1	0	0	3	157.08	77.95	67.74	8.80	100	implant/beacon
5	3	1	0	0	4	228.15	77.34	2.77	9.40	100	·
5	3	1	0	0	5	234.24	77.95	20.62	8.80	100	PER
5	3	1	0	0	6	258.19	77.95	46.85	8.80	100	persistence
5	3	1	0	0	7	308.37	77.34	2.77	9.40	100	·
5	3	1	0	0	8	314.46	77.95	21.30	8.80	100	ACC
5	3	1	0	0	9	339.09	77.95	33.05	8.80	100	account
5	3	1	0	0	10	375.46	77.34	2.77	9.40	100	·
5	3	1	0	0	11	381.56	77.95	21.65	8.80	100	GRP
5	3	1	0	0	12	406.53	77.95	24.61	8.80	100	group
5	3	1	0	0	13	434.47	77.95	51.97	8.80	100	membership
5	3	1	0	0	14	489.77	77.34	2.77	9.40	100	·
5	3	1	0	0	15	495.87	77.95	28.54	8.80	100	CRED
4	3	1	0	1	0	70.866000	89.297050	453.543682	9.404694	-1	###LINE###
5	3	1	0	1	0	70.87	89.90	42.45	8.80	100	credential
5	3	1	0	1	1	116.63	89.30	2.77	9.40	100	·
5	3	1	0	1	2	122.71	89.90	21.28	8.80	100	CFG
5	3	1	0	1	3	147.30	89.90	57.15	8.80	100	configuration
5	3	1	0	1	4	207.77	89.30	2.77	9.40	100	·
5	3	1	0	1	5	213.85	89.90	23.15	8.80	100	FILE
5	3	1	0	1	6	240.32	89.90	39.37	8.80	100	uploaded
5	3	1	0	1	7	283.00	89.90	12.76	8.80	100	file
5	3	1	0	1	8	299.07	89.30	2.77	9.40	100	·
5	3	1	0	1	9	305.15	89.90	27.87	8.80	100	DATA
5	3	1	0	1	10	336.33	89.90	31.64	8.80	100	written
5	3	1	0	1	11	371.28	89.90	19.41	8.80	100	data
5	3	1	0	1	12	394.00	89.30	2.77	9.40	100	·
5	3	1	0	1	13	400.08	89.90	21.49	8.80	100	NET
5	3	1	0	1	14	424.89	89.90	34.69	8.80	100	network
5	3	1	0	1	15	462.89	89.90	29.67	8.80	100	change
5	3	1	0	1	16	495.87	89.30	2.77	9.40	100	·
5	3	1	0	1	17	501.95	89.90	22.46	8.80	100	OTH
4	3	1	0	2	0	70.866000	101.859769	22.721702	8.796976	-1	###LINE###
5	3	1	0	2	0	70.87	101.86	22.72	8.80	100	other
3	3	2	0	0	0	260.882000	794.933960	73.512217	7.133239	-1	###FLOW###
4	3	2	0	0	0	260.882000	794.933960	73.512217	7.133239	-1	###LINE###
5	3	2	0	0	0	260.88	794.93	73.51	7.13	100	UNCLASSIFIED
3	3	2	1	0	0	289.696000	810.521052	15.883527	6.157865	-1	###FLOW###
4	3	2	1	0	0	289.696000	810.521052	15.883527	6.157865	-1	###LINE###
5	3	2	1	0	0	289.70	810.52	15.88	6.16	100	3/15
1	4	0	0	0	0	289.696000	810.521052	595.276000	841.890000	-1	###PAGE###
3	4	0	0	0	0	384.189000	17.129960	73.512217	7.133240	-1	###FLOW###
4	4	0	0	0	0	384.189000	17.129960	73.512217	7.133240	-1	###LINE###
5	4	0	0	0	0	384.19	17.13	73.51	7.13	100	UNCLASSIFIED
3	4	1	0	0	0	66.881000	100.539643	156.653768	10.496666	-1	###FLOW###
4	4	1	0	0	0	66.881000	100.539643	156.653768	10.496666	-1	###LINE###
5	4	1	0	0	0	66.88	100.54	10.46	10.50	100	2.
5	4	1	0	0	1	83.32	100.54	65.75	10.50	100	Persistence
5	4	1	0	0	2	153.55	100.54	69.99	10.50	100	mechanisms
3	4	1	1	0	0	66.342000	120.241769	287.456875	8.796976	-1	###FLOW###
4	4	1	1	0	0	66.342000	120.241769	287.456875	8.796976	-1	###LINE###
5	4	1	1	0	0	66.34	120.24	25.85	8.80	100	Listed
5	4	1	1	0	1	95.76	120.24	42.38	8.80	100	separately
5	4	1	1	0	2	141.71	120.24	31.32	8.80	100	because
5	4	1	1	0	3	176.60	120.24	21.64	8.80	100	these
5	4	1	1	0	4	201.80	120.24	13.37	8.80	100	are
5	4	1	1	0	5	218.73	120.24	12.98	8.80	100	the
5	4	1	1	0	6	235.28	120.24	19.35	8.80	100	ones
5	4	1	1	0	7	258.20	120.24	16.80	8.80	100	that
5	4	1	1	0	8	278.56	120.24	30.43	8.80	100	survive
5	4	1	1	0	9	312.55	120.24	6.11	8.80	100	if
5	4	1	1	0	10	322.23	120.24	31.57	8.80	100	missed.
3	4	2	0	0	0	66.914000	156.536769	34.727631	8.796976	-1	###FLOW###
4	4	2	0	0	0	66.914000	156.536769	34.727631	8.796976	-1	###LINE###
5	4	2	0	0	0	66.91	156.54	20.20	8.80	100	Item
5	4	2	0	0	1	90.43	156.54	11.21	8.80	100	ID
3	4	3	0	0	0	151.799000	156.536769	20.257951	8.796976	-1	###FLOW###
4	4	3	0	0	0	151.799000	156.536769	20.257951	8.796976	-1	###LINE###
5	4	3	0	0	0	151.80	156.54	20.26	8.80	100	Host
3	4	4	0	0	0	218.867000	156.536769	48.761946	8.796976	-1	###FLOW###
4	4	4	0	0	0	218.867000	156.536769	48.761946	8.796976	-1	###LINE###
5	4	4	0	0	0	218.87	156.54	48.76	8.80	100	Mechanism
3	4	5	0	0	0	420.883000	156.536769	26.429782	8.796976	-1	###FLOW###
4	4	5	0	0	0	420.883000	156.536769	26.429782	8.796976	-1	###LINE###
5	4	5	0	0	0	420.88	156.54	26.43	8.80	100	Detail
3	4	6	0	0	0	487.708000	144.580769	51.231050	20.752976	-1	###FLOW###
4	4	6	0	0	0	488.873000	144.580769	50.066050	8.796976	-1	###LINE###
5	4	6	0	0	0	488.87	144.58	50.07	8.80	100	Established
4	4	6	0	1	0	487.708000	156.536769	29.610840	8.796976	-1	###LINE###
5	4	6	0	1	0	487.71	156.54	29.61	8.80	100	(UTC)
3	4	7	0	0	0	560.505000	144.580769	40.873931	20.752976	-1	###FLOW###
4	4	7	0	0	0	561.670000	144.580769	39.708931	8.796976	-1	###LINE###
5	4	7	0	0	0	561.67	144.58	39.71	8.80	100	Removed
4	4	7	0	1	0	560.505000	156.536769	29.610840	8.796976	-1	###LINE###
5	4	7	0	1	0	560.51	156.54	29.61	8.80	100	(UTC)
3	4	8	0	0	0	632.746000	156.536769	53.550968	8.796976	-1	###FLOW###
4	4	8	0	0	0	632.746000	156.536769	53.550968	8.796976	-1	###LINE###
5	4	8	0	0	0	632.75	156.54	39.71	8.80	100	Removed
5	4	8	0	0	1	675.78	156.54	10.51	8.80	100	by
3	4	9	0	0	0	702.524000	156.437143	38.839196	8.896602	-1	###FLOW###
4	4	9	0	0	0	702.524000	156.437143	38.839196	8.896602	-1	###LINE###
5	4	9	0	0	0	702.52	156.44	38.84	8.90	100	Verified
3	4	10	0	0	0	66.914000	187.830769	39.158996	8.796976	-1	###FLOW###
4	4	10	0	0	0	66.914000	187.830769	39.158996	8.796976	-1	###LINE###
5	4	10	0	0	0	66.91	187.83	39.16	8.80	100	PER-001
3	4	11	0	0	0	218.359000	187.800881	189.067234	34.291029	-1	###FLOW###
4	4	11	0	0	0	218.867000	187.800881	182.589551	10.381029	-1	###LINE###
5	4	11	0	0	0	218.87	187.80	7.75	10.38	100	□
5	4	11	0	0	1	229.93	187.83	43.45	8.80	100	Scheduled
5	4	11	0	0	2	276.71	187.83	18.03	8.80	100	task
5	4	11	0	0	3	298.07	187.80	7.75	10.38	100	□
5	4	11	0	0	4	309.14	187.83	30.75	8.80	100	Service
5	4	11	0	0	5	343.21	187.80	7.75	10.38	100	□
5	4	11	0	0	6	354.28	187.83	18.12	8.80	100	Run
5	4	11	0	0	7	375.72	187.83	14.67	8.80	100	key
5	4	11	0	0	8	393.71	187.80	7.75	10.38	100	□
4	4	11	0	1	0	218.359000	199.755881	189.067234	10.381029	-1	###LINE###
5	4	11	0	1	0	218.36	199.79	22.97	8.80	100	WMI
5	4	11	0	1	1	244.65	199.79	52.72	8.80	100	subscription
5	4	11	0	1	2	300.69	199.76	7.75	10.38	100	□
5	4	11	0	1	3	311.76	199.79	33.23	8.80	100	Startup
5	4	11	0	1	4	348.32	199.79	24.66	8.80	100	folder
5	4	11	0	1	5	376.30	199.76	7.75	10.38	100	□
5	4	11	0	1	6	387.36	199.79	20.06	8.80	100	DLL
4	4	11	0	2	0	218.867000	211.710881	68.387271	10.381029	-1	###LINE###
5	4	11	0	2	0	218.87	211.74	25.74	8.80	100	hijack
5	4	11	0	2	1	247.92	211.71	7.75	10.38	100	□
5	4	11	0	2	2	259.00	211.74	28.26	8.80	100	Other:
3	4	12	0	0	0	702.524000	187.800881	7.748910	10.381029	-1	###FLOW###
4	4	12	0	0	0	702.524000	187.800881	7.748910	10.381029	-1	###LINE###
5	4	12	0	0	0	702.52	187.80	7.75	10.38	100	□
3	4	13	0	0	0	66.914000	238.034769	39.158996	8.796976	-1	###FLOW###
4	4	13	0	0	0	66.914000	238.034769	39.158996	8.796976	-1	###LINE###
5	4	13	0	0	0	66.91	238.03	39.16	8.80	100	PER-002
3	4	14	0	0	0	218.359000	238.004881	189.067234	34.291029	-1	###FLOW###
4	4	14	0	0	0	218.869553	238.004881	182.589551	10.381029	-1	###LINE###
5	4	14	0	0	0	218.87	238.00	7.75	10.38	100	□
5	4	14	0	0	1	229.94	238.03	43.45	8.80	100	Scheduled
5	4	14	0	0	2	276.70	238.03	18.04	8.80	100	task
5	4	14	0	0	3	298.08	238.00	7.75	10.38	100	□
5	4	14	0	0	4	309.14	238.03	30.75	8.80	100	Service
5	4	14	0	0	5	343.21	238.00	7.75	10.38	100	□
5	4	14	0	0	6	354.27	238.03	18.12	8.80	100	Run
5	4	14	0	0	7	375.73	238.03	14.67	8.80	100	key
5	4	14	0	0	8	393.71	238.00	7.75	10.38	100	□
4	4	14	0	1	0	218.359000	249.959881	189.067234	10.381029	-1	###LINE###
5	4	14	0	1	0	218.36	249.99	22.97	8.80	100	WMI
5	4	14	0	1	1	244.65	249.99	52.72	8.80	100	subscription
5	4	14	0	1	2	300.69	249.96	7.75	10.38	100	□
5	4	14	0	1	3	311.76	249.99	33.23	8.80	100	Startup
5	4	14	0	1	4	348.32	249.99	24.66	8.80	100	folder
5	4	14	0	1	5	376.30	249.96	7.75	10.38	100	□
5	4	14	0	1	6	387.36	249.99	20.06	8.80	100	DLL
4	4	14	0	2	0	218.867000	261.914881	68.387271	10.381029	-1	###LINE###
5	4	14	0	2	0	218.87	261.94	25.74	8.80	100	hijack
5	4	14	0	2	1	247.92	261.91	7.75	10.38	100	□
5	4	14	0	2	2	259.00	261.94	28.26	8.80	100	Other:
3	4	15	0	0	0	702.524000	238.004881	7.748910	10.381029	-1	###FLOW###
4	4	15	0	0	0	702.524000	238.004881	7.748910	10.381029	-1	###LINE###
5	4	15	0	0	0	702.52	238.00	7.75	10.38	100	□
3	4	16	0	0	0	66.914000	288.237769	39.158996	8.796976	-1	###FLOW###
4	4	16	0	0	0	66.914000	288.237769	39.158996	8.796976	-1	###LINE###
5	4	16	0	0	0	66.91	288.24	39.16	8.80	100	PER-003
3	4	17	0	0	0	218.359000	288.207881	189.067234	34.292029	-1	###FLOW###
4	4	17	0	0	0	218.867000	288.207881	182.589551	10.381029	-1	###LINE###
5	4	17	0	0	0	218.87	288.21	7.75	10.38	100	□
5	4	17	0	0	1	229.93	288.24	43.45	8.80	100	Scheduled
5	4	17	0	0	2	276.71	288.24	18.03	8.80	100	task
5	4	17	0	0	3	298.07	288.21	7.75	10.38	100	□
5	4	17	0	0	4	309.14	288.24	30.75	8.80	100	Service
5	4	17	0	0	5	343.21	288.21	7.75	10.38	100	□
5	4	17	0	0	6	354.28	288.24	18.12	8.80	100	Run
5	4	17	0	0	7	375.72	288.24	14.67	8.80	100	key
5	4	17	0	0	8	393.71	288.21	7.75	10.38	100	□
4	4	17	0	1	0	218.359000	300.162881	189.067234	10.381029	-1	###LINE###
5	4	17	0	1	0	218.36	300.19	22.97	8.80	100	WMI
5	4	17	0	1	1	244.65	300.19	52.72	8.80	100	subscription
5	4	17	0	1	2	300.69	300.16	7.75	10.38	100	□
5	4	17	0	1	3	311.76	300.19	33.23	8.80	100	Startup
5	4	17	0	1	4	348.32	300.19	24.66	8.80	100	folder
5	4	17	0	1	5	376.30	300.16	7.75	10.38	100	□
5	4	17	0	1	6	387.36	300.19	20.06	8.80	100	DLL
4	4	17	0	2	0	218.867000	312.118881	68.387271	10.381029	-1	###LINE###
5	4	17	0	2	0	218.87	312.15	25.74	8.80	100	hijack
5	4	17	0	2	1	247.92	312.12	7.75	10.38	100	□
5	4	17	0	2	2	259.00	312.15	28.26	8.80	100	Other:
3	4	18	0	0	0	702.524000	288.207881	7.748910	10.381029	-1	###FLOW###
4	4	18	0	0	0	702.524000	288.207881	7.748910	10.381029	-1	###LINE###
5	4	18	0	0	0	702.52	288.21	7.75	10.38	100	□
3	4	19	0	0	0	66.914000	338.441769	39.158996	8.796976	-1	###FLOW###
4	4	19	0	0	0	66.914000	338.441769	39.158996	8.796976	-1	###LINE###
5	4	19	0	0	0	66.91	338.44	39.16	8.80	100	PER-004
3	4	20	0	0	0	218.359000	338.411881	189.067234	34.291029	-1	###FLOW###
4	4	20	0	0	0	218.869553	338.411881	182.589551	10.381029	-1	###LINE###
5	4	20	0	0	0	218.87	338.41	7.75	10.38	100	□
5	4	20	0	0	1	229.94	338.44	43.45	8.80	100	Scheduled
5	4	20	0	0	2	276.70	338.44	18.04	8.80	100	task
5	4	20	0	0	3	298.08	338.41	7.75	10.38	100	□
5	4	20	0	0	4	309.14	338.44	30.75	8.80	100	Service
5	4	20	0	0	5	343.21	338.41	7.75	10.38	100	□
5	4	20	0	0	6	354.27	338.44	18.12	8.80	100	Run
5	4	20	0	0	7	375.73	338.44	14.67	8.80	100	key
5	4	20	0	0	8	393.71	338.41	7.75	10.38	100	□
4	4	20	0	1	0	218.359000	350.366881	189.067234	10.381029	-1	###LINE###
5	4	20	0	1	0	218.36	350.40	22.97	8.80	100	WMI
5	4	20	0	1	1	244.65	350.40	52.72	8.80	100	subscription
5	4	20	0	1	2	300.69	350.37	7.75	10.38	100	□
5	4	20	0	1	3	311.76	350.40	33.23	8.80	100	Startup
5	4	20	0	1	4	348.32	350.40	24.66	8.80	100	folder
5	4	20	0	1	5	376.30	350.37	7.75	10.38	100	□
5	4	20	0	1	6	387.36	350.40	20.06	8.80	100	DLL
4	4	20	0	2	0	218.867000	362.321881	68.387271	10.381029	-1	###LINE###
5	4	20	0	2	0	218.87	362.35	25.74	8.80	100	hijack
5	4	20	0	2	1	247.92	362.32	7.75	10.38	100	□
5	4	20	0	2	2	259.00	362.35	28.26	8.80	100	Other:
3	4	21	0	0	0	702.524000	338.411881	7.748910	10.381029	-1	###FLOW###
4	4	21	0	0	0	702.524000	338.411881	7.748910	10.381029	-1	###LINE###
5	4	21	0	0	0	702.52	338.41	7.75	10.38	100	□
3	4	22	0	0	0	66.914000	388.645769	39.158996	8.796976	-1	###FLOW###
4	4	22	0	0	0	66.914000	388.645769	39.158996	8.796976	-1	###LINE###
5	4	22	0	0	0	66.91	388.65	39.16	8.80	100	PER-005
3	4	23	0	0	0	218.359000	388.615881	189.067234	34.291029	-1	###FLOW###
4	4	23	0	0	0	218.867000	388.615881	182.589551	10.381029	-1	###LINE###
5	4	23	0	0	0	218.87	388.62	7.75	10.38	100	□
5	4	23	0	0	1	229.93	388.65	43.45	8.80	100	Scheduled
5	4	23	0	0	2	276.71	388.65	18.03	8.80	100	task
5	4	23	0	0	3	298.07	388.62	7.75	10.38	100	□
5	4	23	0	0	4	309.14	388.65	30.75	8.80	100	Service
5	4	23	0	0	5	343.21	388.62	7.75	10.38	100	□
5	4	23	0	0	6	354.28	388.65	18.12	8.80	100	Run
5	4	23	0	0	7	375.72	388.65	14.67	8.80	100	key
5	4	23	0	0	8	393.71	388.62	7.75	10.38	100	□
4	4	23	0	1	0	218.359000	400.570881	189.067234	10.381029	-1	###LINE###
5	4	23	0	1	0	218.36	400.60	22.97	8.80	100	WMI
5	4	23	0	1	1	244.65	400.60	52.72	8.80	100	subscription
5	4	23	0	1	2	300.69	400.57	7.75	10.38	100	□
5	4	23	0	1	3	311.76	400.60	33.23	8.80	100	Startup
5	4	23	0	1	4	348.32	400.60	24.66	8.80	100	folder
5	4	23	0	1	5	376.30	400.57	7.75	10.38	100	□
5	4	23	0	1	6	387.36	400.60	20.06	8.80	100	DLL
4	4	23	0	2	0	218.867000	412.525881	68.387271	10.381029	-1	###LINE###
5	4	23	0	2	0	218.87	412.56	25.74	8.80	100	hijack
5	4	23	0	2	1	247.92	412.53	7.75	10.38	100	□
5	4	23	0	2	2	259.00	412.56	28.26	8.80	100	Other:
3	4	24	0	0	0	702.524000	388.615881	7.748910	10.381029	-1	###FLOW###
4	4	24	0	0	0	702.524000	388.615881	7.748910	10.381029	-1	###LINE###
5	4	24	0	0	0	702.52	388.62	7.75	10.38	100	□
3	4	25	0	0	0	66.914000	438.849769	39.158996	8.796976	-1	###FLOW###
4	4	25	0	0	0	66.914000	438.849769	39.158996	8.796976	-1	###LINE###
5	4	25	0	0	0	66.91	438.85	39.16	8.80	100	PER-006
3	4	26	0	0	0	218.359000	438.819881	189.067234	34.291029	-1	###FLOW###
4	4	26	0	0	0	218.869553	438.819881	182.589551	10.381029	-1	###LINE###
5	4	26	0	0	0	218.87	438.82	7.75	10.38	100	□
5	4	26	0	0	1	229.94	438.85	43.45	8.80	100	Scheduled
5	4	26	0	0	2	276.70	438.85	18.04	8.80	100	task
5	4	26	0	0	3	298.08	438.82	7.75	10.38	100	□
5	4	26	0	0	4	309.14	438.85	30.75	8.80	100	Service
5	4	26	0	0	5	343.21	438.82	7.75	10.38	100	□
5	4	26	0	0	6	354.27	438.85	18.12	8.80	100	Run
5	4	26	0	0	7	375.73	438.85	14.67	8.80	100	key
5	4	26	0	0	8	393.71	438.82	7.75	10.38	100	□
4	4	26	0	1	0	218.359000	450.774881	189.067234	10.381029	-1	###LINE###
5	4	26	0	1	0	218.36	450.80	22.97	8.80	100	WMI
5	4	26	0	1	1	244.65	450.80	52.72	8.80	100	subscription
5	4	26	0	1	2	300.69	450.77	7.75	10.38	100	□
5	4	26	0	1	3	311.76	450.80	33.23	8.80	100	Startup
5	4	26	0	1	4	348.32	450.80	24.66	8.80	100	folder
5	4	26	0	1	5	376.30	450.77	7.75	10.38	100	□
5	4	26	0	1	6	387.36	450.80	20.06	8.80	100	DLL
4	4	26	0	2	0	218.867000	462.729881	68.387271	10.381029	-1	###LINE###
5	4	26	0	2	0	218.87	462.76	25.74	8.80	100	hijack
5	4	26	0	2	1	247.92	462.73	7.75	10.38	100	□
5	4	26	0	2	2	259.00	462.76	28.26	8.80	100	Other:
3	4	27	0	0	0	702.524000	438.819881	7.748910	10.381029	-1	###FLOW###
4	4	27	0	0	0	702.524000	438.819881	7.748910	10.381029	-1	###LINE###
5	4	27	0	0	0	702.52	438.82	7.75	10.38	100	□
3	4	28	0	0	0	384.189000	572.554960	73.512217	7.133239	-1	###FLOW###
4	4	28	0	0	0	384.189000	572.554960	73.512217	7.133239	-1	###LINE###
5	4	28	0	0	0	384.19	572.55	73.51	7.13	100	UNCLASSIFIED
3	4	28	1	0	0	413.003000	584.244052	15.883527	6.157865	-1	###FLOW###
4	4	28	1	0	0	413.003000	584.244052	15.883527	6.157865	-1	###LINE###
5	4	28	1	0	0	413.00	584.24	15.88	6.16	100	4/15
1	5	0	0	0	0	413.003000	584.244052	595.276000	841.890000	-1	###PAGE###
3	5	0	0	0	0	384.189000	17.129960	73.512217	7.133240	-1	###FLOW###
4	5	0	0	0	0	384.189000	17.129960	73.512217	7.133240	-1	###LINE###
5	5	0	0	0	0	384.19	17.13	73.51	7.13	100	UNCLASSIFIED
3	5	1	0	0	0	66.881000	100.539643	206.769966	10.496666	-1	###FLOW###
4	5	1	0	0	0	66.881000	100.539643	206.769966	10.496666	-1	###LINE###
5	5	1	0	0	0	66.88	100.54	10.46	10.50	100	3.
5	5	1	0	0	1	83.32	100.54	57.31	10.50	100	Accounts,
5	5	1	0	0	2	145.11	100.54	62.85	10.50	100	credentials
5	5	1	0	0	3	212.45	100.54	21.48	10.50	100	and
5	5	1	0	0	4	238.41	100.54	35.24	10.50	100	access
3	5	2	0	0	0	298.871000	151.554769	39.325371	8.796976	-1	###FLOW###
4	5	2	0	0	0	298.871000	151.554769	39.325371	8.796976	-1	###LINE###
5	5	2	0	0	0	298.87	151.55	39.33	8.80	100	Identifier
3	5	3	0	0	0	357.556000	151.554769	31.328392	8.796976	-1	###FLOW###
4	5	3	0	0	0	357.556000	151.554769	31.328392	8.796976	-1	###LINE###
5	5	3	0	0	0	357.56	151.55	31.33	8.80	100	System
3	5	4	0	0	0	413.627000	127.644769	43.809913	32.706976	-1	###FLOW###
4	5	4	0	0	0	414.793000	127.644769	42.643913	8.796976	-1	###LINE###
5	5	4	0	0	0	414.79	127.64	34.35	8.80	100	Created
5	5	4	0	0	1	452.46	127.64	4.98	8.80	100	/
4	5	4	0	1	0	414.793000	139.599769	37.638703	8.796976	-1	###LINE###
5	5	4	0	1	0	414.79	139.60	37.64	8.80	100	obtained
4	5	4	0	2	0	413.627000	151.554769	29.610840	8.796976	-1	###LINE###
5	5	4	0	2	0	413.63	151.55	29.61	8.80	100	(UTC)
3	5	5	0	0	0	66.882000	182.849769	39.847411	8.796976	-1	###FLOW###
4	5	5	0	0	0	66.882000	182.849769	39.847411	8.796976	-1	###LINE###
5	5	5	0	0	0	66.88	182.85	39.85	8.80	100	ACC-001
3	5	6	0	0	0	137.779000	182.819881	149.340969	34.291029	-1	###FLOW###
4	5	6	0	0	0	137.779000	182.819881	123.825155	10.381029	-1	###LINE###
5	5	6	0	0	0	137.78	182.82	7.75	10.38	100	□
5	5	6	0	0	1	148.85	182.85	35.71	8.80	100	Account
5	5	6	0	0	2	187.87	182.85	31.58	8.80	100	created
5	5	6	0	0	3	222.77	182.82	7.75	10.38	100	□
5	5	6	0	0	4	233.83	182.85	27.77	8.80	100	Group
4	5	6	0	1	0	137.779000	194.774881	149.340969	10.381029	-1	###LINE###
5	5	6	0	1	0	137.78	194.80	25.68	8.80	100	added
5	5	6	0	1	1	166.77	194.77	7.75	10.38	100	□
5	5	6	0	1	2	177.85	194.80	17.62	8.80	100	API
5	5	6	0	1	3	198.79	194.80	14.47	8.80	100	key
5	5	6	0	1	4	216.58	194.77	7.75	10.38	100	□
5	5	6	0	1	5	227.65	194.80	25.93	8.80	100	Token
5	5	6	0	1	6	256.90	194.77	7.75	10.38	100	□
5	5	6	0	1	7	267.97	194.80	19.15	8.80	100	Cert
4	5	6	0	2	0	137.779000	206.729881	149.113022	10.381029	-1	###LINE###
5	5	6	0	2	0	137.78	206.73	7.75	10.38	100	□
5	5	6	0	2	1	148.85	206.76	45.66	8.80	100	Delegation
5	5	6	0	2	2	197.83	206.73	7.75	10.38	100	□
5	5	6	0	2	3	208.90	206.76	40.06	8.80	100	Password
5	5	6	0	2	4	252.28	206.76	34.61	8.80	100	changed
3	5	7	0	0	0	478.191000	182.819881	108.509650	22.336029	-1	###FLOW###
4	5	7	0	0	0	478.191000	182.819881	108.509650	10.381029	-1	###LINE###
5	5	7	0	0	0	478.19	182.82	7.75	10.38	100	□
5	5	7	0	0	1	489.26	182.85	33.07	8.80	100	Deleted
5	5	7	0	0	2	525.65	182.82	7.75	10.38	100	□
5	5	7	0	0	3	536.72	182.85	38.91	8.80	100	Reverted
5	5	7	0	0	4	578.95	182.82	7.75	10.38	100	□
4	5	7	0	1	0	478.191000	194.774881	81.779995	10.381029	-1	###LINE###
5	5	7	0	1	0	478.19	194.80	23.99	8.80	100	Reset
5	5	7	0	1	1	505.50	194.77	7.75	10.38	100	□
5	5	7	0	1	2	516.58	194.80	43.39	8.80	100	Destroyed
3	5	8	0	0	0	714.932000	182.819881	7.748910	10.381029	-1	###FLOW###
4	5	8	0	0	0	714.932000	182.819881	7.748910	10.381029	-1	###LINE###
5	5	8	0	0	0	714.93	182.82	7.75	10.38	100	□
3	5	9	0	0	0	66.882000	233.052769	39.847411	8.796976	-1	###FLOW###
4	5	9	0	0	0	66.882000	233.052769	39.847411	8.796976	-1	###LINE###
5	5	9	0	0	0	66.88	233.05	39.85	8.80	100	ACC-002
3	5	10	0	0	0	137.779000	233.022881	149.340969	34.292029	-1	###FLOW###
4	5	10	0	0	0	137.782835	233.022881	123.825155	10.381029	-1	###LINE###
5	5	10	0	0	0	137.78	233.02	7.75	10.38	100	□
5	5	10	0	0	1	148.85	233.05	35.70	8.80	100	Account
5	5	10	0	0	2	187.87	233.05	31.57	8.80	100	created
5	5	10	0	0	3	222.77	233.02	7.75	10.38	100	□
5	5	10	0	0	4	233.84	233.05	27.77	8.80	100	Group
4	5	10	0	1	0	137.779000	244.978881	149.340969	10.381029	-1	###LINE###
5	5	10	0	1	0	137.78	245.01	25.68	8.80	100	added
5	5	10	0	1	1	166.77	244.98	7.75	10.38	100	□
5	5	10	0	1	2	177.85	245.01	17.62	8.80	100	API
5	5	10	0	1	3	198.79	245.01	14.47	8.80	100	key
5	5	10	0	1	4	216.58	244.98	7.75	10.38	100	□
5	5	10	0	1	5	227.65	245.01	25.93	8.80	100	Token
5	5	10	0	1	6	256.90	244.98	7.75	10.38	100	□
5	5	10	0	1	7	267.97	245.01	19.15	8.80	100	Cert
4	5	10	0	2	0	137.779000	256.933881	149.113022	10.381029	-1	###LINE###
5	5	10	0	2	0	137.78	256.93	7.75	10.38	100	□
5	5	10	0	2	1	148.85	256.96	45.66	8.80	100	Delegation
5	5	10	0	2	2	197.83	256.93	7.75	10.38	100	□
5	5	10	0	2	3	208.90	256.96	40.06	8.80	100	Password
5	5	10	0	2	4	252.28	256.96	34.61	8.80	100	changed
3	5	11	0	0	0	478.191000	233.022881	108.509650	22.337029	-1	###FLOW###
4	5	11	0	0	0	478.191000	233.022881	108.509650	10.381029	-1	###LINE###
5	5	11	0	0	0	478.19	233.02	7.75	10.38	100	□
5	5	11	0	0	1	489.26	233.05	33.07	8.80	100	Deleted
5	5	11	0	0	2	525.65	233.02	7.75	10.38	100	□
5	5	11	0	0	3	536.72	233.05	38.91	8.80	100	Reverted
5	5	11	0	0	4	578.95	233.02	7.75	10.38	100	□
4	5	11	0	1	0	478.191000	244.978881	81.779995	10.381029	-1	###LINE###
5	5	11	0	1	0	478.19	245.01	23.99	8.80	100	Reset
5	5	11	0	1	1	505.50	244.98	7.75	10.38	100	□
5	5	11	0	1	2	516.58	245.01	43.39	8.80	100	Destroyed
3	5	12	0	0	0	714.932000	233.022881	7.748910	10.381029	-1	###FLOW###
4	5	12	0	0	0	714.932000	233.022881	7.748910	10.381029	-1	###LINE###
5	5	12	0	0	0	714.93	233.02	7.75	10.38	100	□
3	5	13	0	0	0	66.882000	283.256769	39.847411	8.796976	-1	###FLOW###
4	5	13	0	0	0	66.882000	283.256769	39.847411	8.796976	-1	###LINE###
5	5	13	0	0	0	66.88	283.26	39.85	8.80	100	ACC-003
3	5	14	0	0	0	137.779000	283.226881	149.340969	34.291029	-1	###FLOW###
4	5	14	0	0	0	137.779000	283.226881	123.825155	10.381029	-1	###LINE###
5	5	14	0	0	0	137.78	283.23	7.75	10.38	100	□
5	5	14	0	0	1	148.85	283.26	35.71	8.80	100	Account
5	5	14	0	0	2	187.87	283.26	31.58	8.80	100	created
5	5	14	0	0	3	222.77	283.23	7.75	10.38	100	□
5	5	14	0	0	4	233.83	283.26	27.77	8.80	100	Group
4	5	14	0	1	0	137.779000	295.181881	149.340969	10.381029	-1	###LINE###
5	5	14	0	1	0	137.78	295.21	25.68	8.80	100	added
5	5	14	0	1	1	166.77	295.18	7.75	10.38	100	□
5	5	14	0	1	2	177.85	295.21	17.62	8.80	100	API
5	5	14	0	1	3	198.79	295.21	14.47	8.80	100	key
5	5	14	0	1	4	216.58	295.18	7.75	10.38	100	□
5	5	14	0	1	5	227.65	295.21	25.93	8.80	100	Token
5	5	14	0	1	6	256.90	295.18	7.75	10.38	100	□
5	5	14	0	1	7	267.97	295.21	19.15	8.80	100	Cert
4	5	14	0	2	0	137.779000	307.136881	149.113022	10.381029	-1	###LINE###
5	5	14	0	2	0	137.78	307.14	7.75	10.38	100	□
5	5	14	0	2	1	148.85	307.17	45.66	8.80	100	Delegation
5	5	14	0	2	2	197.83	307.14	7.75	10.38	100	□
5	5	14	0	2	3	208.90	307.17	40.06	8.80	100	Password
5	5	14	0	2	4	252.28	307.17	34.61	8.80	100	changed
3	5	15	0	0	0	478.191000	283.226881	108.509650	22.336029	-1	###FLOW###
4	5	15	0	0	0	478.191000	283.226881	108.509650	10.381029	-1	###LINE###
5	5	15	0	0	0	478.19	283.23	7.75	10.38	100	□
5	5	15	0	0	1	489.26	283.26	33.07	8.80	100	Deleted
5	5	15	0	0	2	525.65	283.23	7.75	10.38	100	□
5	5	15	0	0	3	536.72	283.26	38.91	8.80	100	Reverted
5	5	15	0	0	4	578.95	283.23	7.75	10.38	100	□
4	5	15	0	1	0	478.191000	295.181881	81.779995	10.381029	-1	###LINE###
5	5	15	0	1	0	478.19	295.21	23.99	8.80	100	Reset
5	5	15	0	1	1	505.50	295.18	7.75	10.38	100	□
5	5	15	0	1	2	516.58	295.21	43.39	8.80	100	Destroyed
3	5	16	0	0	0	714.932000	283.226881	7.748910	10.381029	-1	###FLOW###
4	5	16	0	0	0	714.932000	283.226881	7.748910	10.381029	-1	###LINE###
5	5	16	0	0	0	714.93	283.23	7.75	10.38	100	□
3	5	17	0	0	0	66.882000	333.460769	39.847411	8.796976	-1	###FLOW###
4	5	17	0	0	0	66.882000	333.460769	39.847411	8.796976	-1	###LINE###
5	5	17	0	0	0	66.88	333.46	39.85	8.80	100	ACC-004
3	5	18	0	0	0	137.779000	333.430881	149.340969	34.291029	-1	###FLOW###
4	5	18	0	0	0	137.782835	333.430881	123.825155	10.381029	-1	###LINE###
5	5	18	0	0	0	137.78	333.43	7.75	10.38	100	□
5	5	18	0	0	1	148.85	333.46	35.70	8.80	100	Account
5	5	18	0	0	2	187.87	333.46	31.57	8.80	100	created
5	5	18	0	0	3	222.77	333.43	7.75	10.38	100	□
5	5	18	0	0	4	233.84	333.46	27.77	8.80	100	Group
4	5	18	0	1	0	137.779000	345.385881	149.340969	10.381029	-1	###LINE###
5	5	18	0	1	0	137.78	345.42	25.68	8.80	100	added
5	5	18	0	1	1	166.77	345.39	7.75	10.38	100	□
5	5	18	0	1	2	177.85	345.42	17.62	8.80	100	API
5	5	18	0	1	3	198.79	345.42	14.47	8.80	100	key
5	5	18	0	1	4	216.58	345.39	7.75	10.38	100	□
5	5	18	0	1	5	227.65	345.42	25.93	8.80	100	Token
5	5	18	0	1	6	256.90	345.39	7.75	10.38	100	□
5	5	18	0	1	7	267.97	345.42	19.15	8.80	100	Cert
4	5	18	0	2	0	137.779000	357.340881	149.113022	10.381029	-1	###LINE###
5	5	18	0	2	0	137.78	357.34	7.75	10.38	100	□
5	5	18	0	2	1	148.85	357.37	45.66	8.80	100	Delegation
5	5	18	0	2	2	197.83	357.34	7.75	10.38	100	□
5	5	18	0	2	3	208.90	357.37	40.06	8.80	100	Password
5	5	18	0	2	4	252.28	357.37	34.61	8.80	100	changed
3	5	19	0	0	0	478.191000	333.430881	108.509650	22.336029	-1	###FLOW###
4	5	19	0	0	0	478.191000	333.430881	108.509650	10.381029	-1	###LINE###
5	5	19	0	0	0	478.19	333.43	7.75	10.38	100	□
5	5	19	0	0	1	489.26	333.46	33.07	8.80	100	Deleted
5	5	19	0	0	2	525.65	333.43	7.75	10.38	100	□
5	5	19	0	0	3	536.72	333.46	38.91	8.80	100	Reverted
5	5	19	0	0	4	578.95	333.43	7.75	10.38	100	□
4	5	19	0	1	0	478.191000	345.385881	81.779995	10.381029	-1	###LINE###
5	5	19	0	1	0	478.19	345.42	23.99	8.80	100	Reset
5	5	19	0	1	1	505.50	345.39	7.75	10.38	100	□
5	5	19	0	1	2	516.58	345.42	43.39	8.80	100	Destroyed
3	5	20	0	0	0	714.932000	333.430881	7.748910	10.381029	-1	###FLOW###
4	5	20	0	0	0	714.932000	333.430881	7.748910	10.381029	-1	###LINE###
5	5	20	0	0	0	714.93	333.43	7.75	10.38	100	□
3	5	21	0	0	0	66.882000	383.664769	39.847411	8.796976	-1	###FLOW###
4	5	21	0	0	0	66.882000	383.664769	39.847411	8.796976	-1	###LINE###
5	5	21	0	0	0	66.88	383.66	39.85	8.80	100	ACC-005
3	5	22	0	0	0	137.779000	383.634881	149.340969	34.291029	-1	###FLOW###
4	5	22	0	0	0	137.779000	383.634881	123.825155	10.381029	-1	###LINE###
5	5	22	0	0	0	137.78	383.63	7.75	10.38	100	□
5	5	22	0	0	1	148.85	383.66	35.71	8.80	100	Account
5	5	22	0	0	2	187.87	383.66	31.58	8.80	100	created
5	5	22	0	0	3	222.77	383.63	7.75	10.38	100	□
5	5	22	0	0	4	233.83	383.66	27.77	8.80	100	Group
4	5	22	0	1	0	137.779000	395.589881	149.340969	10.381029	-1	###LINE###
5	5	22	0	1	0	137.78	395.62	25.68	8.80	100	added
5	5	22	0	1	1	166.77	395.59	7.75	10.38	100	□
5	5	22	0	1	2	177.85	395.62	17.62	8.80	100	API
5	5	22	0	1	3	198.79	395.62	14.47	8.80	100	key
5	5	22	0	1	4	216.58	395.59	7.75	10.38	100	□
5	5	22	0	1	5	227.65	395.62	25.93	8.80	100	Token
5	5	22	0	1	6	256.90	395.59	7.75	10.38	100	□
5	5	22	0	1	7	267.97	395.62	19.15	8.80	100	Cert
4	5	22	0	2	0	137.779000	407.544881	149.113022	10.381029	-1	###LINE###
5	5	22	0	2	0	137.78	407.54	7.75	10.38	100	□
5	5	22	0	2	1	148.85	407.57	45.66	8.80	100	Delegation
5	5	22	0	2	2	197.83	407.54	7.75	10.38	100	□
5	5	22	0	2	3	208.90	407.57	40.06	8.80	100	Password
5	5	22	0	2	4	252.28	407.57	34.61	8.80	100	changed
3	5	23	0	0	0	478.191000	383.634881	108.509650	22.336029	-1	###FLOW###
4	5	23	0	0	0	478.191000	383.634881	108.509650	10.381029	-1	###LINE###
5	5	23	0	0	0	478.19	383.63	7.75	10.38	100	□
5	5	23	0	0	1	489.26	383.66	33.07	8.80	100	Deleted
5	5	23	0	0	2	525.65	383.63	7.75	10.38	100	□
5	5	23	0	0	3	536.72	383.66	38.91	8.80	100	Reverted
5	5	23	0	0	4	578.95	383.63	7.75	10.38	100	□
4	5	23	0	1	0	478.191000	395.589881	81.779995	10.381029	-1	###LINE###
5	5	23	0	1	0	478.19	395.62	23.99	8.80	100	Reset
5	5	23	0	1	1	505.50	395.59	7.75	10.38	100	□
5	5	23	0	1	2	516.58	395.62	43.39	8.80	100	Destroyed
3	5	24	0	0	0	714.932000	383.634881	7.748910	10.381029	-1	###FLOW###
4	5	24	0	0	0	714.932000	383.634881	7.748910	10.381029	-1	###LINE###
5	5	24	0	0	0	714.93	383.63	7.75	10.38	100	□
3	5	25	0	0	0	66.882000	433.867769	39.847411	8.796976	-1	###FLOW###
4	5	25	0	0	0	66.882000	433.867769	39.847411	8.796976	-1	###LINE###
5	5	25	0	0	0	66.88	433.87	39.85	8.80	100	ACC-006
3	5	26	0	0	0	137.779000	433.837881	149.340969	34.292029	-1	###FLOW###
4	5	26	0	0	0	137.782835	433.837881	123.825155	10.381029	-1	###LINE###
5	5	26	0	0	0	137.78	433.84	7.75	10.38	100	□
5	5	26	0	0	1	148.85	433.87	35.70	8.80	100	Account
5	5	26	0	0	2	187.87	433.87	31.57	8.80	100	created
5	5	26	0	0	3	222.77	433.84	7.75	10.38	100	□
5	5	26	0	0	4	233.84	433.87	27.77	8.80	100	Group
4	5	26	0	1	0	137.779000	445.793881	149.340969	10.381029	-1	###LINE###
5	5	26	0	1	0	137.78	445.82	25.68	8.80	100	added
5	5	26	0	1	1	166.77	445.79	7.75	10.38	100	□
5	5	26	0	1	2	177.85	445.82	17.62	8.80	100	API
5	5	26	0	1	3	198.79	445.82	14.47	8.80	100	key
5	5	26	0	1	4	216.58	445.79	7.75	10.38	100	□
5	5	26	0	1	5	227.65	445.82	25.93	8.80	100	Token
5	5	26	0	1	6	256.90	445.79	7.75	10.38	100	□
5	5	26	0	1	7	267.97	445.82	19.15	8.80	100	Cert
4	5	26	0	2	0	137.779000	457.748881	149.113022	10.381029	-1	###LINE###
5	5	26	0	2	0	137.78	457.75	7.75	10.38	100	□
5	5	26	0	2	1	148.85	457.78	45.66	8.80	100	Delegation
5	5	26	0	2	2	197.83	457.75	7.75	10.38	100	□
5	5	26	0	2	3	208.90	457.78	40.06	8.80	100	Password
5	5	26	0	2	4	252.28	457.78	34.61	8.80	100	changed
3	5	27	0	0	0	478.191000	433.837881	108.509650	22.337029	-1	###FLOW###
4	5	27	0	0	0	478.191000	433.837881	108.509650	10.381029	-1	###LINE###
5	5	27	0	0	0	478.19	433.84	7.75	10.38	100	□
5	5	27	0	0	1	489.26	433.87	33.07	8.80	100	Deleted
5	5	27	0	0	2	525.65	433.84	7.75	10.38	100	□
5	5	27	0	0	3	536.72	433.87	38.91	8.80	100	Reverted
5	5	27	0	0	4	578.95	433.84	7.75	10.38	100	□
4	5	27	0	1	0	478.191000	445.793881	81.779995	10.381029	-1	###LINE###
5	5	27	0	1	0	478.19	445.82	23.99	8.80	100	Reset
5	5	27	0	1	1	505.50	445.79	7.75	10.38	100	□
5	5	27	0	1	2	516.58	445.82	43.39	8.80	100	Destroyed
3	5	28	0	0	0	714.932000	433.837881	7.748910	10.381029	-1	###FLOW###
4	5	28	0	0	0	714.932000	433.837881	7.748910	10.381029	-1	###LINE###
5	5	28	0	0	0	714.93	433.84	7.75	10.38	100	□
3	5	29	0	0	0	413.003000	584.244052	15.883527	6.157865	-1	###FLOW###
4	5	29	0	0	0	413.003000	584.244052	15.883527	6.157865	-1	###LINE###
5	5	29	0	0	0	413.00	584.24	15.88	6.16	100	5/15
3	5	30	0	0	0	659.152000	151.554769	12.314770	8.796976	-1	###FLOW###
4	5	30	0	0	0	659.152000	151.554769	12.314770	8.796976	-1	###LINE###
5	5	30	0	0	0	659.15	151.55	12.31	8.80	100	By
3	5	31	0	0	0	714.932000	151.455143	38.839196	8.896602	-1	###FLOW###
4	5	31	0	0	0	714.932000	151.455143	38.839196	8.896602	-1	###LINE###
5	5	31	0	0	0	714.93	151.46	38.84	8.90	100	Verified
3	5	32	0	0	0	137.421000	151.554769	22.416846	8.796976	-1	###FLOW###
4	5	32	0	0	0	137.421000	151.554769	22.416846	8.796976	-1	###LINE###
5	5	32	0	0	0	137.42	151.55	22.42	8.80	100	Type
3	5	33	0	0	0	384.189000	572.554960	73.512217	7.133239	-1	###FLOW###
4	5	33	0	0	0	384.189000	572.554960	73.512217	7.133239	-1	###LINE###
5	5	33	0	0	0	384.19	572.55	73.51	7.13	100	UNCLASSIFIED
3	5	34	0	0	0	477.812000	151.554769	55.906126	8.796976	-1	###FLOW###
4	5	34	0	0	0	477.812000	151.554769	55.906126	8.796976	-1	###LINE###
5	5	34	0	0	0	477.81	151.55	28.78	8.80	100	Action
5	5	34	0	0	1	509.91	151.55	23.81	8.80	100	taken
3	5	35	0	0	0	597.549000	139.599769	48.213382	20.751976	-1	###FLOW###
4	5	35	0	0	0	598.715000	139.599769	47.047382	8.796976	-1	###LINE###
5	5	35	0	0	0	598.71	139.60	47.05	8.80	100	Completed
4	5	35	0	1	0	597.549000	151.554769	29.610840	8.796976	-1	###LINE###
5	5	35	0	1	0	597.55	151.55	29.61	8.80	100	(UTC)
3	5	36	0	0	0	66.882000	151.554769	34.727631	8.796976	-1	###FLOW###
4	5	36	0	0	0	66.882000	151.554769	34.727631	8.796976	-1	###LINE###
5	5	36	0	0	0	66.88	151.55	20.20	8.80	100	Item
5	5	36	0	0	1	90.40	151.55	11.21	8.80	100	ID
1	6	0	0	0	0	90.401706	151.554769	595.276000	841.890000	-1	###PAGE###
3	6	0	0	0	0	260.882000	40.770960	73.512217	7.133240	-1	###FLOW###
4	6	0	0	0	0	260.882000	40.770960	73.512217	7.133240	-1	###LINE###
5	6	0	0	0	0	260.88	40.77	73.51	7.13	100	UNCLASSIFIED
3	6	1	0	0	0	70.866000	77.850143	107.996577	8.896602	-1	###FLOW###
4	6	1	0	0	0	70.866000	77.850143	107.996577	8.896602	-1	###LINE###
5	6	1	0	0	0	70.87	77.85	47.36	8.90	100	Captured
5	6	1	0	0	1	122.05	77.85	56.82	8.90	100	credentials:
3	6	2	0	0	0	70.866000	114.853769	34.727631	8.796976	-1	###FLOW###
4	6	2	0	0	0	70.866000	114.853769	34.727631	8.796976	-1	###LINE###
5	6	2	0	0	0	70.87	114.85	20.20	8.80	100	Item
5	6	2	0	0	1	94.39	114.85	11.21	8.80	100	ID
3	6	3	0	0	0	149.488000	102.898769	47.685985	20.751976	-1	###FLOW###
4	6	3	0	0	0	149.488000	102.898769	35.141079	8.796976	-1	###LINE###
5	6	3	0	0	0	149.49	102.90	26.84	8.80	100	Count
5	6	3	0	0	1	179.65	102.90	4.98	8.80	100	/
4	6	3	0	1	0	149.488000	114.853769	47.685985	8.796976	-1	###LINE###
5	6	3	0	1	0	149.49	114.85	47.69	8.80	100	description
3	6	4	0	0	0	214.629000	102.898769	34.596125	20.751976	-1	###FLOW###
4	6	4	0	0	0	214.629000	102.898769	32.684302	8.796976	-1	###LINE###
5	6	4	0	0	0	214.63	102.90	32.68	8.80	100	Storage
4	6	4	0	1	0	214.629000	114.853769	34.596125	8.796976	-1	###LINE###
5	6	4	0	1	0	214.63	114.85	34.60	8.80	100	location
3	6	5	0	0	0	278.890000	102.898769	50.868039	20.751976	-1	###FLOW###
4	6	5	0	0	0	278.890000	102.898769	50.868039	8.796976	-1	###LINE###
5	6	5	0	0	0	278.89	102.90	50.87	8.80	100	Destruction
4	6	5	0	1	0	278.890000	114.853769	32.935359	8.796976	-1	###LINE###
5	6	5	0	1	0	278.89	114.85	32.94	8.80	100	method
3	6	6	0	0	0	342.562000	102.898769	44.556108	20.751976	-1	###FLOW###
4	6	6	0	0	0	343.727000	102.898769	43.391108	8.796976	-1	###LINE###
5	6	6	0	0	0	343.73	102.90	43.39	8.80	100	Destroyed
4	6	6	0	1	0	342.562000	114.853769	29.610840	8.796976	-1	###LINE###
5	6	6	0	1	0	342.56	114.85	29.61	8.80	100	(UTC)
3	6	7	0	0	0	407.685000	114.853769	12.314770	8.796976	-1	###FLOW###
4	6	7	0	0	0	407.685000	114.853769	12.314770	8.796976	-1	###LINE###
5	6	7	0	0	0	407.69	114.85	12.31	8.80	100	By
3	6	8	0	0	0	467.594000	114.754143	38.839196	8.896602	-1	###FLOW###
4	6	8	0	0	0	467.594000	114.754143	38.839196	8.896602	-1	###LINE###
5	6	8	0	0	0	467.59	114.75	38.84	8.90	100	Verified
3	6	9	0	0	0	70.866000	146.147769	47.183870	8.796976	-1	###FLOW###
4	6	9	0	0	0	70.866000	146.147769	47.183870	8.796976	-1	###LINE###
5	6	9	0	0	0	70.87	146.15	47.18	8.80	100	CRED-001
3	6	10	0	0	0	467.594000	146.117881	7.748910	10.381029	-1	###FLOW###
4	6	10	0	0	0	467.594000	146.117881	7.748910	10.381029	-1	###LINE###
5	6	10	0	0	0	467.59	146.12	7.75	10.38	100	□
3	6	11	0	0	0	70.866000	172.440769	47.183870	8.796976	-1	###FLOW###
4	6	11	0	0	0	70.866000	172.440769	47.183870	8.796976	-1	###LINE###
5	6	11	0	0	0	70.87	172.44	47.18	8.80	100	CRED-002
3	6	12	0	0	0	467.594000	172.410881	7.748910	10.381029	-1	###FLOW###
4	6	12	0	0	0	467.594000	172.410881	7.748910	10.381029	-1	###LINE###
5	6	12	0	0	0	467.59	172.41	7.75	10.38	100	□
3	6	13	0	0	0	70.866000	198.734769	47.183870	8.796976	-1	###FLOW###
4	6	13	0	0	0	70.866000	198.734769	47.183870	8.796976	-1	###LINE###
5	6	13	0	0	0	70.87	198.73	47.18	8.80	100	CRED-003
3	6	14	0	0	0	467.594000	198.704881	7.748910	10.381029	-1	###FLOW###
4	6	14	0	0	0	467.594000	198.704881	7.748910	10.381029	-1	###LINE###
5	6	14	0	0	0	467.59	198.70	7.75	10.38	100	□
3	6	15	0	0	0	70.866000	225.027769	47.183870	8.796976	-1	###FLOW###
4	6	15	0	0	0	70.866000	225.027769	47.183870	8.796976	-1	###LINE###
5	6	15	0	0	0	70.87	225.03	47.18	8.80	100	CRED-004
3	6	16	0	0	0	467.594000	224.997881	7.748910	10.381029	-1	###FLOW###
4	6	16	0	0	0	467.594000	224.997881	7.748910	10.381029	-1	###LINE###
5	6	16	0	0	0	467.59	225.00	7.75	10.38	100	□
3	6	17	0	0	0	70.866000	251.321769	47.183870	8.796976	-1	###FLOW###
4	6	17	0	0	0	70.866000	251.321769	47.183870	8.796976	-1	###LINE###
5	6	17	0	0	0	70.87	251.32	47.18	8.80	100	CRED-005
3	6	18	0	0	0	467.594000	251.291881	7.748910	10.381029	-1	###FLOW###
4	6	18	0	0	0	467.594000	251.291881	7.748910	10.381029	-1	###LINE###
5	6	18	0	0	0	467.59	251.29	7.75	10.38	100	□
3	6	19	0	0	0	70.866000	277.614769	47.183870	8.796976	-1	###FLOW###
4	6	19	0	0	0	70.866000	277.614769	47.183870	8.796976	-1	###LINE###
5	6	19	0	0	0	70.87	277.61	47.18	8.80	100	CRED-006
3	6	20	0	0	0	467.594000	277.584881	7.748910	10.381029	-1	###FLOW###
4	6	20	0	0	0	467.594000	277.584881	7.748910	10.381029	-1	###LINE###
5	6	20	0	0	0	467.59	277.58	7.75	10.38	100	□
3	6	21	0	0	0	70.866000	303.908769	47.183870	8.796976	-1	###FLOW###
4	6	21	0	0	0	70.866000	303.908769	47.183870	8.796976	-1	###LINE###
5	6	21	0	0	0	70.87	303.91	47.18	8.80	100	CRED-007
3	6	22	0	0	0	467.594000	303.878881	7.748910	10.381029	-1	###FLOW###
4	6	22	0	0	0	467.594000	303.878881	7.748910	10.381029	-1	###LINE###
5	6	22	0	0	0	467.59	303.88	7.75	10.38	100	□
3	6	23	0	0	0	70.866000	330.201769	47.183870	8.796976	-1	###FLOW###
4	6	23	0	0	0	70.866000	330.201769	47.183870	8.796976	-1	###LINE###
5	6	23	0	0	0	70.87	330.20	47.18	8.80	100	CRED-008
3	6	24	0	0	0	467.594000	330.171881	7.748910	10.381029	-1	###FLOW###
4	6	24	0	0	0	467.594000	330.171881	7.748910	10.381029	-1	###LINE###
5	6	24	0	0	0	467.59	330.17	7.75	10.38	100	□
3	6	25	0	0	0	260.882000	794.933960	73.512217	7.133239	-1	###FLOW###
4	6	25	0	0	0	260.882000	794.933960	73.512217	7.133239	-1	###LINE###
5	6	25	0	0	0	260.88	794.93	73.51	7.13	100	UNCLASSIFIED
3	6	25	1	0	0	289.696000	810.521052	15.883527	6.157865	-1	###FLOW###
4	6	25	1	0	0	289.696000	810.521052	15.883527	6.157865	-1	###LINE###
5	6	25	1	0	0	289.70	810.52	15.88	6.16	100	6/15
1	7	0	0	0	0	289.696000	810.521052	595.276000	841.890000	-1	###PAGE###
3	7	0	0	0	0	384.189000	17.129960	73.512217	7.133240	-1	###FLOW###
4	7	0	0	0	0	384.189000	17.129960	73.512217	7.133240	-1	###LINE###
5	7	0	0	0	0	384.19	17.13	73.51	7.13	100	UNCLASSIFIED
3	7	1	0	0	0	66.881000	100.539643	114.974354	10.496666	-1	###FLOW###
4	7	1	0	0	0	66.881000	100.539643	114.974354	10.496666	-1	###LINE###
5	7	1	0	0	0	66.88	100.54	10.46	10.50	100	4.
5	7	1	0	0	1	83.32	100.54	27.37	10.50	100	Files
5	7	1	0	0	2	115.17	100.54	21.48	10.50	100	and
5	7	1	0	0	3	141.14	100.54	40.72	10.50	100	tooling
3	7	1	1	0	0	66.910000	131.597769	34.727631	8.796976	-1	###FLOW###
4	7	1	1	0	0	66.910000	131.597769	34.727631	8.796976	-1	###LINE###
5	7	1	1	0	0	66.91	131.60	20.20	8.80	100	Item
5	7	1	1	0	1	90.43	131.60	11.21	8.80	100	ID
3	7	2	0	0	0	176.148000	131.597769	20.257951	8.796976	-1	###FLOW###
4	7	2	0	0	0	176.148000	131.597769	20.257951	8.796976	-1	###LINE###
5	7	2	0	0	0	176.15	131.60	20.26	8.80	100	Host
3	7	3	0	0	0	259.001000	131.597769	20.892568	8.796976	-1	###FLOW###
4	7	3	0	0	0	259.001000	131.597769	20.892568	8.796976	-1	###LINE###
5	7	3	0	0	0	259.00	131.60	20.89	8.80	100	Path
3	7	4	0	0	0	341.853000	131.597769	49.761194	8.796976	-1	###FLOW###
4	7	4	0	0	0	341.853000	131.597769	49.761194	8.796976	-1	###LINE###
5	7	4	0	0	0	341.85	131.60	49.76	8.80	100	Description
3	7	5	0	0	0	427.904000	131.597769	74.164583	8.796976	-1	###FLOW###
4	7	5	0	0	0	427.904000	131.597769	74.164583	8.796976	-1	###LINE###
5	7	5	0	0	0	427.90	131.60	41.24	8.80	100	Uploaded
5	7	5	0	0	1	472.46	131.60	29.61	8.80	100	(UTC)
3	7	6	0	0	0	515.254000	131.597769	72.647279	8.796976	-1	###FLOW###
4	7	6	0	0	0	515.254000	131.597769	72.647279	8.796976	-1	###LINE###
5	7	6	0	0	0	515.25	131.60	39.71	8.80	100	Removed
5	7	6	0	0	1	558.29	131.60	29.61	8.80	100	(UTC)
3	7	7	0	0	0	602.170000	131.597769	12.314770	8.796976	-1	###FLOW###
4	7	7	0	0	0	602.170000	131.597769	12.314770	8.796976	-1	###LINE###
5	7	7	0	0	0	602.17	131.60	12.31	8.80	100	By
3	7	8	0	0	0	684.091000	131.498143	38.839196	8.896602	-1	###FLOW###
4	7	8	0	0	0	684.091000	131.498143	38.839196	8.896602	-1	###LINE###
5	7	8	0	0	0	684.09	131.50	38.84	8.90	100	Verified
3	7	9	0	0	0	66.910000	162.891769	41.372685	8.796976	-1	###FLOW###
4	7	9	0	0	0	66.910000	162.891769	41.372685	8.796976	-1	###LINE###
5	7	9	0	0	0	66.91	162.89	41.37	8.80	100	FILE-001
3	7	10	0	0	0	684.091000	162.861881	7.748910	10.381029	-1	###FLOW###
4	7	10	0	0	0	684.091000	162.861881	7.748910	10.381029	-1	###LINE###
5	7	10	0	0	0	684.09	162.86	7.75	10.38	100	□
3	7	11	0	0	0	66.910000	189.185769	41.372685	8.796976	-1	###FLOW###
4	7	11	0	0	0	66.910000	189.185769	41.372685	8.796976	-1	###LINE###
5	7	11	0	0	0	66.91	189.19	41.37	8.80	100	FILE-002
3	7	12	0	0	0	684.091000	189.155881	7.748910	10.381029	-1	###FLOW###
4	7	12	0	0	0	684.091000	189.155881	7.748910	10.381029	-1	###LINE###
5	7	12	0	0	0	684.09	189.16	7.75	10.38	100	□
3	7	13	0	0	0	66.910000	215.478769	41.372685	8.796976	-1	###FLOW###
4	7	13	0	0	0	66.910000	215.478769	41.372685	8.796976	-1	###LINE###
5	7	13	0	0	0	66.91	215.48	41.37	8.80	100	FILE-003
3	7	14	0	0	0	684.091000	215.448881	7.748910	10.381029	-1	###FLOW###
4	7	14	0	0	0	684.091000	215.448881	7.748910	10.381029	-1	###LINE###
5	7	14	0	0	0	684.09	215.45	7.75	10.38	100	□
3	7	15	0	0	0	66.910000	241.772769	41.372685	8.796976	-1	###FLOW###
4	7	15	0	0	0	66.910000	241.772769	41.372685	8.796976	-1	###LINE###
5	7	15	0	0	0	66.91	241.77	41.37	8.80	100	FILE-004
3	7	16	0	0	0	684.091000	241.742881	7.748910	10.381029	-1	###FLOW###
4	7	16	0	0	0	684.091000	241.742881	7.748910	10.381029	-1	###LINE###
5	7	16	0	0	0	684.09	241.74	7.75	10.38	100	□
3	7	17	0	0	0	66.910000	268.065769	41.372685	8.796976	-1	###FLOW###
4	7	17	0	0	0	66.910000	268.065769	41.372685	8.796976	-1	###LINE###
5	7	17	0	0	0	66.91	268.07	41.37	8.80	100	FILE-005
3	7	18	0	0	0	684.091000	268.035881	7.748910	10.381029	-1	###FLOW###
4	7	18	0	0	0	684.091000	268.035881	7.748910	10.381029	-1	###LINE###
5	7	18	0	0	0	684.09	268.04	7.75	10.38	100	□
3	7	19	0	0	0	66.910000	294.358769	41.372685	8.796976	-1	###FLOW###
4	7	19	0	0	0	66.910000	294.358769	41.372685	8.796976	-1	###LINE###
5	7	19	0	0	0	66.91	294.36	41.37	8.80	100	FILE-006
3	7	20	0	0	0	684.091000	294.328881	7.748910	10.381029	-1	###FLOW###
4	7	20	0	0	0	684.091000	294.328881	7.748910	10.381029	-1	###LINE###
5	7	20	0	0	0	684.09	294.33	7.75	10.38	100	□
3	7	21	0	0	0	66.910000	320.652769	41.372685	8.796976	-1	###FLOW###
4	7	21	0	0	0	66.910000	320.652769	41.372685	8.796976	-1	###LINE###
5	7	21	0	0	0	66.91	320.65	41.37	8.80	100	FILE-007
3	7	22	0	0	0	684.091000	320.622881	7.748910	10.381029	-1	###FLOW###
4	7	22	0	0	0	684.091000	320.622881	7.748910	10.381029	-1	###LINE###
5	7	22	0	0	0	684.09	320.62	7.75	10.38	100	□
3	7	23	0	0	0	66.910000	346.945769	41.372685	8.796976	-1	###FLOW###
4	7	23	0	0	0	66.910000	346.945769	41.372685	8.796976	-1	###LINE###
5	7	23	0	0	0	66.91	346.95	41.37	8.80	100	FILE-008
3	7	24	0	0	0	684.091000	346.915881	7.748910	10.381029	-1	###FLOW###
4	7	24	0	0	0	684.091000	346.915881	7.748910	10.381029	-1	###LINE###
5	7	24	0	0	0	684.09	346.92	7.75	10.38	100	□
3	7	25	0	0	0	384.189000	572.554960	73.512217	7.133239	-1	###FLOW###
4	7	25	0	0	0	384.189000	572.554960	73.512217	7.133239	-1	###LINE###
5	7	25	0	0	0	384.19	572.55	73.51	7.13	100	UNCLASSIFIED
3	7	25	1	0	0	413.003000	584.244052	15.883527	6.157865	-1	###FLOW###
4	7	25	1	0	0	413.003000	584.244052	15.883527	6.157865	-1	###LINE###
5	7	25	1	0	0	413.00	584.24	15.88	6.16	100	7/15
1	8	0	0	0	0	413.003000	584.244052	595.276000	841.890000	-1	###PAGE###
3	8	0	0	0	0	260.882000	40.770960	73.512217	7.133240	-1	###FLOW###
4	8	0	0	0	0	260.882000	40.770960	73.512217	7.133240	-1	###LINE###
5	8	0	0	0	0	260.88	40.77	73.51	7.13	100	UNCLASSIFIED
3	8	1	0	0	0	70.866000	104.524643	185.377331	10.496666	-1	###FLOW###
4	8	1	0	0	0	70.866000	104.524643	185.377331	10.496666	-1	###LINE###
5	8	1	0	0	0	70.87	104.52	10.46	10.50	100	5.
5	8	1	0	0	1	87.30	104.52	28.62	10.50	100	Data
5	8	1	0	0	2	120.40	104.52	43.01	10.50	100	written
5	8	1	0	0	3	167.90	104.52	11.96	10.50	100	to
5	8	1	0	0	4	184.34	104.52	32.18	10.50	100	prove
5	8	1	0	0	5	221.00	104.52	35.24	10.50	100	access
3	8	1	1	0	0	70.866000	142.976769	34.727631	8.796976	-1	###FLOW###
4	8	1	1	0	0	70.866000	142.976769	34.727631	8.796976	-1	###LINE###
5	8	1	1	0	0	70.87	142.98	20.20	8.80	100	Item
5	8	1	1	0	1	94.39	142.98	11.21	8.80	100	ID
3	8	2	0	0	0	150.671000	142.976769	31.328392	8.796976	-1	###FLOW###
4	8	2	0	0	0	150.671000	142.976769	31.328392	8.796976	-1	###LINE###
5	8	2	0	0	0	150.67	142.98	31.33	8.80	100	System
3	8	3	0	0	0	212.210000	131.021769	43.775664	20.751976	-1	###FLOW###
4	8	3	0	0	0	212.210000	131.021769	43.775664	8.796976	-1	###LINE###
5	8	3	0	0	0	212.21	131.02	24.63	8.80	100	What
5	8	3	0	0	1	240.16	131.02	15.83	8.80	100	was
4	8	3	0	1	0	212.359000	142.976769	31.577457	8.796976	-1	###LINE###
5	8	3	0	1	0	212.36	142.98	31.58	8.80	100	written
3	8	4	0	0	0	277.899000	131.021769	31.326399	20.751976	-1	###FLOW###
4	8	4	0	0	0	277.899000	131.021769	31.326399	8.796976	-1	###LINE###
5	8	4	0	0	0	277.90	131.02	31.33	8.80	100	Marker
4	8	4	0	1	0	277.899000	142.976769	19.429063	8.796976	-1	###LINE###
5	8	4	0	1	0	277.90	142.98	19.43	8.80	100	used
3	8	5	0	0	0	340.389000	131.021769	40.873931	20.751976	-1	###FLOW###
4	8	5	0	0	0	341.554000	131.021769	39.708931	8.796976	-1	###LINE###
5	8	5	0	0	0	341.55	131.02	39.71	8.80	100	Removed
4	8	5	0	1	0	340.389000	142.976769	29.610840	8.796976	-1	###LINE###
5	8	5	0	1	0	340.39	142.98	29.61	8.80	100	(UTC)
3	8	6	0	0	0	405.815000	142.976769	12.314770	8.796976	-1	###FLOW###
4	8	6	0	0	0	405.815000	142.976769	12.314770	8.796976	-1	###LINE###
5	8	6	0	0	0	405.82	142.98	12.31	8.80	100	By
3	8	7	0	0	0	466.569000	142.877143	38.839196	8.896602	-1	###FLOW###
4	8	7	0	0	0	466.569000	142.877143	38.839196	8.896602	-1	###LINE###
5	8	7	0	0	0	466.57	142.88	38.84	8.90	100	Verified
3	8	8	0	0	0	70.866000	174.270769	46.081010	8.796976	-1	###FLOW###
4	8	8	0	0	0	70.866000	174.270769	46.081010	8.796976	-1	###LINE###
5	8	8	0	0	0	70.87	174.27	46.08	8.80	100	DATA-001
3	8	9	0	0	0	466.569000	174.240881	7.748910	10.381029	-1	###FLOW###
4	8	9	0	0	0	466.569000	174.240881	7.748910	10.381029	-1	###LINE###
5	8	9	0	0	0	466.57	174.24	7.75	10.38	100	□
3	8	10	0	0	0	70.866000	200.564769	46.081010	8.796976	-1	###FLOW###
4	8	10	0	0	0	70.866000	200.564769	46.081010	8.796976	-1	###LINE###
5	8	10	0	0	0	70.87	200.56	46.08	8.80	100	DATA-002
3	8	11	0	0	0	466.569000	200.534881	7.748910	10.381029	-1	###FLOW###
4	8	11	0	0	0	466.569000	200.534881	7.748910	10.381029	-1	###LINE###
5	8	11	0	0	0	466.57	200.53	7.75	10.38	100	□
3	8	12	0	0	0	70.866000	226.857769	46.081010	8.796976	-1	###FLOW###
4	8	12	0	0	0	70.866000	226.857769	46.081010	8.796976	-1	###LINE###
5	8	12	0	0	0	70.87	226.86	46.08	8.80	100	DATA-003
3	8	13	0	0	0	466.569000	226.827881	7.748910	10.381029	-1	###FLOW###
4	8	13	0	0	0	466.569000	226.827881	7.748910	10.381029	-1	###LINE###
5	8	13	0	0	0	466.57	226.83	7.75	10.38	100	□
3	8	14	0	0	0	70.866000	253.151769	46.081010	8.796976	-1	###FLOW###
4	8	14	0	0	0	70.866000	253.151769	46.081010	8.796976	-1	###LINE###
5	8	14	0	0	0	70.87	253.15	46.08	8.80	100	DATA-004
3	8	15	0	0	0	466.569000	253.121881	7.748910	10.381029	-1	###FLOW###
4	8	15	0	0	0	466.569000	253.121881	7.748910	10.381029	-1	###LINE###
5	8	15	0	0	0	466.57	253.12	7.75	10.38	100	□
3	8	16	0	0	0	70.866000	279.444769	46.081010	8.796976	-1	###FLOW###
4	8	16	0	0	0	70.866000	279.444769	46.081010	8.796976	-1	###LINE###
5	8	16	0	0	0	70.87	279.44	46.08	8.80	100	DATA-005
3	8	17	0	0	0	466.569000	279.414881	7.748910	10.381029	-1	###FLOW###
4	8	17	0	0	0	466.569000	279.414881	7.748910	10.381029	-1	###LINE###
5	8	17	0	0	0	466.57	279.41	7.75	10.38	100	□
3	8	18	0	0	0	70.866000	305.737769	46.081010	8.796976	-1	###FLOW###
4	8	18	0	0	0	70.866000	305.737769	46.081010	8.796976	-1	###LINE###
5	8	18	0	0	0	70.87	305.74	46.08	8.80	100	DATA-006
3	8	19	0	0	0	466.569000	305.707881	7.748910	10.381029	-1	###FLOW###
4	8	19	0	0	0	466.569000	305.707881	7.748910	10.381029	-1	###LINE###
5	8	19	0	0	0	466.57	305.71	7.75	10.38	100	□
3	8	20	0	0	0	70.866000	332.031769	46.081010	8.796976	-1	###FLOW###
4	8	20	0	0	0	70.866000	332.031769	46.081010	8.796976	-1	###LINE###
5	8	20	0	0	0	70.87	332.03	46.08	8.80	100	DATA-007
3	8	21	0	0	0	466.569000	332.001881	7.748910	10.381029	-1	###FLOW###
4	8	21	0	0	0	466.569000	332.001881	7.748910	10.381029	-1	###LINE###
5	8	21	0	0	0	466.57	332.00	7.75	10.38	100	□
3	8	22	0	0	0	70.866000	358.324769	46.081010	8.796976	-1	###FLOW###
4	8	22	0	0	0	70.866000	358.324769	46.081010	8.796976	-1	###LINE###
5	8	22	0	0	0	70.87	358.32	46.08	8.80	100	DATA-008
3	8	23	0	0	0	466.569000	358.294881	7.748910	10.381029	-1	###FLOW###
4	8	23	0	0	0	466.569000	358.294881	7.748910	10.381029	-1	###LINE###
5	8	23	0	0	0	466.57	358.29	7.75	10.38	100	□
3	8	24	0	0	0	70.866000	415.698643	47.196739	10.496666	-1	###FLOW###
4	8	24	0	0	0	70.866000	415.698643	47.196739	10.496666	-1	###LINE###
5	8	24	0	0	0	70.87	415.70	10.46	10.50	100	6.
5	8	24	0	0	1	87.30	415.70	30.76	10.50	100	Flags
3	8	24	1	0	0	70.866000	454.149769	34.727631	8.796976	-1	###FLOW###
4	8	24	1	0	0	70.866000	454.149769	34.727631	8.796976	-1	###LINE###
5	8	24	1	0	0	70.87	454.15	20.20	8.80	100	Item
5	8	24	1	0	1	94.39	454.15	11.21	8.80	100	ID
3	8	25	0	0	0	148.533000	442.194769	38.495486	20.751976	-1	###FLOW###
4	8	25	0	0	0	148.533000	442.194769	19.233796	8.796976	-1	###LINE###
5	8	25	0	0	0	148.53	442.19	19.23	8.80	100	Flag
4	8	25	0	1	0	148.533000	454.149769	38.495486	8.796976	-1	###LINE###
5	8	25	0	1	0	148.53	454.15	38.50	8.80	100	identifier
3	8	26	0	0	0	211.727000	454.149769	38.055139	8.796976	-1	###FLOW###
4	8	26	0	0	0	211.727000	454.149769	38.055139	8.796976	-1	###LINE###
5	8	26	0	0	0	211.73	454.15	38.06	8.80	100	Location
3	8	27	0	0	0	271.653000	442.194769	43.919502	20.751976	-1	###FLOW###
4	8	27	0	0	0	272.819000	442.194769	42.753502	8.796976	-1	###LINE###
5	8	27	0	0	0	272.82	442.19	28.92	8.80	100	Placed
5	8	27	0	0	1	305.06	442.19	10.51	8.80	100	by
4	8	27	0	1	0	271.653000	454.149769	21.588954	8.796976	-1	###LINE###
5	8	27	0	1	0	271.65	454.15	21.59	8.80	100	(TA)
3	8	28	0	0	0	335.711000	442.194769	55.509615	20.751976	-1	###FLOW###
4	8	28	0	0	0	335.711000	442.194769	55.509615	8.796976	-1	###LINE###
5	8	28	0	0	0	335.71	442.19	41.68	8.80	100	Retrieved
5	8	28	0	0	1	380.71	442.19	10.51	8.80	100	by
4	8	28	0	1	0	335.711000	454.149769	18.405904	8.796976	-1	###LINE###
5	8	28	0	1	0	335.71	454.15	18.41	8.80	100	RT?
3	8	29	0	0	0	404.650000	442.194769	40.873931	20.751976	-1	###FLOW###
4	8	29	0	0	0	405.815000	442.194769	39.708931	8.796976	-1	###LINE###
5	8	29	0	0	0	405.82	442.19	39.71	8.80	100	Removed
4	8	29	0	1	0	404.650000	454.149769	29.610840	8.796976	-1	###LINE###
5	8	29	0	1	0	404.65	454.15	29.61	8.80	100	(UTC)
3	8	30	0	0	0	468.398000	454.050143	38.839196	8.896602	-1	###FLOW###
4	8	30	0	0	0	468.398000	454.050143	38.839196	8.896602	-1	###LINE###
5	8	30	0	0	0	468.40	454.05	38.84	8.90	100	Verified
3	8	31	0	0	0	70.866000	485.444769	46.005294	8.796976	-1	###FLOW###
4	8	31	0	0	0	70.866000	485.444769	46.005294	8.796976	-1	###LINE###
5	8	31	0	0	0	70.87	485.44	46.01	8.80	100	FLAG-001
3	8	32	0	0	0	335.711000	485.414881	7.748910	10.381029	-1	###FLOW###
4	8	32	0	0	0	335.711000	485.414881	7.748910	10.381029	-1	###LINE###
5	8	32	0	0	0	335.71	485.41	7.75	10.38	100	□
3	8	33	0	0	0	468.398000	485.414881	7.748910	10.381029	-1	###FLOW###
4	8	33	0	0	0	468.398000	485.414881	7.748910	10.381029	-1	###LINE###
5	8	33	0	0	0	468.40	485.41	7.75	10.38	100	□
3	8	34	0	0	0	70.866000	511.737769	46.005294	8.796976	-1	###FLOW###
4	8	34	0	0	0	70.866000	511.737769	46.005294	8.796976	-1	###LINE###
5	8	34	0	0	0	70.87	511.74	46.01	8.80	100	FLAG-002
3	8	35	0	0	0	335.709766	511.707881	7.748910	10.381029	-1	###FLOW###
4	8	35	0	0	0	335.709766	511.707881	7.748910	10.381029	-1	###LINE###
5	8	35	0	0	0	335.71	511.71	7.75	10.38	100	□
3	8	36	0	0	0	468.399643	511.707881	7.748910	10.381029	-1	###FLOW###
4	8	36	0	0	0	468.399643	511.707881	7.748910	10.381029	-1	###LINE###
5	8	36	0	0	0	468.40	511.71	7.75	10.38	100	□
3	8	37	0	0	0	70.866000	538.030769	46.005294	8.796976	-1	###FLOW###
4	8	37	0	0	0	70.866000	538.030769	46.005294	8.796976	-1	###LINE###
5	8	37	0	0	0	70.87	538.03	46.01	8.80	100	FLAG-003
3	8	38	0	0	0	335.711000	538.000881	7.748910	10.381029	-1	###FLOW###
4	8	38	0	0	0	335.711000	538.000881	7.748910	10.381029	-1	###LINE###
5	8	38	0	0	0	335.71	538.00	7.75	10.38	100	□
3	8	39	0	0	0	468.398000	538.000881	7.748910	10.381029	-1	###FLOW###
4	8	39	0	0	0	468.398000	538.000881	7.748910	10.381029	-1	###LINE###
5	8	39	0	0	0	468.40	538.00	7.75	10.38	100	□
3	8	40	0	0	0	70.866000	564.324769	46.005294	8.796976	-1	###FLOW###
4	8	40	0	0	0	70.866000	564.324769	46.005294	8.796976	-1	###LINE###
5	8	40	0	0	0	70.87	564.32	46.01	8.80	100	FLAG-004
3	8	41	0	0	0	335.709766	564.294881	7.748910	10.381029	-1	###FLOW###
4	8	41	0	0	0	335.709766	564.294881	7.748910	10.381029	-1	###LINE###
5	8	41	0	0	0	335.71	564.29	7.75	10.38	100	□
3	8	42	0	0	0	468.399643	564.294881	7.748910	10.381029	-1	###FLOW###
4	8	42	0	0	0	468.399643	564.294881	7.748910	10.381029	-1	###LINE###
5	8	42	0	0	0	468.40	564.29	7.75	10.38	100	□
3	8	43	0	0	0	70.866000	590.617769	46.005294	8.796976	-1	###FLOW###
4	8	43	0	0	0	70.866000	590.617769	46.005294	8.796976	-1	###LINE###
5	8	43	0	0	0	70.87	590.62	46.01	8.80	100	FLAG-005
3	8	44	0	0	0	335.711000	590.587881	7.748910	10.381029	-1	###FLOW###
4	8	44	0	0	0	335.711000	590.587881	7.748910	10.381029	-1	###LINE###
5	8	44	0	0	0	335.71	590.59	7.75	10.38	100	□
3	8	45	0	0	0	468.398000	590.587881	7.748910	10.381029	-1	###FLOW###
4	8	45	0	0	0	468.398000	590.587881	7.748910	10.381029	-1	###LINE###
5	8	45	0	0	0	468.40	590.59	7.75	10.38	100	□
3	8	46	0	0	0	70.866000	616.911769	46.005294	8.796976	-1	###FLOW###
4	8	46	0	0	0	70.866000	616.911769	46.005294	8.796976	-1	###LINE###
5	8	46	0	0	0	70.87	616.91	46.01	8.80	100	FLAG-006
3	8	47	0	0	0	335.709766	616.881881	7.748910	10.381029	-1	###FLOW###
4	8	47	0	0	0	335.709766	616.881881	7.748910	10.381029	-1	###LINE###
5	8	47	0	0	0	335.71	616.88	7.75	10.38	100	□
3	8	48	0	0	0	468.399643	616.881881	7.748910	10.381029	-1	###FLOW###
4	8	48	0	0	0	468.399643	616.881881	7.748910	10.381029	-1	###LINE###
5	8	48	0	0	0	468.40	616.88	7.75	10.38	100	□
3	8	49	0	0	0	70.866000	643.204769	46.005294	8.796976	-1	###FLOW###
4	8	49	0	0	0	70.866000	643.204769	46.005294	8.796976	-1	###LINE###
5	8	49	0	0	0	70.87	643.20	46.01	8.80	100	FLAG-007
3	8	50	0	0	0	335.711000	643.174881	7.748910	10.381029	-1	###FLOW###
4	8	50	0	0	0	335.711000	643.174881	7.748910	10.381029	-1	###LINE###
5	8	50	0	0	0	335.71	643.17	7.75	10.38	100	□
3	8	51	0	0	0	468.398000	643.174881	7.748910	10.381029	-1	###FLOW###
4	8	51	0	0	0	468.398000	643.174881	7.748910	10.381029	-1	###LINE###
5	8	51	0	0	0	468.40	643.17	7.75	10.38	100	□
3	8	52	0	0	0	70.866000	669.497769	46.005294	8.796976	-1	###FLOW###
4	8	52	0	0	0	70.866000	669.497769	46.005294	8.796976	-1	###LINE###
5	8	52	0	0	0	70.87	669.50	46.01	8.80	100	FLAG-008
3	8	53	0	0	0	335.709766	669.467881	7.748910	10.381029	-1	###FLOW###
4	8	53	0	0	0	335.709766	669.467881	7.748910	10.381029	-1	###LINE###
5	8	53	0	0	0	335.71	669.47	7.75	10.38	100	□
3	8	54	0	0	0	468.399643	669.467881	7.748910	10.381029	-1	###FLOW###
4	8	54	0	0	0	468.399643	669.467881	7.748910	10.381029	-1	###LINE###
5	8	54	0	0	0	468.40	669.47	7.75	10.38	100	□
3	8	55	0	0	0	260.882000	794.933960	73.512217	7.133239	-1	###FLOW###
4	8	55	0	0	0	260.882000	794.933960	73.512217	7.133239	-1	###LINE###
5	8	55	0	0	0	260.88	794.93	73.51	7.13	100	UNCLASSIFIED
3	8	55	1	0	0	289.696000	810.521052	15.883527	6.157865	-1	###FLOW###
4	8	55	1	0	0	289.696000	810.521052	15.883527	6.157865	-1	###LINE###
5	8	55	1	0	0	289.70	810.52	15.88	6.16	100	8/15
1	9	0	0	0	0	289.696000	810.521052	595.276000	841.890000	-1	###PAGE###
3	9	0	0	0	0	384.189000	17.129960	73.512217	7.133240	-1	###FLOW###
4	9	0	0	0	0	384.189000	17.129960	73.512217	7.133240	-1	###LINE###
5	9	0	0	0	0	384.19	17.13	73.51	7.13	100	UNCLASSIFIED
3	9	1	0	0	0	66.881000	100.539643	202.291548	10.496666	-1	###FLOW###
4	9	1	0	0	0	66.881000	100.539643	202.291548	10.496666	-1	###LINE###
5	9	1	0	0	0	66.88	100.54	10.46	10.50	100	7.
5	9	1	0	0	1	83.32	100.54	82.43	10.50	100	Infrastructure
5	9	1	0	0	2	170.23	100.54	98.94	10.50	100	decommissioning
3	9	1	1	0	0	66.503000	139.092769	38.160743	8.796976	-1	###FLOW###
4	9	1	1	0	0	66.503000	139.092769	38.160743	8.796976	-1	###LINE###
5	9	1	1	0	0	66.50	139.09	23.64	8.80	100	Asset
5	9	1	1	0	1	93.46	139.09	11.21	8.80	100	ID
3	9	2	0	0	0	159.889000	139.092769	46.049130	8.796976	-1	###FLOW###
4	9	2	0	0	0	159.889000	139.092769	46.049130	8.796976	-1	###LINE###
5	9	2	0	0	0	159.89	139.09	23.64	8.80	100	Asset
5	9	2	0	0	1	186.84	139.09	19.10	8.80	100	type
3	9	3	0	0	0	235.455000	139.092769	39.325371	8.796976	-1	###FLOW###
4	9	3	0	0	0	235.455000	139.092769	39.325371	8.796976	-1	###LINE###
5	9	3	0	0	0	235.46	139.09	39.33	8.80	100	Identifier
3	9	4	0	0	0	310.642000	139.092769	37.277060	8.796976	-1	###FLOW###
4	9	4	0	0	0	310.642000	139.092769	37.277060	8.796976	-1	###LINE###
5	9	4	0	0	0	310.64	139.09	37.28	8.80	100	Provider
3	9	5	0	0	0	457.870000	127.037143	74.851006	20.852602	-1	###FLOW###
4	9	5	0	0	0	457.870000	127.037143	74.851006	8.896602	-1	###LINE###
5	9	5	0	0	0	457.87	127.04	22.87	8.90	100	Logs
5	9	5	0	0	1	484.55	127.04	48.17	8.90	100	preserved
4	9	5	0	1	0	457.870000	138.993143	20.057703	8.896602	-1	###LINE###
5	9	5	0	1	0	457.87	138.99	20.06	8.90	100	first
3	9	6	0	0	0	384.686000	139.092769	18.293326	8.796976	-1	###FLOW###
4	9	6	0	0	0	384.686000	139.092769	18.293326	8.796976	-1	###LINE###
5	9	6	0	0	0	384.69	139.09	18.29	8.80	100	Tier
3	9	7	0	0	0	543.864000	127.136769	92.412770	20.752976	-1	###FLOW###
4	9	7	0	0	0	545.030000	127.136769	70.489420	8.796976	-1	###LINE###
5	9	7	0	0	0	545.03	127.14	70.49	8.80	100	Decommissioned
4	9	7	0	1	0	543.864000	139.092769	29.610840	8.796976	-1	###LINE###
5	9	7	0	1	0	543.86	139.09	29.61	8.80	100	(UTC)
4	9	7	0	2	0	623.962000	139.092769	12.314770	8.796976	-1	###LINE###
5	9	7	0	2	0	623.96	139.09	12.31	8.80	100	By
3	9	8	0	0	0	695.948000	138.993143	38.839196	8.896602	-1	###FLOW###
4	9	8	0	0	0	695.948000	138.993143	38.839196	8.896602	-1	###LINE###
5	9	8	0	0	0	695.95	138.99	38.84	8.90	100	Verified
3	9	9	0	0	0	66.881000	170.386769	35.837465	8.796976	-1	###FLOW###
4	9	9	0	0	0	66.881000	170.386769	35.837465	8.796976	-1	###LINE###
5	9	9	0	0	0	66.88	170.39	35.84	8.80	100	INF-001
3	9	10	0	0	0	457.870000	170.356881	7.748910	10.381029	-1	###FLOW###
4	9	10	0	0	0	457.870000	170.356881	7.748910	10.381029	-1	###LINE###
5	9	10	0	0	0	457.87	170.36	7.75	10.38	100	□
3	9	11	0	0	0	695.948000	170.356881	7.748910	10.381029	-1	###FLOW###
4	9	11	0	0	0	695.948000	170.356881	7.748910	10.381029	-1	###LINE###
5	9	11	0	0	0	695.95	170.36	7.75	10.38	100	□
3	9	12	0	0	0	66.881000	196.679769	35.837465	8.796976	-1	###FLOW###
4	9	12	0	0	0	66.881000	196.679769	35.837465	8.796976	-1	###LINE###
5	9	12	0	0	0	66.88	196.68	35.84	8.80	100	INF-002
3	9	13	0	0	0	457.870000	196.649881	7.748910	10.381029	-1	###FLOW###
4	9	13	0	0	0	457.870000	196.649881	7.748910	10.381029	-1	###LINE###
5	9	13	0	0	0	457.87	196.65	7.75	10.38	100	□
3	9	14	0	0	0	695.944260	196.649881	7.748910	10.381029	-1	###FLOW###
4	9	14	0	0	0	695.944260	196.649881	7.748910	10.381029	-1	###LINE###
5	9	14	0	0	0	695.94	196.65	7.75	10.38	100	□
3	9	15	0	0	0	66.881000	222.973769	35.837465	8.796976	-1	###FLOW###
4	9	15	0	0	0	66.881000	222.973769	35.837465	8.796976	-1	###LINE###
5	9	15	0	0	0	66.88	222.97	35.84	8.80	100	INF-003
3	9	16	0	0	0	457.870000	222.943881	7.748910	10.381029	-1	###FLOW###
4	9	16	0	0	0	457.870000	222.943881	7.748910	10.381029	-1	###LINE###
5	9	16	0	0	0	457.87	222.94	7.75	10.38	100	□
3	9	17	0	0	0	695.948000	222.943881	7.748910	10.381029	-1	###FLOW###
4	9	17	0	0	0	695.948000	222.943881	7.748910	10.381029	-1	###LINE###
5	9	17	0	0	0	695.95	222.94	7.75	10.38	100	□
3	9	18	0	0	0	66.881000	249.266769	35.837465	8.796976	-1	###FLOW###
4	9	18	0	0	0	66.881000	249.266769	35.837465	8.796976	-1	###LINE###
5	9	18	0	0	0	66.88	249.27	35.84	8.80	100	INF-004
3	9	19	0	0	0	457.870000	249.236881	7.748910	10.381029	-1	###FLOW###
4	9	19	0	0	0	457.870000	249.236881	7.748910	10.381029	-1	###LINE###
5	9	19	0	0	0	457.87	249.24	7.75	10.38	100	□
3	9	20	0	0	0	695.944260	249.236881	7.748910	10.381029	-1	###FLOW###
4	9	20	0	0	0	695.944260	249.236881	7.748910	10.381029	-1	###LINE###
5	9	20	0	0	0	695.94	249.24	7.75	10.38	100	□
3	9	21	0	0	0	66.881000	275.559769	35.837465	8.796976	-1	###FLOW###
4	9	21	0	0	0	66.881000	275.559769	35.837465	8.796976	-1	###LINE###
5	9	21	0	0	0	66.88	275.56	35.84	8.80	100	INF-005
3	9	22	0	0	0	457.870000	275.529881	7.748910	10.381029	-1	###FLOW###
4	9	22	0	0	0	457.870000	275.529881	7.748910	10.381029	-1	###LINE###
5	9	22	0	0	0	457.87	275.53	7.75	10.38	100	□
3	9	23	0	0	0	695.948000	275.529881	7.748910	10.381029	-1	###FLOW###
4	9	23	0	0	0	695.948000	275.529881	7.748910	10.381029	-1	###LINE###
5	9	23	0	0	0	695.95	275.53	7.75	10.38	100	□
3	9	24	0	0	0	66.881000	301.853769	35.837465	8.796976	-1	###FLOW###
4	9	24	0	0	0	66.881000	301.853769	35.837465	8.796976	-1	###LINE###
5	9	24	0	0	0	66.88	301.85	35.84	8.80	100	INF-006
3	9	25	0	0	0	457.870000	301.823881	7.748910	10.381029	-1	###FLOW###
4	9	25	0	0	0	457.870000	301.823881	7.748910	10.381029	-1	###LINE###
5	9	25	0	0	0	457.87	301.82	7.75	10.38	100	□
3	9	26	0	0	0	695.944260	301.823881	7.748910	10.381029	-1	###FLOW###
4	9	26	0	0	0	695.944260	301.823881	7.748910	10.381029	-1	###LINE###
5	9	26	0	0	0	695.94	301.82	7.75	10.38	100	□
3	9	27	0	0	0	66.881000	328.146769	35.837465	8.796976	-1	###FLOW###
4	9	27	0	0	0	66.881000	328.146769	35.837465	8.796976	-1	###LINE###
5	9	27	0	0	0	66.88	328.15	35.84	8.80	100	INF-007
3	9	28	0	0	0	457.870000	328.116881	7.748910	10.381029	-1	###FLOW###
4	9	28	0	0	0	457.870000	328.116881	7.748910	10.381029	-1	###LINE###
5	9	28	0	0	0	457.87	328.12	7.75	10.38	100	□
3	9	29	0	0	0	695.948000	328.116881	7.748910	10.381029	-1	###FLOW###
4	9	29	0	0	0	695.948000	328.116881	7.748910	10.381029	-1	###LINE###
5	9	29	0	0	0	695.95	328.12	7.75	10.38	100	□
3	9	30	0	0	0	66.881000	354.440769	35.837465	8.796976	-1	###FLOW###
4	9	30	0	0	0	66.881000	354.440769	35.837465	8.796976	-1	###LINE###
5	9	30	0	0	0	66.88	354.44	35.84	8.80	100	INF-008
3	9	31	0	0	0	457.870000	354.410881	7.748910	10.381029	-1	###FLOW###
4	9	31	0	0	0	457.870000	354.410881	7.748910	10.381029	-1	###LINE###
5	9	31	0	0	0	457.87	354.41	7.75	10.38	100	□
3	9	32	0	0	0	695.944260	354.410881	7.748910	10.381029	-1	###FLOW###
4	9	32	0	0	0	695.944260	354.410881	7.748910	10.381029	-1	###LINE###
5	9	32	0	0	0	695.94	354.41	7.75	10.38	100	□
3	9	33	0	0	0	384.189000	572.554960	73.512217	7.133239	-1	###FLOW###
4	9	33	0	0	0	384.189000	572.554960	73.512217	7.133239	-1	###LINE###
5	9	33	0	0	0	384.19	572.55	73.51	7.13	100	UNCLASSIFIED
3	9	33	1	0	0	413.003000	584.244052	15.883527	6.157865	-1	###FLOW###
4	9	33	1	0	0	413.003000	584.244052	15.883527	6.157865	-1	###LINE###
5	9	33	1	0	0	413.00	584.24	15.88	6.16	100	9/15
1	10	0	0	0	0	413.003000	584.244052	595.276000	841.890000	-1	###PAGE###
3	10	0	0	0	0	260.882000	40.770960	73.512217	7.133240	-1	###FLOW###
4	10	0	0	0	0	260.882000	40.770960	73.512217	7.133240	-1	###LINE###
5	10	0	0	0	0	260.88	40.77	73.51	7.13	100	UNCLASSIFIED
3	10	1	0	0	0	70.866000	77.850143	454.925153	20.851602	-1	###FLOW###
4	10	1	0	0	0	70.866000	77.850143	454.925153	8.896602	-1	###LINE###
5	10	1	0	0	0	70.87	77.85	43.77	8.90	100	Includes:
5	10	1	0	0	1	118.75	77.95	21.15	8.80	100	team
5	10	1	0	0	2	142.60	77.95	31.62	8.80	100	servers,
5	10	1	0	0	3	177.04	77.95	47.87	8.80	100	redirectors,
5	10	1	0	0	4	227.73	77.95	38.02	8.80	100	domains,
5	10	1	0	0	5	268.57	77.95	48.36	8.80	100	certificates,
5	10	1	0	0	6	319.75	77.95	22.78	8.80	100	cloud
5	10	1	0	0	7	345.22	77.95	41.38	8.80	100	resources,
5	10	1	0	0	8	389.43	77.95	18.44	8.80	100	mail
5	10	1	0	0	9	410.56	77.95	39.37	8.80	100	accounts,
5	10	1	0	0	10	452.75	77.95	30.97	8.80	100	hosting
5	10	1	0	0	11	486.42	77.95	39.37	8.80	100	accounts,
4	10	1	0	1	0	70.866000	89.904769	136.373050	8.796976	-1	###LINE###
5	10	1	0	1	0	70.87	89.90	36.59	8.80	100	phishing
5	10	1	0	1	1	110.77	89.90	21.70	8.80	100	sites,
5	10	1	0	1	2	135.79	89.90	33.76	8.80	100	payload
5	10	1	0	1	3	172.88	89.90	34.36	8.80	100	hosting.
3	10	2	0	0	0	260.882000	794.933960	73.512217	7.133239	-1	###FLOW###
4	10	2	0	0	0	260.882000	794.933960	73.512217	7.133239	-1	###LINE###
5	10	2	0	0	0	260.88	794.93	73.51	7.13	100	UNCLASSIFIED
3	10	2	1	0	0	287.710000	810.521052	19.854409	6.157865	-1	###FLOW###
4	10	2	1	0	0	287.710000	810.521052	19.854409	6.157865	-1	###LINE###
5	10	2	1	0	0	287.71	810.52	19.85	6.16	100	10/15
1	11	0	0	0	0	287.710000	810.521052	595.276000	841.890000	-1	###PAGE###
3	11	0	0	0	0	384.189000	17.129960	73.512217	7.133240	-1	###FLOW###
4	11	0	0	0	0	384.189000	17.129960	73.512217	7.133240	-1	###LINE###
5	11	0	0	0	0	384.19	17.13	73.51	7.13	100	UNCLASSIFIED
3	11	1	0	0	0	66.881000	100.539643	276.202181	10.496666	-1	###FLOW###
4	11	1	0	0	0	66.881000	100.539643	276.202181	10.496666	-1	###LINE###
5	11	1	0	0	0	66.88	100.54	10.46	10.50	100	8.
5	11	1	0	0	1	83.32	100.54	60.34	10.50	100	Command
5	11	1	0	0	2	148.14	100.54	21.48	10.50	100	and
5	11	1	0	0	3	174.10	100.54	44.72	10.50	100	control,
5	11	1	0	0	4	223.31	100.54	39.58	10.50	100	secrets
5	11	1	0	0	5	267.38	100.54	21.48	10.50	100	and
5	11	1	0	0	6	293.34	100.54	49.74	10.50	100	channels
3	11	1	1	0	0	66.881000	139.599769	34.727631	8.796976	-1	###FLOW###
4	11	1	1	0	0	66.881000	139.599769	34.727631	8.796976	-1	###LINE###
5	11	1	1	0	0	66.88	139.60	20.20	8.80	100	Item
5	11	1	1	0	1	90.40	139.60	11.21	8.80	100	ID
3	11	2	0	0	0	159.658000	127.644769	95.285295	20.751976	-1	###FLOW###
4	11	2	0	0	0	159.658000	127.644769	95.285295	8.796976	-1	###LINE###
5	11	2	0	0	0	159.66	127.64	50.37	8.80	100	Component
5	11	2	0	0	1	213.34	127.64	4.98	8.80	100	/
5	11	2	0	0	2	221.65	127.64	24.98	8.80	100	secret
5	11	2	0	0	3	249.96	127.64	4.98	8.80	100	/
4	11	2	0	1	0	159.658000	139.599769	32.932371	8.796976	-1	###LINE###
5	11	2	0	1	0	159.66	139.60	32.93	8.80	100	channel
3	11	3	0	0	0	66.881000	170.893769	30.440724	8.796976	-1	###FLOW###
4	11	3	0	0	0	66.881000	170.893769	30.440724	8.796976	-1	###LINE###
5	11	3	0	0	0	66.88	170.89	30.44	8.80	100	C2-001
3	11	4	0	0	0	291.698000	127.644769	51.526567	20.751976	-1	###FLOW###
4	11	4	0	0	0	291.698000	127.644769	51.526567	8.796976	-1	###LINE###
5	11	4	0	0	0	291.70	127.64	39.33	8.80	100	Identifier
5	11	4	0	0	1	334.34	127.64	8.88	8.80	100	or
4	11	4	0	1	0	291.698000	139.599769	38.526370	8.796976	-1	###LINE###
5	11	4	0	1	0	291.70	139.60	38.53	8.80	100	reference
3	11	5	0	0	0	372.510000	127.644769	68.990009	20.751976	-1	###FLOW###
4	11	5	0	0	0	372.510000	127.644769	65.804966	8.796976	-1	###LINE###
5	11	5	0	0	0	372.51	127.64	34.79	8.80	100	Disable,
5	11	5	0	0	1	410.62	127.64	27.70	8.80	100	revoke
4	11	5	0	1	0	372.510000	139.599769	68.990009	8.796976	-1	###LINE###
5	11	5	0	1	0	372.51	139.60	8.88	8.80	100	or
5	11	5	0	1	1	384.71	139.60	20.54	8.80	100	close
5	11	5	0	1	2	408.56	139.60	32.94	8.80	100	method
3	11	6	0	0	0	454.996000	127.644769	48.213382	20.751976	-1	###FLOW###
4	11	6	0	0	0	456.162000	127.644769	47.047382	8.796976	-1	###LINE###
5	11	6	0	0	0	456.16	127.64	47.05	8.80	100	Completed
4	11	6	0	1	0	454.996000	139.599769	29.610840	8.796976	-1	###LINE###
5	11	6	0	1	0	455.00	139.60	29.61	8.80	100	(UTC)
3	11	7	0	0	0	606.760000	127.644769	55.759676	20.751976	-1	###FLOW###
4	11	7	0	0	0	606.760000	127.644769	55.759676	8.796976	-1	###LINE###
5	11	7	0	0	0	606.76	127.64	19.51	8.80	100	Late
5	11	7	0	0	1	629.59	127.64	32.93	8.80	100	activity
4	11	7	0	1	0	606.760000	139.599769	33.205346	8.796976	-1	###LINE###
5	11	7	0	1	0	606.76	139.60	33.21	8.80	100	checked
3	11	8	0	0	0	695.097000	139.500143	38.839196	8.896602	-1	###FLOW###
4	11	8	0	0	0	695.097000	139.500143	38.839196	8.896602	-1	###LINE###
5	11	8	0	0	0	695.10	139.50	38.84	8.90	100	Verified
3	11	9	0	0	0	159.658000	170.893769	87.614093	8.796976	-1	###FLOW###
4	11	9	0	0	0	159.658000	170.893769	87.614093	8.796976	-1	###LINE###
5	11	9	0	0	0	159.66	170.89	24.08	8.80	100	Team
5	11	9	0	0	1	187.06	170.89	25.57	8.80	100	server
5	11	9	0	0	2	215.94	170.89	31.33	8.80	100	tasking
3	11	10	0	0	0	606.760000	170.863881	7.748910	10.381029	-1	###FLOW###
4	11	10	0	0	0	606.760000	170.863881	7.748910	10.381029	-1	###LINE###
5	11	10	0	0	0	606.76	170.86	7.75	10.38	100	□
3	11	11	0	0	0	695.097000	170.863881	7.748910	10.381029	-1	###FLOW###
4	11	11	0	0	0	695.097000	170.863881	7.748910	10.381029	-1	###LINE###
5	11	11	0	0	0	695.10	170.86	7.75	10.38	100	□
3	11	12	0	0	0	66.881000	197.187769	30.440724	8.796976	-1	###FLOW###
4	11	12	0	0	0	66.881000	197.187769	30.440724	8.796976	-1	###LINE###
5	11	12	0	0	0	66.88	197.19	30.44	8.80	100	C2-002
3	11	13	0	0	0	159.657713	197.187769	88.860414	8.796976	-1	###FLOW###
4	11	13	0	0	0	159.657713	197.187769	88.860414	8.796976	-1	###LINE###
5	11	13	0	0	0	159.66	197.19	35.09	8.80	100	Listener
5	11	13	0	0	1	198.07	197.19	4.98	8.80	100	/
5	11	13	0	0	2	206.37	197.19	42.15	8.80	100	redirector
3	11	14	0	0	0	606.760000	197.157881	7.748910	10.381029	-1	###FLOW###
4	11	14	0	0	0	606.760000	197.157881	7.748910	10.381029	-1	###LINE###
5	11	14	0	0	0	606.76	197.16	7.75	10.38	100	□
3	11	15	0	0	0	695.096382	197.157881	7.748910	10.381029	-1	###FLOW###
4	11	15	0	0	0	695.096382	197.157881	7.748910	10.381029	-1	###LINE###
5	11	15	0	0	0	695.10	197.16	7.75	10.38	100	□
3	11	16	0	0	0	66.881000	223.480769	30.440724	8.796976	-1	###FLOW###
4	11	16	0	0	0	66.881000	223.480769	30.440724	8.796976	-1	###LINE###
5	11	16	0	0	0	66.88	223.48	30.44	8.80	100	C2-003
3	11	17	0	0	0	159.658000	223.480769	102.173437	20.751976	-1	###FLOW###
4	11	17	0	0	0	159.658000	223.480769	102.173437	8.796976	-1	###LINE###
5	11	17	0	0	0	159.66	223.48	16.05	8.80	100	Kill
5	11	17	0	0	1	179.03	223.48	27.45	8.80	100	switch
5	11	17	0	0	2	209.81	223.48	4.98	8.80	100	/
5	11	17	0	0	3	218.11	223.48	43.73	8.80	100	automatic
4	11	17	0	1	0	159.658000	235.435769	27.150078	8.796976	-1	###LINE###
5	11	17	0	1	0	159.66	235.44	27.15	8.80	100	expiry
3	11	18	0	0	0	606.760000	223.450881	7.748910	10.381029	-1	###FLOW###
4	11	18	0	0	0	606.760000	223.450881	7.748910	10.381029	-1	###LINE###
5	11	18	0	0	0	606.76	223.45	7.75	10.38	100	□
3	11	19	0	0	0	695.097000	223.450881	7.748910	10.381029	-1	###FLOW###
4	11	19	0	0	0	695.097000	223.450881	7.748910	10.381029	-1	###LINE###
5	11	19	0	0	0	695.10	223.45	7.75	10.38	100	□
3	11	20	0	0	0	66.881000	261.729769	37.775190	8.796976	-1	###FLOW###
4	11	20	0	0	0	66.881000	261.729769	37.775190	8.796976	-1	###LINE###
5	11	20	0	0	0	66.88	261.73	37.78	8.80	100	SEC-001
3	11	21	0	0	0	159.659705	261.729769	105.523859	8.796976	-1	###FLOW###
4	11	21	0	0	0	159.659705	261.729769	105.523859	8.796976	-1	###LINE###
5	11	21	0	0	0	159.66	261.73	45.42	8.80	100	Certificate
5	11	21	0	0	1	208.39	261.73	4.98	8.80	100	/
5	11	21	0	0	2	216.69	261.73	30.50	8.80	100	signing
5	11	21	0	0	3	250.51	261.73	14.68	8.80	100	key
3	11	22	0	0	0	606.760000	261.699881	7.748910	10.381029	-1	###FLOW###
4	11	22	0	0	0	606.760000	261.699881	7.748910	10.381029	-1	###LINE###
5	11	22	0	0	0	606.76	261.70	7.75	10.38	100	□
3	11	23	0	0	0	695.096382	261.699881	7.748910	10.381029	-1	###FLOW###
4	11	23	0	0	0	695.096382	261.699881	7.748910	10.381029	-1	###LINE###
5	11	23	0	0	0	695.10	261.70	7.75	10.38	100	□
3	11	24	0	0	0	66.881000	288.022769	37.775190	8.796976	-1	###FLOW###
4	11	24	0	0	0	66.881000	288.022769	37.775190	8.796976	-1	###LINE###
5	11	24	0	0	0	66.88	288.02	37.78	8.80	100	SEC-002
3	11	25	0	0	0	159.658000	288.022769	92.624285	20.751976	-1	###FLOW###
4	11	25	0	0	0	159.658000	288.022769	92.624285	8.796976	-1	###LINE###
5	11	25	0	0	0	159.66	288.02	17.85	8.80	100	API
5	11	25	0	0	1	180.83	288.02	23.80	8.80	100	token
5	11	25	0	0	2	207.95	288.02	4.98	8.80	100	/
5	11	25	0	0	3	216.25	288.02	36.03	8.80	100	provider
4	11	25	0	1	0	159.658000	299.977769	42.369942	8.796976	-1	###LINE###
5	11	25	0	1	0	159.66	299.98	42.37	8.80	100	credential
3	11	26	0	0	0	606.760000	287.992881	7.748910	10.381029	-1	###FLOW###
4	11	26	0	0	0	606.760000	287.992881	7.748910	10.381029	-1	###LINE###
5	11	26	0	0	0	606.76	287.99	7.75	10.38	100	□
3	11	27	0	0	0	695.097000	287.992881	7.748910	10.381029	-1	###FLOW###
4	11	27	0	0	0	695.097000	287.992881	7.748910	10.381029	-1	###LINE###
5	11	27	0	0	0	695.10	287.99	7.75	10.38	100	□
3	11	28	0	0	0	66.881000	326.271769	42.341050	8.796976	-1	###FLOW###
4	11	28	0	0	0	66.881000	326.271769	42.341050	8.796976	-1	###LINE###
5	11	28	0	0	0	66.88	326.27	42.34	8.80	100	COM-001
3	11	29	0	0	0	159.662694	326.271769	119.022186	8.796976	-1	###FLOW###
4	11	29	0	0	0	159.662694	326.271769	119.022186	8.796976	-1	###LINE###
5	11	29	0	0	0	159.66	326.27	28.25	8.80	100	Secure
5	11	29	0	0	1	191.24	326.27	51.20	8.80	100	engagement
5	11	29	0	0	2	245.75	326.27	32.93	8.80	100	channel
3	11	30	0	0	0	606.760000	326.241881	7.748910	10.381029	-1	###FLOW###
4	11	30	0	0	0	606.760000	326.241881	7.748910	10.381029	-1	###LINE###
5	11	30	0	0	0	606.76	326.24	7.75	10.38	100	□
3	11	31	0	0	0	695.096382	326.241881	7.748910	10.381029	-1	###FLOW###
4	11	31	0	0	0	695.096382	326.241881	7.748910	10.381029	-1	###LINE###
5	11	31	0	0	0	695.10	326.24	7.75	10.38	100	□
3	11	32	0	0	0	66.881000	352.564769	30.440724	8.796976	-1	###FLOW###
4	11	32	0	0	0	66.881000	352.564769	30.440724	8.796976	-1	###LINE###
5	11	32	0	0	0	66.88	352.56	30.44	8.80	100	C2-004
3	11	33	0	0	0	159.658000	352.564769	109.284741	20.751976	-1	###FLOW###
4	11	33	0	0	0	159.658000	352.564769	109.284741	8.796976	-1	###LINE###
5	11	33	0	0	0	159.66	352.56	34.45	8.80	100	Delayed
5	11	33	0	0	1	197.44	352.56	18.04	8.80	100	task
5	11	33	0	0	2	218.80	352.56	4.98	8.80	100	/
5	11	33	0	0	3	227.10	352.56	41.84	8.80	100	scheduled
4	11	33	0	1	0	159.658000	364.519769	34.869100	8.796976	-1	###LINE###
5	11	33	0	1	0	159.66	364.52	34.87	8.80	100	callback
3	11	34	0	0	0	606.760000	352.534881	7.748910	10.381029	-1	###FLOW###
4	11	34	0	0	0	606.760000	352.534881	7.748910	10.381029	-1	###LINE###
5	11	34	0	0	0	606.76	352.53	7.75	10.38	100	□
3	11	35	0	0	0	695.097000	352.534881	7.748910	10.381029	-1	###FLOW###
4	11	35	0	0	0	695.097000	352.534881	7.748910	10.381029	-1	###LINE###
5	11	35	0	0	0	695.10	352.53	7.75	10.38	100	□
3	11	36	0	0	0	66.881000	390.813769	40.680285	8.796976	-1	###FLOW###
4	11	36	0	0	0	66.881000	390.813769	40.680285	8.796976	-1	###LINE###
5	11	36	0	0	0	66.88	390.81	40.68	8.80	100	OTH-001
3	11	37	0	0	0	159.655720	390.813769	25.489312	8.796976	-1	###FLOW###
4	11	37	0	0	0	159.655720	390.813769	25.489312	8.796976	-1	###LINE###
5	11	37	0	0	0	159.66	390.81	25.49	8.80	100	Other
3	11	38	0	0	0	606.760000	390.783881	7.748910	10.381029	-1	###FLOW###
4	11	38	0	0	0	606.760000	390.783881	7.748910	10.381029	-1	###LINE###
5	11	38	0	0	0	606.76	390.78	7.75	10.38	100	□
3	11	39	0	0	0	695.096382	390.783881	7.748910	10.381029	-1	###FLOW###
4	11	39	0	0	0	695.096382	390.783881	7.748910	10.381029	-1	###LINE###
5	11	39	0	0	0	695.10	390.78	7.75	10.38	100	□
3	11	40	0	0	0	384.189000	572.554960	73.512217	7.133239	-1	###FLOW###
4	11	40	0	0	0	384.189000	572.554960	73.512217	7.133239	-1	###LINE###
5	11	40	0	0	0	384.19	572.55	73.51	7.13	100	UNCLASSIFIED
3	11	40	1	0	0	411.017000	584.244052	19.854409	6.157865	-1	###FLOW###
4	11	40	1	0	0	411.017000	584.244052	19.854409	6.157865	-1	###LINE###
5	11	40	1	0	0	411.02	584.24	19.85	6.16	100	11/15
3	11	41	0	0	0	534.020000	139.599769	12.314770	8.796976	-1	###FLOW###
4	11	41	0	0	0	534.020000	139.599769	12.314770	8.796976	-1	###LINE###
5	11	41	0	0	0	534.02	139.60	12.31	8.80	100	By
1	12	0	0	0	0	534.020000	139.599769	595.276000	841.890000	-1	###PAGE###
3	12	0	0	0	0	260.882000	40.770960	73.512217	7.133240	-1	###FLOW###
4	12	0	0	0	0	260.882000	40.770960	73.512217	7.133240	-1	###LINE###
5	12	0	0	0	0	260.88	40.77	73.51	7.13	100	UNCLASSIFIED
3	12	1	0	0	0	70.866000	104.524643	200.473162	10.496666	-1	###FLOW###
4	12	1	0	0	0	70.866000	104.524643	200.473162	10.496666	-1	###LINE###
5	12	1	0	0	0	70.87	104.52	10.46	10.50	100	9.
5	12	1	0	0	1	87.30	104.52	68.62	10.50	100	Restoration
5	12	1	0	0	2	160.41	104.52	21.48	10.50	100	and
5	12	1	0	0	3	186.38	104.52	43.85	10.50	100	delayed
5	12	1	0	0	4	234.71	104.52	36.63	10.50	100	effects
3	12	2	0	0	0	70.884000	155.033769	32.958273	8.796976	-1	###FLOW###
4	12	2	0	0	0	70.884000	155.033769	32.958273	8.796976	-1	###LINE###
5	12	2	0	0	0	70.88	155.03	32.96	8.80	100	Control
3	12	3	0	0	0	197.991000	131.122769	35.360674	32.707976	-1	###FLOW###
4	12	3	0	0	0	197.991000	131.122769	30.747572	8.796976	-1	###LINE###
5	12	3	0	0	0	197.99	131.12	30.75	8.80	100	Agreed
4	12	3	0	1	0	198.369000	143.077769	34.982674	8.796976	-1	###LINE###
5	12	3	0	1	0	198.37	143.08	34.98	8.80	100	restored
4	12	3	0	2	0	198.369000	155.033769	21.088832	8.796976	-1	###LINE###
5	12	3	0	2	0	198.37	155.03	21.09	8.80	100	state
3	12	4	0	0	0	265.385000	131.122769	49.836910	32.707976	-1	###FLOW###
4	12	4	0	0	0	265.385000	131.122769	49.836910	8.796976	-1	###LINE###
5	12	4	0	0	0	265.39	131.12	49.84	8.80	100	Verification
4	12	4	0	1	0	265.764000	143.077769	41.234205	8.796976	-1	###LINE###
5	12	4	0	1	0	265.76	143.08	32.94	8.80	100	method
5	12	4	0	1	1	302.02	143.08	4.98	8.80	100	/
4	12	4	0	2	0	265.764000	155.033769	36.809814	8.796976	-1	###LINE###
5	12	4	0	2	0	265.76	155.03	36.81	8.80	100	evidence
3	12	5	0	0	0	336.037000	155.033769	28.809847	8.796976	-1	###FLOW###
4	12	5	0	0	0	336.037000	155.033769	28.809847	8.796976	-1	###LINE###
5	12	5	0	0	0	336.04	155.03	28.81	8.80	100	Owner
3	12	6	0	0	0	396.798000	143.077769	34.029207	20.752976	-1	###FLOW###
4	12	6	0	0	0	397.585000	143.077769	33.242207	8.796976	-1	###LINE###
5	12	6	0	0	0	397.59	143.08	33.24	8.80	100	Verified
4	12	6	0	1	0	396.798000	155.033769	29.610840	8.796976	-1	###LINE###
5	12	6	0	1	0	396.80	155.03	29.61	8.80	100	(UTC)
3	12	7	0	0	0	463.039000	131.023143	38.985646	32.807602	-1	###FLOW###
4	12	7	0	0	0	463.039000	131.023143	38.985646	8.896602	-1	###LINE###
5	12	7	0	0	0	463.04	131.02	38.99	8.90	100	Second-
4	12	7	0	1	0	463.039000	142.978143	33.266118	8.896602	-1	###LINE###
5	12	7	0	1	0	463.04	142.98	33.27	8.90	100	person
4	12	7	0	2	0	463.039000	154.934143	27.209853	8.896602	-1	###LINE###
5	12	7	0	2	0	463.04	154.93	27.21	8.90	100	check
3	12	8	0	0	0	70.884000	186.327769	111.363935	20.751976	-1	###FLOW###
4	12	8	0	0	0	70.884000	186.327769	111.363935	8.796976	-1	###LINE###
5	12	8	0	0	0	70.88	186.33	35.45	8.80	100	Security
5	12	8	0	0	1	109.65	186.33	34.12	8.80	100	controls
5	12	8	0	0	2	147.10	186.33	35.15	8.80	100	changed
4	12	8	0	1	0	70.884000	198.282769	83.608132	8.796976	-1	###LINE###
5	12	8	0	1	0	70.88	198.28	11.93	8.80	100	for
5	12	8	0	1	1	86.13	198.28	13.84	8.80	100	the
5	12	8	0	1	2	103.30	198.28	51.20	8.80	100	engagement
3	12	9	0	0	0	463.039000	186.297881	7.748910	10.381029	-1	###FLOW###
4	12	9	0	0	0	463.039000	186.297881	7.748910	10.381029	-1	###LINE###
5	12	9	0	0	0	463.04	186.30	7.75	10.38	100	□
3	12	10	0	0	0	70.884000	224.575769	91.100007	20.752976	-1	###FLOW###
4	12	10	0	0	0	70.884000	224.575769	91.100007	8.796976	-1	###LINE###
5	12	10	0	0	0	70.88	224.58	48.46	8.80	100	Monitoring
5	12	10	0	0	1	122.66	224.58	16.05	8.80	100	and
5	12	10	0	0	2	142.03	224.58	19.95	8.80	100	alert
4	12	10	0	1	0	70.884000	236.531769	31.577457	8.796976	-1	###LINE###
5	12	10	0	1	0	70.88	236.53	31.58	8.80	100	routing
3	12	11	0	0	0	463.039000	224.545881	7.748910	10.381029	-1	###FLOW###
4	12	11	0	0	0	463.039000	224.545881	7.748910	10.381029	-1	###LINE###
5	12	11	0	0	0	463.04	224.55	7.75	10.38	100	□
3	12	12	0	0	0	70.884000	262.824769	114.404521	8.796976	-1	###FLOW###
4	12	12	0	0	0	70.884000	262.824769	114.404521	8.796976	-1	###LINE###
5	12	12	0	0	0	70.88	262.82	34.68	8.80	100	Services
5	12	12	0	0	1	108.88	262.82	16.05	8.80	100	and
5	12	12	0	0	2	128.25	262.82	57.04	8.80	100	configuration
3	12	13	0	0	0	463.039000	262.794881	7.748910	10.381029	-1	###FLOW###
4	12	13	0	0	0	463.039000	262.794881	7.748910	10.381029	-1	###LINE###
5	12	13	0	0	0	463.04	262.79	7.75	10.38	100	□
3	12	14	0	0	0	70.884000	289.117769	90.081829	32.707976	-1	###FLOW###
4	12	14	0	0	0	70.884000	289.117769	69.602709	8.796976	-1	###LINE###
5	12	14	0	0	0	70.88	289.12	32.52	8.80	100	Backup
5	12	14	0	0	1	106.72	289.12	4.98	8.80	100	/
5	12	14	0	0	2	115.03	289.12	25.46	8.80	100	image
4	12	14	0	1	0	70.884000	301.073769	83.682851	8.796976	-1	###LINE###
5	12	14	0	1	0	70.88	301.07	47.16	8.80	100	restoration
5	12	14	0	1	1	121.36	301.07	15.50	8.80	100	will
5	12	14	0	1	2	140.18	301.07	14.39	8.80	100	not
4	12	14	0	2	0	70.884000	313.028769	90.081829	8.796976	-1	###LINE###
5	12	14	0	2	0	70.88	313.03	49.32	8.80	100	reintroduce
5	12	14	0	2	1	123.52	313.03	37.45	8.80	100	artefacts
3	12	15	0	0	0	463.039000	289.087881	7.748910	10.381029	-1	###FLOW###
4	12	15	0	0	0	463.039000	289.087881	7.748910	10.381029	-1	###LINE###
5	12	15	0	0	0	463.04	289.09	7.75	10.38	100	□
3	12	16	0	0	0	70.884000	339.321769	113.912368	20.751976	-1	###FLOW###
4	12	16	0	0	0	70.884000	339.321769	101.646415	8.796976	-1	###LINE###
5	12	16	0	0	0	70.88	339.32	28.26	8.80	100	Secure
5	12	16	0	0	1	102.46	339.32	70.07	8.80	100	communications
4	12	16	0	1	0	70.884000	351.276769	113.912368	8.796976	-1	###LINE###
5	12	16	0	1	0	70.88	351.28	37.14	8.80	100	returned
5	12	16	0	1	1	111.34	351.28	8.86	8.80	100	to
5	12	16	0	1	2	123.52	351.28	36.86	8.80	100	ordinary
5	12	16	0	1	3	163.71	351.28	21.09	8.80	100	state
3	12	17	0	0	0	463.039000	339.291881	7.748910	10.381029	-1	###FLOW###
4	12	17	0	0	0	463.039000	339.291881	7.748910	10.381029	-1	###LINE###
5	12	17	0	0	0	463.04	339.29	7.75	10.38	100	□
3	12	18	0	0	0	70.884000	377.570769	107.262333	20.751976	-1	###FLOW###
4	12	18	0	0	0	70.884000	377.570769	105.630459	8.796976	-1	###LINE###
5	12	18	0	0	0	70.88	377.57	19.51	8.80	100	Late
5	12	18	0	0	1	93.71	377.57	38.80	8.80	100	callbacks
5	12	18	0	0	2	135.84	377.57	4.98	8.80	100	/
5	12	18	0	0	3	144.14	377.57	32.38	8.80	100	delayed
4	12	18	0	1	0	70.884000	389.525769	107.262333	8.796976	-1	###LINE###
5	12	18	0	1	0	70.88	389.53	21.97	8.80	100	tasks
5	12	18	0	1	1	96.18	389.53	44.31	8.80	100	monitored
5	12	18	0	1	2	143.80	389.53	34.35	8.80	100	through
3	12	19	0	0	0	463.039000	377.540881	7.748910	10.381029	-1	###FLOW###
4	12	19	0	0	0	463.039000	377.540881	7.748910	10.381029	-1	###LINE###
5	12	19	0	0	0	463.04	377.54	7.75	10.38	100	□
3	12	20	0	0	0	70.884000	415.818769	89.275855	32.707976	-1	###FLOW###
4	12	20	0	0	0	70.884000	415.818769	76.628334	8.796976	-1	###LINE###
5	12	20	0	0	0	70.88	415.82	37.28	8.80	100	Residual
5	12	20	0	0	1	111.48	415.82	36.03	8.80	100	provider
4	12	20	0	1	0	70.884000	427.773769	89.275855	8.796976	-1	###LINE###
5	12	20	0	1	0	70.88	427.77	39.47	8.80	100	resources
5	12	20	0	1	1	113.67	427.77	16.05	8.80	100	and
5	12	20	0	1	2	133.04	427.77	27.12	8.80	100	billing
4	12	20	0	2	0	70.884000	439.729769	33.205346	8.796976	-1	###LINE###
5	12	20	0	2	0	70.88	439.73	33.21	8.80	100	checked
3	12	21	0	0	0	463.039000	415.788881	7.748910	10.381029	-1	###FLOW###
4	12	21	0	0	0	463.039000	415.788881	7.748910	10.381029	-1	###LINE###
5	12	21	0	0	0	463.04	415.79	7.75	10.38	100	□
3	12	22	0	0	0	260.882000	794.933960	73.512217	7.133239	-1	###FLOW###
4	12	22	0	0	0	260.882000	794.933960	73.512217	7.133239	-1	###LINE###
5	12	22	0	0	0	260.88	794.93	73.51	7.13	100	UNCLASSIFIED
3	12	22	1	0	0	287.710000	810.521052	19.854409	6.157865	-1	###FLOW###
4	12	22	1	0	0	287.710000	810.521052	19.854409	6.157865	-1	###LINE###
5	12	22	1	0	0	287.71	810.52	19.85	6.16	100	12/15
1	13	0	0	0	0	287.710000	810.521052	595.276000	841.890000	-1	###PAGE###
3	13	0	0	0	0	384.189000	17.129960	73.512217	7.133240	-1	###FLOW###
4	13	0	0	0	0	384.189000	17.129960	73.512217	7.133240	-1	###LINE###
5	13	0	0	0	0	384.19	17.13	73.51	7.13	100	UNCLASSIFIED
3	13	1	0	0	0	66.881000	100.539643	403.700803	10.496666	-1	###FLOW###
4	13	1	0	0	0	66.881000	100.539643	403.700803	10.496666	-1	###LINE###
5	13	1	0	0	0	66.88	100.54	17.19	10.50	100	10.
5	13	1	0	0	1	90.04	100.54	32.89	10.50	100	Items
5	13	1	0	0	2	127.42	100.54	24.47	10.50	100	that
5	13	1	0	0	3	156.37	100.54	31.38	10.50	100	could
5	13	1	0	0	4	192.24	100.54	29.97	10.50	100	NOT
5	13	1	0	0	5	226.69	100.54	13.98	10.50	100	be
5	13	1	0	0	6	245.15	100.54	49.53	10.50	100	removed
5	13	1	0	0	7	299.16	100.54	12.22	10.50	100	or
5	13	1	0	0	8	315.86	100.54	47.99	10.50	100	restored
5	13	1	0	0	9	368.34	100.54	14.20	10.50	100	by
5	13	1	0	0	10	387.02	100.54	18.84	10.50	100	the
5	13	1	0	0	11	410.34	100.54	23.64	10.50	100	Red
5	13	1	0	0	12	438.47	100.54	32.11	10.50	100	Team
3	13	1	1	0	0	91.429000	120.142143	491.685194	8.896602	-1	###FLOW###
4	13	1	1	0	0	91.429000	120.142143	491.685194	8.896602	-1	###LINE###
5	13	1	1	0	0	91.43	120.24	49.95	8.80	100	Transferred
5	13	1	1	0	1	144.70	120.24	8.30	8.80	100	in
5	13	1	1	0	2	156.33	120.24	31.02	8.80	100	writing
5	13	1	1	0	3	190.67	120.24	8.86	8.80	100	to
5	13	1	1	0	4	202.84	120.24	13.84	8.80	100	the
5	13	1	1	0	5	220.01	120.24	33.56	8.80	100	Trusted
5	13	1	1	0	6	256.90	120.24	26.01	8.80	100	Agent
5	13	1	1	0	7	286.23	120.24	8.91	8.80	100	as
5	13	1	1	0	8	298.46	120.24	10.52	8.80	100	an
5	13	1	1	0	9	312.30	120.24	20.75	8.80	100	open
5	13	1	1	0	10	336.38	120.24	26.56	8.80	100	action
5	13	1	1	0	11	366.26	120.24	19.37	8.80	100	with
5	13	1	1	0	12	388.95	120.24	4.98	8.80	100	a
5	13	1	1	0	13	397.25	120.24	28.78	8.80	100	named
5	13	1	1	0	14	429.36	120.24	28.53	8.80	100	owner.
5	13	1	1	0	15	462.31	120.24	25.52	8.80	100	These
5	13	1	1	0	16	491.15	120.24	13.31	8.80	100	are
5	13	1	1	0	17	507.78	120.14	16.55	8.90	100	not
5	13	1	1	0	18	527.66	120.24	26.07	8.80	100	closed
5	13	1	1	0	19	557.04	120.24	26.07	8.80	100	items.
3	13	2	0	0	0	66.523000	168.491769	50.617978	8.796976	-1	###FLOW###
4	13	2	0	0	0	66.523000	168.491769	50.617978	8.796976	-1	###LINE###
5	13	2	0	0	0	66.52	168.49	36.08	8.80	100	Transfer
5	13	2	0	0	1	105.93	168.49	11.21	8.80	100	ID
3	13	3	0	0	0	171.125000	156.536769	75.083853	20.751976	-1	###FLOW###
4	13	3	0	0	0	171.125000	156.536769	75.083853	8.796976	-1	###LINE###
5	13	3	0	0	0	171.13	156.54	20.06	8.80	100	Item
5	13	3	0	0	1	194.50	156.54	15.94	8.80	100	and
5	13	3	0	0	2	213.75	156.54	32.46	8.80	100	original
4	13	3	0	1	0	171.125000	168.491769	11.207925	8.796976	-1	###LINE###
5	13	3	0	1	0	171.13	168.49	11.21	8.80	100	ID
3	13	4	0	0	0	258.164000	168.491769	61.597760	8.796976	-1	###FLOW###
4	13	4	0	0	0	258.164000	168.491769	61.597760	8.796976	-1	###LINE###
5	13	4	0	0	0	258.16	168.49	20.26	8.80	100	Host
5	13	4	0	0	1	281.74	168.49	4.98	8.80	100	/
5	13	4	0	0	2	290.05	168.49	29.71	8.80	100	system
3	13	5	0	0	0	342.305000	144.580769	74.969561	32.707976	-1	###FLOW###
4	13	5	0	0	0	342.305000	144.580769	74.969561	8.796976	-1	###LINE###
5	13	5	0	0	0	342.30	144.58	22.67	8.80	100	Basis
5	13	5	0	0	1	368.29	144.58	10.52	8.80	100	on
5	13	5	0	0	2	382.12	144.58	25.19	8.80	100	which
5	13	5	0	0	3	410.63	144.58	6.64	8.80	100	it
4	13	5	0	1	0	342.305000	156.536769	54.516343	8.796976	-1	###LINE###
5	13	5	0	1	0	342.30	156.54	23.25	8.80	100	could
5	13	5	0	1	1	368.87	156.54	14.39	8.80	100	not
5	13	5	0	1	2	386.58	156.54	10.24	8.80	100	be
4	13	5	0	2	0	342.305000	168.491769	36.277812	8.796976	-1	###LINE###
5	13	5	0	2	0	342.30	168.49	36.28	8.80	100	removed
3	13	6	0	0	0	436.370000	168.491769	45.851870	8.796976	-1	###FLOW###
4	13	6	0	0	0	436.370000	168.491769	45.851870	8.796976	-1	###LINE###
5	13	6	0	0	0	436.37	168.49	19.29	8.80	100	Risk
5	13	6	0	0	1	458.98	168.49	5.81	8.80	100	if
5	13	6	0	0	2	468.12	168.49	14.11	8.80	100	left
3	13	7	0	0	0	66.881000	199.785769	40.680285	8.796976	-1	###FLOW###
4	13	7	0	0	0	66.881000	199.785769	40.680285	8.796976	-1	###LINE###
5	13	7	0	0	0	66.88	199.79	40.68	8.80	100	OUT-001
3	13	7	1	0	0	66.881000	226.078769	40.680285	8.796976	-1	###FLOW###
4	13	7	1	0	0	66.881000	226.078769	40.680285	8.796976	-1	###LINE###
5	13	7	1	0	0	66.88	226.08	40.68	8.80	100	OUT-002
3	13	7	2	0	0	66.881000	252.372769	40.680285	8.796976	-1	###FLOW###
4	13	7	2	0	0	66.881000	252.372769	40.680285	8.796976	-1	###LINE###
5	13	7	2	0	0	66.88	252.37	40.68	8.80	100	OUT-003
3	13	7	3	0	0	66.881000	278.665769	40.680285	8.796976	-1	###FLOW###
4	13	7	3	0	0	66.881000	278.665769	40.680285	8.796976	-1	###LINE###
5	13	7	3	0	0	66.88	278.67	40.68	8.80	100	OUT-004
3	13	7	4	0	0	66.881000	304.959769	40.680285	8.796976	-1	###FLOW###
4	13	7	4	0	0	66.881000	304.959769	40.680285	8.796976	-1	###LINE###
5	13	7	4	0	0	66.88	304.96	40.68	8.80	100	OUT-005
3	13	7	5	0	0	66.881000	331.252769	40.680285	8.796976	-1	###FLOW###
4	13	7	5	0	0	66.881000	331.252769	40.680285	8.796976	-1	###LINE###
5	13	7	5	0	0	66.88	331.25	40.68	8.80	100	OUT-006
3	13	7	6	0	0	66.881000	357.545769	40.680285	8.796976	-1	###FLOW###
4	13	7	6	0	0	66.881000	357.545769	40.680285	8.796976	-1	###LINE###
5	13	7	6	0	0	66.88	357.55	40.68	8.80	100	OUT-007
3	13	7	7	0	0	66.881000	383.839769	40.680285	8.796976	-1	###FLOW###
4	13	7	7	0	0	66.881000	383.839769	40.680285	8.796976	-1	###LINE###
5	13	7	7	0	0	66.88	383.84	40.68	8.80	100	OUT-008
3	13	8	0	0	0	384.189000	572.554960	73.512217	7.133239	-1	###FLOW###
4	13	8	0	0	0	384.189000	572.554960	73.512217	7.133239	-1	###LINE###
5	13	8	0	0	0	384.19	572.55	73.51	7.13	100	UNCLASSIFIED
3	13	8	1	0	0	411.017000	584.244052	19.854409	6.157865	-1	###FLOW###
4	13	8	1	0	0	411.017000	584.244052	19.854409	6.157865	-1	###LINE###
5	13	8	1	0	0	411.02	584.24	19.85	6.16	100	13/15
3	13	9	0	0	0	520.079000	156.437143	71.999710	20.851602	-1	###FLOW###
4	13	9	0	0	0	520.079000	156.437143	71.999710	8.896602	-1	###LINE###
5	13	9	0	0	0	520.08	156.44	57.99	8.90	100	Transferred
5	13	9	0	0	1	581.89	156.44	10.18	8.90	100	to
4	13	9	0	1	0	520.079000	168.392143	35.643194	8.896602	-1	###LINE###
5	13	9	0	1	0	520.08	168.39	35.64	8.90	100	(name)
3	13	10	0	0	0	607.115000	168.491769	69.737204	8.796976	-1	###FLOW###
4	13	10	0	0	0	607.115000	168.491769	69.737204	8.796976	-1	###LINE###
5	13	10	0	0	0	607.11	168.49	39.85	8.80	100	Accepted
5	13	10	0	0	1	650.28	168.49	26.57	8.80	100	(date)
3	13	11	0	0	0	692.076000	156.536769	65.647556	20.751976	-1	###FLOW###
4	13	11	0	0	0	692.076000	156.536769	65.647556	8.796976	-1	###LINE###
5	13	11	0	0	0	692.08	156.54	28.54	8.80	100	Target
5	13	11	0	0	1	723.93	156.54	33.79	8.80	100	removal
4	13	11	0	1	0	692.435000	168.491769	18.819351	8.796976	-1	###LINE###
5	13	11	0	1	0	692.43	168.49	18.82	8.80	100	date
1	14	0	0	0	0	692.435000	168.491769	595.276000	841.890000	-1	###PAGE###
3	14	0	0	0	0	260.882000	40.770960	73.512217	7.133240	-1	###FLOW###
4	14	0	0	0	0	260.882000	40.770960	73.512217	7.133240	-1	###LINE###
5	14	0	0	0	0	260.88	40.77	73.51	7.13	100	UNCLASSIFIED
3	14	1	0	0	0	70.866000	104.524643	149.517709	10.496666	-1	###FLOW###
4	14	1	0	0	0	70.866000	104.524643	149.517709	10.496666	-1	###LINE###
5	14	1	0	0	0	70.87	104.52	17.19	10.50	100	11.
5	14	1	0	0	1	94.03	104.52	67.55	10.50	100	Verification
5	14	1	0	0	2	166.06	104.52	54.32	10.50	100	summary
3	14	1	1	0	0	225.089000	131.021769	37.141569	20.751976	-1	###FLOW###
4	14	1	1	0	0	225.089000	131.021769	24.132406	8.796976	-1	###LINE###
5	14	1	1	0	0	225.09	131.02	24.13	8.80	100	Items
4	14	1	1	1	0	225.089000	142.976769	37.141569	8.796976	-1	###LINE###
5	14	1	1	1	0	225.09	142.98	37.14	8.80	100	recorded
3	14	2	0	0	0	70.869000	142.976769	8.301835	8.796976	-1	###FLOW###
4	14	2	0	0	0	70.869000	142.976769	8.301835	8.796976	-1	###LINE###
5	14	2	0	0	0	70.87	142.98	8.30	8.80	100	#
3	14	3	0	0	0	132.153000	142.976769	39.602331	8.796976	-1	###FLOW###
4	14	3	0	0	0	132.153000	142.976769	39.602331	8.796976	-1	###LINE###
5	14	3	0	0	0	132.15	142.98	39.60	8.80	100	Category
3	14	4	0	0	0	70.869000	174.270769	4.981300	8.796976	-1	###FLOW###
4	14	4	0	0	0	70.869000	174.270769	4.981300	8.796976	-1	###LINE###
5	14	4	0	0	0	70.87	174.27	4.98	8.80	100	1
3	14	5	0	0	0	132.153000	174.270769	57.898646	20.751976	-1	###FLOW###
4	14	5	0	0	0	132.153000	174.270769	31.328392	8.796976	-1	###LINE###
5	14	5	0	0	0	132.15	174.27	31.33	8.80	100	System
4	14	5	0	1	0	132.153000	186.225769	57.898646	8.796976	-1	###LINE###
5	14	5	0	1	0	132.15	186.23	57.90	8.80	100	modifications
3	14	6	0	0	0	70.869000	212.519769	4.981300	8.796976	-1	###FLOW###
4	14	6	0	0	0	70.869000	212.519769	4.981300	8.796976	-1	###LINE###
5	14	6	0	0	0	70.87	212.52	4.98	8.80	100	2
3	14	7	0	0	0	132.148953	212.519769	48.155223	8.796976	-1	###FLOW###
4	14	7	0	0	0	132.148953	212.519769	48.155223	8.796976	-1	###LINE###
5	14	7	0	0	0	132.15	212.52	48.16	8.80	100	Persistence
3	14	8	0	0	0	70.869000	238.812769	4.981300	8.796976	-1	###FLOW###
4	14	8	0	0	0	70.869000	238.812769	4.981300	8.796976	-1	###LINE###
5	14	8	0	0	0	70.87	238.81	4.98	8.80	100	3
3	14	9	0	0	0	132.153000	238.812769	58.996525	20.751976	-1	###FLOW###
4	14	9	0	0	0	132.153000	238.812769	58.996525	8.796976	-1	###LINE###
5	14	9	0	0	0	132.15	238.81	39.63	8.80	100	Accounts
5	14	9	0	0	1	175.11	238.81	16.04	8.80	100	and
4	14	9	0	1	0	132.153000	250.767769	46.300187	8.796976	-1	###LINE###
5	14	9	0	1	0	132.15	250.77	46.30	8.80	100	credentials
3	14	10	0	0	0	70.869000	277.061769	4.981300	8.796976	-1	###FLOW###
4	14	10	0	0	0	70.869000	277.061769	4.981300	8.796976	-1	###LINE###
5	14	10	0	0	0	70.87	277.06	4.98	8.80	100	4
3	14	11	0	0	0	132.148953	277.061769	73.261972	8.796976	-1	###FLOW###
4	14	11	0	0	0	132.148953	277.061769	73.261972	8.796976	-1	###LINE###
5	14	11	0	0	0	132.15	277.06	20.40	8.80	100	Files
5	14	11	0	0	1	155.87	277.06	16.05	8.80	100	and
5	14	11	0	0	2	175.24	277.06	30.17	8.80	100	tooling
3	14	12	0	0	0	70.869000	303.354769	4.981300	8.796976	-1	###FLOW###
4	14	12	0	0	0	70.869000	303.354769	4.981300	8.796976	-1	###LINE###
5	14	12	0	0	0	70.87	303.35	4.98	8.80	100	5
3	14	13	0	0	0	132.153000	303.354769	56.342488	8.796976	-1	###FLOW###
4	14	13	0	0	0	132.153000	303.354769	56.342488	8.796976	-1	###LINE###
5	14	13	0	0	0	132.15	303.35	21.45	8.80	100	Data
5	14	13	0	0	1	156.92	303.35	31.58	8.80	100	written
3	14	14	0	0	0	70.869000	329.648769	4.981300	8.796976	-1	###FLOW###
4	14	14	0	0	0	70.869000	329.648769	4.981300	8.796976	-1	###LINE###
5	14	14	0	0	0	70.87	329.65	4.98	8.80	100	6
3	14	15	0	0	0	132.148953	329.648769	23.164041	8.796976	-1	###FLOW###
4	14	15	0	0	0	132.148953	329.648769	23.164041	8.796976	-1	###LINE###
5	14	15	0	0	0	132.15	329.65	23.16	8.80	100	Flags
3	14	16	0	0	0	70.869000	355.941769	4.981300	8.796976	-1	###FLOW###
4	14	16	0	0	0	70.869000	355.941769	4.981300	8.796976	-1	###LINE###
5	14	16	0	0	0	70.87	355.94	4.98	8.80	100	7
3	14	17	0	0	0	132.153000	355.941769	60.471986	8.796976	-1	###FLOW###
4	14	17	0	0	0	132.153000	355.941769	60.471986	8.796976	-1	###LINE###
5	14	17	0	0	0	132.15	355.94	60.47	8.80	100	Infrastructure
3	14	18	0	0	0	70.869000	382.235769	4.981300	8.796976	-1	###FLOW###
4	14	18	0	0	0	70.869000	382.235769	4.981300	8.796976	-1	###LINE###
5	14	18	0	0	0	70.87	382.24	4.98	8.80	100	8
3	14	19	0	0	0	132.148953	382.235769	79.839280	20.751976	-1	###FLOW###
4	14	19	0	0	0	132.148953	382.235769	79.839280	8.796976	-1	###LINE###
5	14	19	0	0	0	132.15	382.24	47.60	8.80	100	Command,
5	14	19	0	0	1	183.08	382.24	28.91	8.80	100	secrets
4	14	19	0	1	0	132.153000	394.190769	56.231903	8.796976	-1	###LINE###
5	14	19	0	1	0	132.15	394.19	16.05	8.80	100	and
5	14	19	0	1	1	151.52	394.19	36.86	8.80	100	channels
3	14	20	0	0	0	70.869000	420.483769	4.981300	8.796976	-1	###FLOW###
4	14	20	0	0	0	70.869000	420.483769	4.981300	8.796976	-1	###LINE###
5	14	20	0	0	0	70.87	420.48	4.98	8.80	100	9
3	14	21	0	0	0	132.153000	420.483769	69.959370	20.751976	-1	###FLOW###
4	14	21	0	0	0	132.153000	420.483769	69.959370	8.796976	-1	###LINE###
5	14	21	0	0	0	132.15	420.48	50.59	8.80	100	Restoration
5	14	21	0	0	1	186.06	420.48	16.05	8.80	100	and
4	14	21	0	1	0	132.153000	432.438769	62.595016	8.796976	-1	###LINE###
5	14	21	0	1	0	132.15	432.44	32.38	8.80	100	delayed
5	14	21	0	1	1	167.86	432.44	26.89	8.80	100	effects
3	14	22	0	0	0	287.404000	131.021769	36.277812	20.751976	-1	###FLOW###
4	14	22	0	0	0	287.404000	131.021769	24.132406	8.796976	-1	###LINE###
5	14	22	0	0	0	287.40	131.02	24.13	8.80	100	Items
4	14	22	0	1	0	287.404000	142.976769	36.277812	8.796976	-1	###LINE###
5	14	22	0	1	0	287.40	142.98	36.28	8.80	100	removed
3	14	23	0	0	0	349.192000	131.021769	31.576461	20.751976	-1	###FLOW###
4	14	23	0	0	0	349.451000	131.021769	24.132406	8.796976	-1	###LINE###
5	14	23	0	0	0	349.45	131.02	24.13	8.80	100	Items
4	14	23	0	1	0	349.192000	142.976769	31.576461	8.796976	-1	###LINE###
5	14	23	0	1	0	349.19	142.98	31.58	8.80	100	verified
3	14	24	0	0	0	411.767000	131.021769	47.464815	20.751976	-1	###FLOW###
4	14	24	0	0	0	411.767000	131.021769	24.132406	8.796976	-1	###LINE###
5	14	24	0	0	0	411.77	131.02	24.13	8.80	100	Items
4	14	24	0	1	0	411.767000	142.976769	47.464815	8.796976	-1	###LINE###
5	14	24	0	1	0	411.77	142.98	47.46	8.80	100	transferred
3	14	25	0	0	0	132.153000	458.633143	39.143055	8.896602	-1	###FLOW###
4	14	25	0	0	0	132.153000	458.633143	39.143055	8.896602	-1	###LINE###
5	14	25	0	0	0	132.15	458.63	39.14	8.90	100	TOTAL
3	14	26	0	0	0	70.866000	516.105643	141.273403	10.496666	-1	###FLOW###
4	14	26	0	0	0	70.866000	516.105643	141.273403	10.496666	-1	###LINE###
5	14	26	0	0	0	70.87	516.11	17.19	10.50	100	12.
5	14	26	0	0	1	94.03	516.11	28.48	10.50	100	Gate
5	14	26	0	0	2	126.99	516.11	17.30	10.50	100	G5
5	14	26	0	0	3	148.77	516.11	63.37	10.50	100	attestation
3	14	26	1	0	0	70.866000	544.839769	8.301835	8.796976	-1	###FLOW###
4	14	26	1	0	0	70.866000	544.839769	8.301835	8.796976	-1	###LINE###
5	14	26	1	0	0	70.87	544.84	8.30	8.80	100	#
3	14	27	0	0	0	175.237000	544.839769	39.354263	8.796976	-1	###FLOW###
4	14	27	0	0	0	175.237000	544.839769	39.354263	8.796976	-1	###LINE###
5	14	27	0	0	0	175.24	544.84	39.35	8.80	100	Criterion
3	14	28	0	0	0	424.350000	544.809881	8.301835	10.381029	-1	###FLOW###
4	14	28	0	0	0	424.350000	544.809881	8.301835	10.381029	-1	###LINE###
5	14	28	0	0	0	424.35	544.81	8.30	10.38	100	✓
3	14	29	0	0	0	70.866000	576.133769	4.981300	8.796976	-1	###FLOW###
4	14	29	0	0	0	70.866000	576.133769	4.981300	8.796976	-1	###LINE###
5	14	29	0	0	0	70.87	576.13	4.98	8.80	100	1
3	14	30	0	0	0	175.237000	576.133769	237.099135	20.752976	-1	###FLOW###
4	14	30	0	0	0	175.237000	576.133769	237.099135	8.796976	-1	###LINE###
5	14	30	0	0	0	175.24	576.13	24.92	8.80	100	Every
5	14	30	0	0	1	203.47	576.13	19.04	8.80	100	item
5	14	30	0	0	2	225.84	576.13	8.16	8.80	100	in
5	14	30	0	0	3	237.32	576.13	15.83	8.80	100	this
5	14	30	0	0	4	256.47	576.13	31.67	8.80	100	register
5	14	30	0	0	5	291.46	576.13	6.58	8.80	100	is
5	14	30	0	0	6	301.36	576.13	35.65	8.80	100	removed
5	14	30	0	0	7	340.34	576.13	15.78	8.80	100	and
5	14	30	0	0	8	359.43	576.13	31.04	8.80	100	verified
5	14	30	0	0	9	393.79	576.13	10.33	8.80	100	by
5	14	30	0	0	10	407.44	576.13	4.90	8.80	100	a
4	14	30	0	1	0	175.237000	588.089769	60.747950	8.796976	-1	###LINE###
5	14	30	0	1	0	175.24	588.09	28.84	8.80	100	second
5	14	30	0	1	1	207.39	588.09	28.59	8.80	100	person
3	14	31	0	0	0	424.350000	576.103881	7.748910	10.381029	-1	###FLOW###
4	14	31	0	0	0	424.350000	576.103881	7.748910	10.381029	-1	###LINE###
5	14	31	0	0	0	424.35	576.10	7.75	10.38	100	□
3	14	32	0	0	0	70.866000	614.382769	4.981300	8.796976	-1	###FLOW###
4	14	32	0	0	0	70.866000	614.382769	4.981300	8.796976	-1	###LINE###
5	14	32	0	0	0	70.87	614.38	4.98	8.80	100	2
3	14	33	0	0	0	174.878000	614.382769	222.553062	20.751976	-1	###FLOW###
4	14	33	0	0	0	175.234198	614.382769	222.196864	8.796976	-1	###LINE###
5	14	33	0	0	0	175.23	614.38	24.13	8.80	100	Items
5	14	33	0	0	1	202.68	614.38	18.27	8.80	100	that
5	14	33	0	0	2	224.28	614.38	23.25	8.80	100	could
5	14	33	0	0	3	250.84	614.38	14.39	8.80	100	not
5	14	33	0	0	4	268.55	614.38	10.24	8.80	100	be
5	14	33	0	0	5	282.11	614.38	36.29	8.80	100	removed
5	14	33	0	0	6	321.72	614.38	13.31	8.80	100	are
5	14	33	0	0	7	338.35	614.38	47.46	8.80	100	transferred
5	14	33	0	0	8	389.13	614.38	8.30	8.80	100	in
4	14	33	0	1	0	174.878000	626.337769	123.202493	8.796976	-1	###LINE###
5	14	33	0	1	0	174.88	626.34	31.02	8.80	100	writing
5	14	33	0	1	1	209.22	626.34	19.37	8.80	100	with
5	14	33	0	1	2	231.91	626.34	4.98	8.80	100	a
5	14	33	0	1	3	240.22	626.34	28.78	8.80	100	named
5	14	33	0	1	4	272.32	626.34	25.76	8.80	100	owner
3	14	34	0	0	0	424.350000	614.352881	7.748910	10.381029	-1	###FLOW###
4	14	34	0	0	0	424.350000	614.352881	7.748910	10.381029	-1	###LINE###
5	14	34	0	0	0	424.35	614.35	7.75	10.38	100	□
3	14	35	0	0	0	70.866000	652.631769	4.981300	8.796976	-1	###FLOW###
4	14	35	0	0	0	70.866000	652.631769	4.981300	8.796976	-1	###LINE###
5	14	35	0	0	0	70.87	652.63	4.98	8.80	100	3
3	14	36	0	0	0	175.237000	652.631769	204.542141	8.796976	-1	###FLOW###
4	14	36	0	0	0	175.237000	652.631769	204.542141	8.796976	-1	###LINE###
5	14	36	0	0	0	175.24	652.63	13.01	8.80	100	All
5	14	36	0	0	1	191.56	652.63	47.47	8.80	100	persistence
5	14	36	0	0	2	242.35	652.63	51.86	8.80	100	mechanisms
5	14	36	0	0	3	297.53	652.63	42.65	8.80	100	confirmed
5	14	36	0	0	4	343.49	652.63	36.29	8.80	100	removed
3	14	37	0	0	0	424.350000	652.601881	7.748910	10.381029	-1	###FLOW###
4	14	37	0	0	0	424.350000	652.601881	7.748910	10.381029	-1	###LINE###
5	14	37	0	0	0	424.35	652.60	7.75	10.38	100	□
3	14	38	0	0	0	70.866000	678.924769	4.981300	8.796976	-1	###FLOW###
4	14	38	0	0	0	70.866000	678.924769	4.981300	8.796976	-1	###LINE###
5	14	38	0	0	0	70.87	678.92	4.98	8.80	100	4
3	14	39	0	0	0	175.234198	678.924769	223.030734	8.796976	-1	###FLOW###
4	14	39	0	0	0	175.234198	678.924769	223.030734	8.796976	-1	###LINE###
5	14	39	0	0	0	175.23	678.92	13.01	8.80	100	All
5	14	39	0	0	1	191.57	678.92	31.57	8.80	100	created
5	14	39	0	0	2	226.46	678.92	37.42	8.80	100	accounts
5	14	39	0	0	3	267.20	678.92	16.05	8.80	100	and
5	14	39	0	0	4	286.57	678.92	26.13	8.80	100	access
5	14	39	0	0	5	316.01	678.92	42.65	8.80	100	confirmed
5	14	39	0	0	6	361.98	678.92	36.29	8.80	100	removed
3	14	40	0	0	0	424.347018	678.894881	7.748910	10.381029	-1	###FLOW###
4	14	40	0	0	0	424.347018	678.894881	7.748910	10.381029	-1	###LINE###
5	14	40	0	0	0	424.35	678.89	7.75	10.38	100	□
3	14	41	0	0	0	70.866000	705.217769	4.981300	8.796976	-1	###FLOW###
4	14	41	0	0	0	70.866000	705.217769	4.981300	8.796976	-1	###LINE###
5	14	41	0	0	0	70.87	705.22	4.98	8.80	100	5
3	14	42	0	0	0	175.237000	705.217769	208.634777	8.796976	-1	###FLOW###
4	14	42	0	0	0	175.237000	705.217769	208.634777	8.796976	-1	###LINE###
5	14	42	0	0	0	175.24	705.22	13.01	8.80	100	All
5	14	42	0	0	1	191.56	705.22	38.22	8.80	100	captured
5	14	42	0	0	2	233.10	705.22	46.30	8.80	100	credentials
5	14	42	0	0	3	282.73	705.22	41.32	8.80	100	destroyed
5	14	42	0	0	4	327.36	705.22	16.05	8.80	100	and
5	14	42	0	0	5	346.73	705.22	37.14	8.80	100	recorded
3	14	43	0	0	0	424.350000	705.187881	7.748910	10.381029	-1	###FLOW###
4	14	43	0	0	0	424.350000	705.187881	7.748910	10.381029	-1	###LINE###
5	14	43	0	0	0	424.35	705.19	7.75	10.38	100	□
3	14	44	0	0	0	70.866000	731.511769	4.981300	8.796976	-1	###FLOW###
4	14	44	0	0	0	70.866000	731.511769	4.981300	8.796976	-1	###LINE###
5	14	44	0	0	0	70.87	731.51	4.98	8.80	100	6
3	14	45	0	0	0	175.234198	731.511769	221.335099	8.796976	-1	###FLOW###
4	14	45	0	0	0	175.234198	731.511769	221.335099	8.796976	-1	###LINE###
5	14	45	0	0	0	175.23	731.51	60.47	8.80	100	Infrastructure
5	14	45	0	0	1	239.02	731.51	72.62	8.80	100	decommissioned;
5	14	45	0	0	2	314.96	731.51	16.66	8.80	100	logs
5	14	45	0	0	3	334.94	731.51	41.07	8.80	100	preserved
5	14	45	0	0	4	379.34	731.51	17.23	8.80	100	first
3	14	46	0	0	0	424.354988	731.481881	7.748910	10.381029	-1	###FLOW###
4	14	46	0	0	0	424.354988	731.481881	7.748910	10.381029	-1	###LINE###
5	14	46	0	0	0	424.35	731.48	7.75	10.38	100	□
3	14	47	0	0	0	70.866000	757.804769	4.981300	8.796976	-1	###FLOW###
4	14	47	0	0	0	70.866000	757.804769	4.981300	8.796976	-1	###LINE###
5	14	47	0	0	0	70.87	757.80	4.98	8.80	100	7
3	14	48	0	0	0	175.237000	757.804769	123.702615	8.796976	-1	###FLOW###
4	14	48	0	0	0	175.237000	757.804769	123.702615	8.796976	-1	###LINE###
5	14	48	0	0	0	175.24	757.80	23.16	8.80	100	Flags
5	14	48	0	0	1	201.72	757.80	38.25	8.80	100	retrieved
5	14	48	0	0	2	243.29	757.80	16.04	8.80	100	and
5	14	48	0	0	3	262.66	757.80	36.28	8.80	100	removed
3	14	49	0	0	0	424.350000	757.774881	7.748910	10.381029	-1	###FLOW###
4	14	49	0	0	0	424.350000	757.774881	7.748910	10.381029	-1	###LINE###
5	14	49	0	0	0	424.35	757.77	7.75	10.38	100	□
3	14	50	0	0	0	260.882000	794.933960	73.512217	7.133239	-1	###FLOW###
4	14	50	0	0	0	260.882000	794.933960	73.512217	7.133239	-1	###LINE###
5	14	50	0	0	0	260.88	794.93	73.51	7.13	100	UNCLASSIFIED
3	14	50	1	0	0	287.710000	810.521052	19.854409	6.157865	-1	###FLOW###
4	14	50	1	0	0	287.710000	810.521052	19.854409	6.157865	-1	###LINE###
5	14	50	1	0	0	287.71	810.52	19.85	6.16	100	14/15
3	14	51	0	0	0	474.810000	142.976769	53.213176	8.796976	-1	###FLOW###
4	14	51	0	0	0	474.810000	142.976769	53.213176	8.796976	-1	###LINE###
5	14	51	0	0	0	474.81	142.98	53.21	8.80	100	Outstanding
1	15	0	0	0	0	474.810000	142.976769	595.276000	841.890000	-1	###PAGE###
3	15	0	0	0	0	260.882000	40.770960	73.512217	7.133240	-1	###FLOW###
4	15	0	0	0	0	260.882000	40.770960	73.512217	7.133240	-1	###LINE###
5	15	0	0	0	0	260.88	40.77	73.51	7.13	100	UNCLASSIFIED
3	15	1	0	0	0	70.866000	82.996769	8.301835	8.796976	-1	###FLOW###
4	15	1	0	0	0	70.866000	82.996769	8.301835	8.796976	-1	###LINE###
5	15	1	0	0	0	70.87	83.00	8.30	8.80	100	#
3	15	2	0	0	0	175.237000	82.996769	39.354263	8.796976	-1	###FLOW###
4	15	2	0	0	0	175.237000	82.996769	39.354263	8.796976	-1	###LINE###
5	15	2	0	0	0	175.24	83.00	39.35	8.80	100	Criterion
3	15	3	0	0	0	424.350000	82.966881	8.301835	10.381029	-1	###FLOW###
4	15	3	0	0	0	424.350000	82.966881	8.301835	10.381029	-1	###LINE###
5	15	3	0	0	0	424.35	82.97	8.30	10.38	100	✓
3	15	4	0	0	0	70.866000	114.290769	4.981300	8.796976	-1	###FLOW###
4	15	4	0	0	0	70.866000	114.290769	4.981300	8.796976	-1	###LINE###
5	15	4	0	0	0	70.87	114.29	4.98	8.80	100	8
3	15	5	0	0	0	175.234198	114.290769	223.965226	20.751976	-1	###FLOW###
4	15	5	0	0	0	175.234198	114.290769	223.965226	8.796976	-1	###LINE###
5	15	5	0	0	0	175.23	114.29	39.16	8.80	100	Evidence
5	15	5	0	0	1	217.71	114.29	43.84	8.80	100	repository
5	15	5	0	0	2	264.87	114.29	56.51	8.80	100	consolidated,
5	15	5	0	0	3	324.70	114.29	74.50	8.80	100	integrity-verified,
4	15	5	0	1	0	175.237000	126.245769	38.304204	8.796976	-1	###LINE###
5	15	5	0	1	0	175.24	126.25	38.30	8.80	100	classified
3	15	6	0	0	0	424.350000	114.260881	7.748910	10.381029	-1	###FLOW###
4	15	6	0	0	0	424.350000	114.260881	7.748910	10.381029	-1	###LINE###
5	15	6	0	0	0	424.35	114.26	7.75	10.38	100	□
3	15	7	0	0	0	70.866000	152.539769	4.981300	8.796976	-1	###FLOW###
4	15	7	0	0	0	70.866000	152.539769	4.981300	8.796976	-1	###LINE###
5	15	7	0	0	0	70.87	152.54	4.98	8.80	100	9
3	15	8	0	0	0	175.237000	152.539769	227.621500	20.751976	-1	###FLOW###
4	15	8	0	0	0	175.237000	152.539769	227.621500	8.796976	-1	###LINE###
5	15	8	0	0	0	175.24	152.54	12.18	8.80	100	C2
5	15	8	0	0	1	190.73	152.54	34.10	8.80	100	tasking,
5	15	8	0	0	2	228.15	152.54	38.32	8.80	100	listeners,
5	15	8	0	0	3	269.80	152.54	13.55	8.80	100	kill
5	15	8	0	0	4	286.68	152.54	35.81	8.80	100	switches
5	15	8	0	0	5	325.81	152.54	16.05	8.80	100	and
5	15	8	0	0	6	345.18	152.54	32.39	8.80	100	delayed
5	15	8	0	0	7	380.88	152.54	21.97	8.80	100	tasks
4	15	8	0	1	0	175.237000	164.494769	35.480804	8.796976	-1	###LINE###
5	15	8	0	1	0	175.24	164.49	35.48	8.80	100	disabled
3	15	9	0	0	0	424.350000	152.509881	7.748910	10.381029	-1	###FLOW###
4	15	9	0	0	0	424.350000	152.509881	7.748910	10.381029	-1	###LINE###
5	15	9	0	0	0	424.35	152.51	7.75	10.38	100	□
3	15	10	0	0	0	70.866000	190.787769	9.962600	8.796976	-1	###FLOW###
4	15	10	0	0	0	70.866000	190.787769	9.962600	8.796976	-1	###LINE###
5	15	10	0	0	0	70.87	190.79	9.96	8.80	100	10
3	15	11	0	0	0	175.234198	190.787769	221.924885	20.751976	-1	###FLOW###
4	15	11	0	0	0	175.234198	190.787769	221.924885	8.796976	-1	###LINE###
5	15	11	0	0	0	175.23	190.79	52.11	8.80	100	Certificates,
5	15	11	0	0	1	230.67	190.79	30.50	8.80	100	tokens,
5	15	11	0	0	2	264.49	190.79	18.60	8.80	100	keys
5	15	11	0	0	3	286.40	190.79	16.05	8.80	100	and
5	15	11	0	0	4	305.77	190.79	51.20	8.80	100	engagement
5	15	11	0	0	5	360.30	190.79	36.86	8.80	100	channels
4	15	11	0	1	0	175.237000	202.742769	74.834070	8.796976	-1	###LINE###
5	15	11	0	1	0	175.24	202.74	33.23	8.80	100	revoked
5	15	11	0	1	1	211.80	202.74	8.88	8.80	100	or
5	15	11	0	1	2	224.00	202.74	26.07	8.80	100	closed
3	15	12	0	0	0	424.350000	190.757881	7.748910	10.381029	-1	###FLOW###
4	15	12	0	0	0	424.350000	190.757881	7.748910	10.381029	-1	###LINE###
5	15	12	0	0	0	424.35	190.76	7.75	10.38	100	□
3	15	13	0	0	0	70.866000	229.036769	9.962600	8.796976	-1	###FLOW###
4	15	13	0	0	0	70.866000	229.036769	9.962600	8.796976	-1	###LINE###
5	15	13	0	0	0	70.87	229.04	9.96	8.80	100	11
3	15	14	0	0	0	175.237000	229.036769	232.073786	20.751976	-1	###FLOW###
4	15	14	0	0	0	175.237000	229.036769	232.073786	8.796976	-1	###LINE###
5	15	14	0	0	0	175.24	229.04	51.23	8.80	100	Monitoring,
5	15	14	0	0	1	229.78	229.04	33.85	8.80	100	security
5	15	14	0	0	2	266.94	229.04	34.13	8.80	100	controls
5	15	14	0	0	3	304.39	229.04	16.05	8.80	100	and
5	15	14	0	0	4	323.76	229.04	33.07	8.80	100	services
5	15	14	0	0	5	360.15	229.04	34.98	8.80	100	restored
5	15	14	0	0	6	398.46	229.04	8.86	8.80	100	to
4	15	14	0	1	0	175.237000	240.991769	69.818897	8.796976	-1	###LINE###
5	15	14	0	1	0	175.24	240.99	13.84	8.80	100	the
5	15	14	0	1	1	192.39	240.99	28.26	8.80	100	agreed
5	15	14	0	1	2	223.97	240.99	21.09	8.80	100	state
3	15	15	0	0	0	424.350000	229.006881	7.748910	10.381029	-1	###FLOW###
4	15	15	0	0	0	424.350000	229.006881	7.748910	10.381029	-1	###LINE###
5	15	15	0	0	0	424.35	229.01	7.75	10.38	100	□
3	15	16	0	0	0	70.866000	267.284769	9.962600	8.796976	-1	###FLOW###
4	15	16	0	0	0	70.866000	267.284769	9.962600	8.796976	-1	###LINE###
5	15	16	0	0	0	70.87	267.28	9.96	8.80	100	12
3	15	17	0	0	0	175.234198	267.284769	219.761008	20.752976	-1	###FLOW###
4	15	17	0	0	0	175.234198	267.284769	219.761008	8.796976	-1	###LINE###
5	15	17	0	0	0	175.23	267.28	32.52	8.80	100	Backup
5	15	17	0	0	1	211.08	267.28	16.05	8.80	100	and
5	15	17	0	0	2	230.45	267.28	25.46	8.80	100	image
5	15	17	0	0	3	259.22	267.28	47.16	8.80	100	restoration
5	15	17	0	0	4	309.70	267.28	33.22	8.80	100	checked
5	15	17	0	0	5	346.23	267.28	11.93	8.80	100	for
5	15	17	0	0	6	361.48	267.28	33.52	8.80	100	artefact
4	15	17	0	1	0	175.237000	279.240769	62.049065	8.796976	-1	###LINE###
5	15	17	0	1	0	175.24	279.24	62.05	8.80	100	reintroduction
3	15	18	0	0	0	424.350000	267.254881	7.748910	10.381029	-1	###FLOW###
4	15	18	0	0	0	424.350000	267.254881	7.748910	10.381029	-1	###LINE###
5	15	18	0	0	0	424.35	267.25	7.75	10.38	100	□
3	15	19	0	0	0	70.866000	305.533769	9.962600	8.796976	-1	###FLOW###
4	15	19	0	0	0	70.866000	305.533769	9.962600	8.796976	-1	###LINE###
5	15	19	0	0	0	70.87	305.53	9.96	8.80	100	13
3	15	20	0	0	0	175.237000	305.533769	236.392573	20.751976	-1	###FLOW###
4	15	20	0	0	0	175.237000	305.533769	236.392573	8.796976	-1	###LINE###
5	15	20	0	0	0	175.24	305.53	57.70	8.80	100	Late-callback
5	15	20	0	0	1	236.25	305.53	47.63	8.80	100	monitoring
5	15	20	0	0	2	287.21	305.53	38.74	8.80	100	complete
5	15	20	0	0	3	329.27	305.53	8.88	8.80	100	or
5	15	20	0	0	4	341.47	305.53	47.46	8.80	100	transferred
5	15	20	0	0	5	392.26	305.53	19.37	8.80	100	with
4	15	20	0	1	0	175.237000	317.488769	124.837356	8.796976	-1	###LINE###
5	15	20	0	1	0	175.24	317.49	4.98	8.80	100	a
5	15	20	0	1	1	183.54	317.49	28.78	8.80	100	named
5	15	20	0	1	2	215.65	317.49	25.76	8.80	100	owner
5	15	20	0	1	3	244.73	317.49	16.05	8.80	100	and
5	15	20	0	1	4	264.10	317.49	35.98	8.80	100	deadline
3	15	21	0	0	0	424.350000	305.503881	7.748910	10.381029	-1	###FLOW###
4	15	21	0	0	0	424.350000	305.503881	7.748910	10.381029	-1	###LINE###
5	15	21	0	0	0	424.35	305.50	7.75	10.38	100	□
3	15	22	0	0	0	70.866000	343.782769	9.962600	8.796976	-1	###FLOW###
4	15	22	0	0	0	70.866000	343.782769	9.962600	8.796976	-1	###LINE###
5	15	22	0	0	0	70.87	343.78	9.96	8.80	100	14
3	15	23	0	0	0	175.234198	343.782769	231.719117	8.796976	-1	###FLOW###
4	15	23	0	0	0	175.234198	343.782769	231.719117	8.796976	-1	###LINE###
5	15	23	0	0	0	175.23	343.78	41.15	8.80	100	Defensive
5	15	23	0	0	1	219.70	343.78	32.94	8.80	100	activity
5	15	23	0	0	2	255.96	343.78	13.34	8.80	100	list
5	15	23	0	0	3	272.62	343.78	38.77	8.80	100	delivered
5	15	23	0	0	4	314.71	343.78	8.86	8.80	100	to
5	15	23	0	0	5	326.89	343.78	13.84	8.80	100	the
5	15	23	0	0	6	344.05	343.78	33.57	8.80	100	Trusted
5	15	23	0	0	7	380.94	343.78	26.01	8.80	100	Agent
3	15	24	0	0	0	424.348014	343.752881	7.748910	10.381029	-1	###FLOW###
4	15	24	0	0	0	424.348014	343.752881	7.748910	10.381029	-1	###LINE###
5	15	24	0	0	0	424.35	343.75	7.75	10.38	100	□
3	15	25	0	0	0	70.866000	370.075769	9.962600	8.796976	-1	###FLOW###
4	15	25	0	0	0	70.866000	370.075769	9.962600	8.796976	-1	###LINE###
5	15	25	0	0	0	70.87	370.08	9.96	8.80	100	15
3	15	26	0	0	0	175.237000	370.075769	98.328869	8.796976	-1	###FLOW###
4	15	26	0	0	0	175.237000	370.075769	98.328869	8.796976	-1	###LINE###
5	15	26	0	0	0	175.24	370.08	34.34	8.80	100	Internal
5	15	26	0	0	1	212.90	370.08	39.07	8.80	100	hot-wash
5	15	26	0	0	2	255.30	370.08	18.27	8.80	100	held
3	15	27	0	0	0	424.350000	370.045881	7.748910	10.381029	-1	###FLOW###
4	15	27	0	0	0	424.350000	370.045881	7.748910	10.381029	-1	###LINE###
5	15	27	0	0	0	424.35	370.05	7.75	10.38	100	□
3	15	28	0	0	0	70.866000	406.752143	453.539116	20.851602	-1	###FLOW###
4	15	28	0	0	0	70.866000	406.752143	453.539116	8.896602	-1	###LINE###
5	15	28	0	0	0	70.87	406.75	4.33	8.90	100	I
5	15	28	0	0	1	79.01	406.75	28.59	8.90	100	attest
5	15	28	0	0	2	111.41	406.75	20.76	8.90	100	that
5	15	28	0	0	3	136.00	406.75	16.01	8.90	100	the
5	15	28	0	0	4	155.82	406.75	30.06	8.90	100	target
5	15	28	0	0	5	189.70	406.75	62.38	8.90	100	environment
5	15	28	0	0	6	255.90	406.75	18.23	8.90	100	and
5	15	28	0	0	7	277.95	406.75	58.96	8.90	100	engagement
5	15	28	0	0	8	340.72	406.75	69.00	8.90	100	infrastructure
5	15	28	0	0	9	413.53	406.75	22.50	8.90	100	have
5	15	28	0	0	10	439.86	406.75	23.46	8.90	100	been
5	15	28	0	0	11	467.14	406.75	43.32	8.90	100	returned
5	15	28	0	0	12	514.26	406.75	10.14	8.90	100	to
4	15	28	0	1	0	70.866000	418.707143	364.849341	8.896602	-1	###LINE###
5	15	28	0	1	0	70.87	418.71	16.07	8.90	100	the
5	15	28	0	1	1	90.75	418.71	32.88	8.90	100	agreed
5	15	28	0	1	2	127.46	418.71	24.25	8.90	100	state
5	15	28	0	1	3	155.53	418.71	32.46	8.90	100	except
5	15	28	0	1	4	191.81	418.71	13.95	8.90	100	for
5	15	28	0	1	5	209.58	418.71	16.07	8.90	100	the
5	15	28	0	1	6	229.47	418.71	26.96	8.90	100	items
5	15	28	0	1	7	260.24	418.71	45.99	8.90	100	explicitly
5	15	28	0	1	8	310.04	418.71	55.43	8.90	100	transferred
5	15	28	0	1	9	369.30	418.71	9.55	8.90	100	in
5	15	28	0	1	10	382.67	418.71	34.59	8.90	100	section
5	15	28	0	1	11	421.08	418.71	14.64	8.90	100	10.
3	15	28	1	0	0	237.405000	447.708769	25.183460	8.796976	-1	###FLOW###
4	15	28	1	0	0	237.405000	447.708769	25.183460	8.796976	-1	###LINE###
5	15	28	1	0	0	237.41	447.71	25.18	8.80	100	Name
3	15	29	0	0	0	334.647000	447.708769	41.541053	8.796976	-1	###FLOW###
4	15	29	0	0	0	334.647000	447.708769	41.541053	8.796976	-1	###LINE###
5	15	29	0	0	0	334.65	447.71	41.54	8.80	100	Signature
3	15	30	0	0	0	439.161000	447.708769	20.894561	8.796976	-1	###FLOW###
4	15	30	0	0	0	439.161000	447.708769	20.894561	8.796976	-1	###LINE###
5	15	30	0	0	0	439.16	447.71	20.89	8.80	100	Date
3	15	31	0	0	0	70.866000	479.002769	69.183283	8.796976	-1	###FLOW###
4	15	31	0	0	0	70.866000	479.002769	69.183283	8.796976	-1	###LINE###
5	15	31	0	0	0	70.87	479.00	17.30	8.80	100	Red
5	15	31	0	0	1	91.48	479.00	24.08	8.80	100	Team
5	15	31	0	0	2	118.88	479.00	21.17	8.80	100	Lead
3	15	31	1	0	0	70.102000	505.295769	155.326701	20.751976	-1	###FLOW###
4	15	31	1	0	0	70.866000	505.295769	154.562701	8.796976	-1	###LINE###
5	15	31	1	0	0	70.87	505.30	39.16	8.80	100	Verifying
5	15	31	1	0	1	113.35	505.30	36.72	8.80	100	operator
5	15	31	1	0	2	153.39	505.30	17.24	8.80	100	(did
5	15	31	1	0	3	174.19	505.30	13.95	8.80	100	not
5	15	31	1	0	4	191.71	505.30	33.72	8.80	100	perform
4	15	31	1	1	0	70.102000	517.250769	84.913232	8.796976	-1	###LINE###
5	15	31	1	1	0	70.10	517.25	12.98	8.80	100	the
5	15	31	1	1	1	86.65	517.25	37.81	8.80	100	removals
5	15	31	1	1	2	128.03	517.25	26.99	8.80	100	alone)
3	15	32	0	0	0	70.866000	553.927143	353.198080	8.896602	-1	###FLOW###
4	15	32	0	0	0	70.866000	553.927143	353.198080	8.896602	-1	###LINE###
5	15	32	0	0	0	70.87	553.93	4.34	8.90	100	I
5	15	32	0	0	1	79.03	553.93	31.82	8.90	100	accept
5	15	32	0	0	2	114.68	553.93	18.52	8.90	100	this
5	15	32	0	0	3	137.01	553.93	54.01	8.90	100	attestation
5	15	32	0	0	4	194.84	553.93	18.30	8.90	100	and
5	15	32	0	0	5	216.96	553.93	16.07	8.90	100	the
5	15	32	0	0	6	236.85	553.93	55.43	8.90	100	transferred
5	15	32	0	0	7	296.10	553.93	26.96	8.90	100	items
5	15	32	0	0	8	326.88	553.93	26.95	8.90	100	listed
5	15	32	0	0	9	357.65	553.93	9.55	8.90	100	in
5	15	32	0	0	10	371.01	553.93	34.59	8.90	100	section
5	15	32	0	0	11	409.42	553.93	14.64	8.90	100	10.
3	15	32	1	0	0	199.184000	582.928769	25.183460	8.796976	-1	###FLOW###
4	15	32	1	0	0	199.184000	582.928769	25.183460	8.796976	-1	###LINE###
5	15	32	1	0	0	199.18	582.93	25.18	8.80	100	Name
3	15	33	0	0	0	307.790000	582.928769	41.541053	8.796976	-1	###FLOW###
4	15	33	0	0	0	307.790000	582.928769	41.541053	8.796976	-1	###LINE###
5	15	33	0	0	0	307.79	582.93	41.54	8.80	100	Signature
3	15	34	0	0	0	70.866000	614.222769	62.903856	8.796976	-1	###FLOW###
4	15	34	0	0	0	70.866000	614.222769	62.903856	8.796976	-1	###LINE###
5	15	34	0	0	0	70.87	614.22	33.57	8.80	100	Trusted
5	15	34	0	0	1	107.76	614.22	26.01	8.80	100	Agent
3	15	35	0	0	0	260.882000	794.933960	73.512217	7.133239	-1	###FLOW###
4	15	35	0	0	0	260.882000	794.933960	73.512217	7.133239	-1	###LINE###
5	15	35	0	0	0	260.88	794.93	73.51	7.13	100	UNCLASSIFIED
3	15	35	1	0	0	287.710000	810.521052	19.854409	6.157865	-1	###FLOW###
4	15	35	1	0	0	287.710000	810.521052	19.854409	6.157865	-1	###LINE###
5	15	35	1	0	0	287.71	810.52	19.85	6.16	100	15/15
3	15	36	0	0	0	427.797000	582.928769	20.894561	8.796976	-1	###FLOW###
4	15	36	0	0	0	427.797000	582.928769	20.894561	8.796976	-1	###LINE###
5	15	36	0	0	0	427.80	582.93	20.89	8.80	100	Date
